base_demand_MW,morphed_base_demand_MW,ev_demand_MW,total_demand_MW
15727.965686764444,61966.43358901655,3540.0,65506.43358901655
16989.38858601091,63947.98088296678,3780.0,67727.98088296677
18796.93382576368,66787.42226354132,4200.0,70987.42226354132
19152.1594077126,67345.43995219535,4590.0,71935.43995219535
19017.756845111166,67134.30930411378,4560.0,71694.30930411378
19073.02900268653,67221.13537516391,4500.0,71721.13537516391
19071.993917938802,67219.50937853575,4470.0,71689.50937853575
19046.57962348297,67179.58650537663,3810.0,70989.58650537663
19312.294313937942,67596.9930913427,1980.0,69576.9930913427
19335.166494971483,67632.92260273878,1875.0,69507.92260273878
19066.40354833212,67210.72756414747,2250.0,69460.72756414747
19362.493644280497,67675.85034631866,2355.0,70030.85034631866
20530.40666822792,69510.50460347121,2355.0,71865.50460347121
20625.326675501572,69659.61279206301,2325.0,71984.61279206301
20620.226489200526,69651.60099810435,2415.0,72066.60099810435
19660.360939702117,68143.76490023358,2190.0,70333.76490023358
17864.61771800359,65322.86310456154,1860.0,67182.86310456155
15218.830526571845,61166.64202067161,1710.0,62876.64202067161
13553.276570968575,58550.2522788766,1680.0,60230.2522788766
13395.787514632528,58302.85545930413,1635.0,59937.85545930413
13618.211039470987,58652.25670611661,1380.0,60032.25670611661
13496.423287242214,58460.94244425457,1380.0,59840.94244425457
13646.11842901854,58696.095938995764,1845.0,60541.095938995764
15270.221116343226,61247.370604366115,3060.0,64307.370604366115
15704.090339896102,61928.928221857495,3540.0,65468.928221857495
16985.386182322272,63941.693576621496,3780.0,67721.6935766215
18649.021583266487,66555.0694942698,4200.0,70755.0694942698
19037.247901296938,67164.9274652905,4590.0,71754.9274652905
19188.914035946418,67403.17715845692,4560.0,71963.17715845692
18960.16372658164,67043.83727586652,4500.0,71543.83727586652
19071.993917938802,67219.50937853575,4470.0,71689.50937853575
19005.74963404526,67115.44738507793,3810.0,70925.44738507793
19078.100689958166,67229.1024004929,1980.0,69209.1024004929
19100.97173103053,67265.0301211438,1875.0,69140.0301211438
19186.241966950078,67398.97965174279,2250.0,69648.97965174279
19335.08669768917,67632.79725057581,2355.0,69987.79725057581
20480.052303165445,69431.40380715007,2355.0,71786.40380715007
20625.326675501572,69659.61279206301,2325.0,71984.61279206301
20541.336615982575,69527.67426830702,2415.0,71942.67426830702
19517.05414035562,67918.64674151034,2190.0,70108.64674151034
17729.917625535236,65111.26507198663,1860.0,66971.26507198662
15160.477053937986,61074.97556538583,1710.0,62784.97556538583
13695.318013409813,58773.38271044429,1680.0,60453.38271044429
13522.90686528105,58502.545036397394,1635.0,60137.545036397394
13618.098183314572,58652.07942234327,1380.0,60032.07942234327
13472.547940373872,58423.4370770955,1380.0,59803.4370770955
13629.32110109145,58669.70930869168,1845.0,60514.70930869168
15253.423788416134,61220.98397406202,3060.0,64280.98397406202
15685.424615601683,61899.60656019484,3540.0,65439.60656019484
16942.27057072686,63873.964012226446,3780.0,67653.96401222644
18271.583857804893,65962.15913568196,4200.0,70162.15913568196
19026.82751618791,67148.55826355248,4590.0,71738.55826355248
19121.11826489246,67296.67796080204,4560.0,71856.67796080204
18984.92482328366,67082.7340520345,4500.0,71582.7340520345
19037.96493687659,67166.053844012,4470.0,71636.053844012
18958.470884235398,67041.17801926647,3810.0,70851.17801926647
19005.74963404526,67115.44738507793,1980.0,69095.44738507793
19100.97173103053,67265.0301211438,1875.0,69140.0301211438
19132.308123795236,67314.25591554008,2250.0,69564.25591554008
19335.987267018136,67634.21193927212,2355.0,69989.21193927212
20375.900890289235,69267.79416404844,2355.0,71622.79416404844
20566.728111214885,69567.56132656241,2325.0,71892.56132656241
20687.13993030433,69756.7141589859,2415.0,72171.7141589859
19614.881048627856,68072.32133032441,2190.0,70262.32133032441
17827.743393846296,65264.937870055524,1860.0,67124.93787005552
15356.42498046584,61382.786755271765,1710.0,63092.786755271765
13440.215221541424,58372.64617140737,1680.0,60052.64617140737
13345.984890779197,58224.62138365264,1635.0,59859.62138365264
13608.938595266103,58637.69078478009,1380.0,60017.69078478009
13463.27549616899,58408.87115575899,1380.0,59788.87115575899
13629.32110109145,58669.70930869168,1845.0,60514.70930869168
15253.423788416134,61220.98397406202,3060.0,64280.98397406202
15680.84767148039,61892.41671827621,3540.0,65432.41671827621
17019.326246412766,63995.009433020794,3780.0,67775.0094330208
18288.72203412358,65989.08119879641,4200.0,70189.08119879641
19141.95447526582,67329.40920129734,4590.0,71919.40920129734
19262.015186313085,67518.01048420378,4560.0,72078.01048420378
19178.42639312801,67386.70230275298,4500.0,71886.70230275298
19043.721740814963,67175.09710719733,4470.0,71645.09710719733
18964.22768817377,67050.2212824518,3810.0,70860.2212824518
18958.470884235398,67041.17801926647,1980.0,69021.17801926647
18981.343065268942,67077.10753066256,1875.0,68952.10753066256
19199.22156489903,67419.3690764216,2250.0,69669.3690764216
19402.90070812194,67739.32510015364,2355.0,70094.32510015364
20426.898193454923,69347.90494065404,2355.0,71702.90494065404
20521.81820072858,69497.01312924582,2325.0,71822.01312924582
20938.03170558889,70150.83568530864,2415.0,72565.83568530864
19884.42258875037,68495.73944787723,2190.0,70685.73944787723
17999.875251486956,65535.33681153203,1860.0,67395.33681153203
15433.138667798976,61503.29495251056,1710.0,63213.29495251056
13440.215221541424,58372.64617140737,1680.0,60052.64617140737
13345.984890779197,58224.62138365264,1635.0,59859.62138365264
13608.938595266103,58637.69078478009,1380.0,60017.69078478009
13463.27549616899,58408.87115575899,1380.0,59788.87115575899
13629.32110109145,58669.70930869168,1845.0,60514.70930869168
15253.423788416134,61220.98397406202,3060.0,64280.98397406202
15680.84767148039,61892.41671827621,3540.0,65432.41671827621
17019.326246412766,63995.009433020794,3780.0,67775.0094330208
18288.72203412358,65989.08119879641,4200.0,70189.08119879641
19251.652939224026,67501.73261047022,4590.0,72091.73261047022
19375.83346996104,67696.805646476,4560.0,72256.805646476
19178.42639312801,67386.70230275298,4500.0,71886.70230275298
19155.547372327415,67350.76204688578,4470.0,71820.76204688578
18980.143826111882,67075.22366672772,3810.0,70885.22366672772
18918.655460244256,66978.63266218262,1980.0,68958.63266218262
18928.163876412553,66993.56926777246,1875.0,68868.56926777246
19275.61492314174,67539.37407426335,2250.0,69789.37407426335
19479.294066364644,67859.3300979954,2355.0,70214.3300979954
20503.291551697625,69467.90993849577,2355.0,71822.90993849577
20589.607132015484,69603.5015824296,2325.0,71928.5015824296
20687.13993030433,69756.7141589859,2415.0,72171.7141589859
19614.881048627856,68072.32133032441,2190.0,70262.32133032441
17827.743393846296,65264.937870055524,1860.0,67124.93787005552
15356.42498046584,61382.786755271765,1710.0,63092.786755271765
12714.201307670013,57232.163540830814,1680.0,58912.163540830814
12737.181785015264,57268.26317301949,1635.0,58903.26317301949
12947.303988804439,57598.34048853836,1380.0,58978.34048853836
12959.00683023637,57616.72427860973,1380.0,58996.72427860973
13089.292993031584,57821.38854582752,1845.0,59666.38854582752
14592.240606580126,60182.34281291362,3060.0,63242.34281291362
14813.538989737966,60529.976594228305,3540.0,64069.976594228305
16427.654477200467,63065.56254103102,3780.0,66845.56254103102
17053.93432775234,64049.37466609862,4200.0,68249.37466609862
18023.82127594821,65572.95320489258,4590.0,70162.95320489258
18322.886670565727,66042.74983199718,4560.0,70602.74983199718
18267.83338553613,65956.2675840226,4500.0,70456.2675840226
18258.876710576973,65942.1976991024,4470.0,70412.1976991024
18179.382657935792,65817.32187435687,3810.0,69627.32187435687
18153.861207129426,65777.23067115036,1980.0,67757.23067115036
18153.261587550893,65776.28873918294,1875.0,67651.28873918294
18429.853787546435,66210.78261570628,2250.0,68460.78261570628
18807.51608535969,66804.04575109563,2355.0,69159.04575109563
21089.965731114713,70389.5062035936,2355.0,72744.5062035936
21297.78521332854,70715.96621383831,2325.0,73040.96621383831
21182.997962681056,70535.6489181587,2415.0,72950.6489181587
20208.12596426291,69004.23945066977,2190.0,71194.23945066977
19183.866287859466,67395.2477387768,1860.0,69255.2477387768
17482.314638243184,64722.309845523196,1710.0,66432.3098455232
12714.201307670013,57232.163540830814,1680.0,58912.163540830814
12737.181785015264,57268.26317301949,1635.0,58903.26317301949
12947.303988804439,57598.34048853836,1380.0,58978.34048853836
12959.00683023637,57616.72427860973,1380.0,58996.72427860973
13089.292993031584,57821.38854582752,1845.0,59666.38854582752
14647.797754449472,60269.61657026007,3060.0,63329.61657026007
14813.538989737966,60529.976594228305,3540.0,64069.976594228305
16427.654477200467,63065.56254103102,3780.0,66845.56254103102
17228.04515799439,64322.88234121667,4200.0,68522.88234121667
18212.628485670142,65869.54716693837,4590.0,70459.54716693837
18074.20528000125,65652.10056058854,4560.0,70212.10056058854
18101.16992165633,65694.45884719954,4500.0,70194.45884719954
18196.884481869594,65844.81518518542,4470.0,70314.81518518542
18188.339332894946,65831.39175927707,3810.0,69641.39175927707
18217.333105443144,65876.93757231775,1980.0,67856.93757231775
18226.985156719602,65892.09981180092,1875.0,67767.09981180092
18509.408258129948,66335.75334994662,2250.0,68585.75334994662
18974.179549239492,67065.85448791868,2355.0,69420.85448791868
21089.965731114713,70389.5062035936,2355.0,72744.5062035936
21297.78521332854,70715.96621383831,2325.0,73040.96621383831
21150.72566179093,70484.95292196535,2415.0,72899.95292196535
20202.870743241947,68995.98411536597,2190.0,71185.98411536597
19170.21867266143,67373.80893741947,1860.0,69233.80893741947
17482.314638243184,64722.309845523196,1710.0,66432.3098455232
13440.215221541424,58372.64617140737,1680.0,60052.64617140737
13345.984890779197,58224.62138365264,1635.0,59859.62138365264
13608.938595266103,58637.69078478009,1380.0,60017.69078478009
13463.27549616899,58408.87115575899,1380.0,59788.87115575899
13629.32110109145,58669.70930869168,1845.0,60514.70930869168
15253.423788416134,61220.98397406202,3060.0,64280.98397406202
15680.84767148039,61892.41671827621,3540.0,65432.41671827621
17019.326246412766,63995.009433020794,3780.0,67775.0094330208
18331.842205563706,66056.8179261722,4200.0,70256.8179261722
19294.77083074179,67569.46575635562,4590.0,72159.46575635562
19516.057814287873,67917.08163021847,4560.0,72477.08163021847
19134.56752684589,67317.80517249716,4500.0,71817.80517249716
19110.63404195758,67280.20847733365,4470.0,71750.20847733365
19098.928920603295,67261.8211057719,3810.0,71071.8211057719
18964.22768817377,67050.2212824518,1980.0,69030.2212824518
18987.09986920731,67086.15079384789,1875.0,68961.15079384789
19267.010496185936,67525.85752960538,2250.0,69775.85752960538
19402.90070812194,67739.32510015364,2355.0,70094.32510015364
20426.898193454923,69347.90494065404,2355.0,71702.90494065404
20597.92428875494,69616.56685930087,2325.0,71941.56685930087
20938.03170558889,70150.83568530864,2415.0,72565.83568530864
20177.319653445014,68955.84635278463,2190.0,71145.84635278463
18313.650705118467,66028.2412145066,1860.0,67888.2412145066
15433.138667798976,61503.29495251056,1710.0,63213.29495251056
13440.215221541424,58372.64617140737,1680.0,60052.64617140737
13345.984890779197,58224.62138365264,1635.0,59859.62138365264
13608.938595266103,58637.69078478009,1380.0,60017.69078478009
13463.27549616899,58408.87115575899,1380.0,59788.87115575899
13629.32110109145,58669.70930869168,1845.0,60514.70930869168
15253.423788416134,61220.98397406202,3060.0,64280.98397406202
15680.84767148039,61892.41671827621,3540.0,65432.41671827621
17019.326246412766,63995.009433020794,3780.0,67775.0094330208
18331.842205563706,66056.8179261722,4200.0,70256.8179261722
19294.77083074179,67569.46575635562,4590.0,72159.46575635562
19468.293441017075,67842.04940695812,4560.0,72402.04940695812
19110.63404195758,67280.20847733365,4500.0,71780.20847733365
19155.547372327415,67350.76204688578,4470.0,71820.76204688578
18964.22768817377,67050.2212824518,3810.0,70860.2212824518
18875.97303389568,66911.58358095794,1980.0,68891.58358095794
18955.574242887407,67036.62773575087,1875.0,68911.62773575087
19132.308123795236,67314.25591554008,2250.0,69564.25591554008
19351.903404956254,67659.21432354805,2355.0,70014.21432354805
20426.898193454923,69347.90494065404,2355.0,71702.90494065404
20521.81820072858,69497.01312924582,2325.0,71822.01312924582
20687.13993030433,69756.7141589859,2415.0,72171.7141589859
20087.467913559474,68814.69981728628,2190.0,71004.69981728628
18201.714497371937,65852.40257253514,1860.0,67712.40257253514
15433.138667798976,61503.29495251056,1710.0,63213.29495251056
13440.215221541424,58372.64617140737,1680.0,60052.64617140737
13345.984890779197,58224.62138365264,1635.0,59859.62138365264
13608.938595266103,58637.69078478009,1380.0,60017.69078478009
13463.27549616899,58408.87115575899,1380.0,59788.87115575899
13629.32110109145,58669.70930869168,1845.0,60514.70930869168
15253.423788416134,61220.98397406202,3060.0,64280.98397406202
15680.84767148039,61892.41671827621,3540.0,65432.41671827621
17019.326246412766,63995.009433020794,3780.0,67775.0094330208
18288.72203412358,65989.08119879641,4200.0,70189.08119879641
19175.88883955043,67382.71610397071,4590.0,71972.71610397071
19380.72390340571,67704.48794332055,4560.0,72264.48794332055
19110.63404195758,67280.20847733365,4500.0,71780.20847733365
19043.721740814963,67175.09710719733,4470.0,71645.09710719733
18964.22768817377,67050.2212824518,3810.0,70860.2212824518
18871.124779014517,66903.96754168523,1980.0,68883.96754168523
18955.574242887407,67036.62773575087,1875.0,68911.62773575087
19132.308123795236,67314.25591554008,2250.0,69564.25591554008
19335.987267018136,67634.21193927212,2355.0,69989.21193927212
20812.998483892286,69954.4231719043,2355.0,72309.4231719043
20907.91849116595,70103.5313604961,2325.0,72428.5313604961
21035.4436679931,70303.85844287531,2415.0,72718.85844287531
20102.76619254024,68838.73161767183,2190.0,71028.73161767183
18177.299948867396,65814.0501829035,1860.0,67674.0501829035
15433.138667798976,61503.29495251056,1710.0,63213.29495251056
13440.215221541424,58372.64617140737,1680.0,60052.64617140737
13345.984890779197,58224.62138365264,1635.0,59859.62138365264
13608.938595266103,58637.69078478009,1380.0,60017.69078478009
13463.27549616899,58408.87115575899,1380.0,59788.87115575899
13629.32110109145,58669.70930869168,1845.0,60514.70930869168
15281.554610354166,61265.17419299749,3060.0,64325.17419299749
15680.84767148039,61892.41671827621,3540.0,65432.41671827621
17019.326246412766,63995.009433020794,3780.0,67775.0094330208
18331.842205563706,66056.8179261722,4200.0,70256.8179261722
19294.77083074179,67569.46575635562,4590.0,72159.46575635562
19420.556426814495,67767.0601615822,4560.0,72327.0601615822
19110.63404195758,67280.20847733365,4500.0,71780.20847733365
19110.63404195758,67280.20847733365,4470.0,71750.20847733365
19098.928920603295,67261.8211057719,3810.0,71071.8211057719
18964.22768817377,67050.2212824518,1980.0,69030.2212824518
18987.09986920731,67086.15079384789,1875.0,68961.15079384789
19199.22156489903,67419.3690764216,2250.0,69669.3690764216
19402.90070812194,67739.32510015364,2355.0,70094.32510015364
20426.898193454923,69347.90494065404,2355.0,71702.90494065404
20521.81820072858,69497.01312924582,2325.0,71822.01312924582
20938.03170558889,70150.83568530864,2415.0,72565.83568530864
20215.015889610135,69015.0627145692,2190.0,71205.0627145692
18289.54736601494,65990.3776983105,1860.0,67850.3776983105
15433.138667798976,61503.29495251056,1710.0,63213.29495251056
13440.215221541424,58372.64617140737,1680.0,60052.64617140737
13345.984890779197,58224.62138365264,1635.0,59859.62138365264
13608.938595266103,58637.69078478009,1380.0,60017.69078478009
13463.27549616899,58408.87115575899,1380.0,59788.87115575899
13629.32110109145,58669.70930869168,1845.0,60514.70930869168
15253.423788416134,61220.98397406202,3060.0,64280.98397406202
15680.84767148039,61892.41671827621,3540.0,65432.41671827621
17019.326246412766,63995.009433020794,3780.0,67775.0094330208
18331.842205563706,66056.8179261722,4200.0,70256.8179261722
19294.77083074179,67569.46575635562,4590.0,72159.46575635562
19420.556426814495,67767.0601615822,4560.0,72327.0601615822
19110.63404195758,67280.20847733365,4500.0,71780.20847733365
19110.63404195758,67280.20847733365,4470.0,71750.20847733365
19031.13884935522,67155.33086184296,3810.0,70965.33086184296
18964.22768817377,67050.2212824518,1980.0,69030.2212824518
18987.09986920731,67086.15079384789,1875.0,68961.15079384789
19199.22156489903,67419.3690764216,2250.0,69669.3690764216
19402.90070812194,67739.32510015364,2355.0,70094.32510015364
20426.898193454923,69347.90494065404,2355.0,71702.90494065404
20521.81820072858,69497.01312924582,2325.0,71822.01312924582
20938.03170558889,70150.83568530864,2415.0,72565.83568530864
20073.095283053546,68792.12210199115,2190.0,70982.12210199115
18177.299948867396,65814.0501829035,1860.0,67674.0501829035
15433.138667798976,61503.29495251056,1710.0,63213.29495251056
12714.201307670013,57232.163540830814,1680.0,58912.163540830814
12737.181785015264,57268.26317301949,1635.0,58903.26317301949
12947.303988804439,57598.34048853836,1380.0,58978.34048853836
12959.00683023637,57616.72427860973,1380.0,58996.72427860973
13089.292993031584,57821.38854582752,1845.0,59666.38854582752
14592.240606580126,60182.34281291362,3060.0,63242.34281291362
14813.538989737966,60529.976594228305,3540.0,64069.976594228305
16427.654477200467,63065.56254103102,3780.0,66845.56254103102
17228.04515799439,64322.88234121667,4200.0,68522.88234121667
18038.51537550574,65596.03591032996,4590.0,70186.03591032996
18262.89735364442,65948.51365737063,4560.0,70508.51365737063
18136.92594390005,65750.62736067886,4500.0,70250.62736067886
18101.16992165633,65694.45884719954,4470.0,70164.45884719954
18021.67586901514,65569.58302245401,3810.0,69379.58302245401
18217.333105443144,65876.93757231775,1980.0,67856.93757231775
18269.917234565706,65959.54106622117,1875.0,67834.54106622117
18342.744794250142,66073.94461312356,2250.0,68323.94461312356
18843.272107603414,66860.21426457497,2355.0,69215.21426457497
21089.965731114713,70389.5062035936,2355.0,72744.5062035936
21297.78521332854,70715.96621383831,2325.0,73040.96621383831
21182.997962681056,70535.6489181587,2415.0,72950.6489181587
20178.455054776223,68957.62993498912,2190.0,71147.62993498912
19170.21867266143,67373.80893741947,1860.0,69233.80893741947
17482.314638243184,64722.309845523196,1710.0,66432.3098455232
12714.201307670013,57232.163540830814,1680.0,58912.163540830814
12737.181785015264,57268.26317301949,1635.0,58903.26317301949
12947.303988804439,57598.34048853836,1380.0,58978.34048853836
12959.00683023637,57616.72427860973,1380.0,58996.72427860973
13089.292993031584,57821.38854582752,1845.0,59666.38854582752
14592.240606580126,60182.34281291362,3060.0,63242.34281291362
14813.538989737966,60529.976594228305,3540.0,64069.976594228305
16427.654477200467,63065.56254103102,3780.0,66845.56254103102
17053.93432775234,64049.37466609862,4200.0,68249.37466609862
18023.82127594821,65572.95320489258,4590.0,70162.95320489258
18262.89735364442,65948.51365737063,4560.0,70508.51365737063
18136.92594390005,65750.62736067886,4500.0,70250.62736067886
18101.16992165633,65694.45884719954,4470.0,70164.45884719954
18021.67586901514,65569.58302245401,3810.0,69379.58302245401
18217.333105443144,65876.93757231775,1980.0,67856.93757231775
18269.917234565706,65959.54106622117,1875.0,67834.54106622117
18342.744794250142,66073.94461312356,2250.0,68323.94461312356
18807.51608535969,66804.04575109563,2355.0,69159.04575109563
21089.965731114713,70389.5062035936,2355.0,72744.5062035936
21297.78521332854,70715.96621383831,2325.0,73040.96621383831
21150.72566179093,70484.95292196535,2415.0,72899.95292196535
20035.273651159074,68732.70875823623,2190.0,70922.70875823623
19083.15755773453,67237.04614613453,1860.0,69097.04614613453
17265.52822141962,64381.763833651596,1710.0,66091.7638336516
13440.215221541424,58372.64617140737,1680.0,60052.64617140737
13345.984890779197,58224.62138365264,1635.0,59859.62138365264
13608.938595266103,58637.69078478009,1380.0,60017.69078478009
13463.27549616899,58408.87115575899,1380.0,59788.87115575899
13629.32110109145,58669.70930869168,1845.0,60514.70930869168
15253.423788416134,61220.98397406202,3060.0,64280.98397406202
15680.84767148039,61892.41671827621,3540.0,65432.41671827621
17019.326246412766,63995.009433020794,3780.0,67775.0094330208
18288.72203412358,65989.08119879641,4200.0,70189.08119879641
19251.652939224026,67501.73261047022,4590.0,72091.73261047022
19359.424868794933,67671.02966028007,4560.0,72231.02966028007
19110.63404195758,67280.20847733365,4500.0,71780.20847733365
19110.63404195758,67280.20847733365,4470.0,71750.20847733365
19098.928920603295,67261.8211057719,3810.0,71071.8211057719
18875.97303389568,66911.58358095794,1980.0,68891.58358095794
18898.845214929224,66947.51309235403,1875.0,68822.51309235403
19199.22156489903,67419.3690764216,2250.0,69669.3690764216
19402.90070812194,67739.32510015364,2355.0,70094.32510015364
20426.898193454923,69347.90494065404,2355.0,71702.90494065404
20521.81820072858,69497.01312924582,2325.0,71822.01312924582
20938.03170558889,70150.83568530864,2415.0,72565.83568530864
20052.32291050604,68759.49114322625,2190.0,70949.49114322625
18167.778993126158,65799.0938791166,1860.0,67659.0938791166
15433.138667798976,61503.29495251056,1710.0,63213.29495251056
13440.215221541424,58372.64617140737,1680.0,60052.64617140737
13345.984890779197,58224.62138365264,1635.0,59859.62138365264
13608.938595266103,58637.69078478009,1380.0,60017.69078478009
13463.27549616899,58408.87115575899,1380.0,59788.87115575899
13629.32110109145,58669.70930869168,1845.0,60514.70930869168
15253.423788416134,61220.98397406202,3060.0,64280.98397406202
15680.84767148039,61892.41671827621,3540.0,65432.41671827621
17019.326246412766,63995.009433020794,3780.0,67775.0094330208
18288.72203412358,65989.08119879641,4200.0,70189.08119879641
19141.95447526582,67329.40920129734,4590.0,71919.40920129734
19262.015186313085,67518.01048420378,4560.0,72078.01048420378
19155.547372327415,67350.76204688578,4500.0,71850.76204688578
19043.721740814963,67175.09710719733,4470.0,71645.09710719733
18875.97303389568,66911.58358095794,3810.0,70721.58358095794
18898.3208327883,66946.68934956883,1980.0,68926.68934956883
18921.19301382184,66982.6188609649,1875.0,68857.6188609649
19275.61492314174,67539.37407426335,2250.0,69789.37407426335
19479.294066364644,67859.3300979954,2355.0,70214.3300979954
20503.291551697625,69467.90993849577,2355.0,71822.90993849577
20589.607132015484,69603.5015824296,2325.0,71928.5015824296
20718.05567739512,69805.27916840882,2415.0,72220.27916840882
19884.42258875037,68495.73944787723,2190.0,70685.73944787723
17999.875251486956,65535.33681153203,1860.0,67395.33681153203
15433.138667798976,61503.29495251056,1710.0,63213.29495251056
13440.215221541424,58372.64617140737,1680.0,60052.64617140737
13345.984890779197,58224.62138365264,1635.0,59859.62138365264
13608.938595266103,58637.69078478009,1380.0,60017.69078478009
13463.27549616899,58408.87115575899,1380.0,59788.87115575899
13629.32110109145,58669.70930869168,1845.0,60514.70930869168
15253.423788416134,61220.98397406202,3060.0,64280.98397406202
15680.84767148039,61892.41671827621,3540.0,65432.41671827621
17019.326246412766,63995.009433020794,3780.0,67775.0094330208
18254.786529877798,65935.77250537786,4200.0,70135.77250537786
19035.91072683759,67162.82692118824,4590.0,71752.82692118824
19232.729583703847,67472.0062403957,4560.0,72032.0062403957
18984.92482328366,67082.7340520345,4500.0,71582.7340520345
19037.96493687659,67166.053844012,4470.0,71636.053844012
18958.470884235398,67041.17801926647,3810.0,70851.17801926647
19018.15469156156,67134.93427418341,1980.0,69114.93427418341
19069.45180451651,67215.51601677272,1875.0,69090.51601677272
19044.051189594797,67175.61463255585,2250.0,69425.61463255585
19305.764616322314,67586.73570292183,2355.0,69941.73570292183
20426.898193454923,69347.90494065404,2355.0,71702.90494065404
20521.81820072858,69497.01312924582,2325.0,71822.01312924582
20687.13993030433,69756.7141589859,2415.0,72171.7141589859
19752.47892240538,68288.47143716014,2190.0,70478.47143716014
17999.875251486956,65535.33681153203,1860.0,67395.33681153203
15399.203163553193,61449.98625909202,1710.0,63159.98625909202
13440.215221541424,58372.64617140737,1680.0,60052.64617140737
13345.984890779197,58224.62138365264,1635.0,59859.62138365264
13608.938595266103,58637.69078478009,1380.0,60017.69078478009
13463.27549616899,58408.87115575899,1380.0,59788.87115575899
13629.32110109145,58669.70930869168,1845.0,60514.70930869168
15253.423788416134,61220.98397406202,3060.0,64280.98397406202
15680.84767148039,61892.41671827621,3540.0,65432.41671827621
16942.27057072686,63873.964012226446,3780.0,67653.96401222644
18259.363473999092,65942.96234729647,4200.0,70142.96234729647
18915.474968563452,66973.63648311587,4590.0,71563.63648311587
19121.11826489246,67296.67796080204,4560.0,71856.67796080204
19043.721740814963,67175.09710719733,4500.0,71675.09710719733
18977.81488542949,67071.56517431434,4470.0,71541.56517431434
18905.291695379015,66957.63975637639,3810.0,70767.63975637639
19078.100689958166,67229.1024004929,1980.0,69209.1024004929
19172.84058336603,67377.92765134544,1875.0,69252.92765134544
19066.40354833212,67210.72756414747,2250.0,69460.72756414747
19388.263606623208,67716.33193197554,2355.0,70071.33193197554
20329.76210165529,69195.31554342218,2355.0,71550.31554342218
20454.90475962478,69391.8999683643,2325.0,71716.8999683643
20763.533288547034,69876.71915682763,2415.0,72291.71915682763
19583.967581459416,68023.75990239184,2190.0,70213.75990239184
17796.82878671668,65216.37465137778,1860.0,67076.37465137779
15218.830526571845,61166.64202067161,1710.0,62876.64202067161
13541.447193846117,58531.66971608967,1680.0,60211.66971608967
13383.958137510066,58284.272896517185,1635.0,59919.272896517185
13608.938595266103,58637.69078478009,1380.0,60017.69078478009
13463.27549616899,58408.87115575899,1380.0,59788.87115575899
13629.32110109145,58669.70930869168,1845.0,60514.70930869168
15253.423788416134,61220.98397406202,3060.0,64280.98397406202
15680.84767148039,61892.41671827621,3540.0,65432.41671827621
16942.27057072686,63873.964012226446,3780.0,67653.96401222644
18254.786529877798,65935.77250537786,4200.0,70135.77250537786
18903.254584757655,66954.4396947304,4590.0,71544.4396947304
19121.11826489246,67296.67796080204,4560.0,71856.67796080204
18984.92482328366,67082.7340520345,4500.0,71582.7340520345
18930.705989834838,66997.56262953547,4470.0,71467.56262953547
19018.15469156156,67134.93427418341,3810.0,70944.93427418341
19078.100689958166,67229.1024004929,1980.0,69209.1024004929
19335.166494971483,67632.92260273878,1875.0,69507.92260273878
19186.241966950078,67398.97965174279,2250.0,69648.97965174279
19328.112415214928,67621.8414715327,2355.0,69976.8414715327
20329.76210165529,69195.31554342218,2355.0,71550.31554342218
20424.682108928948,69344.423732014,2325.0,71669.423732014
20636.142627138644,69676.60338238029,2415.0,72091.60338238029
19583.967581459416,68023.75990239184,2190.0,70213.75990239184
17796.82878671668,65216.37465137778,1860.0,67076.37465137779
15218.830526571845,61166.64202067161,1710.0,62876.64202067161
12829.011357541014,57412.51665141417,1680.0,59092.51665141417
12788.733109312445,57349.2442517851,1635.0,58984.2442517851
12947.303988804439,57598.34048853836,1380.0,58978.34048853836
12959.00683023637,57616.72427860973,1380.0,58996.72427860973
13089.292993031584,57821.38854582752,1845.0,59666.38854582752
14592.240606580126,60182.34281291362,3060.0,63242.34281291362
14813.538989737966,60529.976594228305,3540.0,64069.976594228305
16427.654477200467,63065.56254103102,3780.0,66845.56254103102
17053.93432775234,64049.37466609862,4200.0,68249.37466609862
18019.523622315013,65566.20209554434,4590.0,70156.20209554434
18232.8399973191,65901.29707907216,4560.0,70461.29707907216
18288.334447323767,65988.47234543343,4500.0,70488.47234543343
18198.991130122686,65848.12448228769,4470.0,70318.12448228769
18173.576835666852,65808.20160912859,3810.0,69618.20160912859
18169.2962814513,65801.47736095813,1980.0,67781.47736095813
18221.880410573864,65884.08085486155,1875.0,67759.08085486155
18392.752611115142,66152.5010229084,2250.0,68402.5010229084
18948.403887090903,67025.36394853587,2355.0,69380.36394853587
21271.727980769498,70675.03336039477,2355.0,73030.03336039477
21513.52286587027,71054.86474013956,2325.0,73379.86474013956
21227.388050871145,70605.38053567079,2415.0,73020.38053567079
19972.08788310051,68633.45133411033,2190.0,70823.45133411033
18861.55936478742,66888.94139883612,1860.0,68748.94139883612
17125.404193676266,64161.645435485436,1710.0,65871.64543548544
12765.752631967196,57313.14461959644,1680.0,58993.14461959644
12788.733109312445,57349.2442517851,1635.0,58984.2442517851
12947.303988804439,57598.34048853836,1380.0,58978.34048853836
12959.00683023637,57616.72427860973,1380.0,58996.72427860973
13089.292993031584,57821.38854582752,1845.0,59666.38854582752
14592.240606580126,60182.34281291362,3060.0,63242.34281291362
14813.538989737966,60529.976594228305,3540.0,64069.976594228305
16427.654477200467,63065.56254103102,3780.0,66845.56254103102
17053.93432775234,64049.37466609862,4200.0,68249.37466609862
18019.523622315013,65566.20209554434,4590.0,70156.20209554434
18197.08397507538,65845.12856559284,4560.0,70405.12856559284
18254.359044436827,65935.1009759334,4500.0,70435.1009759334
18198.991130122686,65848.12448228769,4470.0,70318.12448228769
18173.576835666852,65808.20160912859,3810.0,69618.20160912859
18111.2049998879,65710.22277706495,1980.0,67690.22277706495
18163.78912901046,65792.82627096836,1875.0,67667.82627096836
18445.936359816234,66236.04644877925,2250.0,68486.04644877925
18982.78511615647,67079.37282332186,2355.0,69434.37282332186
21271.727980769498,70675.03336039477,2355.0,73030.03336039477
21513.52286587027,71054.86474013956,2325.0,73379.86474013956
21227.388050871145,70605.38053567079,2415.0,73020.38053567079
19992.55702597522,68665.60595465597,2190.0,70855.60595465597
18882.03078758449,66921.09960087214,1860.0,68781.09960087214
17125.404193676266,64161.645435485436,1710.0,65871.64543548544
13541.447193846117,58531.66971608967,1680.0,60211.66971608967
13345.984890779197,58224.62138365264,1635.0,59859.62138365264
13608.938595266103,58637.69078478009,1380.0,60017.69078478009
13463.27549616899,58408.87115575899,1380.0,59788.87115575899
13629.32110109145,58669.70930869168,1845.0,60514.70930869168
15253.423788416134,61220.98397406202,3060.0,64280.98397406202
15680.84767148039,61892.41671827621,3540.0,65432.41671827621
16942.27057072686,63873.964012226446,3780.0,67653.96401222644
18254.786529877798,65935.77250537786,4200.0,70135.77250537786
18898.677640636357,66947.24985281179,4590.0,71537.24985281179
19121.11826489246,67296.67796080204,4560.0,71856.67796080204
19059.637878753063,67200.09949147323,4500.0,71700.09949147323
18944.069754700075,67018.5555353417,4470.0,71488.5555353417
19018.15469156156,67134.93427418341,3810.0,70944.93427418341
19149.968402332495,67341.99813994937,1980.0,69321.99813994937
19172.84058336603,67377.92765134544,1875.0,69252.92765134544
19086.73931574925,67242.67266750646,2250.0,69492.67266750646
19328.112415214928,67621.8414715327,2355.0,69976.8414715327
20329.76210165529,69195.31554342218,2355.0,71550.31554342218
20454.90475962478,69391.8999683643,2325.0,71716.8999683643
20763.533288547034,69876.71915682763,2415.0,72291.71915682763
19614.881048627856,68072.32133032441,2190.0,70262.32133032441
17827.743393846296,65264.937870055524,1860.0,67124.93787005552
15356.42498046584,61382.786755271765,1710.0,63092.786755271765
13478.1884682723,58432.297684271936,1680.0,60112.297684271936
13383.958137510066,58284.272896517185,1635.0,59919.272896517185
13608.938595266103,58637.69078478009,1380.0,60017.69078478009
13463.27549616899,58408.87115575899,1380.0,59788.87115575899
13629.32110109145,58669.70930869168,1845.0,60514.70930869168
15253.423788416134,61220.98397406202,3060.0,64280.98397406202
15680.84767148039,61892.41671827621,3540.0,65432.41671827621
16942.27057072686,63873.964012226446,3780.0,67653.96401222644
18259.363473999092,65942.96234729647,4200.0,70142.96234729647
18915.474968563452,66973.63648311587,4590.0,71563.63648311587
19121.11826489246,67296.67796080204,4560.0,71856.67796080204
18984.92482328366,67082.7340520345,4500.0,71582.7340520345
19071.993917938802,67219.50937853575,4470.0,71689.50937853575
19078.100689958166,67229.1024004929,3810.0,71039.1024004929
19835.249223466148,68418.49386356796,1980.0,70398.49386356796
19858.12140449968,68454.42337496403,1875.0,70329.42337496403
19186.241966950078,67398.97965174279,2250.0,69648.97965174279
19335.08669768917,67632.79725057581,2355.0,69987.79725057581
20329.76210165529,69195.31554342218,2355.0,71550.31554342218
20424.682108928948,69344.423732014,2325.0,71669.423732014
20732.049840790638,69827.26235630247,2415.0,72242.26235630247
19583.967581459416,68023.75990239184,2190.0,70213.75990239184
17796.82878671668,65216.37465137778,1860.0,67076.37465137779
15218.830526571845,61166.64202067161,1710.0,62876.64202067161
13541.447193846117,58531.66971608967,1680.0,60211.66971608967
13383.958137510066,58284.272896517185,1635.0,59919.272896517185
13608.938595266103,58637.69078478009,1380.0,60017.69078478009
13463.27549616899,58408.87115575899,1380.0,59788.87115575899
13629.32110109145,58669.70930869168,1845.0,60514.70930869168
15253.423788416134,61220.98397406202,3060.0,64280.98397406202
15680.84767148039,61892.41671827621,3540.0,65432.41671827621
16942.27057072686,63873.964012226446,3780.0,67653.96401222644
18254.786529877798,65935.77250537786,4200.0,70135.77250537786
18898.677640636357,66947.24985281179,4590.0,71537.24985281179
19121.11826489246,67296.67796080204,4560.0,71856.67796080204
19007.272622176282,67117.83982064539,4500.0,71617.83982064539
19103.514984413996,67269.02527365202,4470.0,71739.02527365202
19154.14294015869,67348.5558488176,3810.0,71158.5558488176
19835.249223466148,68418.49386356796,1980.0,70398.49386356796
19844.96853245199,68433.76175701707,1875.0,70308.76175701707
19186.241966950078,67398.97965174279,2250.0,69648.97965174279
19430.55844617197,67782.77215983726,2355.0,70137.77215983726
20504.636705885205,69470.02301781432,2355.0,71825.02301781432
20424.682108928948,69344.423732014,2325.0,71669.423732014
20620.226489200526,69651.60099810435,2415.0,72066.60099810435
19583.967581459416,68023.75990239184,2190.0,70213.75990239184
17796.82878671668,65216.37465137778,1860.0,67076.37465137779
15218.830526571845,61166.64202067161,1710.0,62876.64202067161
13553.389427124988,58550.42956264994,1680.0,60230.42956264994
13400.755465437156,58310.65952682127,1635.0,59945.65952682127
13608.938595266103,58637.69078478009,1380.0,60017.69078478009
13463.27549616899,58408.87115575899,1380.0,59788.87115575899
13629.32110109145,58669.70930869168,1845.0,60514.70930869168
15253.423788416134,61220.98397406202,3060.0,64280.98397406202
15680.84767148039,61892.41671827621,3540.0,65432.41671827621
16942.27057072686,63873.964012226446,3780.0,67653.96401222644
18271.583857804893,65962.15913568196,4200.0,70162.15913568196
18915.474968563452,66973.63648311587,4590.0,71563.63648311587
19121.11826489246,67296.67796080204,4560.0,71856.67796080204
19073.02900268653,67221.13537516391,4500.0,71721.13537516391
19103.514984413996,67269.02527365202,4470.0,71739.02527365202
19078.100689958166,67229.1024004929,3810.0,71039.1024004929
19822.09635141844,68397.83224562097,1980.0,70377.83224562097
19844.96853245199,68433.76175701707,1875.0,70308.76175701707
19126.553599779218,67305.21623384513,2250.0,69555.21623384513
19300.91750140232,67579.12145439429,2355.0,69934.12145439429
20329.76210165529,69195.31554342218,2355.0,71550.31554342218
20424.682108928948,69344.423732014,2325.0,71669.423732014
20687.13993030433,69756.7141589859,2415.0,72171.7141589859
19583.967581459416,68023.75990239184,2190.0,70213.75990239184
17796.82878671668,65216.37465137778,1860.0,67076.37465137779
15218.830526571845,61166.64202067161,1710.0,62876.64202067161
13478.1884682723,58432.297684271936,1680.0,60112.297684271936
13383.958137510066,58284.272896517185,1635.0,59919.272896517185
13608.938595266103,58637.69078478009,1380.0,60017.69078478009
13463.27549616899,58408.87115575899,1380.0,59788.87115575899
13629.32110109145,58669.70930869168,1845.0,60514.70930869168
15253.423788416134,61220.98397406202,3060.0,64280.98397406202
15680.84767148039,61892.41671827621,3540.0,65432.41671827621
16976.206074972644,63927.272705645,3780.0,67707.27270564501
18259.363473999092,65942.96234729647,4200.0,70142.96234729647
18925.856594992503,66989.9447995176,4590.0,71579.9447995176
19121.11826489246,67296.67796080204,4560.0,71856.67796080204
19073.02900268653,67221.13537516391,4500.0,71721.13537516391
19103.514984413996,67269.02527365202,4470.0,71739.02527365202
19078.100689958166,67229.1024004929,3810.0,71039.1024004929
19835.249223466148,68418.49386356796,1980.0,70398.49386356796
19858.12140449968,68454.42337496403,1875.0,70329.42337496403
19044.051189594797,67175.61463255585,2250.0,69425.61463255585
19305.764616322314,67586.73570292183,2355.0,69941.73570292183
20329.76210165529,69195.31554342218,2355.0,71550.31554342218
20424.682108928948,69344.423732014,2325.0,71669.423732014
20687.13993030433,69756.7141589859,2415.0,72171.7141589859
19614.881048627856,68072.32133032441,2190.0,70262.32133032441
17827.743393846296,65264.937870055524,1860.0,67124.93787005552
15356.42498046584,61382.786755271765,1710.0,63092.786755271765
12714.201307670013,57232.163540830814,1680.0,58912.163540830814
12737.181785015264,57268.26317301949,1635.0,58903.26317301949
12947.303988804439,57598.34048853836,1380.0,58978.34048853836
12959.00683023637,57616.72427860973,1380.0,58996.72427860973
13089.292993031584,57821.38854582752,1845.0,59666.38854582752
14592.240606580126,60182.34281291362,3060.0,63242.34281291362
14813.538989737966,60529.976594228305,3540.0,64069.976594228305
16427.654477200467,63065.56254103102,3780.0,66845.56254103102
17053.93432775234,64049.37466609862,4200.0,68249.37466609862
18019.523622315013,65566.20209554434,4590.0,70156.20209554434
18244.0287162607,65918.87324306501,4560.0,70478.87324306501
18288.334447323767,65988.47234543343,4500.0,70488.47234543343
18224.901307690034,65888.82632960235,4470.0,70358.82632960235
18145.407255048845,65763.95050485684,3810.0,69573.95050485684
18202.570608215057,65853.74742216927,1980.0,67833.74742216927
18214.328167783435,65872.21716800953,1875.0,67747.21716800953
18509.408258129948,66335.75334994662,2250.0,68585.75334994662
18974.179549239492,67065.85448791868,2355.0,69420.85448791868
21256.628055033347,70651.31314967146,2355.0,73006.31314967146
21464.447537247164,70977.77315991619,2325.0,73302.77315991619
21119.80991470014,70436.38791254241,2415.0,72851.38791254241
20007.937382160657,68689.76668869486,2190.0,70879.76668869486
19050.72566227977,67186.09944561525,1860.0,69046.09944561525
17265.52822141962,64381.763833651596,1710.0,66091.7638336516
12714.201307670013,57232.163540830814,1680.0,58912.163540830814
12737.181785015264,57268.26317301949,1635.0,58903.26317301949
12947.303988804439,57598.34048853836,1380.0,58978.34048853836
12959.00683023637,57616.72427860973,1380.0,58996.72427860973
13089.292993031584,57821.38854582752,1845.0,59666.38854582752
14592.240606580126,60182.34281291362,3060.0,63242.34281291362
14813.538989737966,60529.976594228305,3540.0,64069.976594228305
16427.654477200467,63065.56254103102,3780.0,66845.56254103102
17053.93432775234,64049.37466609862,4200.0,68249.37466609862
18019.523622315013,65566.20209554434,4590.0,70156.20209554434
18267.963341110186,65956.4717289737,4560.0,70516.4717289737
18254.359044436827,65935.1009759334,4500.0,70435.1009759334
18218.408088832024,65878.62624502738,4470.0,70348.62624502738
18104.532807125273,65699.74154549591,3810.0,69509.74154549591
18111.2049998879,65710.22277706495,1980.0,67690.22277706495
18163.78912901046,65792.82627096836,1875.0,67667.82627096836
18509.408258129948,66335.75334994662,2250.0,68585.75334994662
18974.179549239492,67065.85448791868,2355.0,69420.85448791868
21256.628055033347,70651.31314967146,2355.0,73006.31314967146
21464.447537247164,70977.77315991619,2325.0,73302.77315991619
21150.72566179093,70484.95292196535,2415.0,72899.95292196535
20192.827685282147,68980.20765028425,2190.0,71170.20765028425
19208.279696402846,67433.59833766328,1860.0,69293.59833766328
17482.314638243184,64722.309845523196,1710.0,66432.3098455232
13440.215221541424,58372.64617140737,1680.0,60052.64617140737
13345.984890779197,58224.62138365264,1635.0,59859.62138365264
13608.938595266103,58637.69078478009,1380.0,60017.69078478009
13463.27549616899,58408.87115575899,1380.0,59788.87115575899
13629.32110109145,58669.70930869168,1845.0,60514.70930869168
15253.423788416134,61220.98397406202,3060.0,64280.98397406202
15680.84767148039,61892.41671827621,3540.0,65432.41671827621
17019.326246412766,63995.009433020794,3780.0,67775.0094330208
18254.786529877798,65935.77250537786,4200.0,70135.77250537786
18928.917390749833,66994.75295033988,4590.0,71584.75295033988
19121.11826489246,67296.67796080204,4560.0,71856.67796080204
19041.65385124185,67171.84869543134,4500.0,71671.84869543134
19043.568986017384,67174.8571473425,4470.0,71644.8571473425
19018.15469156156,67134.93427418341,3810.0,70944.93427418341
19548.398512848555,67967.8850711229,1980.0,69947.8850711229
19571.270693882085,68003.81458251896,1875.0,69878.81458251896
19044.051189594797,67175.61463255585,2250.0,69425.61463255585
19335.987267018136,67634.21193927212,2355.0,69989.21193927212
20375.900890289235,69267.79416404844,2355.0,71622.79416404844
20566.728111214885,69567.56132656241,2325.0,71892.56132656241
20718.05567739512,69805.27916840882,2415.0,72220.27916840882
19884.42258875037,68495.73944787723,2190.0,70685.73944787723
17999.875251486956,65535.33681153203,1860.0,67395.33681153203
15433.138667798976,61503.29495251056,1710.0,63213.29495251056
13440.215221541424,58372.64617140737,1680.0,60052.64617140737
13345.984890779197,58224.62138365264,1635.0,59859.62138365264
13608.938595266103,58637.69078478009,1380.0,60017.69078478009
13463.27549616899,58408.87115575899,1380.0,59788.87115575899
13629.32110109145,58669.70930869168,1845.0,60514.70930869168
15253.423788416134,61220.98397406202,3060.0,64280.98397406202
15680.84767148039,61892.41671827621,3540.0,65432.41671827621
16976.206074972644,63927.272705645,3780.0,67707.27270564501
18254.786529877798,65935.77250537786,4200.0,70135.77250537786
18898.677640636357,66947.24985281179,4590.0,71537.24985281179
19121.11826489246,67296.67796080204,4560.0,71856.67796080204
18960.16372658164,67043.83727586652,4500.0,71543.83727586652
19043.568986017384,67174.8571473425,4470.0,71644.8571473425
19018.15469156156,67134.93427418341,3810.0,70944.93427418341
19312.294313937942,67596.9930913427,1980.0,69576.9930913427
19480.99716836146,67862.00547130211,1875.0,69737.00547130211
19044.051189594797,67175.61463255585,2250.0,69425.61463255585
19256.68928769921,67509.64412269846,2355.0,69864.64412269846
20359.984752351116,69242.7917797725,2355.0,71597.7917797725
20454.90475962478,69391.8999683643,2325.0,71716.8999683643
20687.13993030433,69756.7141589859,2415.0,72171.7141589859
19583.967581459416,68023.75990239184,2190.0,70213.75990239184
17796.82878671668,65216.37465137778,1860.0,67076.37465137779
15356.42498046584,61382.786755271765,1710.0,63092.786755271765
13440.215221541424,58372.64617140737,1680.0,60052.64617140737
13345.984890779197,58224.62138365264,1635.0,59859.62138365264
13608.938595266103,58637.69078478009,1380.0,60017.69078478009
13463.27549616899,58408.87115575899,1380.0,59788.87115575899
13629.32110109145,58669.70930869168,1845.0,60514.70930869168
15253.423788416134,61220.98397406202,3060.0,64280.98397406202
15680.84767148039,61892.41671827621,3540.0,65432.41671827621
17019.326246412766,63995.009433020794,3780.0,67775.0094330208
18254.786529877798,65935.77250537786,4200.0,70135.77250537786
18915.474968563452,66973.63648311587,4590.0,71563.63648311587
19121.11826489246,67296.67796080204,4560.0,71856.67796080204
19060.621665247883,67201.64490456808,4500.0,71701.64490456808
19103.514984413996,67269.02527365202,4470.0,71739.02527365202
19078.100689958166,67229.1024004929,3810.0,71039.1024004929
19835.249223466148,68418.49386356796,1980.0,70398.49386356796
19858.12140449968,68454.42337496403,1875.0,70329.42337496403
19126.553599779218,67305.21623384513,2250.0,69555.21623384513
19388.263606623208,67716.33193197554,2355.0,70071.33193197554
20329.76210165529,69195.31554342218,2355.0,71550.31554342218
20424.682108928948,69344.423732014,2325.0,71669.423732014
20687.13993030433,69756.7141589859,2415.0,72171.7141589859
19583.967581459416,68023.75990239184,2190.0,70213.75990239184
17796.82878671668,65216.37465137778,1860.0,67076.37465137779
15218.830526571845,61166.64202067161,1710.0,62876.64202067161
13275.912617256938,58114.54606786289,1680.0,59794.54606786289
12937.488923079818,57582.92217249368,1635.0,59217.92217249368
13109.315271125335,57852.84119426057,1380.0,59232.84119426057
12997.845307499761,57677.73496706986,1380.0,59057.73496706986
13184.732822601452,57971.31331422376,1845.0,59816.31331422376
14970.89353065526,60777.16210586892,3060.0,63837.16210586892
15389.458775421479,61434.67896924883,3540.0,64974.67896924883
16669.028716627327,63444.73313580244,3780.0,67224.73313580244
18071.404395392037,65647.70069966848,4200.0,69847.70069966848
18483.699853690738,66295.36846452975,4590.0,70885.36846452975
18642.352810387394,66544.59363493632,4560.0,71104.59363493632
18750.583004351018,66714.61056431063,4500.0,71214.61056431063
18753.565142787214,66719.29515371514,4470.0,71189.29515371514
18728.150848331385,66679.37228055605,3810.0,70489.37228055605
19226.696909160913,67462.52961687557,1980.0,69442.52961687557
19370.20890151908,67687.97010973217,1875.0,69562.97010973217
18563.3227219448,66420.44664348118,2250.0,68670.44664348118
18785.90926123142,66770.10396685514,2355.0,69125.10396685514
19806.729674767128,68373.69300052433,2355.0,70728.69300052433
19901.64968204078,68522.80118911611,2325.0,70847.80118911611
19911.296033511368,68537.95447487339,2415.0,70952.95447487339
18571.80061321007,66433.76441542359,2190.0,68623.76441542359
16856.591088745165,63739.37160410599,1860.0,65599.37160410598
14629.930002978195,60241.54843022707,1710.0,61951.54843022707
13307.72779371552,58164.52397523692,1680.0,59844.52397523692
12942.065867201112,57590.1120144123,1635.0,59225.1120144123
13109.315271125335,57852.84119426057,1380.0,59232.84119426057
12997.845307499761,57677.73496706986,1380.0,59057.73496706986
13184.732822601452,57971.31331422376,1845.0,59816.31331422376
14975.47047477655,60784.35194778755,3060.0,63844.35194778755
15436.576790705534,61508.695839989174,3540.0,65048.695839989174
16712.14432822275,63512.4627001975,3780.0,67292.4627001975
18061.982616273104,65632.90019071271,4200.0,69832.90019071271
18563.98275946566,66421.48348494343,4590.0,71011.48348494343
18538.899053750843,66382.07992788803,4560.0,70942.07992788803
18600.760186922995,66479.2565061087,4500.0,70979.2565061087
18825.90935893307,66832.93942465902,4470.0,71302.93942465902
18800.49506447724,66793.01655149992,3810.0,70603.01655149992
19226.696909160913,67462.52961687557,1980.0,69442.52961687557
19370.20890151908,67687.97010973217,1875.0,69562.97010973217
18563.3227219448,66420.44664348118,2250.0,68670.44664348118
18785.90926123142,66770.10396685514,2355.0,69125.10396685514
19938.522866236905,68580.72463287698,2355.0,70935.72463287698
19901.64968204078,68522.80118911611,2325.0,70847.80118911611
20057.56673191524,68767.7285710782,2415.0,71182.7285710782
18571.80061321007,66433.76441542359,2190.0,68623.76441542359
16856.591088745165,63739.37160410599,1860.0,65599.37160410598
14629.930002978195,60241.54843022707,1710.0,61951.54843022707
13074.954561360937,57798.86455288793,1680.0,59478.86455288793
12863.962567194541,57467.42089879275,1635.0,59102.42089879275
12917.002680787464,57550.74069077025,1380.0,58930.74069077025
12872.126969136436,57480.24621580923,1380.0,58860.24621580923
13145.383642731254,57909.50037192065,1845.0,59754.50037192065
14778.527362142118,60474.977437354915,3060.0,63534.977437354915
14967.16015780414,60771.29741538735,3540.0,64311.29741538735
16731.596625728544,63543.01997603794,3780.0,67323.01997603793
17443.65399492324,64661.57851331196,4200.0,68861.57851331195
18443.363467442196,66232.00473689623,4590.0,70822.00473689623
18556.47611512226,66409.6914278988,4560.0,70969.6914278988
18361.00583232711,66102.63056024547,4500.0,70602.63056024547
18492.24158278186,66308.78651820251,4470.0,70778.78651820251
18466.827288326032,66268.86364504343,3810.0,70078.86364504343
18570.07471198974,66431.05322721318,1980.0,68411.05322721318
18570.07471198974,66431.05322721318,1875.0,68306.05322721318
18463.080235940804,66262.97746561964,2250.0,68512.97746561964
18888.969731262277,66931.99986681453,2355.0,69286.99986681453
21152.305647980746,70487.43489479205,2355.0,72842.43489479205
21121.918842875577,70439.70079113505,2325.0,72764.70079113505
20894.893294769954,70083.07030600987,2415.0,72498.07030600987
19469.116492986086,67843.34232498183,2190.0,70033.34232498183
17339.288269345954,64497.63221011549,1860.0,66357.6322101155
15380.015337040211,61419.84443613455,1710.0,63129.84443613455
13055.007520704792,57767.5300936371,1680.0,59447.5300936371
12863.962567194541,57467.42089879275,1635.0,59102.42089879275
12917.002680787464,57550.74069077025,1380.0,58930.74069077025
12872.126969136436,57480.24621580923,1380.0,58860.24621580923
13145.383642731254,57909.50037192065,1845.0,59754.50037192065
14778.527362142118,60474.977437354915,3060.0,63534.977437354915
14967.16015780414,60771.29741538735,3540.0,64311.29741538735
16731.596625728544,63543.01997603794,3780.0,67323.01997603793
17443.65399492324,64661.57851331196,4200.0,68861.57851331195
18584.83606925665,66454.24158661648,4590.0,71044.24158661648
18556.47611512226,66409.6914278988,4560.0,70969.6914278988
18430.028201606354,66211.05659971962,4500.0,70711.05659971962
18469.11633036727,66272.45946137533,4470.0,70742.45946137533
18443.70203591144,66232.53658821623,3810.0,70042.53658821623
18728.871303794564,66680.5040315131,1980.0,68660.5040315131
18728.871303794564,66680.5040315131,1875.0,68555.5040315131
18488.761281311792,66303.31937315207,2250.0,68553.31937315207
18789.900265308293,66776.37336574857,2355.0,69131.37336574857
21083.283278701507,70379.0088553179,2355.0,72734.0088553179
21319.67018798374,70750.34493990401,2325.0,73075.34493990401
20907.57194296847,70102.98697395979,2415.0,72517.98697395979
19531.66844263084,67941.60409478474,2190.0,70131.60409478474
17336.969588314154,64493.989834408785,1860.0,66353.98983440879
15327.263633624787,61336.97770268889,1710.0,63046.97770268889
13219.603095011487,58026.090418694184,1680.0,59706.090418694184
13020.96030026377,57714.0459071904,1635.0,59349.0459071904
13264.973549812868,58097.36207706559,1380.0,59477.36207706559
13254.33771204159,58080.65442448758,1380.0,59460.65442448758
13812.729454684248,58957.8223015403,1845.0,60802.8223015403
15606.533602422556,61775.678039652295,3060.0,64835.678039652295
16142.835177398356,62618.144856506,3540.0,66158.144856506
17106.810286935935,64132.43659076946,3780.0,67912.43659076946
18468.44147335113,66271.39934022569,4200.0,70471.39934022569
18534.639018836446,66375.38791313088,4590.0,70965.38791313088
18597.695971282137,66474.44298305085,4560.0,71034.44298305085
18750.583004351018,66714.61056431063,4500.0,71214.61056431063
19395.623195974906,67727.89298289127,4470.0,72197.89298289127
19357.056029471387,67667.3084917852,3810.0,71477.3084917852
19609.55515001398,68063.95496881909,1980.0,70043.95496881909
19609.55515001398,68063.95496881909,1875.0,69938.95496881909
19370.20890151908,67687.97010973217,2250.0,69937.97010973217
19188.85703788762,67403.08762119766,2355.0,69758.08762119766
20360.329020626243,69243.33258481843,2355.0,71598.33258481843
20249.217004809903,69068.78865161589,2325.0,71393.78865161589
19782.355024903736,68335.40328697415,2415.0,70750.40328697415
18396.197573788748,66157.91265485811,2190.0,68347.91265485811
17066.66541416495,64069.37370832707,1860.0,65929.37370832707
14633.215371087183,60246.70935785086,1710.0,61956.70935785086
13375.55206379888,58271.06794152145,1680.0,59951.06794152145
13121.83432475922,57872.50715788454,1635.0,59507.50715788454
13255.310098924645,58082.18193013056,1380.0,59462.18193013056
13245.936198175103,58067.45663247257,1380.0,59447.45663247257
13812.729454684248,58957.8223015403,1845.0,60802.8223015403
15606.533602422556,61775.678039652295,3060.0,64835.678039652295
16134.43366353187,62604.94706449101,3540.0,66144.94706449102
17194.31484676027,64269.895981931455,3780.0,68049.89598193145
18468.44147335113,66271.39934022569,4200.0,70471.39934022569
18526.558974021573,66362.69511125812,4590.0,70952.69511125812
18597.695971282137,66474.44298305085,4560.0,71034.44298305085
18855.368235641035,66879.21586173525,4500.0,71379.21586173525
19108.77248535731,67277.2841904462,4470.0,71747.2841904462
19034.690968379367,67160.91082384008,3810.0,70970.91082384008
19609.55515001398,68063.95496881909,1980.0,70043.95496881909
19609.55515001398,68063.95496881909,1875.0,69938.95496881909
18789.49899897437,66775.74302344337,2250.0,69025.74302344337
18940.155128021994,67012.4061163757,2355.0,69367.4061163757
20183.297609851503,68965.23702053587,2355.0,71320.23702053587
20249.217004809903,69068.78865161589,2325.0,71393.78865161589
19911.296033511368,68537.95447487339,2415.0,70952.95447487339
18527.143774104818,66363.61376353813,2190.0,68553.61376353813
16811.934249639904,63669.220952220516,1860.0,65529.220952220516
14697.7189342651,60348.036883410845,1710.0,62058.036883410845
13355.807936232048,58240.052234913586,1680.0,59920.052234913586
13020.244404645293,57712.92131921408,1635.0,59347.92131921408
13117.68714600125,57865.99242690075,1380.0,59245.99242690075
13146.10751807796,57910.63749511326,1380.0,59290.63749511326
13223.075416753323,58031.54502852834,1845.0,59876.54502852834
15003.557978189898,60828.47411840597,3060.0,63888.47411840597
15602.656594463271,61769.5877152774,3540.0,65309.5877152774
16913.78180097959,63829.21149930283,3780.0,67609.21149930282
18572.427591856824,66434.74932527546,4200.0,70634.74932527546
18534.639018836446,66375.38791313088,4590.0,70965.38791313088
18597.695971282137,66474.44298305085,4560.0,71034.44298305085
19138.229082142934,67323.55704603207,4500.0,71823.55704603207
19395.623195974906,67727.89298289127,4470.0,72197.89298289127
19370.20890151908,67687.97010973217,3810.0,71497.97010973217
19718.970903600566,68235.83427318605,1980.0,70215.83427318605
19718.970903600566,68235.83427318605,1875.0,70110.83427318605
18876.539594600115,66912.473581315,2250.0,69162.473581315
19076.289291649646,67226.25690639362,2355.0,69581.25690639362
20378.862509424256,69272.44652003961,2355.0,71627.44652003961
20444.78190438266,69375.99815111962,2325.0,71700.99815111962
19911.296033511368,68537.95447487339,2415.0,70952.95447487339
18527.143774104818,66363.61376353813,2190.0,68553.61376353813
16829.478252137225,63696.780520620916,1860.0,65556.78052062092
14633.215371087183,60246.70935785086,1710.0,61956.70935785086
13234.677941601778,58049.77123302342,1680.0,59729.77123302342
12944.778974799789,57594.37398795311,1635.0,59229.37398795311
13163.108899055542,57937.34466880549,1380.0,59317.34466880549
13152.473061284267,57920.63701622747,1380.0,59300.63701622747
13849.962866611953,59016.31162077966,1845.0,60861.31162077966
15589.672436669609,61749.19112761783,3060.0,64809.19112761783
16142.835177398356,62618.144856506,3540.0,66158.144856506
17202.71636062676,64283.09377394647,3780.0,68063.09377394647
18505.865258795202,66330.18771391097,4200.0,70530.18771391097
18563.98275946566,66421.48348494343,4590.0,71011.48348494343
18538.899053750843,66382.07992788803,4560.0,70942.07992788803
18931.412765763907,66998.6728915503,4500.0,71498.6728915503
19395.623195974906,67727.89298289127,4470.0,72197.89298289127
19370.20890151908,67687.97010973217,3810.0,71497.97010973217
19640.59629283412,68112.7169602124,1980.0,70092.7169602124
19640.59629283412,68112.7169602124,1875.0,69987.7169602124
18743.766036519057,66703.90190810309,2250.0,68953.90190810309
18943.77564471669,67018.09352308392,2355.0,69373.09352308392
19956.096507724786,68608.33076065218,2355.0,70963.33076065218
19985.056081437706,68653.82285133729,2325.0,70978.82285133729
19961.98326723721,68617.57816878863,2415.0,71032.57816878863
18622.728378744032,66513.76595657291,2190.0,68703.76595657291
16907.51885427912,63819.37314525528,1860.0,65679.37314525529
14629.930002978195,60241.54843022707,1710.0,61951.54843022707
13392.824755536325,58298.20131256776,1680.0,59978.20131256776
13042.910252705991,57748.52670573163,1635.0,59383.52670573163
13118.474859173806,57867.22983182373,1380.0,59247.22983182373
13030.99309857299,57729.80625556544,1380.0,59109.80625556544
13189.30976672275,57978.503156142375,1845.0,59823.503156142375
14975.47047477655,60784.35194778755,3060.0,63844.35194778755
15406.256103348576,61461.06559955292,3540.0,65001.06559955292
16685.826044554422,63471.11976610654,3780.0,67251.11976610654
18468.44147335113,66271.39934022569,4200.0,70471.39934022569
18526.558974021573,66362.69511125812,4590.0,70952.69511125812
18538.899053750843,66382.07992788803,4560.0,70942.07992788803
19411.92920063518,67753.50780202051,4500.0,72253.50780202051
19565.7988802377,67995.21900562996,4470.0,72465.21900562996
19540.384585781874,67955.29613247086,3810.0,71765.29613247086
19718.970903600566,68235.83427318605,1980.0,70215.83427318605
19718.970903600566,68235.83427318605,1875.0,70110.83427318605
19083.358190901487,67237.36131728711,2250.0,69487.36131728711
19196.70453062261,67415.41511105264,2355.0,69770.41511105264
20450.730221798585,69385.34225949607,2355.0,71740.34225949607
20444.78190438266,69375.99815111962,2325.0,71700.99815111962
19993.17488493257,68666.57653854637,2415.0,71081.57653854637
18396.197573788748,66157.91265485811,2190.0,68347.91265485811
16829.478252137225,63696.780520620916,1860.0,65556.78052062092
14615.671368589869,60219.14978945046,1710.0,61929.14978945046
13357.618194579398,58242.8959382677,1680.0,59922.8959382677
13172.341444619271,57951.84791406051,1635.0,59586.84791406051
13271.143019696914,58107.05359000795,1380.0,59487.05359000795
13380.541673865851,58278.90603319711,1380.0,59658.90603319711
14105.472624620144,59417.687455847714,1845.0,61262.687455847714
15742.576569156132,61989.3855700554,3060.0,65049.3855700554
15911.645351117117,62254.972779219264,3540.0,65794.97277921927
17456.391921102902,64681.588300011514,3780.0,68461.58830001151
18706.129078335074,66644.77866506814,4200.0,70844.77866506814
18757.433031057088,66725.37115212857,4590.0,71315.37115212857
18576.977176909902,66441.89618930964,4560.0,71001.89618930964
18498.574067114063,66318.73410770638,4500.0,70818.73410770638
18469.11633036727,66272.45946137533,4470.0,70742.45946137533
18443.70203591144,66232.53658821623,3810.0,70042.53658821623
18728.871303794564,66680.5040315131,1980.0,68660.5040315131
18728.871303794564,66680.5040315131,1875.0,68555.5040315131
18447.973470437588,66239.24651042522,2250.0,68489.24651042522
18819.94736198304,66823.57382734037,2355.0,69178.57382734037
21152.305647980746,70487.43489479205,2355.0,72842.43489479205
21121.918842875577,70439.70079113505,2325.0,72764.70079113505
20894.893294769954,70083.07030600987,2415.0,72498.07030600987
19540.065396652622,67954.79472381901,2190.0,70144.79472381901
17378.48013457388,64559.19802958306,1860.0,66419.19802958306
15371.440549074985,61406.37445085139,1710.0,63116.37445085139
13383.133945579882,58282.9781877483,1680.0,59962.9781877483
13212.241225737433,58014.5257862881,1635.0,59649.5257862881
13186.660496949922,57974.341464331956,1380.0,59354.341464331956
13269.960879957493,58105.196587250895,1380.0,59485.196587250895
13352.253537285545,58234.4686914261,1845.0,60079.4686914261
14818.027016887538,60537.026758022475,3060.0,63597.026758022475
15101.025798691717,60981.5846224867,3540.0,64521.5846224867
16865.461126654947,63753.30539239211,3780.0,67533.30539239211
18297.924940696732,66003.53788467661,4200.0,70203.53788467661
18655.784972923186,66565.69398545365,4590.0,71155.69398545365
18556.47611512226,66409.6914278988,4560.0,70969.6914278988
18373.823555789088,66122.76569910797,4500.0,70622.76569910797
18469.11633036727,66272.45946137533,4470.0,70742.45946137533
18443.70203591144,66232.53658821623,3810.0,70042.53658821623
18728.871303794564,66680.5040315131,1980.0,68660.5040315131
18728.871303794564,66680.5040315131,1875.0,68555.5040315131
18394.05786666156,66154.55142614547,2250.0,68404.55142614547
18819.94736198304,66823.57382734037,2355.0,69178.57382734037
21152.305647980746,70487.43489479205,2355.0,72842.43489479205
21338.15351849001,70779.38008233704,2325.0,73104.38008233704
20894.893294769954,70083.07030600987,2415.0,72498.07030600987
19469.116492986086,67843.34232498183,2190.0,70033.34232498183
17339.288269345954,64497.63221011549,1860.0,66357.6322101155
15380.015337040211,61419.84443613455,1710.0,63129.84443613455
13392.824755536325,58298.20131256776,1680.0,59978.20131256776
13020.244404645293,57712.92131921408,1635.0,59347.92131921408
13118.474859173806,57867.22983182373,1380.0,59247.22983182373
13030.99309857299,57729.80625556544,1380.0,59109.80625556544
13184.732822601452,57971.31331422376,1845.0,59816.31331422376
14970.89353065526,60777.16210586892,3060.0,63837.16210586892
15389.458775421479,61434.67896924883,3540.0,64974.67896924883
16669.028716627327,63444.73313580244,3780.0,67224.73313580244
18043.31689197869,65603.57852905006,4200.0,69803.57852905006
18925.433669396243,66989.2804330539,4590.0,71579.2804330539
18793.508242430067,66782.04107425977,4560.0,71342.04107425977
19498.518371635255,67889.5292247988,4500.0,72389.5292247988
19666.01058728995,68152.63983337149,4470.0,72622.63983337149
19640.59629283412,68112.7169602124,3810.0,71922.7169602124
19723.783819685275,68243.39479935801,1980.0,70223.39479935801
19724.0619702122,68243.8317411832,1875.0,70118.8317411832
19370.20890151908,67687.97010973217,2250.0,69937.97010973217
19468.003890878386,67841.59455768105,2355.0,70196.59455768105
21288.92543506934,70702.04854225885,2355.0,73057.04854225885
21354.844830027738,70805.60017333888,2325.0,73130.60017333888
19911.296033511368,68537.95447487339,2415.0,70952.95447487339
18396.197573788748,66157.91265485811,2190.0,68347.91265485811
16811.934249639904,63669.220952220516,1860.0,65529.220952220516
14693.490818263634,60341.39500951889,1710.0,62051.39500951889
13464.04496996273,58410.07990875902,1680.0,60090.07990875902
13110.699183992894,57855.015158915405,1635.0,59490.015158915405
13118.474859173806,57867.22983182373,1380.0,59247.22983182373
13030.99309857299,57729.80625556544,1380.0,59109.80625556544
13201.530150528548,57997.69994452784,1845.0,59842.69994452784
14987.69085858235,60803.54873617302,3060.0,63863.54873617302
15422.123222956123,61485.99098178587,3540.0,65025.99098178587
16671.43859455321,63448.51877112398,3780.0,67228.51877112399
18505.865258795202,66330.18771391097,4200.0,70530.18771391097
18563.98275946566,66421.48348494343,4590.0,71011.48348494343
18538.899053750843,66382.07992788803,4560.0,70942.07992788803
19498.518371635255,67889.5292247988,4500.0,72389.5292247988
19634.969444469814,68103.8778419782,4470.0,72573.8778419782
19718.970903600566,68235.83427318605,3810.0,72045.83427318605
19724.0619702122,68243.8317411832,1980.0,70223.8317411832
19773.38353044929,68321.31012236654,1875.0,70196.31012236654
19357.056029471387,67667.3084917852,2250.0,69917.3084917852
19454.851018830694,67820.93293973409,2355.0,70175.93293973409
21627.753815463904,71234.30815216881,2355.0,73589.30815216881
21706.823802547653,71358.51781970542,2325.0,73683.51781970542
19951.149076221318,68600.55892654836,2415.0,71015.55892654836
18396.197573788748,66157.91265485811,2190.0,68347.91265485811
16984.784282821398,63940.748063163715,1860.0,65800.74806316372
14666.71427020259,60299.33219586347,1710.0,62009.33219586347
13375.55206379888,58271.06794152145,1680.0,59951.06794152145
13078.14189280879,57803.871476425775,1635.0,59438.871476425775
13177.64796389315,57960.18383289767,1380.0,59340.18383289767
13179.890267526172,57963.70622867698,1380.0,59343.70622867698
13447.445995280244,58384.00486811716,1845.0,60229.00486811716
15198.403562260644,61134.55365769781,3060.0,64194.55365769781
16010.786634625176,62410.71209723188,3540.0,65950.71209723188
17211.176012513213,64296.38289396591,3780.0,68076.3828939659
18812.422478260833,66811.7531183728,4200.0,71011.7531183728
18802.633631643257,66796.37598946739,4590.0,71386.37598946739
18669.41890858712,66587.11129786879,4560.0,71147.11129786879
19695.469463997917,68198.91627044773,4500.0,72698.91627044773
19634.969444469814,68103.8778419782,4470.0,72573.8778419782
19609.55515001398,68063.95496881909,3810.0,71873.95496881909
19718.970903600566,68235.83427318605,1980.0,70215.83427318605
19718.970903600566,68235.83427318605,1875.0,70110.83427318605
19443.645200471463,67803.32991456348,2250.0,70053.32991456348
19454.851018830694,67820.93293973409,2355.0,70175.93293973409
20025.86669153543,68717.93152896786,2355.0,71072.93152896786
20120.78669880909,68867.03971755966,2325.0,71192.03971755966
19905.831059634038,68529.36964245548,2415.0,70944.36964245548
18396.197573788748,66157.91265485811,2190.0,68347.91265485811
16892.3984092418,63795.62070111866,1860.0,65655.62070111866
14666.71427020259,60299.33219586347,1710.0,62009.33219586347
13464.04496996273,58410.07990875902,1680.0,60090.07990875902
13110.699183992894,57855.015158915405,1635.0,59490.015158915405
13117.68714600125,57865.99242690075,1380.0,59245.99242690075
13030.20538540043,57728.568850642456,1380.0,59108.568850642456
13201.530150528548,57997.69994452784,1845.0,59842.69994452784
14987.69085858235,60803.54873617302,3060.0,63863.54873617302
15436.576790705534,61508.695839989174,3540.0,65048.695839989174
16716.14673191138,63518.75000654278,3780.0,67298.75000654277
18639.46300880645,66540.05409589181,4200.0,70740.05409589181
18585.84037505263,66455.81923312467,4590.0,71045.81923312467
18639.893914130946,66540.73099757181,4560.0,71100.73099757181
19425.08207268287,67774.16941996748,4500.0,72274.16941996748
19469.059494927285,67843.25278772257,4470.0,72313.25278772257
19443.645200471463,67803.32991456348,3810.0,71613.32991456348
19609.55515001398,68063.95496881909,1980.0,70043.95496881909
19609.55515001398,68063.95496881909,1875.0,69938.95496881909
19034.690968379367,67160.91082384008,2250.0,69410.91082384008
19196.70453062261,67415.41511105264,2355.0,69770.41511105264
21288.92543506934,70702.04854225885,2355.0,73057.04854225885
21002.39619350335,70251.94473995604,2325.0,72576.94473995604
19911.296033511368,68537.95447487339,2415.0,70952.95447487339
18639.589544496972,66540.25286860735,2190.0,68730.25286860735
16924.380020032066,63845.86005728975,1860.0,65705.86005728974
14629.930002978195,60241.54843022707,1710.0,61951.54843022707
13287.854850535812,58133.30591442315,1680.0,59813.30591442315
12969.304099538398,57632.90007986774,1635.0,59267.90007986774
13109.315271125335,57852.84119426057,1380.0,59232.84119426057
12997.845307499761,57677.73496706986,1380.0,59057.73496706986
13184.732822601452,57971.31331422376,1845.0,59816.31331422376
14970.89353065526,60777.16210586892,3060.0,63837.16210586892
15389.458775421479,61434.67896924883,3540.0,64974.67896924883
16669.028716627327,63444.73313580244,3780.0,67224.73313580244
18468.44147335113,66271.39934022569,4200.0,70471.39934022569
18526.558974021573,66362.69511125812,4590.0,70952.69511125812
18538.899053750843,66382.07992788803,4560.0,70942.07992788803
19425.08207268287,67774.16941996748,4500.0,72274.16941996748
19565.7988802377,67995.21900562996,4470.0,72465.21900562996
19640.59629283412,68112.7169602124,3810.0,71922.7169602124
19718.970903600566,68235.83427318605,1980.0,70215.83427318605
19718.970903600566,68235.83427318605,1875.0,70110.83427318605
19357.056029471387,67667.3084917852,2250.0,69917.3084917852
19468.003890878386,67841.59455768105,2355.0,70196.59455768105
20450.730221798585,69385.34225949607,2355.0,71740.34225949607
20444.78190438266,69375.99815111962,2325.0,71700.99815111962
20046.513668353586,68750.36550576241,2415.0,71165.36550576241
18571.80061321007,66433.76441542359,2190.0,68623.76441542359
16856.591088745165,63739.37160410599,1860.0,65599.37160410598
14629.930002978195,60241.54843022707,1710.0,61951.54843022707
13089.26905384689,57821.35094017863,1680.0,59501.35094017863
12844.015526538393,57436.08643954191,1635.0,59071.08643954191
12917.002680787464,57550.74069077025,1380.0,58930.74069077025
12872.126969136436,57480.24621580923,1380.0,58860.24621580923
13145.383642731254,57909.50037192065,1845.0,59754.50037192065
14778.527362142118,60474.977437354915,3060.0,63534.977437354915
14967.16015780414,60771.29741538735,3540.0,64311.29741538735
16731.596625728544,63543.01997603794,3780.0,67323.01997603793
18297.924940696732,66003.53788467661,4200.0,70203.53788467661
18655.784972923186,66565.69398545365,4590.0,71155.69398545365
18576.977176909902,66441.89618930964,4560.0,71001.89618930964
18498.574067114063,66318.73410770638,4500.0,70818.73410770638
18605.530924444192,66486.75077470881,4470.0,70956.75077470881
18580.11662998837,66446.82790154971,3810.0,70256.82790154971
18728.871303794564,66680.5040315131,1980.0,68660.5040315131
18728.871303794564,66680.5040315131,1875.0,68555.5040315131
18511.88653372639,66339.64642997927,2250.0,68589.64642997927
18835.173823409714,66847.49281077922,2355.0,69202.49281077922
21083.283278701507,70379.0088553179,2355.0,72734.0088553179
21319.67018798374,70750.34493990401,2325.0,73075.34493990401
20894.893294769954,70083.07030600987,2415.0,72498.07030600987
19540.065396652622,67954.79472381901,2190.0,70144.79472381901
17415.49011411111,64617.33636276613,1860.0,66477.33636276613
15380.015337040211,61419.84443613455,1710.0,63129.84443613455
13332.761341138594,58203.84873950418,1680.0,59883.84873950418
13125.417222735121,57878.13547000166,1635.0,59513.13547000166
12926.487157771073,57565.63969071121,1380.0,58945.63969071121
12900.709215700132,57525.14556983804,1380.0,58905.14556983804
13145.383642731254,57909.50037192065,1845.0,59754.50037192065
14778.527362142118,60474.977437354915,3060.0,63534.977437354915
15386.851684212164,61430.58353501025,3540.0,64970.58353501025
16865.461126654947,63753.30539239211,3780.0,67533.30539239211
18399.572998830634,66163.21505135152,4200.0,70363.21505135152
18757.433031057088,66725.37115212857,4590.0,71315.37115212857
18576.977176909902,66441.89618930964,4560.0,71001.89618930964
18634.988661190986,66533.02542103986,4500.0,71033.02542103986
18764.327516249017,66736.20157900873,4470.0,71206.20157900873
18738.91322179319,66696.27870584963,3810.0,70506.27870584963
18674.580652791657,66595.21979206742,1980.0,68575.21979206742
18674.580652791657,66595.21979206742,1875.0,68470.21979206742
18488.761281311792,66303.31937315207,2250.0,68553.31937315207
18914.650776633272,66972.34177434698,2355.0,69327.34177434698
21710.396440872966,71364.13001511588,2355.0,73719.13001511588
21893.893711437493,71652.38268608894,2325.0,73977.38268608894
20923.504040363045,70128.0144286683,2415.0,72543.0144286683
19531.66844263084,67941.60409478474,2190.0,70131.60409478474
17336.969588314154,64493.989834408785,1860.0,66353.98983440879
15371.440549074985,61406.37445085139,1710.0,63116.37445085139
13464.04496996273,58410.07990875902,1680.0,60090.07990875902
13120.57238773749,57870.52480296453,1635.0,59505.52480296453
13220.916330286143,58028.15335714755,1380.0,59408.15335714755
13031.45478284923,57730.53150736544,1380.0,59110.53150736544
13184.732822601452,57971.31331422376,1845.0,59816.31331422376
14970.89353065526,60777.16210586892,3060.0,63837.16210586892
15394.035719542775,61441.86881116746,3540.0,64981.86881116746
16685.826044554422,63471.11976610654,3780.0,67251.11976610654
18639.46300880645,66540.05409589181,4200.0,70740.05409589181
18585.84037505263,66455.81923312467,4590.0,71045.81923312467
18639.893914130946,66540.73099757181,4560.0,71100.73099757181
19695.469463997917,68198.91627044773,4500.0,72698.91627044773
19634.969444469814,68103.8778419782,4470.0,72573.8778419782
19609.55515001398,68063.95496881909,3810.0,71873.95496881909
19724.0619702122,68243.8317411832,1980.0,70223.8317411832
19723.783819685275,68243.39479935801,1875.0,70118.39479935801
19357.056029471387,67667.3084917852,2250.0,69917.3084917852
19454.851018830694,67820.93293973409,2355.0,70175.93293973409
21640.904407589253,71254.9661886254,2355.0,73609.9661886254
21002.39619350335,70251.94473995604,2325.0,72576.94473995604
19911.296033511368,68537.95447487339,2415.0,70952.95447487339
18396.197573788748,66157.91265485811,2190.0,68347.91265485811
16829.478252137225,63696.780520620916,1860.0,65556.78052062092
14615.671368589869,60219.14978945046,1710.0,61929.14978945046
13245.11884601197,58066.17266817476,1680.0,59746.17266817476
12992.758800732834,57669.74466205347,1635.0,59304.74466205347
13245.436895180053,58066.67228608144,1380.0,59446.67228608144
13208.702786247399,58008.96731323319,1380.0,59388.96731323319
13246.950763621668,58069.05039568741,1845.0,59914.05039568741
15458.62135992536,61543.32527038078,3060.0,64603.32527038078
16010.786634625176,62410.71209723188,3540.0,65950.71209723188
17063.26377001602,64064.030124694385,3780.0,67844.03012469439
19075.25420690191,67224.63090976543,4200.0,71424.63090976543
18775.60857204586,66753.92279336158,4590.0,71343.92279336158
18648.20423110336,66553.78552997201,4560.0,71113.78552997201
19664.428321177777,68150.15427905443,4500.0,72650.15427905443
19744.38519805639,68275.75714634513,4470.0,72745.75714634513
19718.970903600566,68235.83427318605,3810.0,72045.83427318605
19773.38353044929,68321.31012236654,1980.0,70301.31012236654
19834.25517732075,68416.93233376645,1875.0,70291.93233376645
19640.59629283412,68112.7169602124,2250.0,70362.7169602124
19638.17957514119,68108.92058041977,2355.0,70463.92058041977
22400.784288074712,72448.6482771642,2355.0,74803.6482771642
22676.81220728818,72882.25573482088,2325.0,75207.25573482088
20205.06174862205,68999.42592761194,2415.0,71414.42592761194
18398.866222901568,66162.10478933669,2190.0,68352.10478933669
17007.67470323375,63976.706226482755,1860.0,65836.70622648275
14788.521401771352,60490.67690039365,1710.0,62200.67690039365
13189.7190127849,57979.14603366388,1680.0,59659.14603366388
12944.778974799789,57594.37398795311,1635.0,59229.37398795311
13256.57203594638,58084.164285050574,1380.0,59464.164285050574
13208.702786247399,58008.96731323319,1380.0,59388.96731323319
13812.729454684248,58957.8223015403,1845.0,60802.8223015403
15606.533602422556,61775.678039652295,3060.0,64835.678039652295
16010.786634625176,62410.71209723188,3540.0,65950.71209723188
17211.176012513213,64296.38289396591,3780.0,68076.3828939659
19149.225147645797,67340.83057408861,4200.0,71540.83057408861
18812.56839329134,66811.98233375649,4590.0,71401.98233375649
18761.0672272859,66731.08004777902,4560.0,71291.08004777902
19773.844074764365,68322.03358342139,4500.0,72822.03358342139
19756.881452466758,68295.38729506542,4470.0,72765.38729506542
19713.218659506903,68226.79817298146,3810.0,72036.79817298146
19834.25517732075,68416.93233376645,1980.0,70396.93233376645
19834.25517732075,68416.93233376645,1875.0,70291.93233376645
19443.645200471463,67803.32991456348,2250.0,70053.32991456348
19541.44018983077,67956.95436251236,2355.0,70311.95436251236
22084.83720840309,71952.33250461181,2355.0,74307.33250461181
22150.756603361497,72055.88413569186,2325.0,74380.88413569186
20205.06174862205,68999.42592761194,2415.0,71414.42592761194
18432.189567995883,66214.45185259078,2190.0,68404.45185259078
16957.674866096986,63898.162351914216,1860.0,65758.16235191422
14788.521401771352,60490.67690039365,1710.0,62200.67690039365
13148.157168272253,57913.85725495626,1680.0,59593.85725495626
12794.489913250814,57358.28751497043,1635.0,58993.28751497043
13163.108899055542,57937.34466880549,1380.0,59317.34466880549
13152.473061284267,57920.63701622747,1380.0,59300.63701622747
13756.499729721116,58869.49200453457,1845.0,60714.49200453457
15730.180631329244,61969.91300691142,3060.0,65029.91300691142
16142.835177398356,62618.144856506,3540.0,66158.144856506
17202.71636062676,64283.09377394647,3780.0,68063.09377394647
19149.225147645797,67340.83057408861,4200.0,71540.83057408861
18775.60857204586,66753.92279336158,4590.0,71343.92279336158
18761.0672272859,66731.08004777902,4560.0,71291.08004777902
19773.844074764365,68322.03358342139,4500.0,72822.03358342139
19744.38519805639,68275.75714634513,4470.0,72745.75714634513
19718.970903600566,68235.83427318605,3810.0,72045.83427318605
19834.25517732075,68416.93233376645,1980.0,70396.93233376645
19834.25517732075,68416.93233376645,1875.0,70291.93233376645
19540.384585781874,67955.29613247086,2250.0,70205.29613247086
19541.44018983077,67956.95436251236,2355.0,70311.95436251236
22610.892812329777,72778.70410374085,2355.0,75133.70410374085
22466.703683033113,72552.19990824422,2325.0,74877.19990824422
20177.809836750654,68956.61637321427,2415.0,71371.61637321427
18421.969816053817,66198.39782200537,2190.0,68388.39782200537
17054.84629669307,64050.8072622468,1860.0,65910.8072622468
14696.135528191755,60345.54953834859,1710.0,62055.54953834859
13165.7091504978,57941.42935857296,1680.0,59621.42935857296
12794.489913250814,57358.28751497043,1635.0,58993.28751497043
13199.390443401355,57994.3387158152,1380.0,59374.3387158152
13152.473061284267,57920.63701622747,1380.0,59300.63701622747
13858.364380478437,59029.509412794665,1845.0,60874.509412794665
15738.582145195729,61983.11079892642,3060.0,65043.11079892642
16040.970526641031,62458.127448245905,3540.0,65998.12744824591
17180.33094301534,64247.92891074448,3780.0,68027.92891074448
19149.225147645797,67340.83057408861,4200.0,71540.83057408861
18775.60857204586,66753.92279336158,4590.0,71343.92279336158
18648.20423110336,66553.78552997201,4560.0,71113.78552997201
19773.844074764365,68322.03358342139,4500.0,72822.03358342139
19756.881452466758,68295.38729506542,4470.0,72765.38729506542
19731.467158010935,68255.46442190635,3810.0,72065.46442190635
19946.003291473244,68592.47550278233,1980.0,70572.47550278233
19880.82943112389,68490.09501905343,1875.0,70365.09501905343
19609.55515001398,68063.95496881909,2250.0,70313.95496881909
19707.350139373295,68217.579416768,2355.0,70572.579416768
22400.784288074712,72448.6482771642,2355.0,74803.6482771642
22466.703683033113,72552.19990824422,2325.0,74877.19990824422
20278.71692012021,69115.1295555188,2415.0,71530.1295555188
18561.24457272111,66417.18211500855,2190.0,68607.18211500855
17086.72987082221,64100.89261433196,1860.0,65960.89261433197
14811.41182218371,60526.635063712696,1710.0,62236.635063712696
13441.064492617481,58373.98027657036,1680.0,60053.98027657036
13206.071755853389,58004.834273345725,1635.0,59639.834273345725
13189.35992501449,57978.581948930536,1380.0,59358.581948930536
13441.616233826624,58374.84699723998,1380.0,59754.84699723998
14293.347346100181,59712.81658833199,1845.0,61557.81658833199
16055.673745887969,62481.22447964475,3060.0,65541.22447964475
16224.742527848952,62746.81168880861,3540.0,66286.81168880861
17865.05204321161,65323.545378477116,3780.0,69103.54537847711
19168.45857260582,67371.0440268535,4200.0,71571.0440268535
18963.772843664578,67049.50677512289,4590.0,71639.50677512289
18611.342446519,66495.87999366301,4560.0,71055.87999366301
18498.574067114063,66318.73410770638,4500.0,70818.73410770638
19042.545300881415,67173.24905816618,4470.0,71643.24905816618
19034.662469349965,67160.86605521044,3810.0,70970.86605521044
19024.620551351338,67145.09138087391,1980.0,69125.09138087391
18879.196844101163,66916.64780834172,1875.0,68791.64780834172
18729.681816190638,66681.77725133978,2250.0,68931.77725133978
19024.722007896,67145.2507571954,2355.0,69500.2507571954
21806.511127458976,71515.11490466175,2355.0,73870.11490466175
22009.718326755057,71834.32955988715,2325.0,74159.32955988715
21235.36777910254,70617.91575196727,2415.0,73032.91575196727
19434.988335301572,67789.73099562699,2190.0,69979.73099562699
17177.189210014516,64242.993617014035,1860.0,66102.99361701403
15076.57933127424,60943.18209198984,1710.0,62653.18209198984
13441.064492617481,58373.98027657036,1680.0,60053.98027657036
13206.071755853389,58004.834273345725,1635.0,59639.834273345725
13201.543830062657,57997.72143347007,1380.0,59377.72143347007
13441.616233826624,58374.84699723998,1380.0,59754.84699723998
14107.59409236852,59421.02003263739,1845.0,61266.02003263739
15744.698036904507,61992.71814684507,3060.0,65052.71814684507
16224.742527848952,62746.81168880861,3540.0,66286.81168880861
17537.992621997182,64809.773421859296,3780.0,68589.7734218593
18767.54334672627,66741.2532711762,4200.0,70941.2532711762
19229.546812100696,67467.00647983859,4590.0,72057.00647983859
18871.36303090028,66904.34180742894,4560.0,71464.34180742894
18722.57529821999,66670.61374585518,4500.0,71170.61374585518
18834.845514591052,66846.97707616589,4470.0,71316.97707616589
18960.065689920506,67043.6832717806,3810.0,70853.6832717806
19082.185170851466,67235.51864049153,1980.0,69215.51864049153
19032.171654180594,67156.95327698077,1875.0,69031.95327698077
18729.681816190638,66681.77725133978,2250.0,68931.77725133978
19024.722007896,67145.2507571954,2355.0,69500.2507571954
21827.648287582782,71548.31890188597,2355.0,73903.31890188597
22011.14555814731,71836.57157285904,2325.0,74161.57157285904
21550.44848828047,71112.87055817891,2415.0,73527.87055817891
19102.88116600019,67268.02961932904,2190.0,69458.02961932904
17098.862477617462,64119.95151533817,1860.0,65979.95151533818
15020.930986510824,60855.76507502858,1710.0,62565.76507502858
13347.25252760681,58226.61269229858,1680.0,59906.61269229858
12974.003019505517,57640.281531521185,1635.0,59275.281531521185
13056.604606312249,57770.03892764158,1380.0,59150.03892764158
13154.043927784674,57923.104663092694,1380.0,59303.104663092694
14114.242345946453,59431.46365855755,1845.0,61276.46365855755
16252.384306442518,62790.23367805961,3060.0,65850.23367805961
16616.137937948442,63361.647931444204,3540.0,66901.6479314442
17465.023707126926,64695.14782255393,3780.0,68475.14782255393
19176.249067282017,67383.28197944924,4200.0,71583.28197944924
18802.633631643257,66796.37598946739,4590.0,71386.37598946739
18611.244409857878,66495.72598957708,4560.0,71055.72598957708
19695.469463997917,68198.91627044773,4500.0,72698.91627044773
19634.969444469814,68103.8778419782,4470.0,72573.8778419782
19609.55515001398,68063.95496881909,3810.0,71873.95496881909
19834.25517732075,68416.93233376645,1980.0,70396.93233376645
19773.38353044929,68321.31012236654,1875.0,70196.31012236654
19609.55515001398,68063.95496881909,2250.0,70313.95496881909
19707.350139373295,68217.579416768,2355.0,70572.579416768
21627.753815463904,71234.30815216881,2355.0,73589.30815216881
21693.673210422305,71337.85978324883,2325.0,73662.85978324883
20242.07856792633,69057.57500526612,2415.0,71472.57500526612
18469.14140951314,66272.4988577694,2190.0,68462.4988577694
17054.84629669307,64050.8072622468,1860.0,65910.8072622468
14788.521401771352,60490.67690039365,1710.0,62200.67690039365
13148.157168272253,57913.85725495626,1680.0,59593.85725495626
12794.489913250814,57358.28751497043,1635.0,58993.28751497043
13123.209117937378,57874.66679657791,1380.0,59254.66679657791
13139.777313668112,57900.69348709979,1380.0,59280.69348709979
13858.364380478437,59029.509412794665,1845.0,60874.509412794665
15738.582145195729,61983.11079892642,3060.0,65043.11079892642
16040.970526641031,62458.127448245905,3540.0,65998.12744824591
17098.730242121055,64119.743788896674,3780.0,67899.74378889668
19149.225147645797,67340.83057408861,4200.0,71540.83057408861
18976.355735124318,67069.27302047727,4590.0,71659.27302047727
18865.85245857592,66895.68534520363,4560.0,71455.68534520363
19664.428321177777,68150.15427905443,4500.0,72650.15427905443
19749.1981141411,68283.31767251709,4470.0,72753.31767251709
19773.38353044929,68321.31012236654,3810.0,72131.31012236654
19949.981755977184,68598.72520347871,1980.0,70578.72520347871
19942.261938893895,68586.59827708447,1875.0,70461.59827708447
19718.970903600566,68235.83427318605,2250.0,70485.83427318605
19707.350139373295,68217.579416768,2355.0,70572.579416768
22610.892812329777,72778.70410374085,2355.0,75133.70410374085
22676.81220728818,72882.25573482088,2325.0,75207.25573482088
20242.07856792633,69057.57500526612,2415.0,71472.57500526612
18432.189567995883,66214.45185259078,2190.0,68404.45185259078
16957.674866096986,63898.162351914216,1860.0,65758.16235191422
14811.41182218371,60526.635063712696,1710.0,62236.635063712696
13216.822729703432,58021.72279118744,1680.0,59701.72279118744
12827.162340513683,57409.612062723754,1635.0,59044.612062723754
12960.815948622545,57619.56619121866,1380.0,58999.56619121866
13025.215775333458,57720.73075896678,1380.0,59100.73075896678
13940.386867007805,59158.35711036099,1845.0,61003.35711036099
15945.827086976895,62308.66827359781,3060.0,65368.66827359781
16287.72310289585,62845.74677880116,3540.0,66385.74677880117
17136.60887207433,64179.24666991088,3780.0,67959.24666991088
19299.05708476323,67576.19895825203,4200.0,71776.19895825203
18957.872404618047,67040.23787804425,4590.0,71630.23787804425
18865.85245857592,66895.68534520363,4560.0,71455.68534520363
19786.34032917473,68341.66373214166,4500.0,72841.66373214166
19798.797824905116,68361.23299552564,4470.0,72831.23299552564
19773.38353044929,68321.31012236654,3810.0,72131.31012236654
20043.07326552468,68744.96103679344,1980.0,70724.96103679344
19897.650698235677,68516.51925500642,1875.0,70391.51925500642
19718.970903600566,68235.83427318605,2250.0,70485.83427318605
19776.98580776518,68326.96887715181,2355.0,70681.96887715181
22610.892812329777,72778.70410374085,2355.0,75133.70410374085
22676.81220728818,72882.25573482088,2325.0,75207.25573482088
20242.07856792633,69057.57500526612,2415.0,71472.57500526612
18579.72790322738,66446.21725744156,2190.0,68636.21725744156
17086.72987082221,64100.89261433196,1860.0,65960.89261433197
14811.41182218371,60526.635063712696,1710.0,62236.635063712696
13186.221611897197,57973.65202743564,1680.0,59653.65202743564
12793.852674953478,57357.28648841189,1635.0,58992.28648841189
12946.891322858757,57597.692238781296,1380.0,58977.692238781296
13069.391550822473,57790.125716384086,1380.0,59170.125716384086
14015.140961079544,59275.787016626404,1845.0,61120.787016626404
16092.113744837236,62538.46744023521,3060.0,65598.46744023521
16315.606553258707,62889.548406031434,3540.0,66429.54840603143
17021.85354033977,63998.97951509641,3780.0,67778.9795150964
19235.221538834398,67475.92080937058,4200.0,71675.92080937058
19101.0583680799,67265.16621777788,4590.0,71855.16621777788
19102.615555046203,67267.61237570088,4560.0,71827.61237570088
20085.31338693699,68811.31530888625,4500.0,73311.31530888625
20097.77088266738,68830.88457227022,4470.0,73300.88457227022
20018.91976812941,68707.01872780916,3810.0,72517.01872780916
20205.296580624294,68999.79482112009,1980.0,70979.79482112009
20068.58103679692,68785.03075105771,1875.0,70660.03075105771
20017.943961362827,68705.48584993064,2250.0,70955.48584993064
20091.54213480219,68821.09994057825,2355.0,71176.09994057825
22972.723329331937,73347.09736999798,2355.0,75702.09736999798
23596.416607975658,74326.84629424036,2325.0,76651.84629424036
21743.669627675547,71416.39828558183,2415.0,73831.39828558183
18785.634530588028,66769.67239726552,2190.0,68959.67239726552
17289.273612713907,64419.06505585955,1860.0,66279.06505585955
14703.411900377614,60356.97986486579,1710.0,62066.97986486579
13256.844486667424,58084.59227314985,1680.0,59764.59227314985
12834.15258244439,57420.59291219948,1635.0,59055.59291219948
12958.524626658958,57615.96679339639,1380.0,58995.96679339639
13080.380776558288,57807.38849996954,1380.0,59187.38849996954
13940.386867007805,59158.35711036099,1845.0,61003.35711036099
16092.113744837236,62538.46744023521,3060.0,65598.46744023521
16622.163772724325,63371.113810493225,3540.0,66911.11381049323
17328.41075980539,64480.54491955822,3780.0,68260.54491955822
19289.084704396337,67560.53351937179,4200.0,71760.53351937179
19407.606467856112,67746.71729627819,4590.0,72336.71729627819
19455.402760039837,67821.79966040375,4560.0,72381.79966040375
20073.792939293206,68793.2180380445,4500.0,73293.2180380445
20113.472707904424,68855.55029645133,4470.0,73325.55029645133
20088.058413448598,68815.62742329224,3810.0,72625.62742329224
20642.476251432017,69686.55276262932,1980.0,71666.55276262932
20505.760707604648,69471.78869256693,1875.0,71346.78869256693
20030.440215773204,68725.11599865093,2250.0,70975.11599865093
20104.038389212557,68840.73008929852,2355.0,71195.73008929852
23530.497213017254,74223.29466316034,2355.0,76578.29466316034
23275.626973228755,73822.9234361412,2325.0,76147.9234361412
21256.06263429009,70650.4249400596,2415.0,73065.4249400596
18871.662840689554,66904.81277341265,2190.0,69094.81277341265
17289.273612713907,64419.06505585955,1860.0,66279.06505585955
14703.411900377614,60356.97986486579,1710.0,62066.97986486579
13495.010875345253,58458.72371097009,1680.0,60138.72371097009
13167.307376066434,57943.93998332262,1635.0,59578.93998332262
13321.052799900779,58185.45599570687,1380.0,59565.45599570687
13528.607811121794,58511.50055306863,1380.0,59891.50055306863
15001.683882016694,60825.530133321474,1845.0,62670.530133321474
16992.62037594463,63953.05764556686,3060.0,67013.05764556686
17112.081467413365,64140.716996505886,3540.0,67680.71699650589
18327.375837676474,66049.80178653654,3780.0,69829.80178653654
19254.981625857698,67506.96158641104,4200.0,71706.96158641104
19255.373772502207,67507.57760275474,4590.0,72097.57760275474
18996.519368403886,67100.94772131328,4560.0,71660.94772131328
19050.89551649498,67186.36626664785,4500.0,71686.36626664785
19163.164592904872,67362.72780621337,4470.0,71832.72780621337
19137.75029844905,67322.80493305429,3810.0,71132.80493305429
19260.706510883134,67515.95470873115,1980.0,69495.95470873115
19123.995526900468,67301.19780164953,1875.0,69176.19780164953
19088.076490208594,67244.7732116087,2250.0,69494.7732116087
19383.110982108075,67708.23776373838,2355.0,70063.23776373838
22310.745594556316,72307.20805945549,2355.0,74662.20805945549
22473.105704997048,72562.25673320438,2325.0,74887.25673320438
21880.720320088632,71631.68883472866,2415.0,74046.68883472866
19329.15433972971,67623.47821263196,2190.0,69813.47821263196
16765.582288266065,63596.40746224464,1860.0,65456.40746224464
14949.254787614054,60743.17018076324,1710.0,62453.17018076324
13499.258370686715,58465.396027530194,1680.0,60145.396027530194
13146.246593341424,57910.85596602585,1635.0,59545.85596602585
13321.052799900779,58185.45599570687,1380.0,59565.45599570687
13497.35919536764,58462.41264605163,1380.0,59842.41264605163
15118.562961421982,61009.13344641599,1845.0,62854.13344641599
16965.330845354427,63910.188996578094,3060.0,66970.1889965781
17112.081467413365,64140.716996505886,3540.0,67680.71699650589
18327.375837676474,66049.80178653654,3780.0,69829.80178653654
19254.981625857698,67506.96158641104,4200.0,71706.96158641104
19255.373772502207,67507.57760275474,4590.0,72097.57760275474
18996.519368403886,67100.94772131328,4560.0,71660.94772131328
19192.6257495352,67409.00782477997,4500.0,71909.00782477997
19264.27686928609,67521.56332265123,4470.0,71991.56332265123
19238.862574830266,67481.64044949213,3810.0,71291.64044949213
19232.693104946222,67471.94893654977,1980.0,69451.94893654977
19191.39231154286,67407.07023848958,1875.0,69282.07023848958
19041.08159073154,67170.94974134838,2250.0,69420.94974134838
19381.031692923203,67704.97144452055,2355.0,70059.97144452055
22310.745594556316,72307.20805945549,2355.0,74662.20805945549
22494.242865120847,72595.46073042856,2325.0,74920.46073042856
21812.069578152736,71523.84657818486,2415.0,73938.84657818486
19329.15433972971,67623.47821263196,2190.0,69813.47821263196
16765.582288266065,63596.40746224464,1860.0,65456.40746224464
15022.311479494858,60857.93366744787,1710.0,62567.93366744787
13316.822403976963,58178.81054032455,1680.0,59858.81054032455
12875.255022603144,57485.16002059744,1635.0,59120.16002059744
13035.606521451911,57737.05340132999,1380.0,59117.05340132999
13157.463811312418,57928.47689864833,1380.0,59308.47689864833
14462.845893424485,59979.07890843068,1845.0,61824.07890843068
16659.592118013108,63429.90934715926,3060.0,66489.90934715926
16898.98852479976,63805.972999034355,3540.0,67345.97299903436
17880.00035411137,65347.02742009078,3780.0,69127.02742009077
19591.185815625304,68035.0989009046,4200.0,72235.0989009046
19805.329802443106,68371.4939654369,4590.0,72961.4939654369
19734.538213418844,68260.28868943529,4560.0,72820.28868943529
20127.22975937535,68877.16100934646,4500.0,73377.16100934646
20124.683086108354,68873.16048460269,4470.0,73343.16048460269
20130.665602359557,68882.55831533468,3810.0,72692.55831533468
20780.68970424453,69903.66987186504,1980.0,71883.66987186504
20355.741816854366,69236.12662619315,1875.0,71111.12662619315
20017.943961362827,68705.48584993064,2250.0,70955.48584993064
20104.038389212557,68840.73008929852,2355.0,71195.73008929852
23550.17294291353,74254.20292505708,2355.0,76609.20292505708
23597.843839367903,74329.08830721224,2325.0,76654.08830721224
21730.5190355502,71395.74024912521,2415.0,73810.74024912521
18609.341814655276,66492.73723586297,2190.0,68682.73723586297
16644.842160357955,63406.73889520782,1860.0,65266.73889520782
14903.736137859805,60671.665725517756,1710.0,62381.665725517756
13316.822403976963,58178.81054032455,1680.0,59858.81054032455
12875.255022603144,57485.16002059744,1635.0,59120.16002059744
13035.606521451911,57737.05340132999,1380.0,59117.05340132999
13157.463811312418,57928.47689864833,1380.0,59308.47689864833
14418.943708617686,59910.11372985783,1845.0,61755.11372985783
16684.28709696693,63468.70226010649,3060.0,66528.70226010648
16855.5765232986,63737.77784089115,3540.0,67277.77784089115
17775.217402743707,65182.42570415654,3780.0,68962.42570415654
19516.48187984531,67917.74778742736,4200.0,72117.74778742736
20038.075675729473,68737.11040990148,4590.0,73327.11040990148
20004.930164578593,68685.04270289627,4560.0,73245.04270289627
20329.429232991926,69194.79264582811,4500.0,73694.79264582811
20667.89054588785,69726.47563578842,4470.0,74196.47563578842
20642.476251432017,69686.55276262932,3810.0,73496.55276262932
20762.466284886377,69875.04301933428,1980.0,71855.04301933428
20756.506567858698,69865.68100350599,1875.0,71740.68100350599
20018.91976812941,68707.01872780916,2250.0,70957.01872780916
20145.95476165091,68906.57578975873,2355.0,71261.57578975873
23529.03578278973,74220.99892783289,2355.0,76575.99892783289
23594.955177748136,74324.5505589129,2325.0,76649.5505589129
21942.592852872538,71728.88332040116,2415.0,74143.88332040116
18609.341814655276,66492.73723586297,2190.0,68682.73723586297
16644.842160357955,63406.73889520782,1860.0,65266.73889520782
15003.884007086206,60828.98627152893,1710.0,62538.98627152893
13262.035869862537,58092.74732672331,1680.0,59772.74732672331
12840.586523321244,57430.6998780248,1635.0,59065.6998780248
13032.18663792417,57731.68116577436,1380.0,59111.68116577436
13154.043927784674,57923.104663092694,1380.0,59303.104663092694
14158.418121435472,59500.858615974845,1845.0,61345.858615974845
16398.67096430286,63020.03284469702,3060.0,66080.03284469702
16622.163772724325,63371.113810493225,3540.0,66911.11381049323
17350.268375392363,64514.88066773945,3780.0,68294.88066773946
19591.185815625304,68035.0989009046,4200.0,72235.0989009046
19805.329802443106,68371.4939654369,4590.0,72961.4939654369
19721.387621293503,68239.6306529787,4560.0,72799.6306529787
20073.792939293206,68793.2180380445,4500.0,73293.2180380445
20230.710875080124,69039.7176942792,4470.0,73509.7176942792
20274.556061828127,69108.59333559278,3810.0,72918.59333559278
20793.50286786181,69923.79784774684,1980.0,71903.79784774684
20721.16093163831,69810.15715829334,1875.0,71685.15715829334
20022.756877447537,68713.0463761026,2250.0,70963.0463761026
20104.038389212557,68840.73008929852,2355.0,71195.73008929852
23530.497213017254,74223.29466316034,2355.0,76578.29466316034
23038.642724290345,73450.64900107803,2325.0,75775.64900107803
20436.10907975631,69362.37416175054,2415.0,71777.37416175054
18668.95266446617,66586.37888308804,2190.0,68776.37888308804
17086.563436490527,64100.63116553493,1860.0,65960.63116553493
14748.750436266067,60428.201382372,1710.0,62138.201382372
13157.854817995756,57929.09112424686,1680.0,59609.09112424686
12761.180247690609,57305.961940658555,1635.0,58940.961940658555
13149.184273291754,57915.47071636813,1380.0,59295.47071636813
13152.473061284267,57920.63701622747,1380.0,59300.63701622747
13457.866380389274,58400.37406985517,1845.0,60245.37406985517
15268.309401451217,61244.36752469052,3060.0,64304.36752469052
15962.28926631827,62334.52842481745,3540.0,65874.52842481746
17096.420680778658,64116.11573915146,3780.0,67896.11573915146
18719.524762113248,66665.82171173957,4200.0,70865.82171173957
19998.088117600753,68674.29465029461,4590.0,73264.29465029461
20083.30477534503,68808.1600158699,4560.0,73368.1600158699
20109.927428647323,68849.98107892532,4500.0,73349.98107892532
20230.710875080124,69039.7176942792,4470.0,73509.7176942792
20274.556061828127,69108.59333559278,3810.0,72918.59333559278
20780.68970424453,69903.66987186504,1980.0,71883.66987186504
20643.97416041717,69688.90580180268,1875.0,71563.90580180268
20030.440215773204,68725.11599865093,2250.0,70975.11599865093
20104.038389212557,68840.73008929852,2355.0,71195.73008929852
23530.497213017254,74223.29466316034,2355.0,76578.29466316034
23596.416607975658,74326.84629424036,2325.0,76651.84629424036
20417.625749250037,69333.33901931753,2415.0,71748.33901931753
18668.95266446617,66586.37888308804,2190.0,68776.37888308804
17086.563436490527,64100.63116553493,1860.0,65960.63116553493
14748.750436266067,60428.201382372,1710.0,62138.201382372
13179.227950082965,57962.66580572438,1680.0,59642.66580572438
12851.812860981647,57448.335136608766,1635.0,59083.335136608766
13109.284492173585,57852.79284414056,1380.0,59232.79284414056
13160.553106099143,57933.329818100254,1380.0,59313.329818100254
13554.08138355877,58551.51654497736,1845.0,60396.51654497736
15417.791370487645,61479.18615008207,3060.0,64539.18615008207
15962.28926631827,62334.52842481745,3540.0,65874.52842481746
17079.559515025714,64089.628827117,3780.0,67869.628827117
19289.084704396337,67560.53351937179,4200.0,71760.53351937179
19249.452814154505,67498.27647226275,4590.0,72088.27647226275
19455.402760039837,67821.79966040375,4560.0,72381.79966040375
20073.792939293206,68793.2180380445,4500.0,73293.2180380445
20230.710875080124,69039.7176942792,4470.0,73509.7176942792
20205.296580624294,68999.79482112009,3810.0,72809.79482112009
20780.68970424453,69903.66987186504,1980.0,71883.66987186504
20643.97416041717,69688.90580180268,1875.0,71563.90580180268
20030.440215773204,68725.11599865093,2250.0,70975.11599865093
20104.038389212557,68840.73008929852,2355.0,71195.73008929852
23530.497213017254,74223.29466316034,2355.0,76578.29466316034
23596.416607975658,74326.84629424036,2325.0,76651.84629424036
20436.10907975631,69362.37416175054,2415.0,71777.37416175054
18624.805388006545,66517.02869430034,2190.0,68707.02869430034
17086.563436490527,64100.63116553493,1860.0,65960.63116553493
14748.750436266067,60428.201382372,1710.0,62138.201382372
13343.76310644734,58221.131221286654,1680.0,59901.131221286654
13042.687960276686,57748.17751042052,1635.0,59383.17751042052
13283.736170807235,58126.835952068985,1380.0,59506.835952068985
13369.743961607594,58261.94409480279,1380.0,59641.94409480279
14136.290335049805,59466.098461184716,1845.0,61311.098461184716
15884.041191242357,62211.60988455937,3060.0,65271.60988455937
16053.10997320334,62477.197093723225,3540.0,66017.19709372323
17524.20593153567,64788.11614958935,3780.0,68568.11614958935
19071.944899608236,67219.43237649277,4200.0,71419.43237649277
19130.62782102193,67311.61635713707,4590.0,71901.61635713707
18996.519368403886,67100.94772131328,4560.0,71660.94772131328
19192.6257495352,67409.00782477997,4500.0,71909.00782477997
19246.746546322887,67494.02524319306,4470.0,71964.02524319306
19238.862574830266,67481.64044949213,3810.0,71291.64044949213
19263.729687921656,67520.70376496232,1980.0,69500.70376496232
19127.01642401664,67305.94327639033,1875.0,69180.94327639033
19095.75982853425,67256.84283415701,2250.0,69506.84283415701
19390.794320433735,67720.3073862867,2355.0,70075.3073862867
22309.318363164082,72304.96604648363,2355.0,74659.96604648363
22492.815633728605,72593.21871745668,2325.0,74918.21871745668
21175.631533562297,70524.07712277184,2415.0,72939.07712277184
19703.043366050693,68210.81398145827,2190.0,70400.81398145827
17445.24994056952,64664.08555657125,1860.0,66524.08555657126
15280.084060437235,61262.86413170855,1710.0,62972.86413170855
13343.76310644734,58221.131221286654,1680.0,59901.131221286654
13011.902168759956,57699.81664594871,1635.0,59334.81664594871
13323.6359519254,58189.513824296555,1380.0,59569.513824296555
13408.127594361795,58322.24027593404,1380.0,59702.24027593404
14099.0569231221,59407.609141945344,1845.0,61252.609141945344
15612.78742943362,61785.502067738365,3060.0,64845.502067738365
16053.10997320334,62477.197093723225,3540.0,66017.19709372323
17524.20593153567,64788.11614958935,3780.0,68568.11614958935
19254.981625857698,67506.96158641104,4200.0,71706.96158641104
19255.373772502207,67507.57760275474,4590.0,72097.57760275474
18996.519368403886,67100.94772131328,4560.0,71660.94772131328
19276.205423030853,67540.30168026927,4500.0,72040.30168026927
19264.27686928609,67521.56332265123,4470.0,71991.56332265123
19238.862574830266,67481.64044949213,3810.0,71291.64044949213
19232.693104946222,67471.94893654977,1980.0,69451.94893654977
19191.39231154286,67407.07023848958,1875.0,69282.07023848958
19041.08159073154,67170.94974134838,2250.0,69420.94974134838
19381.031692923203,67704.97144452055,2355.0,70059.97144452055
22285.693807754433,72267.8546432653,2355.0,74622.8546432653
22446.624406880568,72520.65772255193,2325.0,74845.65772255193
21926.295967901675,71703.2828272334,2415.0,74118.2828272334
19329.15433972971,67623.47821263196,2190.0,69813.47821263196
17426.766610063245,64635.05041413823,1860.0,66495.05041413824
15165.445004742616,61082.77963290297,1710.0,62792.77963290297
13256.844486667424,58084.59227314985,1680.0,59764.59227314985
12840.586523321244,57430.6998780248,1635.0,59065.6998780248
13032.18663792417,57731.68116577436,1380.0,59111.68116577436
13080.380776558288,57807.38849996954,1380.0,59187.38849996954
13921.75192166514,59129.083798818334,1845.0,60974.083798818334
16073.47879949457,62509.19412869257,3060.0,65569.19412869257
16449.204303269955,63099.414788012255,3540.0,66639.41478801225
17328.41075980539,64480.54491955822,3780.0,68260.54491955822
19591.185815625304,68035.0989009046,4200.0,72235.0989009046
19805.329802443106,68371.4939654369,4590.0,72961.4939654369
19721.387621293503,68239.6306529787,4560.0,72799.6306529787
20189.517238027292,68975.00732626641,4500.0,73475.00732626641
20517.871655137566,69490.81356941463,4470.0,73960.81356941463
20584.832974610752,69596.00194159392,3810.0,73406.00194159392
20797.81192110676,69930.56686454693,1980.0,71910.56686454693
20756.506567858698,69865.68100350599,1875.0,71740.68100350599
20018.91976812941,68707.01872780916,2250.0,70957.01872780916
20104.038389212557,68840.73008929852,2355.0,71195.73008929852
23550.17294291353,74254.20292505708,2355.0,76609.20292505708
23597.843839367903,74329.08830721224,2325.0,76654.08830721224
21743.669627675547,71416.39828558183,2415.0,73831.39828558183
18609.341814655276,66492.73723586297,2190.0,68682.73723586297
16644.842160357955,63406.73889520782,1860.0,65266.73889520782
15003.884007086206,60828.98627152893,1710.0,62538.98627152893
13316.822403976963,58178.81054032455,1680.0,59858.81054032455
12875.255022603144,57485.16002059744,1635.0,59120.16002059744
13000.938022170014,57682.59325875735,1380.0,59062.59325875735
13122.795312030521,57874.01675607568,1380.0,59254.01675607568
14457.65451022937,59970.923854857225,1845.0,61815.923854857225
16654.403014740354,63421.75787507619,3060.0,66481.75787507619
16866.547509655593,63755.011972553606,3540.0,67295.0119725536
17775.217402743707,65182.42570415654,3780.0,68962.42570415654
19591.185815625304,68035.0989009046,4200.0,72235.0989009046
19792.17921031776,68350.8359289803,4590.0,72940.8359289803
19721.387621293503,68239.6306529787,4560.0,72799.6306529787
20073.792939293206,68793.2180380445,4500.0,73293.2180380445
20156.079896815383,68922.4811884938,4470.0,73392.4811884938
20130.665602359557,68882.55831533468,3810.0,72692.55831533468
20780.68970424453,69903.66987186504,1980.0,71883.66987186504
20537.647701617316,69521.87941688766,1875.0,71396.87941688766
20022.756877447537,68713.0463761026,2250.0,70963.0463761026
20096.63320141382,68829.09740857541,2355.0,71184.09740857541
23528.28340841363,74219.81703601065,2355.0,76574.81703601065
23602.72971296787,74336.76344107607,2325.0,76661.76344107607
21391.69065515563,70863.48063921527,2415.0,73278.48063921527
18816.490999697668,66818.1442879388,2190.0,69008.1442879388
17234.10177172202,64332.396570385696,1860.0,66192.3965703857
14771.64085667842,60464.15954569105,1710.0,62174.15954569105
13226.52151938811,58036.95845122323,1680.0,59716.95845122323
12844.644785107503,57437.07493088416,1635.0,59072.07493088416
12919.979119417781,57555.416326448845,1380.0,58935.416326448845
13069.391550822473,57790.125716384086,1380.0,59170.125716384086
14346.646230880036,59796.54287946654,1845.0,61641.54287946654
16684.28709696693,63468.70226010649,3060.0,66528.70226010648
16858.437825850142,63742.27261130602,3540.0,67282.27261130602
17665.21342919036,65009.62237527405,3780.0,68789.62237527405
19591.185815625304,68035.0989009046,4200.0,72235.0989009046
19805.329802443106,68371.4939654369,4590.0,72961.4939654369
19734.538213418844,68260.28868943529,4560.0,72820.28868943529
20260.169751788097,69085.99413135542,4500.0,73585.99413135542
20667.89054588785,69726.47563578842,4470.0,74196.47563578842
20642.476251432017,69686.55276262932,3810.0,73496.55276262932
20797.81192110676,69930.56686454693,1980.0,71910.56686454693
20721.16093163831,69810.15715829334,1875.0,71685.15715829334
20072.356588211554,68790.96169911113,2250.0,71040.96169911113
20145.95476165091,68906.57578975873,2355.0,71261.57578975873
23550.17294291353,74254.20292505708,2355.0,76609.20292505708
23616.09233787193,74357.7545561371,2325.0,76682.7545561371
21942.592852872538,71728.88332040116,2415.0,74143.88332040116
18609.341814655276,66492.73723586297,2190.0,68682.73723586297
16848.96816836183,63727.39689105248,1860.0,65587.39689105249
14905.443799701326,60674.3482618052,1710.0,62384.3482618052
13316.822403976963,58178.81054032455,1680.0,59858.81054032455
12875.255022603144,57485.16002059744,1635.0,59120.16002059744
13000.938022170014,57682.59325875735,1380.0,59062.59325875735
13122.795312030521,57874.01675607568,1380.0,59254.01675607568
14457.65451022937,59970.923854857225,1845.0,61815.923854857225
16654.403014740354,63421.75787507619,3060.0,66481.75787507619
16866.547509655593,63755.011972553606,3540.0,67295.0119725536
17826.13946847179,65262.41829157993,3780.0,69042.41829157993
19591.185815625304,68035.0989009046,4200.0,72235.0989009046
20038.075675729473,68737.11040990148,4590.0,73327.11040990148
19973.886741836104,68636.2771300126,4560.0,73196.2771300126
20185.538773523353,68968.75762557001,4500.0,73468.75762557001
20299.970356283953,69148.51620875187,4470.0,73618.51620875187
20492.457360681736,69450.89069625553,3810.0,73260.89069625553
20780.68970424453,69903.66987186504,1980.0,71883.66987186504
20756.506567858698,69865.68100350599,1875.0,71740.68100350599
20137.840518000754,68893.8292655304,2250.0,71143.8292655304
20256.348601926424,69079.99155349458,2355.0,71434.99155349458
22972.723329331937,73347.09736999798,2355.0,75702.09736999798
23038.642724290345,73450.64900107803,2325.0,75775.64900107803
22710.958604351512,72935.89571609869,2415.0,75350.89571609869
19393.7399801123,67724.9346718453,2190.0,69914.9346718453
17429.23918585381,64638.93454044497,1860.0,66498.93454044497
14914.177042270008,60688.06716066911,1710.0,62398.06716066911
13363.152706088458,58251.5900061419,1680.0,59931.5900061419
12924.968729484755,57563.25441812451,1635.0,59198.25441812451
13035.606521451911,57737.05340132999,1380.0,59117.05340132999
13157.463811312418,57928.47689864833,1380.0,59308.47689864833
14492.323009511265,60025.38399742986,1845.0,61870.38399742986
16641.108787506844,63400.87420472626,3060.0,66460.87420472625
16898.98852479976,63805.972999034355,3540.0,67345.97299903436
18033.52348551641,65588.19423716392,3780.0,69368.19423716392
19591.185815625304,68035.0989009046,4200.0,72235.0989009046
19792.17921031776,68350.8359289803,4590.0,72940.8359289803
19721.387621293503,68239.6306529787,4560.0,72799.6306529787
19994.442521760182,68668.56784719232,4500.0,73168.56784719232
20048.17117190336,68752.96924926169,4470.0,73222.96924926169
20072.356588211554,68790.96169911113,3810.0,72600.96169911113
20022.756877447537,68713.0463761026,1980.0,70693.0463761026
20072.356588211554,68790.96169911113,1875.0,70665.96169911113
19908.525927853894,68533.60296407332,2250.0,70783.60296407332
20091.54213480219,68821.09994057825,2355.0,71176.09994057825
22972.723329331937,73347.09736999798,2355.0,75702.09736999798
23596.416607975658,74326.84629424036,2325.0,76651.84629424036
22710.958604351512,72935.89571609869,2415.0,75350.89571609869
18835.479333004863,66847.97273048885,2190.0,69037.97273048885
16631.689288310263,63386.07727726085,1860.0,65246.07727726085
14718.12537927514,60380.09301297131,1710.0,62090.09301297131
13499.258370686715,58465.396027530194,1680.0,60145.396027530194
13146.246593341424,57910.85596602585,1635.0,59545.85596602585
13299.992017175768,58152.37197841008,1380.0,59532.37197841008
13476.29841264263,58429.328628754854,1380.0,59809.328628754854
15097.50217869697,60976.049429119215,1845.0,62821.049429119215
16896.30847607518,63801.762957103914,3060.0,66861.76295710391
17043.059098134123,64032.290957031706,3540.0,67572.29095703171
18258.35346839723,65941.37574706238,3780.0,69721.37574706238
19180.279970000047,67389.61405442414,4200.0,71589.61405442414
19255.373772502207,67507.57760275474,4590.0,72097.57760275474
19132.937382364336,67315.24440688231,4560.0,71875.24440688231
19050.89551649498,67186.36626664785,4500.0,71686.36626664785
19163.164592904872,67362.72780621337,4470.0,71832.72780621337
19137.75029844905,67322.80493305429,3810.0,71132.80493305429
19260.706510883134,67515.95470873115,1980.0,69495.95470873115
19127.01642401664,67305.94327639033,1875.0,69180.94327639033
19088.352360813165,67245.2065719435,2250.0,69495.2065719435
19383.389132635,67708.67470556358,2355.0,70063.67470556358
22289.608434432525,72274.00406223131,2355.0,74629.00406223131
22494.242865120847,72595.46073042856,2325.0,74920.46073042856
21812.069578152736,71523.84657818486,2415.0,73938.84657818486
19329.15433972971,67623.47821263196,2190.0,69813.47821263196
16765.582288266065,63596.40746224464,1860.0,65456.40746224464
15201.00723358643,61138.64371970082,1710.0,62848.64371970082
13499.258370686715,58465.396027530194,1680.0,60145.396027530194
13146.246593341424,57910.85596602585,1635.0,59545.85596602585
13321.052799900779,58185.45599570687,1380.0,59565.45599570687
13497.35919536764,58462.41264605163,1380.0,59842.41264605163
15079.851019849117,60948.321530671405,1845.0,62793.321530671405
16968.19100794479,63914.681976247775,3060.0,66974.68197624778
17112.081467413365,64140.716996505886,3540.0,67680.71699650589
18327.375837676474,66049.80178653654,3780.0,69829.80178653654
19405.860047334616,67743.97387465446,4200.0,71943.97387465446
19391.786086656783,67721.86533459785,4590.0,72311.86533459785
19132.937382364336,67315.24440688231,4560.0,71875.24440688231
19276.205423030853,67540.30168026927,4500.0,72040.30168026927
19264.27686928609,67521.56332265123,4470.0,71991.56332265123
19238.862574830266,67481.64044949213,3810.0,71291.64044949213
19232.693104946222,67471.94893654977,1980.0,69451.94893654977
19191.39231154286,67407.07023848958,1875.0,69282.07023848958
19127.337893068252,67306.44826653256,2250.0,69556.44826653256
19427.98441383675,67778.72865720904,2355.0,70133.72865720904
22199.43978534008,72132.35969957148,2355.0,74487.35969957148
22431.55640005733,72496.98765269379,2325.0,74821.98765269379
21880.720320088632,71631.68883472866,2415.0,74046.68883472866
19329.15433972971,67623.47821263196,2190.0,69813.47821263196
16765.582288266065,63596.40746224464,1860.0,65456.40746224464
14949.254787614054,60743.17018076324,1710.0,62453.17018076324
13316.822403976963,58178.81054032455,1680.0,59858.81054032455
12875.255022603144,57485.16002059744,1635.0,59120.16002059744
13006.129405365129,57690.748312330805,1380.0,59070.748312330805
13157.463811312418,57928.47689864833,1380.0,59308.47689864833
14457.65451022937,59970.923854857225,1845.0,61815.923854857225
16654.403014740354,63421.75787507619,3060.0,66481.75787507619
16917.47185530603,63835.00814146737,3540.0,67375.00814146738
17807.656137965518,65233.38314914692,3780.0,69013.38314914692
19665.119137650385,68151.23947063668,4200.0,72351.23947063668
19937.85712891016,68579.6788376888,4590.0,73169.6788376888
20004.930164578593,68685.04270289627,4560.0,73245.04270289627
20697.349422595817,69772.75207286463,4500.0,74272.75207286463
20818.917162317637,69963.72072090594,4470.0,74433.72072090594
20780.68970424453,69903.66987186504,3810.0,73713.66987186504
20906.796769368855,70101.76926723386,1980.0,72081.76926723386
20865.491416120774,70036.8834061929,1875.0,71911.8834061929
20065.491742010203,68780.17783160579,2250.0,71030.17783160579
20167.265195873446,68940.05198025105,2355.0,71295.05198025105
23564.41789776775,74276.58007689148,2355.0,76631.58007689148
23674.5495469728,74449.58396923474,2325.0,76774.58396923474
21730.5190355502,71395.74024912521,2415.0,73810.74024912521
18813.467822659135,66813.39523170762,2190.0,69003.39523170762
16848.96816836183,63727.39689105248,1860.0,65587.39689105249
14703.411900377614,60356.97986486579,1710.0,62066.97986486579
13256.844486667424,58084.59227314985,1680.0,59764.59227314985
12840.586523321244,57430.6998780248,1635.0,59065.6998780248
12958.524626658958,57615.96679339639,1380.0,58995.96679339639
13041.835269317105,57746.83803302199,1380.0,59126.83803302199
13940.386867007805,59158.35711036099,1845.0,61003.35711036099
16092.113744837236,62538.46744023521,3060.0,65598.46744023521
16622.163772724325,63371.113810493225,3540.0,66911.11381049323
17604.89124360569,64914.863303053404,3780.0,68694.8633030534
19665.119137650385,68151.23947063668,4200.0,72351.23947063668
20038.075675729473,68737.11040990148,4590.0,73327.11040990148
20004.930164578593,68685.04270289627,4560.0,73245.04270289627
20697.349422595817,69772.75207286463,4500.0,74272.75207286463
20806.103998700368,69943.59274502417,4470.0,74413.59274502417
20780.68970424453,69903.66987186504,3810.0,73713.66987186504
20906.796769368855,70101.76926723386,1980.0,72081.76926723386
20865.491416120774,70036.8834061929,1875.0,71911.8834061929
20055.054257483534,68763.78176869,2250.0,71013.78176869
20173.562341409197,68949.94405665417,2355.0,71304.94405665417
23597.422053732815,74328.4257314937,2355.0,76683.4257314937
23640.774777252824,74396.52777088729,2325.0,76721.52777088729
21939.89342480798,71724.64283580262,2415.0,74139.64283580262
18971.48240109729,67061.6175848105,2190.0,69251.6175848105
17252.63526052003,64361.51050560686,1860.0,66221.51050560686
14692.440914020623,60339.74573320333,1710.0,62049.74573320333
13256.844486667424,58084.59227314985,1680.0,59764.59227314985
12840.586523321244,57430.6998780248,1635.0,59065.6998780248
13032.18663792417,57731.68116577436,1380.0,59111.68116577436
13154.043927784674,57923.104663092694,1380.0,59303.104663092694
14347.11247500099,59797.2752942473,1845.0,61642.2752942473
16684.28709696693,63468.70226010649,3060.0,66528.70226010648
16885.461745486366,63784.72401666665,3540.0,67324.72401666665
17665.21342919036,65009.62237527405,3780.0,68789.62237527405
19665.40412794436,68151.68715693297,4200.0,72351.68715693297
19841.117743599752,68427.7126197814,4590.0,73017.7126197814
20004.930164578593,68685.04270289627,4560.0,73245.04270289627
20329.429232991926,69194.79264582811,4500.0,73694.79264582811
20699.77753990051,69776.56636010914,4470.0,74246.56636010914
20780.68970424453,69903.66987186504,3810.0,73713.66987186504
20906.796769368855,70101.76926723386,1980.0,72081.76926723386
20865.491416120774,70036.8834061929,1875.0,71911.8834061929
20065.491742010203,68780.17783160579,2250.0,71030.17783160579
20183.99982593587,68966.34011956998,2355.0,71321.34011956998
23564.41789776775,74276.58007689148,2355.0,76631.58007689148
23594.202803372038,74323.36866709068,2325.0,76648.36866709068
22500.85463994115,72605.8470525028,2415.0,75020.8470525028
18835.479333004863,66847.97273048885,2190.0,69037.97273048885
16870.979678707554,63761.97438983373,1860.0,65621.97438983373
14718.12537927514,60380.09301297131,1710.0,62090.09301297131
13316.822403976963,58178.81054032455,1680.0,59858.81054032455
12875.255022603144,57485.16002059744,1635.0,59120.16002059744
13035.606521451911,57737.05340132999,1380.0,59117.05340132999
13122.795312030521,57874.01675607568,1380.0,59254.01675607568
14418.943708617686,59910.11372985783,1845.0,61755.11372985783
16657.262037369543,63426.249064000694,3060.0,66486.2490640007
16917.47185530603,63835.00814146737,3540.0,67375.00814146738
17807.656137965518,65233.38314914692,3780.0,69013.38314914692
19591.185815625304,68035.0989009046,4200.0,72235.0989009046
20038.075675729473,68737.11040990148,4590.0,73327.11040990148
20004.930164578593,68685.04270289627,4560.0,73245.04270289627
20260.169751788097,69085.99413135542,4500.0,73585.99413135542
20667.89054588785,69726.47563578842,4470.0,74196.47563578842
20642.476251432017,69686.55276262932,3810.0,73496.55276262932
20906.796769368855,70101.76926723386,1980.0,72081.76926723386
20865.491416120774,70036.8834061929,1875.0,71911.8834061929
20039.233876284194,68738.92980700964,2250.0,70988.92980700964
20097.485892373403,68830.43688597392,2355.0,71185.43688597392
23574.85538229442,74292.97613980727,2355.0,76647.97613980727
23663.34144869122,74431.97736257374,2325.0,76756.97736257374
22710.958604351512,72935.89571609869,2415.0,75350.89571609869
18623.403235760175,66514.82607772255,2190.0,68704.82607772255
16631.689288310263,63386.07727726085,1860.0,65246.07727726085
14718.12537927514,60380.09301297131,1710.0,62090.09301297131
13316.822403976963,58178.81054032455,1680.0,59858.81054032455
12875.255022603144,57485.16002059744,1635.0,59120.16002059744
13006.129405365129,57690.748312330805,1380.0,59070.748312330805
13127.98441530328,57882.16822815876,1380.0,59262.16822815876
14492.323009511265,60025.38399742986,1845.0,61870.38399742986
16641.108787506844,63400.87420472626,3060.0,66460.87420472625
16898.98852479976,63805.972999034355,3540.0,67345.97299903436
17956.04488423424,65466.48444990585,3780.0,69246.48444990585
19793.517524738283,68352.93826382773,4200.0,72552.93826382773
20007.032252986977,68688.3448370178,4590.0,73278.3448370178
19973.886741836104,68636.2771300126,4560.0,73196.2771300126
20185.538773523353,68968.75762557001,4500.0,73468.75762557001
20299.970356283953,69148.51620875187,4470.0,73618.51620875187
20584.832974610752,69596.00194159392,3810.0,73406.00194159392
20762.466284886377,69875.04301933428,1980.0,71855.04301933428
20756.506567858698,69865.68100350599,1875.0,71740.68100350599
20065.491742010203,68780.17783160579,2250.0,71030.17783160579
20183.99982593587,68966.34011956998,2355.0,71321.34011956998
23574.85538229442,74292.97613980727,2355.0,76647.97613980727
23640.774777252824,74396.52777088729,2325.0,76721.52777088729
23268.73704788153,73812.10017224177,2415.0,76227.10017224177
19603.839384677947,68054.97617246045,2190.0,70244.97617246045
17910.75650663753,65395.341725187776,1860.0,67255.34172518778
14870.977073547567,60620.20508113034,1710.0,62330.20508113034
13470.4310324702,58420.111663286574,1680.0,60100.111663286574
13146.246593341424,57910.85596602585,1635.0,59545.85596602585
13299.992017175768,58152.37197841008,1380.0,59532.37197841008
13476.29841264263,58429.328628754854,1380.0,59809.328628754854
15097.50217869697,60976.049429119215,1845.0,62821.049429119215
16896.30847607518,63801.762957103914,3060.0,66861.76295710391
17043.059098134123,64032.290957031706,3540.0,67572.29095703171
18230.866724523592,65898.19729915657,3780.0,69678.19729915657
19405.860047334616,67743.97387465446,4200.0,71943.97387465446
19550.580398539256,67971.3125574074,4590.0,72561.3125574074
19291.729414324458,67564.6880482015,4560.0,72124.6880482015
19105.572614336525,67272.25756871131,4500.0,71772.25756871131
19296.16386329876,67571.65404697195,4470.0,72041.65404697195
19270.749568842934,67531.73117381286,3810.0,71341.73117381286
19232.693104946222,67471.94893654977,1980.0,69451.94893654977
19191.39231154286,67407.07023848958,1875.0,69282.07023848958
19117.636823461224,67291.20902500642,2250.0,69541.20902500642
19457.584645730538,67825.22714668824,2355.0,70180.22714668824
22285.693807754433,72267.8546432653,2355.0,74622.8546432653
22469.191078318963,72556.10731423837,2325.0,74881.10731423837
21925.19248548339,71701.54938589412,2415.0,74116.54938589412
19442.272687215656,67801.17385736047,2190.0,69991.17385736047
16951.85650425512,63889.02238848889,1860.0,65749.0223884889
14903.672300033957,60671.56544378739,1710.0,62381.56544378739
13495.876105877773,58460.08288656566,1680.0,60140.08288656566
13146.246593341424,57910.85596602585,1635.0,59545.85596602585
13299.992017175768,58152.37197841008,1380.0,59532.37197841008
13476.29841264263,58429.328628754854,1380.0,59809.328628754854
15097.50217869697,60976.049429119215,1845.0,62821.049429119215
16896.30847607518,63801.762957103914,3060.0,66861.76295710391
17043.059098134123,64032.290957031706,3540.0,67572.29095703171
18355.617235848567,66094.16570775496,3780.0,69874.16570775496
19564.65207929473,67993.41751597362,4200.0,72193.41751597362
19496.29316741987,67886.03369019725,4590.0,72476.03369019725
19237.439903282728,67479.405599501,4560.0,72039.405599501
19293.73574599406,67567.83975972746,4500.0,72067.83975972746
19296.16386329876,67571.65404697195,4470.0,72041.65404697195
19270.749568842934,67531.73117381286,3810.0,71341.73117381286
19341.675673285947,67643.14775774632,1980.0,69623.14775774632
19300.37259996024,67578.26547819577,1875.0,69453.26547819577
19147.209696286784,67337.66453660117,2250.0,69587.66453660117
19469.62719559289,67844.1445788248,2355.0,70199.1445788248
22163.17762033425,72075.3960952299,2355.0,74430.3960952299
22311.080743142047,72307.73453853995,2325.0,74632.73453853995
21925.19248548339,71701.54938589412,2415.0,74116.54938589412
19442.272687215656,67801.17385736047,2190.0,69991.17385736047
16951.85650425512,63889.02238848889,1860.0,65749.0223884889
14935.441878045507,60721.47172135404,1710.0,62431.47172135404
13360.339281906305,58247.17044702479,1680.0,59927.17044702479
13007.483679242114,57692.87571761083,1635.0,59327.87571761083
13085.320228333523,57815.14779885705,1380.0,59195.14779885705
13157.463811312418,57928.47689864833,1380.0,59308.47689864833
14492.323009511265,60025.38399742986,1845.0,61870.38399742986
16641.108787506844,63400.87420472626,3060.0,66460.87420472625
16898.98852479976,63805.972999034355,3540.0,67345.97299903436
18033.52348551641,65588.19423716392,3780.0,69368.19423716392
19893.733791635237,68510.36625455003,4200.0,72710.36625455003
20007.032252986977,68688.3448370178,4590.0,73278.3448370178
19973.886741836104,68636.2771300126,4560.0,73196.2771300126
20185.538773523353,68968.75762557001,4500.0,73468.75762557001
20517.871655137566,69490.81356941463,4470.0,73960.81356941463
20492.457360681736,69450.89069625553,3810.0,73260.89069625553
20793.50286786181,69923.79784774684,1980.0,71903.79784774684
20721.16093163831,69810.15715829334,1875.0,71685.15715829334
20088.058413448598,68815.62742329224,2250.0,71065.62742329224
20145.95476165091,68906.57578975873,2355.0,71261.57578975873
23529.03578278973,74220.99892783289,2355.0,76575.99892783289
23594.955177748136,74324.5505589129,2325.0,76649.5505589129
22710.958604351512,72935.89571609869,2415.0,75350.89571609869
19077.78948055714,67228.61352705736,2190.0,69418.61352705736
16868.280250642987,63757.73390523514,1860.0,65617.73390523513
14704.974787149793,60359.43497651471,1710.0,62069.43497651471
13363.152706088458,58251.5900061419,1680.0,59931.5900061419
12924.968729484755,57563.25441812451,1635.0,59198.25441812451
13085.320228333523,57815.14779885705,1380.0,59195.14779885705
13157.463811312418,57928.47689864833,1380.0,59308.47689864833
14492.323009511265,60025.38399742986,1845.0,61870.38399742986
16641.108787506844,63400.87420472626,3060.0,66460.87420472625
16898.98852479976,63805.972999034355,3540.0,67345.97299903436
18033.52348551641,65588.19423716392,3780.0,69368.19423716392
19696.780419350216,68200.9756274107,4200.0,72400.9756274107
20038.075675729473,68737.11040990148,4590.0,73327.11040990148
20004.930164578593,68685.04270289627,4560.0,73245.04270289627
20085.31338693699,68811.31530888625,4500.0,73311.31530888625
20299.970356283953,69148.51620875187,4470.0,73618.51620875187
20642.476251432017,69686.55276262932,3810.0,73496.55276262932
20205.296580624294,68999.79482112009,1980.0,70979.79482112009
20137.840518000754,68893.8292655304,1875.0,70768.8292655304
20030.440215773204,68725.11599865093,2250.0,70975.11599865093
20104.038389212557,68840.73008929852,2355.0,71195.73008929852
23487.486477850012,74155.7298473223,2355.0,76510.7298473223
23602.72971296787,74336.76344107607,2325.0,76661.76344107607
22710.958604351512,72935.89571609869,2415.0,75350.89571609869
19077.78948055714,67228.61352705736,2190.0,69418.61352705736
16870.979678707554,63761.97438983373,1860.0,65621.97438983373
14715.555906784628,60376.05667332385,1710.0,62086.05667332385
13316.822403976963,58178.81054032455,1680.0,59858.81054032455
12875.255022603144,57485.16002059744,1635.0,59120.16002059744
13035.606521451911,57737.05340132999,1380.0,59117.05340132999
13157.463811312418,57928.47689864833,1380.0,59308.47689864833
14492.323009511265,60025.38399742986,1845.0,61870.38399742986
16641.108787506844,63400.87420472626,3060.0,66460.87420472625
16898.98852479976,63805.972999034355,3540.0,67345.97299903436
18033.52348551641,65588.19423716392,3780.0,69368.19423716392
19853.74623350652,68447.55049494318,4200.0,72647.55049494318
19998.088117600753,68674.29465029461,4590.0,73264.29465029461
19973.886741836104,68636.2771300126,4560.0,73196.2771300126
20185.538773523353,68968.75762557001,4500.0,73468.75762557001
20535.401978100774,69518.3516488728,4470.0,73988.3516488728
20509.987683644944,69478.42877571372,3810.0,73288.42877571372
20780.68970424453,69903.66987186504,1980.0,71883.66987186504
20756.506567858698,69865.68100350599,1875.0,71740.68100350599
20065.491742010203,68780.17783160579,2250.0,71030.17783160579
20183.99982593587,68966.34011956998,2355.0,71321.34011956998
23574.85538229442,74292.97613980727,2355.0,76647.97613980727
23630.337292726155,74380.1317079715,2325.0,76705.1317079715
23268.73704788153,73812.10017224177,2415.0,76227.10017224177
19603.839384677947,68054.97617246045,2190.0,70244.97617246045
17910.75650663753,65395.341725187776,1860.0,67255.34172518778
14704.974787149793,60359.43497651471,1710.0,62069.43497651471
13363.152706088458,58251.5900061419,1680.0,59931.5900061419
12924.968729484755,57563.25441812451,1635.0,59198.25441812451
13035.606521451911,57737.05340132999,1380.0,59117.05340132999
13157.463811312418,57928.47689864833,1380.0,59308.47689864833
14492.323009511265,60025.38399742986,1845.0,61870.38399742986
16641.108787506844,63400.87420472626,3060.0,66460.87420472625
16898.98852479976,63805.972999034355,3540.0,67345.97299903436
18033.52348551641,65588.19423716392,3780.0,69368.19423716392
19853.74623350652,68447.55049494318,4200.0,72647.55049494318
20107.506151109686,68846.17753615194,4590.0,73436.17753615194
20083.30477534503,68808.1600158699,4560.0,73368.1600158699
20185.538773523353,68968.75762557001,4500.0,73468.75762557001
20699.77753990051,69776.56636010914,4470.0,74246.56636010914
20780.68970424453,69903.66987186504,3810.0,73713.66987186504
20797.81192110676,69930.56686454693,1980.0,71910.56686454693
20756.506567858698,69865.68100350599,1875.0,71740.68100350599
20065.491742010203,68780.17783160579,2250.0,71030.17783160579
20183.99982593587,68966.34011956998,2355.0,71321.34011956998
23433.415839354064,74070.79122169738,2355.0,76425.79122169738
23640.774777252824,74396.52777088729,2325.0,76721.52777088729
23288.412777777805,73843.00843413852,2415.0,76258.00843413852
19603.839384677947,68054.97617246045,2190.0,70244.97617246045
17429.23918585381,64638.93454044497,1860.0,66498.93454044497
14718.12537927514,60380.09301297131,1710.0,62090.09301297131
13363.152706088458,58251.5900061419,1680.0,59931.5900061419
12924.968729484755,57563.25441812451,1635.0,59198.25441812451
13035.606521451911,57737.05340132999,1380.0,59117.05340132999
13157.463811312418,57928.47689864833,1380.0,59308.47689864833
14492.323009511265,60025.38399742986,1845.0,61870.38399742986
16641.108787506844,63400.87420472626,3060.0,66460.87420472625
16898.98852479976,63805.972999034355,3540.0,67345.97299903436
18033.52348551641,65588.19423716392,3780.0,69368.19423716392
19853.74623350652,68447.55049494318,4200.0,72647.55049494318
19998.088117600753,68674.29465029461,4590.0,73264.29465029461
19973.886741836104,68636.2771300126,4560.0,73196.2771300126
20154.141962816324,68919.4369216789,4500.0,73419.4369216789
20230.710875080124,69039.7176942792,4470.0,73509.7176942792
20360.4544163556,69243.52956678883,3810.0,73053.52956678883
20674.36324544468,69736.64348695004,1980.0,71716.64348695004
20643.97416041717,69688.90580180268,1875.0,71563.90580180268
20068.58103679692,68785.03075105771,2250.0,71035.03075105771
20137.427852055076,68893.18101577336,2355.0,71248.18101577336
22201.658149788407,72135.8444897019,2355.0,74490.8444897019
22068.654319549812,71926.91108596257,2325.0,74251.91108596257
20454.64256855432,69391.4880969717,2415.0,71806.4880969717
18635.628179410676,66534.03002908877,2190.0,68724.03002908877
17102.636889070913,64125.8806726464,1860.0,65985.8806726464
14719.48421299683,60382.22758123209,1710.0,62092.22758123209
13464.686768104766,58411.088098298285,1680.0,60091.088098298285
13171.365637852688,57950.31503618198,1635.0,59585.31503618198
13252.343919944917,58077.522411158636,1380.0,59457.522411158636
13532.394762148182,58517.449408573906,1380.0,59897.449408573906
15016.135169843756,60848.2314100344,1845.0,62693.2314100344
16896.437291688057,63801.96531130984,3060.0,66861.96531130985
17043.187913747002,64032.493311237646,3540.0,67572.49331123765
17948.322787228604,65454.35394202123,3780.0,69234.35394202123
19069.42102556476,67215.46766665271,4200.0,71415.46766665271
19174.069461513667,67379.8580746551,4590.0,71969.8580746551
18871.76885707891,66904.97931271487,4560.0,71464.97931271487
19159.860985417075,67357.53822666663,4500.0,71857.53822666663
18971.605516904285,67061.81098529049,4470.0,71531.81098529049
18809.778908293883,66807.60038028828,3810.0,70617.60038028828
19094.948176177,67255.56782358515,1980.0,69235.56782358515
19032.97304688727,67158.21217084597,1875.0,69033.21217084597
19150.045919692457,67342.11991062196,2250.0,69592.11991062196
19396.546564527394,67729.34348649129,2355.0,70084.34348649129
22309.318363164082,72304.96604648363,2355.0,74659.96604648363
22492.815633728605,72593.21871745668,2325.0,74918.21871745668
21565.6396109107,71136.73402851702,2415.0,73551.73402851702
19662.116479913027,68146.52264781883,2190.0,70336.52264781883
16765.582288266065,63596.40746224464,1860.0,65456.40746224464
15244.72360472156,61207.3170068085,1710.0,62917.3170068085
13853.842154493592,59022.40552664494,1680.0,60702.40552664494
13556.710134030429,58555.646003374466,1635.0,60190.646003374466
13814.425716914013,58960.48693037589,1380.0,60340.48693037589
14019.518411995052,59282.6634781376,1380.0,60662.6634781376
14972.174847016982,60779.1749034571,1845.0,62624.1749034571
16925.55418004326,63847.704524830515,3060.0,66907.70452483051
17156.57871195399,64210.61694406541,3540.0,67750.6169440654
18307.751406033116,66018.97410817313,3780.0,69798.97410817313
21329.498933242467,70765.7847448909,4200.0,74965.7847448909
21906.814031405305,71672.67899201813,4590.0,76262.67899201813
21719.069265499318,71377.75400448496,4560.0,75937.75400448496
21590.668598489076,71176.05162980352,4500.0,75676.05162980352
21765.29697110499,71450.37230323566,4470.0,75920.37230323566
21739.882676649162,71410.44943007655,3810.0,75220.44943007655
21729.839618689362,71394.67296499485,1980.0,73374.67296499485
21688.53426544129,71329.7871039539,1875.0,73204.7871039539
21524.09714573804,71071.47569247754,2250.0,73321.47569247754
21633.063754621315,71242.64944324152,2355.0,73597.64944324152
24722.06443136489,76095.10688290602,2355.0,78450.10688290602
24974.034609921873,76490.92245417398,2325.0,78815.92245417398
24563.858339449194,75846.58368461204,2415.0,78261.58368461204
20973.60533404447,70206.71767955834,2190.0,72396.71767955834
16950.791780516814,63887.349832485896,1860.0,65747.3498324859
15101.123835352844,60981.73862657263,1710.0,62691.73862657263
13527.173739962494,58509.24779562564,1680.0,60189.24779562564
13056.39485345588,57769.70943052751,1635.0,59404.70943052751
13260.685015869078,58090.62529367883,1380.0,59470.62529367883
13382.54002580723,58282.045209506796,1380.0,59662.045209506796
14299.333282234908,59722.21979129955,1845.0,61567.21979129955
16581.32124371368,63306.95499199748,3060.0,66366.95499199748
16732.753686322096,63544.837582400934,3540.0,67084.83758240094
17692.838108366283,65053.01750334727,3780.0,68833.01750334728
19510.86187124805,67908.91941366426,4200.0,72108.91941366426
19919.763665126055,68551.25613010913,4590.0,73141.25613010913
20039.85173524154,68739.90039090003,4560.0,73299.90039090003
20313.419618237385,69169.643420447,4500.0,73669.643420447
20297.5969571157,69144.78787727626,4470.0,73614.78787727626
20272.18266265987,69104.86500411716,3810.0,72914.86500411716
20305.576685347096,69157.32309357275,1980.0,71137.32309357275
20184.772719613138,68967.55424480555,1875.0,70842.55424480555
20360.732566882518,69243.966508614,2250.0,71493.966508614
20450.354034610526,69384.75131358493,2355.0,71739.75131358493
24352.997440818024,75515.34596621315,2355.0,77870.34596621315
24418.916835776432,75618.89759729318,2325.0,77943.89759729318
23088.502346202473,73528.97261398878,2415.0,75943.97261398878
19668.345227778216,68156.3072795108,2190.0,70346.3072795108
17467.034598641232,64698.30669706062,1860.0,66558.30669706062
15231.308541603403,61186.24351746892,1710.0,62896.24351746892
13469.411907178934,58418.51073709099,1680.0,60098.51073709099
13056.39485345588,57769.70943052751,1635.0,59404.70943052751
13295.353515150975,58145.08543625147,1380.0,59525.08543625147
13417.208525089127,58336.505352079424,1380.0,59716.505352079424
14395.208576973975,59872.82862435653,1845.0,61717.82862435653
16531.580177763848,63228.817616585984,3060.0,66288.81761658599
16776.1634079009,63613.02915905378,3540.0,67153.02915905378
17797.623339656297,65217.62280077188,3780.0,68997.62280077187
19761.88132218432,68303.24150344776,4200.0,72503.24150344776
20125.6748523314,68874.71843291383,4590.0,73464.71843291383
20292.353135706497,69136.55044942429,4560.0,73696.55044942429
20245.044746906067,69062.23452423804,4500.0,73562.23452423804
21175.5129776,70523.89088527256,4470.0,74993.89088527256
21150.09868314418,70483.96801211349,3810.0,74293.96801211349
21272.288841668047,70675.9144070259,1980.0,72655.9144070259
21230.983488419977,70611.02854598495,1875.0,72486.02854598495
20372.522045363825,69262.48639531947,2250.0,71512.48639531947
20308.419748519827,69161.78921206466,2355.0,71516.78921206466
24145.750219114507,75189.78491005138,2355.0,77544.78491005138
24265.696934044176,75378.2071184393,2325.0,77703.2071184393
23088.502346202473,73528.97261398878,2415.0,75943.97261398878
19641.132074586803,68113.55861044946,2190.0,70303.55861044946
17439.820305488636,64655.55623725408,1860.0,66515.55623725409
15261.781983757935,61234.113717759996,1710.0,62944.113717759996
13527.173739962494,58509.24779562564,1680.0,60189.24779562564
13056.39485345588,57769.70943052751,1635.0,59404.70943052751
13260.685015869078,58090.62529367883,1380.0,59470.62529367883
13387.731409002341,58290.20026308024,1380.0,59670.20026308024
14390.019473701213,59864.67715227345,1845.0,61709.67715227345
16531.580177763848,63228.817616585984,3060.0,66288.81761658599
16794.646738407173,63642.0643014868,3540.0,67182.0643014868
17692.838108366283,65053.01750334727,3780.0,68833.01750334728
19801.868880313028,68366.05726305461,4200.0,72566.05726305461
20125.6748523314,68874.71843291383,4590.0,73464.71843291383
20292.353135706497,69136.55044942429,4560.0,73696.55044942429
20366.18158130339,69252.52627059932,4500.0,73752.52627059932
20962.663986678042,70189.5301072707,4470.0,74659.5301072707
20937.249692222216,70149.60723411158,3810.0,73959.60723411158
21214.873557081966,70585.72173502756,1980.0,72565.72173502756
21173.56820383389,70520.8358739866,1875.0,72395.8358739866
20184.772719613138,68967.55424480555,2250.0,71217.55424480555
20256.145688837114,69079.67280085162,2355.0,71434.67280085162
24193.480393550024,75264.76341095618,2355.0,77619.76341095618
24189.10294263452,75257.88694944499,2325.0,77582.88694944499
23298.61087045753,73859.02844056542,2415.0,76274.02844056542
20441.38026023373,69370.65456748694,2190.0,71560.65456748694
17679.108415963572,65031.449768336584,1860.0,66891.44976833658
15268.601231512252,61244.82595545793,1710.0,62954.82595545793
13527.173739962494,58509.24779562564,1680.0,60189.24779562564
13056.39485345588,57769.70943052751,1635.0,59404.70943052751
13295.353515150975,58145.08543625147,1380.0,59525.08543625147
13417.208525089127,58336.505352079424,1380.0,59716.505352079424
14395.208576973975,59872.82862435653,1845.0,61717.82862435653
16536.76928103661,63236.96908866906,3060.0,66296.96908866905
16776.1634079009,63613.02915905378,3540.0,67153.02915905378
17968.599276664583,65486.20592663059,3780.0,69266.20592663059
19761.88132218432,68303.24150344776,4200.0,72503.24150344776
20235.092885840335,69046.60131877114,4590.0,73636.60131877114
20401.773449137778,69308.43691677197,4560.0,73868.43691677197
20709.822877782666,69792.34640668123,4500.0,74292.34640668123
20962.663986678042,70189.5301072707,4470.0,74659.5301072707
20937.249692222216,70149.60723411158,3810.0,73959.60723411158
20937.249692222216,70149.60723411158,1980.0,72129.60723411158
20800.534148394854,69934.84316404923,1875.0,71809.84316404923
20272.18266265987,69104.86500411716,2250.0,71354.86500411716
20442.67069628487,69372.68169103662,2355.0,71727.68169103662
24372.673170714304,75546.2542281099,2355.0,77901.2542281099
24438.59256567271,75649.80585918993,2325.0,77974.80585918993
22315.47187359166,72314.63248899337,2415.0,74729.63248899337
19654.282666712148,68134.21664690605,2190.0,70324.21664690605
17657.096905617847,64996.87226955534,1860.0,66856.87226955534
15210.98987360391,61154.32527528773,1710.0,62864.32527528773
13527.173739962494,58509.24779562564,1680.0,60189.24779562564
13056.39485345588,57769.70943052751,1635.0,59404.70943052751
13260.685015869078,58090.62529367883,1380.0,59470.62529367883
13382.54002580723,58282.045209506796,1380.0,59662.045209506796
14390.019473701213,59864.67715227345,1845.0,61709.67715227345
16531.580177763848,63228.817616585984,3060.0,66288.81761658599
16794.646738407173,63642.0643014868,3540.0,67182.0643014868
17692.838108366283,65053.01750334727,3780.0,68833.01750334728
19510.86187124805,67908.91941366426,4200.0,72108.91941366426
19968.704478330397,68628.13640240063,4590.0,73218.13640240063
20323.39883837134,69185.31960379834,4560.0,73745.31960379834
20404.395359842383,69312.55563069796,4500.0,73812.55563069796
20313.419618237385,69169.643420447,4470.0,73639.643420447
20272.18266265987,69104.86500411716,3810.0,72914.86500411716
20261.36443110045,69087.87083230953,1980.0,71067.87083230953
20305.576685347096,69157.32309357275,1875.0,71032.32309357275
20378.98106538655,69272.63275753886,2250.0,71522.63275753886
20437.85778020016,69365.12116486464,2355.0,71720.12116486464
23795.218997288008,74639.14151007008,2355.0,76994.14151007008
23861.138392246412,74742.6931411501,2325.0,77067.6931411501
22315.47187359166,72314.63248899337,2415.0,74729.63248899337
19858.406394793663,68454.87106126033,2190.0,70644.87106126033
17452.970897613985,64676.21427371069,1860.0,66536.21427371069
15309.427801066438,61308.95970352108,1710.0,63018.95970352108
13853.842154493592,59022.40552664494,1680.0,60702.40552664494
13556.710134030429,58555.646003374466,1635.0,60190.646003374466
13814.425716914013,58960.48693037589,1380.0,60340.48693037589
14048.996668043012,59328.97035788198,1380.0,60708.97035788198
15177.77938466601,61102.15549580697,1845.0,62947.15549580697
16990.73146027614,63950.090380794965,3060.0,67010.09038079497
17084.69618008438,64097.69792492155,3540.0,67637.69792492155
18353.93351319174,66091.52077711641,3780.0,69871.52077711641
21201.339938001514,70564.46200818871,4200.0,74764.46200818871
21762.672780478028,71446.2500078193,4590.0,76036.2500078193
21719.069265499318,71377.75400448496,4560.0,75937.75400448496
21590.668598489076,71176.05162980352,4500.0,75676.05162980352
21569.255567760705,71142.41427224452,4470.0,75612.41427224452
21591.571447740396,71177.4698999902,3810.0,74987.4698999902
21646.10035062907,71263.12840517961,1980.0,73243.12840517961
21526.915129764904,71075.9024145754,1875.0,72950.9024145754
21581.52838978059,71161.69343490849,2250.0,73411.69343490849
21690.494998663857,71332.86718567247,2355.0,73687.86718567247
24792.3612772388,76205.53497549724,2355.0,78560.53497549724
25029.949705600447,76578.75850550857,2325.0,78903.75850550857
24563.858339449194,75846.58368461204,2415.0,78261.58368461204
20973.60533404447,70206.71767955834,2190.0,72396.71767955834
16950.791780516814,63887.349832485896,1860.0,65747.3498324859
15147.041471518663,61053.869842632936,1710.0,62763.869842632936
13853.842154493592,59022.40552664494,1680.0,60702.40552664494
13556.710134030429,58555.646003374466,1635.0,60190.646003374466
13843.903972961969,59006.79381012026,1380.0,60386.79381012026
14048.996668043012,59328.97035788198,1380.0,60708.97035788198
15177.77938466601,61102.15549580697,1845.0,62947.15549580697
16990.73146027614,63950.090380794965,3060.0,67010.09038079497
17084.69618008438,64097.69792492155,3540.0,67637.69792492155
18353.93351319174,66091.52077711641,3780.0,69871.52077711641
21329.498933242467,70765.7847448909,4200.0,74965.7847448909
21762.672780478028,71446.2500078193,4590.0,76036.2500078193
21574.92801457205,71151.32502028614,4560.0,75711.32502028614
21626.638933433864,71232.55680337768,4500.0,75732.55680337768
21616.985742196222,71217.3927731493,4470.0,75687.3927731493
21591.571447740396,71177.4698999902,3810.0,74987.4698999902
21663.630673592274,71290.66648463778,1980.0,73270.66648463778
21558.802123777572,71125.99313889613,1875.0,73000.99313889613
21524.09714573804,71071.47569247754,2250.0,73321.47569247754
21690.494998663857,71332.86718567247,2355.0,73687.86718567247
24792.3612772388,76205.53497549724,2355.0,78560.53497549724
25135.79738070642,76745.03277744581,2325.0,79070.03277744581
24565.28557084144,75848.82569758392,2415.0,78263.82569758392
21063.587029504066,70348.06836000782,2190.0,72538.06836000782
17113.92364467364,64143.61084072518,1860.0,66003.61084072519
15082.69864286655,60952.794812144064,1710.0,62662.794812144064
13573.504042073992,58582.02726144299,1680.0,60262.02726144299
13106.108560337492,57847.803828054566,1635.0,59482.803828054566
13295.353515150975,58145.08543625147,1380.0,59525.08543625147
13417.208525089127,58336.505352079424,1380.0,59716.505352079424
14424.687972983114,59919.13729484611,1845.0,61764.13729484611
16518.285950530335,63207.933946236044,3060.0,66267.93394623604
16618.014314043998,63364.595498019065,3540.0,66904.59549801907
17829.31882019141,65267.412679901485,3780.0,69047.41267990149
19761.88132218432,68303.24150344776,4200.0,72503.24150344776
20235.092885840335,69046.60131877114,4590.0,73636.60131877114
20401.773449137778,69308.43691677197,4560.0,73868.43691677197
20452.07765590851,69387.45892030498,4500.0,73887.45892030498
20962.663986678042,70189.5301072707,4470.0,74659.5301072707
20937.249692222216,70149.60723411158,3810.0,73959.60723411158
21214.873557081966,70585.72173502756,1980.0,72565.72173502756
21230.983488419977,70611.02854598495,1875.0,72486.02854598495
20167.787298092022,68940.8721415459,2250.0,71190.8721415459
20161.6543069656,68931.23793244947,2355.0,71286.23793244947
24123.18354767612,75154.33531836496,2355.0,77509.33531836496
24211.66961407291,75293.33654113142,2325.0,77618.33654113142
23856.38931398755,74735.23289670849,2415.0,77150.23289670849
20441.38026023373,69370.65456748694,2190.0,71560.65456748694
18240.06735117439,65912.6504035464,1860.0,67772.6504035464
15934.54033137417,62290.93810551904,1710.0,64000.93810551904
13573.504042073992,58582.02726144299,1680.0,60262.02726144299
13056.39485345588,57769.70943052751,1635.0,59404.70943052751
13295.353515150975,58145.08543625147,1380.0,59525.08543625147
13417.208525089127,58336.505352079424,1380.0,59716.505352079424
14424.687972983114,59919.13729484611,1845.0,61764.13729484611
16518.285950530335,63207.933946236044,3060.0,66267.93394623604
16755.60990789917,63580.74202336441,3540.0,67120.74202336441
18029.609998799504,65582.0466089431,3780.0,69362.0466089431
19701.654893338433,68208.63285382268,4200.0,72408.63285382268
20125.6748523314,68874.71843291383,4590.0,73464.71843291383
20292.353135706497,69136.55044942429,4560.0,73696.55044942429
20271.279813408546,69103.44673393048,4500.0,73603.44673393048
20329.91713637521,69195.55908476737,4470.0,73665.55908476737
20367.08443055472,69253.94454078602,3810.0,73063.94454078602
20710.725727033983,69793.7646768679,1980.0,71773.7646768679
20574.01018320663,69579.00060680554,1875.0,71454.00060680554
20261.36443110045,69087.87083230953,2250.0,71337.87083230953
20332.73740032442,69199.98938835558,2355.0,71554.98938835558
24210.5957706452,75291.64965916694,2355.0,77646.64965916694
24276.515165603596,75395.20129024696,2325.0,77720.20129024696
23298.61087045753,73859.02844056542,2415.0,76274.02844056542
19880.416765178205,68489.4467692964,2190.0,70679.4467692964
17679.108415963572,65031.449768336584,1860.0,66891.44976833658
15231.308541603403,61186.24351746892,1710.0,62896.24351746892
13573.504042073992,58582.02726144299,1680.0,60262.02726144299
13106.108560337492,57847.803828054566,1635.0,59482.803828054566
13295.353515150975,58145.08543625147,1380.0,59525.08543625147
13417.208525089127,58336.505352079424,1380.0,59716.505352079424
14424.687972983114,59919.13729484611,1845.0,61764.13729484611
16518.285950530335,63207.933946236044,3060.0,66267.93394623604
16776.1634079009,63613.02915905378,3540.0,67153.02915905378
17968.599276664583,65486.20592663059,3780.0,69266.20592663059
19883.795610103618,68494.75453802536,4200.0,72694.75453802536
20247.589140250704,69066.23146749141,4590.0,73656.23146749141
20414.269703548147,69328.06706549227,4560.0,73888.06706549227
20372.85947387189,69263.01645589428,4500.0,73763.01645589428
20736.140021489824,69833.68755002703,4470.0,74303.68755002703
20710.725727033983,69793.7646768679,3810.0,73603.7646768679
20937.249692222216,70149.60723411158,1980.0,72129.60723411158
20800.534148394854,69934.84316404923,1875.0,71809.84316404923
20207.339391051533,69003.00383649199,2250.0,71253.00383649199
20278.71236027551,69115.12239253806,2355.0,71470.12239253806
24193.480393550024,75264.76341095618,2355.0,77619.76341095618
24189.10294263452,75257.88694944499,2325.0,77582.88694944499
23298.61087045753,73859.02844056542,2415.0,76274.02844056542
19641.132074586803,68113.55861044946,2190.0,70303.55861044946
17679.108415963572,65031.449768336584,1860.0,66891.44976833658
15333.740893026335,61347.15271683127,1710.0,63057.15271683127
13527.173739962494,58509.24779562564,1680.0,60189.24779562564
13056.39485345588,57769.70943052751,1635.0,59404.70943052751
13260.685015869078,58090.62529367883,1380.0,59470.62529367883
13382.54002580723,58282.045209506796,1380.0,59662.045209506796
14351.306392167176,59803.863445783696,1845.0,61648.863445783696
16534.439200393037,63233.30880551048,3060.0,66293.30880551049
16794.646738407173,63642.0643014868,3540.0,67182.0643014868
17725.279123510438,65103.97852982799,3780.0,68883.97852982799
19761.88132218432,68303.24150344776,4200.0,72503.24150344776
20125.6748523314,68874.71843291383,4590.0,73464.71843291383
20292.353135706497,69136.55044942429,4560.0,73696.55044942429
20249.04373071117,69068.51645834776,4500.0,73568.51645834776
20399.176617579047,69304.35759924007,4470.0,73774.35759924007
20653.08245021272,69703.21385583252,3810.0,73513.21385583252
21185.444319364567,70539.49185732614,1980.0,72519.49185732614
21173.56820383389,70520.8358739866,1875.0,72395.8358739866
20305.576685347096,69157.32309357275,2250.0,71407.32309357275
20194.191078848537,68982.34938152575,2355.0,71337.34938152575
24123.18354767612,75154.33531836496,2355.0,77509.33531836496
24189.10294263452,75257.88694944499,2325.0,77582.88694944499
23535.599679240648,74231.31003860933,2415.0,76646.31003860933
20441.38026023373,69370.65456748694,2190.0,71560.65456748694
18240.06735117439,65912.6504035464,1860.0,67772.6504035464
15215.286387275932,61161.074593890786,1710.0,62871.074593890786
13467.195822652957,58415.02952845094,1680.0,60095.02952845094
13021.726354173985,57715.249287954866,1635.0,59350.249287954866
13260.685015869078,58090.62529367883,1380.0,59470.62529367883
13382.54002580723,58282.045209506796,1380.0,59662.045209506796
14390.019473701213,59864.67715227345,1845.0,61709.67715227345
16531.580177763848,63228.817616585984,3060.0,66288.81761658599
16776.1634079009,63613.02915905378,3540.0,67153.02915905378
17743.76245401672,65133.01367226103,3780.0,68913.01367226103
19761.88132218432,68303.24150344776,4200.0,72503.24150344776
20125.6748523314,68874.71843291383,4590.0,73464.71843291383
20401.773449137778,69308.43691677197,4560.0,73868.43691677197
20206.43654180021,69001.58556630531,4500.0,73501.58556630531
20962.663986678042,70189.5301072707,4470.0,74659.5301072707
21181.135266119614,70532.72284052604,3810.0,74342.72284052604
21272.288841668047,70675.9144070259,1980.0,72655.9144070259
21230.983488419977,70611.02854598495,1875.0,72486.02854598495
20167.787298092022,68940.8721415459,2250.0,71190.8721415459
20426.364691624593,69347.06687190734,2355.0,71702.06687190734
24087.06957762315,75097.60451089745,2355.0,77452.60451089745
24039.683671462768,75023.16681503862,2325.0,77348.16681503862
23856.38931398755,74735.23289670849,2415.0,77150.23289670849
20651.48650456645,69700.70681257323,2190.0,71890.70681257323
18721.58467195812,66669.05758828923,1860.0,68529.05758828923
16027.662619873412,62437.22228895375,1710.0,64147.22228895375
13714.322306173472,58803.236223426946,1680.0,60483.236223426946
13531.345997866341,58515.801923003506,1635.0,60150.801923003506
13748.387765993315,58856.74906179661,1380.0,60236.74906179661
13998.457629270042,59249.57946084083,1380.0,60629.57946084083
15156.718601941002,61069.071478510195,1845.0,62914.071478510195
16921.709090996897,63841.6643413208,3060.0,66901.66434132081
17101.788757956034,64124.548358228596,3540.0,67664.5483582286
18417.99363147223,66192.15170279934,3780.0,69972.15170279934
21549.09649432584,71110.74673438923,4200.0,75310.74673438923
21906.089016097423,71671.54007808033,4590.0,76261.54007808033
21782.364469830765,71477.18334014862,4560.0,76037.18334014862
21704.65787631341,71355.1154038535,4500.0,75855.1154038535
21765.29697110499,71450.37230323566,4470.0,75920.37230323566
21739.882676649162,71410.44943007655,3810.0,75220.44943007655
21729.839618689362,71394.67296499485,1980.0,73374.67296499485
21759.804638159432,71441.7444929333,1875.0,73316.7444929333
21526.915129764904,71075.9024145754,2250.0,73325.9024145754
21690.494998663857,71332.86718567247,2355.0,73687.86718567247
24975.26120814715,76492.84929599328,2355.0,78847.84929599328
25156.934540830214,76778.23677467002,2325.0,79103.23677467002
24534.04151493199,75799.74495354765,2415.0,78214.74495354765
20973.60533404447,70206.71767955834,2190.0,72396.71767955834
16950.791780516814,63887.349832485896,1860.0,65747.3498324859
15082.19250010444,60951.99972128182,1710.0,62661.99972128182
13796.080321710026,58931.668468110285,1680.0,60611.668468110285
13556.710134030429,58555.646003374466,1635.0,60190.646003374466
13793.364934189001,58927.402913079124,1380.0,60307.402913079124
13998.457629270042,59249.57946084083,1380.0,60629.57946084083
15156.718601941002,61069.071478510195,1845.0,62914.071478510195
16921.709090996897,63841.6643413208,3060.0,66901.66434132081
17084.69618008438,64097.69792492155,3540.0,67637.69792492155
18435.999318245787,66220.43652299976,3780.0,70000.43652299976
21472.915168861855,70991.07481515195,4200.0,75191.07481515195
21848.359102226783,71580.85316041087,4590.0,76170.85316041087
21794.525575655418,71496.28700978446,4560.0,76056.28700978446
21704.65787631341,71355.1154038535,4500.0,75855.1154038535
21765.29697110499,71450.37230323566,4470.0,75920.37230323566
21739.882676649162,71410.44943007655,3810.0,75220.44943007655
21729.839618689362,71394.67296499485,1980.0,73374.67296499485
21688.53426544129,71329.7871039539,1875.0,73204.7871039539
21624.160657837423,71228.66372334502,2250.0,73478.66372334502
21797.503154246908,71500.96443620825,2355.0,73855.96443620825
24643.078801408166,75971.02973051311,2355.0,78326.02973051311
24824.75213409123,76256.41720918985,2325.0,78581.41720918985
24544.148410717644,75815.62170035976,2415.0,78230.62170035976
21063.587029504066,70348.06836000782,2190.0,72538.06836000782
17113.92364467364,64143.61084072518,1860.0,66003.61084072519
15002.76912505616,60827.234922737785,1710.0,62537.234922737785
13671.611380795506,58736.14237357264,1680.0,60416.14237357264
13238.259699616496,58055.397754395344,1635.0,59690.397754395344
13163.904591956332,57938.59460894477,1380.0,59318.59460894477
13446.391531192527,58382.34842882084,1380.0,59762.34842882084
14424.687972983114,59919.13729484611,1845.0,61764.13729484611
16518.285950530335,63207.933946236044,3060.0,66267.93394623604
16755.60990789917,63580.74202336441,3540.0,67120.74202336441
17890.91548237075,65364.17380523919,3780.0,69144.17380523919
19871.63450427896,68475.65086838951,4200.0,72675.65086838951
20109.998106240237,68850.09210512682,4590.0,73440.09210512682
20310.070412302546,69164.38221109284,4560.0,73724.38221109284
21213.970707830635,70584.30346484086,4500.0,75084.30346484086
21297.703136123877,70715.83728018499,4470.0,75185.83728018499
21300.404844110788,70720.08134627393,3810.0,74530.08134627393
21311.378110390135,70737.31905942678,1980.0,72717.31905942678
21270.07275714207,70672.43319838584,1875.0,72547.43319838584
21104.56635385582,70412.44206792576,2250.0,72662.44206792576
21189.454702781426,70545.7916988877,2355.0,72900.7916988877
24708.745124985515,76074.18381616201,2355.0,78429.18381616201
24466.405338442655,75693.4964602187,2325.0,78018.4964602187
23713.98308397002,74511.52942668155,2415.0,76926.52942668155
21207.801237946587,70574.61195189849,2190.0,72764.61195189849
19299.03200561736,67576.15956185794,1860.0,69436.15956185794
16586.177478323072,63314.58356648648,1710.0,65024.58356648648
14099.566485767733,59408.40960504314,1680.0,61088.40960504314
13666.217084511081,58727.668567356224,1635.0,60362.668567356224
13163.904591956332,57938.59460894477,1380.0,59318.59460894477
13446.391531192527,58382.34842882084,1380.0,59762.34842882084
14424.687972983114,59919.13729484611,1845.0,61764.13729484611
16518.285950530335,63207.933946236044,3060.0,66267.93394623604
16690.363090034556,63478.24693194367,3540.0,67018.24693194366
17890.91548237075,65364.17380523919,3780.0,69144.17380523919
19788.342100999627,68344.80828068688,4200.0,72544.80828068688
20152.13791106907,68916.28879164332,4590.0,73506.28879164332
20276.676389615328,69111.92412163728,4560.0,73671.92412163728
20709.822877782666,69792.34640668123,4500.0,74292.34640668123
20962.663986678042,70189.5301072707,4470.0,74659.5301072707
20937.249692222216,70149.60723411158,3810.0,73959.60723411158
20259.53365345193,69084.99489554206,1980.0,71064.99489554206
20371.29772706089,69260.56313499055,1875.0,71135.56313499055
20257.064497544903,69081.1161414709,2250.0,71331.1161414709
20359.48316943372,69242.00385189103,2355.0,71597.00385189103
23585.11503287765,74309.09284647417,2355.0,76664.09284647417
23090.073212702875,73531.44026085398,2325.0,75856.44026085398
22328.622465717002,72335.29052544998,2415.0,74750.29052544998
19707.76964508603,68218.23841099614,2190.0,70408.23841099614
17889.76526154425,65362.36694334731,1860.0,67222.36694334731
15210.98987360391,61154.32527528773,1710.0,62864.32527528773
13501.864321934852,58469.489671023584,1680.0,60149.489671023584
13026.917737369095,57723.40434152831,1635.0,59358.40434152831
13260.685015869078,58090.62529367883,1380.0,59470.62529367883
13382.54002580723,58282.045209506796,1380.0,59662.045209506796
14390.019473701213,59864.67715227345,1845.0,61709.67715227345
16531.580177763848,63228.817616585984,3060.0,66288.81761658599
16794.646738407173,63642.0643014868,3540.0,67182.0643014868
17692.838108366283,65053.01750334727,3780.0,68833.01750334728
19701.654893338433,68208.63285382268,4200.0,72408.63285382268
20165.66241046012,68937.53419252067,4590.0,73527.53419252067
20292.353135706497,69136.55044942429,4560.0,73696.55044942429
20404.395359842383,69312.55563069796,4500.0,73812.55563069796
20962.663986678042,70189.5301072707,4470.0,74659.5301072707
21150.09868314418,70483.96801211349,3810.0,74293.96801211349
21150.09868314418,70483.96801211349,1980.0,72463.96801211349
21108.793329896107,70419.08215107255,1875.0,72294.08215107255
20184.772719613138,68967.55424480555,2250.0,71217.55424480555
20256.145688837114,69079.67280085162,2355.0,71434.67280085162
24123.18354767612,75154.33531836496,2355.0,77509.33531836496
24211.66961407291,75293.33654113142,2325.0,77618.33654113142
23876.060484039124,74766.1339956245,2415.0,77181.1339956245
21228.93839807039,70607.81594912268,2190.0,72797.81594912268
19299.03200561736,67576.15956185794,1860.0,69436.15956185794
16586.177478323072,63314.58356648648,1710.0,65024.58356648648
13671.611380795506,58736.14237357264,1680.0,60416.14237357264
13102.380887292251,57841.94809129892,1635.0,59476.94809129892
13295.353515150975,58145.08543625147,1380.0,59525.08543625147
13417.208525089127,58336.505352079424,1380.0,59716.505352079424
14395.208576973975,59872.82862435653,1845.0,61717.82862435653
16536.76928103661,63236.96908866906,3060.0,66296.96908866905
16776.1634079009,63613.02915905378,3540.0,67153.02915905378
17797.623339656297,65217.62280077188,3780.0,68997.62280077187
19801.868880313028,68366.05726305461,4200.0,72566.05726305461
20125.6748523314,68874.71843291383,4590.0,73464.71843291383
20292.353135706497,69136.55044942429,4560.0,73696.55044942429
20206.43654180021,69001.58556630531,4500.0,73501.58556630531
20678.496744668555,69743.13672899162,4470.0,74213.13672899162
20710.725727033983,69793.7646768679,3810.0,73603.7646768679
21150.09868314418,70483.96801211349,1980.0,72463.96801211349
21108.793329896107,70419.08215107255,1875.0,72294.08215107255
20184.772719613138,68967.55424480555,2250.0,71217.55424480555
20343.55563188385,69216.98356016324,2355.0,71571.98356016324
24210.5957706452,75291.64965916694,2355.0,77646.64965916694
24276.515165603596,75395.20129024696,2325.0,77720.20129024696
23856.38931398755,74735.23289670849,2415.0,77150.23289670849
20651.48650456645,69700.70681257323,2190.0,71890.70681257323
18721.58467195812,66669.05758828923,1860.0,68529.05758828923
15215.286387275932,61161.074593890786,1710.0,62871.074593890786
13573.504042073992,58582.02726144299,1680.0,60262.02726144299
13106.108560337492,57847.803828054566,1635.0,59482.803828054566
13345.064942110232,58223.17625228815,1380.0,59603.17625228815
13417.208525089127,58336.505352079424,1380.0,59716.505352079424
14450.512653462269,59959.70483627187,1845.0,61804.70483627187
16479.465712645764,63146.951909698866,3060.0,66206.95190969887
16755.60990789917,63580.74202336441,3540.0,67120.74202336441
17890.91548237075,65364.17380523919,3780.0,69144.17380523919
19871.63450427896,68475.65086838951,4200.0,72675.65086838951
20152.13791106907,68916.28879164332,4590.0,73506.28879164332
20276.676389615328,69111.92412163728,4560.0,73671.92412163728
20936.34684297089,70148.1889639249,4500.0,74648.1889639249
21175.5129776,70523.89088527256,4470.0,74993.89088527256
21185.444319364567,70539.49185732614,3810.0,74349.49185732614
21214.873557081966,70585.72173502756,1980.0,72565.72173502756
21173.56820383389,70520.8358739866,1875.0,72395.8358739866
20184.772719613138,68967.55424480555,2250.0,71217.55424480555
20256.145688837114,69079.67280085162,2355.0,71434.67280085162
24145.750219114507,75189.78491005138,2355.0,77544.78491005138
24189.10294263452,75257.88694944499,2325.0,77582.88694944499
23876.060484039124,74766.1339956245,2415.0,77181.1339956245
20651.48650456645,69700.70681257323,2190.0,71890.70681257323
18721.58467195812,66669.05758828923,1860.0,68529.05758828923
16586.177478323072,63314.58356648648,1710.0,65024.58356648648
14257.146738997855,59655.94968423043,1680.0,61335.94968423043
14022.886997269878,59287.95513015991,1635.0,60922.95513015991
13754.975601628918,58867.097778221934,1380.0,60247.097778221934
14234.187920914948,59619.88407620029,1380.0,60999.88407620029
15340.369767264272,61357.56590008326,1845.0,63202.56590008326
16842.088502665192,63716.58974385974,3060.0,66776.58974385975
17005.075591752662,63972.62332746047,3540.0,67512.62332746046
18500.535940297807,66321.81598017011,3780.0,70101.81598017011
21472.915168861855,70991.07481515195,4200.0,75191.07481515195
21848.359102226783,71580.85316041087,4590.0,76170.85316041087
21682.373915246655,71320.10991697303,4560.0,75880.10991697303
21672.770882300745,71305.02467953278,4500.0,75805.02467953278
21730.975020020567,71396.45654719931,4470.0,75866.45654719931
21673.673731552073,71306.44294971948,3810.0,75116.44294971948
21695.517667604938,71340.7572089585,1980.0,73320.7572089585
21558.802123777572,71125.99313889613,1875.0,73000.99313889613
21591.181581018234,71176.85746513687,2250.0,73426.85746513687
21690.494998663857,71332.86718567247,2355.0,73687.86718567247
24792.3612772388,76205.53497549724,2355.0,78560.53497549724
24974.034609921873,76490.92245417398,2325.0,78815.92245417398
24563.858339449194,75846.58368461204,2415.0,78261.58368461204
21033.77020498686,70301.22962894343,2190.0,72491.22962894343
17010.956651459208,63981.86178187098,1860.0,65841.86178187098
15002.76912505616,60827.234922737785,1710.0,62537.234922737785
13850.459889684655,59017.092385680415,1680.0,60697.092385680415
13556.710134030429,58555.646003374466,1635.0,60190.646003374466
13748.387765993315,58856.74906179661,1380.0,60236.74906179661
13998.457629270042,59249.57946084083,1380.0,60629.57946084083
15170.45513411076,61090.64995799199,1845.0,62935.64995799199
16873.553711042765,63766.01789246192,3060.0,66826.01789246191
17025.79096624138,64005.16474896614,3540.0,67545.16474896614
18417.99363147223,66192.15170279934,3780.0,69972.15170279934
21549.09649432584,71110.74673438923,4200.0,75310.74673438923
21906.089016097423,71671.54007808033,4590.0,76261.54007808033
21718.34425019144,71376.61509054717,4560.0,75936.61509054717
21672.770882300745,71305.02467953278,4500.0,75805.02467953278
21699.088026007903,71346.36582287861,4470.0,75816.36582287861
21673.673731552073,71306.44294971948,3810.0,75116.44294971948
21729.839618689362,71394.67296499485,1980.0,73374.67296499485
21688.53426544129,71329.7871039539,1875.0,73204.7871039539
21587.428828827124,71170.96233198716,2250.0,73420.96233198716
21777.603991960154,71469.70518825519,2355.0,73824.70518825519
24973.833976754908,76490.6072830214,2355.0,78845.6072830214
25156.934540830214,76778.23677467002,2325.0,79103.23677467002
24534.04151493199,75799.74495354765,2415.0,78214.74495354765
20973.60533404447,70206.71767955834,2190.0,72396.71767955834
16950.791780516814,63887.349832485896,1860.0,65747.3498324859
15082.19250010444,60951.99972128182,1710.0,62661.99972128182
13573.504042073992,58582.02726144299,1680.0,60262.02726144299
13106.108560337492,57847.803828054566,1635.0,59482.803828054566
13295.353515150975,58145.08543625147,1380.0,59525.08543625147
13417.208525089127,58336.505352079424,1380.0,59716.505352079424
14424.687972983114,59919.13729484611,1845.0,61764.13729484611
16518.285950530335,63207.933946236044,3060.0,66267.93394623604
16690.363090034556,63478.24693194367,3540.0,67018.24693194366
18029.609998799504,65582.0466089431,3780.0,69362.0466089431
19871.63450427896,68475.65086838951,4200.0,72675.65086838951
20152.13791106907,68916.28879164332,4590.0,73506.28879164332
20318.81619444416,69178.12080815379,4560.0,73738.12080815379
20936.34684297089,70148.1889639249,4500.0,74648.1889639249
21240.28785153779,70625.64460818663,4470.0,75095.64460818663
21214.873557081966,70585.72173502756,3810.0,74395.72173502756
21300.404844110788,70720.08134627393,1980.0,72700.08134627393
21259.09949086272,70655.195485233,1875.0,72530.195485233
21039.791479918033,70310.6883450117,2250.0,72560.6883450117
21095.651857460172,70398.43844057743,2355.0,72753.43844057743
24400.485943484255,75589.94482913868,2355.0,77944.94482913868
24466.405338442655,75693.4964602187,2325.0,78018.4964602187
23713.98308397002,74511.52942668155,2415.0,76926.52942668155
21207.801237946587,70574.61195189849,2190.0,72764.61195189849
19299.03200561736,67576.15956185794,1860.0,69436.15956185794
17333.946411275625,64489.240778177606,1710.0,66199.2407781776
14743.874822316684,60420.54236521485,1680.0,62100.54236521485
14157.84130108046,59499.95249891114,1635.0,61134.95249891114
13373.59817034336,58267.998604274,1380.0,59647.998604274
13624.145677352797,58661.57932555082,1380.0,60041.57932555082
14537.66952512795,60096.61805015238,1845.0,61941.61805015238
16497.732450528605,63175.646810546685,3060.0,66235.64681054669
16649.95374627076,63414.76859661831,3540.0,66954.76859661832
17820.374684805192,65253.36249317833,3780.0,69033.36249317833
19788.342100999627,68344.80828068688,4200.0,72544.80828068688
20109.998106240237,68850.09210512682,4590.0,73440.09210512682
20276.676389615328,69111.92412163728,4560.0,73671.92412163728
21149.195833892856,70482.5497419268,4500.0,74982.5497419268
21240.28785153779,70625.64460818663,4470.0,75095.64460818663
21214.873557081966,70585.72173502756,3810.0,74395.72173502756
21280.186492694782,70688.32068966904,1980.0,72668.32068966904
21238.881139446712,70623.43482862809,1875.0,72498.43482862809
21039.791479918033,70310.6883450117,2250.0,72560.6883450117
21160.025465064035,70499.5618211863,2355.0,72854.5618211863
24708.745124985515,76074.18381616201,2355.0,78429.18381616201
24774.66451994391,76177.73544724201,2325.0,78502.73544724201
23713.98308397002,74511.52942668155,2415.0,76926.52942668155
21207.801237946587,70574.61195189849,2190.0,72764.61195189849
19277.89484549356,67542.95556463375,1860.0,69402.95556463375
17333.946411275625,64489.240778177606,1710.0,66199.2407781776
14730.389081605623,60399.35784967382,1680.0,62079.35784967382
14157.84130108046,59499.95249891114,1635.0,61134.95249891114
13373.59817034336,58267.998604274,1380.0,59647.998604274
13624.145677352797,58661.57932555082,1380.0,60041.57932555082
14424.687972983114,59919.13729484611,1845.0,61764.13729484611
16479.465712645764,63146.951909698866,3060.0,66206.95190969887
16576.138980207976,63298.814264385524,3540.0,66838.81426438552
17787.441206433035,65201.627864777576,3780.0,68981.62786477758
19788.342100999627,68344.80828068688,4200.0,72544.80828068688
20152.13791106907,68916.28879164332,4590.0,73506.28879164332
20276.676389615328,69111.92412163728,4560.0,73671.92412163728
21149.195833892856,70482.5497419268,4500.0,74982.5497419268
21240.28785153779,70625.64460818663,4470.0,75095.64460818663
21214.873557081966,70585.72173502756,3810.0,74395.72173502756
21300.404844110788,70720.08134627393,1980.0,72700.08134627393
21259.09949086272,70655.195485233,1875.0,72530.195485233
20505.00833322855,69470.60680074469,2250.0,71720.60680074469
20576.38130245253,69582.72535679079,2355.0,71937.72535679079
24123.18354767612,75154.33531836496,2355.0,77509.33531836496
24276.515165603596,75395.20129024696,2325.0,77720.20129024696
23088.502346202473,73528.97261398878,2415.0,75943.97261398878
19641.132074586803,68113.55861044946,2190.0,70303.55861044946
17679.108415963572,65031.449768336584,1860.0,66891.44976833658
15254.379075881552,61222.48461852723,1710.0,62932.48461852723
13527.173739962494,58509.24779562564,1680.0,60189.24779562564
13056.39485345588,57769.70943052751,1635.0,59404.70943052751
13295.353515150975,58145.08543625147,1380.0,59525.08543625147
13417.208525089127,58336.505352079424,1380.0,59716.505352079424
14390.019473701213,59864.67715227345,1845.0,61709.67715227345
16531.580177763848,63228.817616585984,3060.0,66288.81761658599
16776.1634079009,63613.02915905378,3540.0,67153.02915905378
17968.599276664583,65486.20592663059,3780.0,69266.20592663059
19761.88132218432,68303.24150344776,4200.0,72503.24150344776
20125.6748523314,68874.71843291383,4590.0,73464.71843291383
20292.353135706497,69136.55044942429,4560.0,73696.55044942429
20372.85947387189,69263.01645589428,4500.0,73763.01645589428
20962.663986678042,70189.5301072707,4470.0,74659.5301072707
20742.61272104666,69843.85540118864,3810.0,73653.85540118864
20710.725727033983,69793.7646768679,1980.0,71773.7646768679
20574.01018320663,69579.00060680554,1875.0,71454.00060680554
20230.368886727345,69039.18047072362,2250.0,71289.18047072362
20161.6543069656,68931.23793244947,2355.0,71286.23793244947
24051.270236854754,75041.3679491011,2355.0,77396.3679491011
24154.865348677118,75204.10370855236,2325.0,77529.10370855236
23856.38931398755,74735.23289670849,2415.0,77150.23289670849
20651.48650456645,69700.70681257323,2190.0,71890.70681257323
18721.58467195812,66669.05758828923,1860.0,68529.05758828923
15218.157949478058,61165.58548101233,1710.0,62875.58548101233
13573.504042073992,58582.02726144299,1680.0,60262.02726144299
13106.108560337492,57847.803828054566,1635.0,59482.803828054566
13295.353515150975,58145.08543625147,1380.0,59525.08543625147
13417.208525089127,58336.505352079424,1380.0,59716.505352079424
14390.019473701213,59864.67715227345,1845.0,61709.67715227345
16531.580177763848,63228.817616585984,3060.0,66288.81761658599
16794.646738407173,63642.0643014868,3540.0,67182.0643014868
17743.76245401672,65133.01367226103,3780.0,68913.01367226103
19801.868880313028,68366.05726305461,4200.0,72566.05726305461
20165.66241046012,68937.53419252067,4590.0,73527.53419252067
20292.353135706497,69136.55044942429,4560.0,73696.55044942429
20271.279813408546,69103.44673393048,4500.0,73603.44673393048
20271.361890613214,69103.57566758383,4470.0,73573.57566758383
20304.502841919384,69155.63621160827,3810.0,72965.63621160827
20937.249692222216,70149.60723411158,1980.0,72129.60723411158
20574.01018320663,69579.00060680554,1875.0,71454.00060680554
20184.772719613138,68967.55424480555,2250.0,71217.55424480555
20221.910374802064,69025.89314144936,2355.0,71380.89314144936
24123.18354767612,75154.33531836496,2355.0,77509.33531836496
24259.399788508425,75368.3150420362,2325.0,77693.3150420362
23298.61087045753,73859.02844056542,2415.0,76274.02844056542
20441.38026023373,69370.65456748694,2190.0,71560.65456748694
18240.06735117439,65912.6504035464,1860.0,67772.6504035464
15218.157949478058,61165.58548101233,1710.0,62875.58548101233
13850.459889684655,59017.092385680415,1680.0,60697.092385680415
13556.710134030429,58555.646003374466,1635.0,60190.646003374466
13793.364934189001,58927.402913079124,1380.0,60307.402913079124
13998.457629270042,59249.57946084083,1380.0,60629.57946084083
15156.718601941002,61069.071478510195,1845.0,62914.071478510195
16921.709090996897,63841.6643413208,3060.0,66901.66434132081
17084.69618008438,64097.69792492155,3540.0,67637.69792492155
18435.999318245787,66220.43652299976,3780.0,70000.43652299976
21549.09649432584,71110.74673438923,4200.0,75310.74673438923
21906.089016097423,71671.54007808033,4590.0,76261.54007808033
21682.373915246655,71320.10991697303,4560.0,75880.10991697303
21738.979827397838,71409.03115988987,4500.0,75909.03115988987
21765.29697110499,71450.37230323566,4470.0,75920.37230323566
21739.882676649162,71410.44943007655,3810.0,75220.44943007655
21729.839618689362,71394.67296499485,1980.0,73374.67296499485
21688.53426544129,71329.7871039539,1875.0,73204.7871039539
21526.915129764904,71075.9024145754,2250.0,73325.9024145754
21635.884018570523,71247.07974682974,2355.0,73602.07974682974
24624.86450173941,75942.4172039438,2355.0,78297.4172039438
24806.537834422466,76227.80468262052,2325.0,78552.80468262052
24565.28557084144,75848.82569758392,2415.0,78263.82569758392
21063.587029504066,70348.06836000782,2190.0,72538.06836000782
17113.92364467364,64143.61084072518,1860.0,66003.61084072519
15173.556968470422,61095.52257564095,1710.0,62805.52257564095
13943.361025715769,59163.02916454921,1680.0,60843.02916454921
13709.10128398779,58795.03461047868,1635.0,60430.03461047868
13700.232386039179,58781.10261293773,1380.0,60161.10261293773
13998.457629270042,59249.57946084083,1380.0,60629.57946084083
15156.718601941002,61069.071478510195,1845.0,62914.071478510195
16921.709090996897,63841.6643413208,3060.0,66901.66434132081
17084.69618008438,64097.69792492155,3540.0,67637.69792492155
18435.999318245787,66220.43652299976,3780.0,70000.43652299976
21473.63790424739,70992.21014759937,4200.0,75192.21014759937
21906.814031405305,71672.67899201813,4590.0,76262.67899201813
21719.069265499318,71377.75400448496,4560.0,75937.75400448496
21704.094735492516,71354.23077573204,4500.0,75854.23077573204
21698.342491398857,71345.19467552747,4470.0,75815.19467552747
21672.928196943027,71305.27180236837,3810.0,75115.27180236837
21587.428828827124,71170.96233198716,1980.0,73150.96233198716
21587.428828827124,71170.96233198716,1875.0,73045.96233198716
21318.060562803348,70747.81640770248,2250.0,72997.81640770248
21687.62229650055,71328.35450780572,2355.0,73683.35450780572
24883.852281295305,76349.25660257191,2355.0,78704.25660257191
25065.52561397837,76634.64408124864,2325.0,78959.64408124864
24227.448956669912,75318.12403598509,2415.0,77733.12403598509
21121.027393236014,70438.30042840021,2190.0,72628.30042840021
17368.540813081087,64543.584522313206,1860.0,66403.5845223132
15180.664626402251,61106.68787187074,1710.0,62816.68787187074
13527.173739962494,58509.24779562564,1680.0,60189.24779562564
13056.39485345588,57769.70943052751,1635.0,59404.70943052751
13295.353515150975,58145.08543625147,1380.0,59525.08543625147
13417.208525089127,58336.505352079424,1380.0,59716.505352079424
14424.687972983114,59919.13729484611,1845.0,61764.13729484611
16518.285950530335,63207.933946236044,3060.0,66267.93394623604
16776.1634079009,63613.02915905378,3540.0,67153.02915905378
17968.599276664583,65486.20592663059,3780.0,69266.20592663059
19761.88132218432,68303.24150344776,4200.0,72503.24150344776
20125.6748523314,68874.71843291383,4590.0,73464.71843291383
20292.353135706497,69136.55044942429,4560.0,73696.55044942429
20313.52449466557,69169.80816900404,4500.0,73669.80816900404
20116.5642826135,68860.40679739362,4470.0,73330.40679739362
20288.110200209747,69129.88529584494,3810.0,72939.88529584494
20004.563097079947,68684.46608294663,1980.0,70664.46608294663
20004.563097079947,68684.46608294663,1875.0,70559.46608294663
19399.75897512112,67734.3898064232,2250.0,69984.3898064232
19534.397509685972,67945.89113875812,2355.0,70300.89113875812
21844.8229426591,71575.29826884634,2355.0,73930.29826884634
21910.7423376175,71678.84989992635,2325.0,74003.84989992635
21274.555084485764,70679.4744084541,2415.0,73094.4744084541
19722.876410589248,68241.96936619059,2190.0,70431.96936619059
17868.235954775937,65328.54692977941,1860.0,67188.5469297794
15190.136563812917,61121.567173614654,1710.0,62831.567173614654
13824.155285550438,58975.77094053168,1680.0,60655.77094053168
13477.708544617237,58431.54378054896,1635.0,60066.54378054896
13895.20450580045,59087.38092494513,1380.0,60467.38092494513
14017.060655699783,59278.80263151828,1380.0,60658.80263151828
14815.268310841826,60532.69315467426,1845.0,62377.69315467426
16855.77829642673,63738.094802788924,3060.0,66798.09480278892
16789.613809815513,63634.158161494095,3540.0,67174.1581614941
17638.34568423524,64967.416302003796,3780.0,68747.4163020038
19273.56071310274,67536.1471514396,4200.0,71736.1471514396
20356.576268435136,69237.43745166872,4590.0,73827.43745166872
20781.268804521904,69904.57957041916,4560.0,74464.57957041916
20987.41482372949,70228.410766732,4500.0,74728.410766732
20999.911078139856,70248.04091545228,4470.0,74718.04091545228
21078.700634774326,70371.81005967333,3810.0,74181.81005967333
21844.980257301373,71575.54539168191,1980.0,73555.54539168191
21895.918282485913,71655.56304953789,1875.0,73530.56304953789
21077.70658862893,70370.24852987182,2250.0,72620.24852987182
21063.11964542193,70347.33415448187,2355.0,72702.33415448187
23241.03599130682,73768.58506424115,2355.0,76123.58506424115
23384.231074458083,73993.52772993625,2325.0,76318.52772993625
22687.509602962957,72899.06008763889,2415.0,75314.06008763889
21251.543828188762,70643.32642614543,2190.0,72833.32642614543
18853.106552668025,66875.6630232878,1860.0,68735.6630232878
16699.14193105027,63492.037460614985,1710.0,65202.037460614985
13856.254312341825,59026.19474345684,1680.0,60706.19474345684
13525.255185303433,58506.233971478934,1635.0,60141.233971478934
13942.75114648665,59162.0711158751,1380.0,60542.0711158751
14014.894729465545,59275.40021566639,1380.0,60655.40021566639
14813.102384607588,60529.29073882236,1845.0,62374.29073882236
16758.760760589397,63585.69164305634,3060.0,66645.69164305634
16785.219259482365,63627.25483880509,3540.0,67167.2548388051
17942.828174360697,65445.722550228515,3780.0,69225.72255022851
19719.306052186283,68236.3607522705,4200.0,72436.3607522705
20627.893868069725,69663.64555022008,4590.0,74253.64555022008
21009.785421845623,70263.55235024657,4560.0,74823.55235024657
21453.360274850227,70960.35637224483,4500.0,75460.35637224483
22090.055950666432,71960.53053606972,4470.0,76430.53053606972
22064.641656210595,71920.60766291062,3810.0,75730.60766291062
21588.776262937055,71173.07899279609,1980.0,73153.07899279609
21452.060719109686,70958.3149227337,1875.0,72833.3149227337
20799.73617557171,69933.58964241957,2250.0,72183.58964241957
20562.489735562835,69560.90333596378,2355.0,71915.90333596378
22788.50788322659,73057.71652955824,2355.0,75412.71652955824
22930.708920232457,73281.09766545186,2325.0,75606.09766545186
22100.005531809802,71976.16016004625,2415.0,74391.16016004625
20269.038649736696,69099.92612889636,2190.0,71289.92612889636
18281.30088686838,65977.42344764069,1860.0,67837.42344764069
15557.666886694646,61698.914165797854,1710.0,63408.914165797854
13824.155285550438,58975.77094053168,1680.0,60655.77094053168
13477.708544617237,58431.54378054896,1635.0,60066.54378054896
13895.20450580045,59087.38092494513,1380.0,60467.38092494513
14017.060655699783,59278.80263151828,1380.0,60658.80263151828
14820.586229727467,60541.04698096327,1845.0,62386.04698096327
16855.77829642673,63738.094802788924,3060.0,66798.09480278892
16803.702589988632,63656.28998123811,3540.0,67196.28998123811
17666.461686677983,65011.58324125184,3780.0,68791.58324125185
19565.988113792908,67995.5162693307,4200.0,72195.5162693307
20450.905775819676,69385.61803425457,4590.0,73975.61803425457
20832.79960951792,69985.52841577143,4560.0,74545.52841577143
21339.67194677632,70781.76535492373,4500.0,75281.76535492373
21957.567382879344,71752.40654915411,4470.0,76222.40654915411
21727.678252299822,71391.27771212367,3810.0,75201.27771212367
21248.614127966666,70638.72421101943,1980.0,72618.72421101943
21203.250512932344,70567.46329711913,1875.0,72442.46329711913
21014.23127043169,70270.53625646891,2250.0,72520.53625646891
20959.909840477034,70185.20366690321,2355.0,72540.20366690321
23193.107463626686,73693.29497367413,2355.0,76048.29497367413
23335.308500632556,73916.67610956774,2325.0,76241.67610956774
22687.509602962957,72899.06008763889,2415.0,75314.06008763889
21146.04726112498,70477.60370372524,2190.0,72667.60370372524
18747.609985604235,66709.94030086759,1860.0,68569.94030086759
16595.171772001035,63328.7125459978,1710.0,65038.7125459978
13856.254312341825,59026.19474345684,1680.0,60706.19474345684
13525.255185303433,58506.233971478934,1635.0,60141.233971478934
13942.75114648665,59162.0711158751,1380.0,60542.0711158751
14014.894729465545,59275.40021566639,1380.0,60655.40021566639
14813.102384607588,60529.29073882236,1845.0,62374.29073882236
16758.760760589397,63585.69164305634,3060.0,66645.69164305634
16785.219259482365,63627.25483880509,3540.0,67167.2548388051
18062.34626388822,65633.47143842679,3780.0,69413.47143842679
19719.306052186283,68236.3607522705,4200.0,72436.3607522705
20627.893868069725,69663.64555022008,4590.0,74253.64555022008
21009.785421845623,70263.55235024657,4560.0,74823.55235024657
21104.114929230156,70411.73293283243,4500.0,74911.73293283243
21103.120883084754,70410.17140303091,4470.0,74880.17140303091
21077.70658862893,70370.24852987182,3810.0,74180.24852987182
20962.00052927366,70188.48789357289,1980.0,72168.48789357289
20974.496783684026,70208.11804229316,1875.0,72083.11804229316
20799.73617557171,69933.58964241957,2250.0,72183.58964241957
20785.149232364714,69910.67526702961,2355.0,72265.67526702961
23011.16510010611,73407.48487913367,2355.0,75762.48487913367
23153.366137111974,73630.86601502728,2325.0,75955.86601502728
22546.624081154096,72677.74547168902,2415.0,75092.74547168902
21001.673458117824,70250.80940750863,2190.0,72440.80940750863
18603.237322558252,66483.14779539616,1860.0,68343.14779539616
16490.20414692287,63163.82072934355,1710.0,64873.82072934355
14206.61453999194,59576.569531660396,1680.0,61256.569531660396
14028.503585983606,59296.77813168744,1635.0,60931.77813168744
14413.192604485199,59901.07942039843,1380.0,61281.07942039843
14618.285299566236,60223.25596816014,1380.0,61603.25596816014
15567.275619446425,61714.00835696399,1845.0,63559.00835696399
17217.068471831513,64305.639255828275,3060.0,67365.63925582828
17181.009219915006,64248.99440412968,3540.0,67788.99440412968
18556.354139276442,66409.49981816398,3780.0,70189.49981816398
21394.130172072088,70867.31283391164,4200.0,75067.31283391164
22095.935870411788,71969.76719973504,4590.0,76559.76719973504
22136.7989187236,72033.95825164412,4560.0,76593.95825164412
22369.708946419298,72399.83256341534,4500.0,76899.83256341534
22722.650046171686,72954.26159871824,4470.0,77424.26159871824
22812.832374798243,73095.92745032028,3810.0,76905.92745032028
22813.520911348496,73097.00906041215,1980.0,75077.00906041215
22676.805367521127,72882.24499034976,1875.0,74757.24499034976
22334.251594003665,72344.13322517455,2250.0,74594.13322517455
22412.60568546894,72467.21830473485,2355.0,74822.21830473485
25102.16396617225,76692.19863150135,2355.0,79047.19863150135
25237.331442722727,76904.53086960218,2325.0,79229.53086960218
24802.44081395623,76221.36874442488,2415.0,78636.36874442488
22911.427616903035,73250.80900138916,2190.0,75440.80900138916
19550.167732593567,67970.66430765034,1860.0,69830.66430765034
17601.618415069643,64909.72207362666,1710.0,66619.72207362666
14686.644211441097,60330.63979393652,1680.0,62010.63979393652
14566.901549561911,60142.53812893675,1635.0,61777.53812893675
14501.815466223103,60040.295532587115,1380.0,61420.295532587115
14751.885329499832,60433.12593163134,1380.0,61813.12593163134
15567.275619446425,61714.00835696399,1845.0,63559.00835696399
17217.068471831513,64305.639255828275,3060.0,67365.63925582828
17455.010288157693,64679.41791684703,3540.0,68219.41791684703
18824.109360236296,66830.11183801157,3780.0,70610.11183801157
21689.197722845667,71330.82931765169,4200.0,75530.82931765169
22398.791635939215,72445.51805458046,4590.0,77035.51805458046
22461.41426317688,72543.89085058487,4560.0,77103.89085058487
22952.942723007476,73316.0243595442,4500.0,77816.0243595442
22952.942723007476,73316.0243595442,4470.0,77786.0243595442
22927.528428551654,73276.10148638513,3810.0,77086.10148638513
22847.84286243291,73150.92481644847,1980.0,75130.92481644847
22806.537509184844,73086.03895540754,1875.0,74961.03895540754
22610.56678343347,72778.1919506179,2250.0,75028.1919506179
22651.28847655946,72842.16095012399,2355.0,75197.16095012399
25166.32098115269,76792.98177052503,2355.0,79147.98177052503
25306.292254098465,77012.86020883637,2325.0,79337.86020883637
24784.04412049933,76192.46969862594,2415.0,78607.46969862594
22962.87178484969,73331.6217501074,2190.0,75521.6217501074
19601.61190054021,68051.47705636853,1860.0,69911.47705636853
18009.706276668043,65550.7801980093,1710.0,67260.7801980093
15494.8687054359,61600.26559503494,1680.0,63280.26559503494
15045.23039893661,60893.93659939655,1635.0,62528.93659939655
14399.167662137925,59879.04788238477,1380.0,61259.04788238477
14452.512145364824,59962.84580332674,1380.0,61342.84580332674
15359.181406589207,61387.11677712964,1845.0,63232.11677712964
16875.85871254046,63769.63877922642,3060.0,66829.63877922643
16934.25550369901,63861.373282829234,3540.0,67401.37328282924
18130.465783916145,65740.47920771428,3780.0,69520.47920771428
19554.8187741913,67977.97054800601,4200.0,72177.97054800601
20615.39761365936,69644.01540149981,4590.0,74234.01540149981
20997.289167435254,70243.9222015263,4560.0,74803.9222015263
21103.120883084754,70410.17140303091,4500.0,74910.17140303091
21363.48117589646,70819.16685886204,4470.0,75289.16685886204
21354.103855263398,70804.43618896851,3810.0,74614.43618896851
22032.633826313286,71870.32711960028,1980.0,73850.32711960028
21895.918282485913,71655.56304953789,1875.0,73530.56304953789
21014.23127043169,70270.53625646891,2250.0,72520.53625646891
20959.909840477034,70185.20366690321,2355.0,72540.20366690321
23193.107463626686,73693.29497367413,2355.0,76048.29497367413
23335.308500632556,73916.67610956774,2325.0,76241.67610956774
22871.672610854213,73188.35855380012,2415.0,75603.35855380012
21413.808181890716,70898.22467729876,2190.0,73088.22467729876
19286.781982820987,67556.91621409767,1860.0,69416.91621409767
17149.602149557395,64199.657583531916,1710.0,65909.65758353192
15308.968396712544,61308.23803321144,1680.0,62988.23803321144
14859.330090213256,60601.909037573045,1635.0,62236.909037573045
14399.167662137925,59879.04788238477,1380.0,61259.04788238477
14452.512145364824,59962.84580332674,1380.0,61342.84580332674
15391.119698854789,61437.288084983695,1845.0,63282.288084983695
16907.797004806045,63819.810087080485,3060.0,66879.81008708049
16988.10042988213,63945.9573409075,3540.0,67485.95734090751
18184.310710099267,65825.06326579255,3780.0,69605.06326579255
19830.534344042564,68411.08734148192,4200.0,72611.08734148192
20726.62590551564,69818.74199071123,4590.0,74408.74199071123
21097.699227732115,70401.65461893007,4560.0,74961.65461893007
21746.414654187145,71420.7103999878,4500.0,75920.7103999878
22354.21459411627,72375.49275485797,4470.0,76845.49275485797
22328.800299660452,72335.56988169887,3810.0,76145.56988169887
22472.00678242347,72560.53045484582,1980.0,74540.53045484582
22366.32782157154,72394.52121319603,1875.0,74269.52121319603
21160.039144598144,70499.58331012852,2250.0,72749.58331012852
21063.11964542193,70347.33415448187,2355.0,72702.33415448187
23241.03599130682,73768.58506424115,2355.0,76123.58506424115
23383.237028312687,73991.96620013478,2325.0,76316.96620013478
22851.996880957944,73157.45029190338,2415.0,75572.45029190338
21413.808181890716,70898.22467729876,2190.0,73088.22467729876
19122.293564864827,67298.524219088,1860.0,69158.524219088
17149.602149557395,64199.657583531916,1710.0,65909.65758353192
14810.202323376065,60524.73508307118,1680.0,62204.73508307118
14513.248136856346,60058.254916049606,1635.0,61693.254916049606
14399.167662137925,59879.04788238477,1380.0,61259.04788238477
14452.512145364824,59962.84580332674,1380.0,61342.84580332674
15439.211240983072,61512.834252112196,1845.0,63357.834252112196
16955.888546934326,63895.35625420898,3060.0,66955.35625420898
17039.80336901571,64027.17658878275,3540.0,67567.17658878275
18209.639507466898,65864.85183306274,3780.0,69644.85183306274
20077.657407679555,68799.28866422237,4200.0,72999.28866422237
20923.241849292583,70127.6025572757,4590.0,74717.6025572757
21368.877752103243,70827.64424656885,4560.0,75387.64424656885
22090.055950666432,71960.53053606972,4500.0,76460.53053606972
22354.21459411627,72375.49275485797,4470.0,76845.49275485797
22328.800299660452,72335.56988169887,3810.0,76145.56988169887
22259.1577915015,72226.16967684394,1980.0,74206.16967684394
21895.918282485913,71655.56304953789,1875.0,73530.56304953789
21014.23127043169,70270.53625646891,2250.0,72520.53625646891
20959.909840477034,70185.20366690321,2355.0,72540.20366690321
23193.107463626686,73693.29497367413,2355.0,76048.29497367413
23335.308500632556,73916.67610956774,2325.0,76241.67610956774
22687.509602962957,72899.06008763889,2415.0,75314.06008763889
21249.318623973377,70639.83089154388,2190.0,72829.83089154388
19122.293564864827,67298.524219088,1860.0,69158.524219088
17149.602149557395,64199.657583531916,1710.0,65909.65758353192
14659.46069724025,60287.93768424997,1680.0,61967.93768424997
14513.248136856346,60058.254916049606,1635.0,61693.254916049606
14367.228229911167,59828.874783785526,1380.0,61208.874783785526
14452.512145364824,59962.84580332674,1380.0,61342.84580332674
15391.119698854789,61437.288084983695,1845.0,63282.288084983695
16907.797004806045,63819.810087080485,3060.0,66879.81008708049
16934.25550369901,63861.373282829234,3540.0,67401.37328282924
18130.465783916145,65740.47920771428,3780.0,69520.47920771428
19830.534344042564,68411.08734148192,4200.0,72611.08734148192
21011.816832661105,70266.74345816662,4590.0,74856.74345816662
21368.877752103243,70827.64424656885,4560.0,75387.64424656885
21297.703136123877,70715.83728018499,4500.0,75215.83728018499
21746.414654187145,71420.7103999878,4470.0,75890.7103999878
21914.622765460314,71684.94559653684,3810.0,75494.94559653684
21994.999148051662,71811.2074580557,1980.0,73791.2074580557
21077.70658862893,70370.24852987182,1875.0,72245.24852987182
20694.235048663224,69767.85975701864,2250.0,72017.85975701864
20562.489735562835,69560.90333596378,2355.0,71915.90333596378
22788.50788322659,73057.71652955824,2355.0,75412.71652955824
23010.25997093243,73406.0630274566,2325.0,75731.0630274566
22546.624081154096,72677.74547168902,2415.0,75092.74547168902
20916.92418445567,70117.67824745928,2190.0,72307.67824745928
18603.237322558252,66483.14779539616,1860.0,68343.14779539616
15897.821041936808,62233.256412358205,1710.0,63943.256412358205
13847.29763738267,59012.12485853665,1680.0,60692.12485853665
13475.542618383,58428.14136469706,1635.0,60063.14136469706
13893.038579566217,59083.97850909324,1380.0,60463.97850909324
14014.894729465545,59275.40021566639,1380.0,60655.40021566639
14813.102384607588,60529.29073882236,1845.0,62374.29073882236
16758.760760589397,63585.69164305634,3060.0,66645.69164305634
16785.219259482365,63627.25483880509,3540.0,67167.2548388051
17942.828174360697,65445.722550228515,3780.0,69225.72255022851
19554.8187741913,67977.97054800601,4200.0,72177.97054800601
20615.39761365936,69644.01540149981,4590.0,74234.01540149981
20997.289167435254,70243.9222015263,4560.0,74803.9222015263
21379.518149719224,70844.3590621276,4500.0,75344.3590621276
21453.360274850227,70960.35637224483,4470.0,75430.35637224483
21354.103855263398,70804.43618896851,3810.0,74614.43618896851
21268.424373281698,70669.84378084802,1980.0,72649.84378084802
21077.70658862893,70370.24852987182,1875.0,72245.24852987182
20799.73617557171,69933.58964241957,2250.0,72183.58964241957
20785.149232364714,69910.67526702961,2355.0,72265.67526702961
23011.16510010611,73407.48487913367,2355.0,75762.48487913367
23047.86957004819,73465.14329260713,2325.0,75790.14329260713
22381.17923577135,72417.85104146897,2415.0,74832.85104146897
20287.57213853471,69129.04006411752,2190.0,71319.04006411752
18266.191841442815,65953.68891095588,1860.0,67813.68891095588
15762.829119407419,62021.19994901586,1710.0,63731.19994901586
14151.828005877513,59490.50631805914,1680.0,61170.50631805914
13999.025329935646,59250.47125194306,1635.0,60885.47125194306
14383.714348437235,59854.77254065405,1380.0,61234.77254065405
14588.807043518278,60176.94908841577,1380.0,61556.94908841577
15543.115282284109,61676.055303508634,1845.0,63521.055303508634
17282.441825386653,64408.33311996457,3060.0,67468.33311996458
17199.492550421273,64278.02954656269,3540.0,67818.0295465627
18455.004750970627,66250.2918267276,3780.0,70030.2918267276
20675.320812832455,69738.14771290561,4200.0,73938.14771290561
21616.028174808445,71215.88854719371,4590.0,75805.88854719371
22136.7989187236,72033.95825164412,4560.0,76593.95825164412
22369.708946419298,72399.83256341534,4500.0,76899.83256341534
22623.819972064644,72799.01115414115,4470.0,77269.01115414115
22620.33625071105,72793.53863685516,3810.0,76603.53863685516
22781.633917335825,73046.91833609142,1980.0,75026.91833609142
22644.91837350846,72832.15426602904,1875.0,74707.15426602904
22304.70152040162,72297.71352848351,2250.0,74547.71352848351
22345.977234659123,72362.55283014964,2355.0,74717.55283014964
25187.734011881057,76826.61912808403,2355.0,79181.61912808403
25322.901488431533,77038.95136618489,2325.0,79363.95136618489
24706.615677508904,76070.83870415603,2415.0,78485.83870415603
22358.83599672343,72382.7524358388,2190.0,74572.7524358388
18654.4022000168,66563.521811544,1860.0,68423.521811544
16718.997774812346,63523.228660251,1710.0,65233.228660251
14165.85864803066,59512.54680979872,1680.0,61192.54680979872
14028.503585983606,59296.77813168744,1635.0,60931.77813168744
14413.192604485199,59901.07942039843,1380.0,61281.07942039843
14618.285299566236,60223.25596816014,1380.0,61603.25596816014
15567.275619446425,61714.00835696399,1845.0,63559.00835696399
17217.068471831513,64305.639255828275,3060.0,67365.63925582828
17181.009219915006,64248.99440412968,3540.0,67788.99440412968
18794.301655408497,66783.28743290866,3780.0,70563.28743290866
21581.140802980783,71161.08458154552,4200.0,75361.08458154552
22364.15277564789,72391.10447138263,4590.0,76981.10447138263
22399.263579866045,72446.25942308715,4560.0,77006.25942308715
22342.814982357133,72357.58530300584,4500.0,76857.58530300584
22303.08049560947,72295.16708883013,4470.0,76765.16708883013
22277.666201153646,72255.24421567103,3810.0,76065.24421567103
22192.16683303774,72120.93474528982,1980.0,74100.93474528982
22192.16683303774,72120.93474528982,1875.0,73995.93474528982
21525.250786448065,71073.28792660499,2250.0,73323.28792660499
22164.72112776644,72077.82076421067,2355.0,74432.82076421067
25160.026115539287,76783.09327561228,2355.0,79138.09327561228
25108.185241103427,76701.65734756964,2325.0,79026.65734756964
24249.849193776627,75353.3121788745,2415.0,77768.3121788745
22298.67112578104,72288.24048645374,2190.0,74478.24048645374
18594.237329074414,66469.00986215891,1860.0,68329.00986215891
16419.226744226937,63052.32356187674,1710.0,64762.32356187674
13847.29763738267,59012.12485853665,1680.0,60692.12485853665
13475.542618383,58428.14136469706,1635.0,60063.14136469706
13893.038579566217,59083.97850909324,1380.0,60463.97850909324
14014.894729465545,59275.40021566639,1380.0,60655.40021566639
14815.268310841826,60532.69315467426,1845.0,62377.69315467426
16808.888273377866,63664.43608108563,3060.0,66724.43608108563
16785.219259482365,63627.25483880509,3540.0,67167.2548388051
17942.828174360697,65445.722550228515,3780.0,69225.72255022851
19565.988113792908,67995.5162693307,4200.0,72195.5162693307
20462.075115421278,69403.16375557928,4590.0,73993.16375557928
20835.024813733304,69989.02395037297,4560.0,74549.02395037297
21103.120883084754,70410.17140303091,4500.0,74910.17140303091
21255.09594721291,70648.90638814254,4470.0,75118.90638814254
21229.68165275708,70608.98351498344,3810.0,74418.98351498344
21244.615144161555,70632.4422769097,1980.0,72612.4422769097
21203.250512932344,70567.46329711913,1875.0,72442.46329711913
21137.472473159753,70464.13371844207,2250.0,72714.13371844207
21096.51138818681,70399.78866244708,2355.0,72754.78866244708
23241.03599130682,73768.58506424115,2355.0,76123.58506424115
23383.237028312687,73991.96620013478,2325.0,76316.96620013478
22687.509602962957,72899.06008763889,2415.0,75314.06008763889
21251.543828188762,70643.32642614543,2190.0,72833.32642614543
18853.106552668025,66875.6630232878,1860.0,68735.6630232878
16595.171772001035,63328.7125459978,1710.0,65038.7125459978
13856.254312341825,59026.19474345684,1680.0,60706.19474345684
13525.255185303433,58506.233971478934,1635.0,60141.233971478934
13942.75114648665,59162.0711158751,1380.0,60542.0711158751
14014.894729465545,59275.40021566639,1380.0,60655.40021566639
14813.102384607588,60529.29073882236,1845.0,62374.29073882236
16758.760760589397,63585.69164305634,3060.0,66645.69164305634
16785.219259482365,63627.25483880509,3540.0,67167.2548388051
18062.34626388822,65633.47143842679,3780.0,69413.47143842679
19767.05902584532,68311.37506807898,4200.0,72511.37506807898
20663.1505873184,69719.02971730831,4590.0,74309.02971730831
21109.511505436934,70420.21032053922,4560.0,74980.21032053922
22127.690628928052,72019.65019761429,4500.0,76519.65019761429
22354.21459411627,72375.49275485797,4470.0,76845.49275485797
22328.800299660452,72335.56988169887,3810.0,76145.56988169887
22472.00678242347,72560.53045484582,1980.0,74540.53045484582
22495.476303113184,72597.39831671897,1875.0,74472.39831671897
21168.89892285735,70513.50098170798,2250.0,72763.50098170798
21154.311979650352,70490.58660631801,2355.0,72845.58660631801
23261.730846494364,73801.09425233347,2355.0,76156.09425233347
23372.418796753256,73974.9720283271,2325.0,76299.9720283271
22851.996880957944,73157.45029190338,2415.0,75572.45029190338
21249.318623973377,70639.83089154388,2190.0,72829.83089154388
19122.293564864827,67298.524219088,1860.0,69158.524219088
16734.663121291753,63547.83708058616,1710.0,65257.83708058616
14112.85045335066,59429.277158686404,1680.0,61109.277158686404
13867.17856029061,59043.35545456673,1635.0,60678.35545456673
13942.75114648665,59162.0711158751,1380.0,60542.0711158751
14014.894729465545,59275.40021566639,1380.0,60655.40021566639
14813.102384607588,60529.29073882236,1845.0,62374.29073882236
16758.760760589397,63585.69164305634,3060.0,66645.69164305634
16785.219259482365,63627.25483880509,3540.0,67167.2548388051
17942.828174360697,65445.722550228515,3780.0,69225.72255022851
19273.56071310274,67536.1471514396,4200.0,71736.1471514396
20277.06169649278,69112.52939350987,4590.0,73702.52939350987
20691.911807786706,69764.21021833117,4560.0,74324.21021833117
20822.925265812155,69970.01698097715,4500.0,74470.01698097715
20825.150470027536,69973.51251557867,4470.0,74443.51251557867
20799.73617557171,69933.58964241957,3810.0,73743.58964241957
20797.510971356325,69930.09410781803,1980.0,71910.09410781803
20799.73617557171,69933.58964241957,1875.0,71808.58964241957
20656.623169625112,69708.7759103778,2250.0,71958.7759103778
20562.489735562835,69560.90333596378,2355.0,71915.90333596378
22868.058933926575,73182.68189156301,2355.0,75537.68189156301
23010.25997093243,73406.0630274566,2325.0,75731.0630274566
22546.624081154096,72677.74547168902,2415.0,75092.74547168902
20324.21049072859,69186.59461437022,2190.0,71376.59461437022
18266.191841442815,65953.68891095588,1860.0,67813.68891095588
15781.360328283079,62050.31030274666,1710.0,63760.31030274666
13792.511103268243,58926.06164493539,1680.0,60606.06164493539
13446.06436233504,58381.83448495268,1635.0,60016.83448495268
13895.20450580045,59087.38092494513,1380.0,60467.38092494513
13985.416473417585,59229.09333592201,1380.0,60609.09333592201
14813.102384607588,60529.29073882236,1845.0,62374.29073882236
16777.244091095665,63614.72678548936,3060.0,66674.72678548936
16785.219259482365,63627.25483880509,3540.0,67167.2548388051
17662.067136344835,65004.679918562855,3780.0,68784.67991856285
19512.23438450386,67911.07547086726,4200.0,72111.07547086726
20462.075115421278,69403.16375557928,4590.0,73993.16375557928
20835.024813733304,69989.02395037297,4560.0,74549.02395037297
21039.645564887513,70310.45912962798,4500.0,74810.45912962798
21103.120883084754,70410.17140303091,4470.0,74880.17140303091
21229.68165275708,70608.98351498344,3810.0,74418.98351498344
21588.776262937055,71173.07899279609,1980.0,73153.07899279609
21149.20495358226,70482.56406788826,1875.0,72357.56406788826
21111.098331393805,70422.70303783704,2250.0,72672.70303783704
21063.11964542193,70347.33415448187,2355.0,72702.33415448187
23241.03599130682,73768.58506424115,2355.0,76123.58506424115
23384.231074458083,73993.52772993625,2325.0,76318.52772993625
22687.509602962957,72899.06008763889,2415.0,75314.06008763889
21251.543828188762,70643.32642614543,2190.0,72833.32642614543
18853.106552668025,66875.6630232878,1860.0,68735.6630232878
16699.14193105027,63492.037460614985,1710.0,65202.037460614985
13911.58460793716,59113.11214251144,1680.0,60793.11214251144
13622.805083009922,58659.47340921301,1635.0,60294.47340921301
13942.75114648665,59162.0711158751,1380.0,60542.0711158751
14014.894729465545,59275.40021566639,1380.0,60655.40021566639
14813.102384607588,60529.29073882236,1845.0,62374.29073882236
16758.760760589397,63585.69164305634,3060.0,66645.69164305634
16785.219259482365,63627.25483880509,3540.0,67167.2548388051
17942.828174360697,65445.722550228515,3780.0,69225.72255022851
19563.762909577516,67992.02073472917,4200.0,72192.02073472917
20450.905775819676,69385.61803425457,4590.0,73975.61803425457
20832.79960951792,69985.52841577143,4560.0,74545.52841577143
20987.41482372949,70228.410766732,4500.0,74728.410766732
21039.645564887513,70310.45912962798,4470.0,74780.45912962798
21014.23127043169,70270.53625646891,3810.0,74080.53625646891
20962.00052927366,70188.48789357289,1980.0,72168.48789357289
20797.510971356325,69930.09410781803,1875.0,71805.09410781803
20797.510971356325,69930.09410781803,2250.0,72180.09410781803
20782.924028149326,69907.17973242806,2355.0,72262.17973242806
23011.16510010611,73407.48487913367,2355.0,75762.48487913367
23153.366137111974,73630.86601502728,2325.0,75955.86601502728
22546.624081154096,72677.74547168902,2415.0,75092.74547168902
21001.673458117824,70250.80940750863,2190.0,72440.80940750863
18603.237322558252,66483.14779539616,1860.0,68343.14779539616
15897.821041936808,62233.256412358205,1710.0,63943.256412358205
14206.61453999194,59576.569531660396,1680.0,61256.569531660396
14028.503585983606,59296.77813168744,1635.0,60931.77813168744
14413.192604485199,59901.07942039843,1380.0,61281.07942039843
14588.807043518278,60176.94908841577,1380.0,61556.94908841577
15567.275619446425,61714.00835696399,1845.0,63559.00835696399
17235.551802337784,64334.67439826129,3060.0,67394.6743982613
17181.009219915006,64248.99440412968,3540.0,67788.99440412968
18405.747028559384,66172.91372727463,3780.0,69952.91372727463
20675.320812832455,69738.14771290561,4200.0,73938.14771290561
21616.028174808445,71215.88854719371,4590.0,75805.88854719371
22136.7989187236,72033.95825164412,4560.0,76593.95825164412
22227.624185453376,72176.63408353063,4500.0,76676.63408353063
22369.708946419298,72399.83256341534,4470.0,76869.83256341534
22344.294651963464,72359.90969025626,3810.0,76169.90969025626
22781.633917335825,73046.91833609142,1980.0,75026.91833609142
22589.75337228363,72745.4965250263,1875.0,74620.4965250263
22433.69952706805,72500.354253642,2250.0,74750.354253642
22412.60568546894,72467.21830473485,2355.0,74822.21830473485
25139.974198454966,76751.59406780443,2355.0,79106.59406780443
25237.331442722727,76904.53086960218,2325.0,79229.53086960218
24830.148710298006,76264.89459689663,2415.0,78679.89459689663
22911.427616903035,73250.80900138916,2190.0,75440.80900138916
19363.16166152958,67676.89972299719,1860.0,69536.89972299719
16853.76512499007,63734.932346791844,1710.0,65444.932346791844
14644.766597682717,60264.8549788126,1680.0,61944.8549788126
14348.790497851933,59799.911271159915,1635.0,61434.911271159915
14501.815466223103,60040.295532587115,1380.0,61420.295532587115
14751.885329499832,60433.12593163134,1380.0,61813.12593163134
15567.275619446425,61714.00835696399,1845.0,63559.00835696399
17217.068471831513,64305.639255828275,3060.0,67365.63925582828
17375.83884452929,64555.048872988926,3540.0,68095.04887298893
18824.109360236296,66830.11183801157,3780.0,70610.11183801157
20914.224756391108,70113.43776286072,4200.0,74313.43776286072
21490.798879789596,71019.16802561753,4590.0,75609.16802561753
21531.661928101414,71083.35907752662,4560.0,75643.35907752662
22227.624185453376,72176.63408353063,4500.0,76676.63408353063
22303.08049560947,72295.16708883013,4470.0,76765.16708883013
22344.294651963464,72359.90969025626,3810.0,76169.90969025626
22743.999239074205,72987.79867454685,1980.0,74967.79867454685
22676.805367521127,72882.24499034976,1875.0,74757.24499034976
22433.69952706805,72500.354253642,2250.0,74750.354253642
22489.486947094934,72587.98974151585,2355.0,74942.98974151585
25139.974198454966,76751.59406780443,2355.0,79106.59406780443
25237.331442722727,76904.53086960218,2325.0,79229.53086960218
24830.148710298006,76264.89459689663,2415.0,78679.89459689663
22724.4192659167,72957.04083524564,2190.0,75147.04083524564
19363.16166152958,67676.89972299719,1860.0,69536.89972299719
16761.99597040664,63590.773777891976,1710.0,65300.773777891976
14315.239160522431,59747.20605886879,1680.0,61427.20605886879
13867.17856029061,59043.35545456673,1635.0,60678.35545456673
13906.112794292776,59104.516565622434,1380.0,60484.516565622434
14014.894729465545,59275.40021566639,1380.0,60655.40021566639
14813.102384607588,60529.29073882236,1845.0,62374.29073882236
16758.760760589397,63585.69164305634,3060.0,66645.69164305634
16785.219259482365,63627.25483880509,3540.0,67167.2548388051
18062.34626388822,65633.47143842679,3780.0,69413.47143842679
19460.486986884414,67829.7863839298,4200.0,72029.7863839298
20459.849911205893,69399.66822097775,4590.0,73989.66822097775
20832.79960951792,69985.52841577143,4560.0,74545.52841577143
20999.911078139856,70248.04091545228,4500.0,74748.04091545228
21136.51262584964,70462.62591099614,4470.0,74932.62591099614
21122.22891231543,70440.18787382543,3810.0,74250.18787382543
21473.179639854672,70991.49026803493,1980.0,72971.49026803493
21725.795036437212,71388.31940107771,1875.0,73263.31940107771
21066.888357069507,70353.25435806418,2250.0,72603.25435806418
21064.113691567334,70348.89568428336,2355.0,72703.89568428336
23242.030037452216,73770.14659404264,2355.0,76125.14659404264
23384.231074458083,73993.52772993625,2325.0,76318.52772993625
22897.953275803735,73229.64239329998,2415.0,75644.64239329998
21249.318623973377,70639.83089154388,2190.0,72829.83089154388
19122.293564864827,67298.524219088,1860.0,69158.524219088
17149.602149557395,64199.657583531916,1710.0,65909.65758353192
14810.202323376065,60524.73508307118,1680.0,62204.73508307118
14513.248136856346,60058.254916049606,1635.0,61693.254916049606
14367.228229911167,59828.874783785526,1380.0,61208.874783785526
14378.697379302037,59846.89147109393,1380.0,61226.89147109393
15099.192741120847,60978.70510422888,1845.0,62823.70510422888
16995.115750958706,63956.977586777284,3060.0,67016.97758677728
16988.10042988213,63945.9573409075,3540.0,67485.95734090751
18178.55732604443,65816.02537484278,3780.0,69596.02537484278
19831.528390187963,68412.64887128343,4200.0,72612.64887128343
20726.62590551564,69818.74199071123,4590.0,74408.74199071123
21141.90920205641,70471.10329870292,4560.0,75031.10329870292
21746.414654187145,71420.7103999878,4500.0,75920.7103999878
22354.21459411627,72375.49275485797,4470.0,76845.49275485797
22134.163328484887,72029.81804877591,3810.0,75839.81804877591
22032.633826313286,71870.32711960028,1980.0,73850.32711960028
21452.060719109686,70958.3149227337,1875.0,72833.3149227337
20974.496783684026,70208.11804229316,2250.0,72458.11804229316
20947.413586066665,70165.57351818294,2355.0,72520.57351818294
23193.107463626686,73693.29497367413,2355.0,76048.29497367413
23335.308500632556,73916.67610956774,2325.0,76241.67610956774
22871.672610854213,73188.35855380012,2415.0,75603.35855380012
21249.318623973377,70639.83089154388,2190.0,72829.83089154388
19122.293564864827,67298.524219088,1860.0,69158.524219088
17149.602149557395,64199.657583531916,1710.0,65909.65758353192
14382.246078442657,59852.4660608555,1680.0,61532.4660608555
13867.17856029061,59043.35545456673,1635.0,60678.35545456673
14010.263067207807,59268.124417978885,1380.0,60648.124417978885
14008.751478688544,59265.749889863284,1380.0,60645.749889863284
15099.192741120847,60978.70510422888,1845.0,62823.70510422888
16915.9443073303,63832.60854291918,3060.0,66892.60854291919
16934.25550369901,63861.373282829234,3540.0,67401.37328282924
18130.465783916145,65740.47920771428,3780.0,69520.47920771428
19830.534344042564,68411.08734148192,4200.0,72611.08734148192
20804.658527929307,69941.32208012932,4590.0,74531.32208012932
21108.517459291535,70418.64879073772,4560.0,74978.64879073772
21255.09594721291,70648.90638814254,4500.0,75148.90638814254
21746.414654187145,71420.7103999878,4470.0,75890.7103999878
21427.9459803944,70920.43349908573,3810.0,74730.43349908573
21077.70658862893,70370.24852987182,1980.0,72350.24852987182
21078.700634774326,70371.81005967333,1875.0,72246.81005967333
20962.00052927366,70188.48789357289,2250.0,72438.48789357289
20782.924028149326,69907.17973242806,2355.0,72262.17973242806
23032.327339375777,73440.72827275193,2355.0,75795.72827275193
23151.14093289659,73627.37048042576,2325.0,75952.37048042576
22687.509602962957,72899.06008763889,2415.0,75314.06008763889
21251.543828188762,70643.32642614543,2190.0,72833.32642614543
18853.106552668025,66875.6630232878,1860.0,68735.6630232878
16734.663121291753,63547.83708058616,1710.0,65257.83708058616
14112.85045335066,59429.277158686404,1680.0,61109.277158686404
13867.17856029061,59043.35545456673,1635.0,60678.35545456673
13955.40699546165,59181.95196892133,1380.0,60561.95196892133
14008.751478688544,59265.749889863284,1380.0,60645.749889863284
15099.192741120847,60978.70510422888,1845.0,62823.70510422888
16915.9443073303,63832.60854291918,3060.0,66892.60854291919
16974.571370646383,63924.70477704941,3540.0,67464.70477704941
18211.662938554142,65868.03040576649,3780.0,69648.03040576649
19565.988113792908,67995.5162693307,4200.0,72195.5162693307
20726.62590551564,69818.74199071123,4590.0,74408.74199071123
21108.517459291535,70418.64879073772,4560.0,74978.64879073772
21255.09594721291,70648.90638814254,4500.0,75148.90638814254
21343.670930581426,70788.04728903345,4470.0,75258.04728903345
21229.68165275708,70608.98351498344,3810.0,74418.98351498344
21078.700634774326,70371.81005967333,1980.0,72351.81005967333
21078.700634774326,70371.81005967333,1875.0,72246.81005967333
21078.700634774326,70371.81005967333,2250.0,72621.81005967333
21063.11964542193,70347.33415448187,2355.0,72702.33415448187
23241.03599130682,73768.58506424115,2355.0,76123.58506424115
23383.237028312687,73991.96620013478,2325.0,76316.96620013478
22871.672610854213,73188.35855380012,2415.0,75603.35855380012
21413.808181890716,70898.22467729876,2190.0,73088.22467729876
19209.49033517167,67435.50010905,1860.0,69295.50010905
17149.602149557395,64199.657583531916,1710.0,65909.65758353192
14810.202323376065,60524.73508307118,1680.0,62204.73508307118
14513.248136856346,60058.254916049606,1635.0,61693.254916049606
14399.167662137925,59879.04788238477,1380.0,61259.04788238477
14420.572713138065,59912.6727047275,1380.0,61292.6727047275
15359.181406589207,61387.11677712964,1845.0,63232.11677712964
16875.85871254046,63769.63877922642,3060.0,66829.63877922643
16934.25550369901,63861.373282829234,3540.0,67401.37328282924
18130.465783916145,65740.47920771428,3780.0,69520.47920771428
19830.534344042564,68411.08734148192,4200.0,72611.08734148192
20923.241849292583,70127.6025572757,4590.0,74717.6025572757
21260.49252341968,70657.38377584932,4560.0,75217.38377584932
22354.21459411627,72375.49275485797,4500.0,76875.49275485797
22567.063585038242,72709.85353285987,4470.0,77179.85353285987
22328.800299660452,72335.56988169887,3810.0,76145.56988169887
22259.1577915015,72226.16967684394,1980.0,74206.16967684394
22122.442247674142,72011.40560678157,1875.0,73886.40560678157
21792.564842432846,71493.2069280659,2250.0,73743.2069280659
21663.10173160664,71289.83557887183,2355.0,73644.83557887183
23526.379673249852,74216.82649155134,2355.0,76571.82649155134
23460.373641242084,74113.13876383725,2325.0,76438.13876383725
22920.595184679736,73265.21017416865,2415.0,75680.21017416865
21413.808181890716,70898.22467729876,2190.0,73088.22467729876
19306.457712717263,67587.82447599442,1860.0,69447.82447599442
17149.602149557395,64199.657583531916,1710.0,65909.65758353192
15361.627763272718,61390.95971629709,1680.0,63070.95971629709
15131.078595172341,61028.79403780443,1635.0,62663.79403780443
14802.687699304437,60512.930490810264,1380.0,61892.930490810264
15052.757562581166,60905.760889854486,1380.0,62285.760889854486
16142.14778080928,62617.06503715932,1845.0,64462.06503715932
17412.694929307763,64612.945455571986,3060.0,67672.94545557199
17552.765378875847,64832.97968871444,3540.0,68372.97968871443
19146.59411725179,67336.69753420114,3780.0,71116.69753420114
21931.288997852178,71711.12629114461,4200.0,75911.12629114461
22711.886532748704,72937.35338267946,4590.0,77527.35338267946
22814.355362929262,73098.31988588771,4560.0,77658.31988588771
22983.97930598291,73364.77918795675,4500.0,77864.77918795675
22952.942723007476,73316.0243595442,4470.0,77786.0243595442
22927.528428551654,73276.10148638513,3810.0,77086.10148638513
22847.84286243291,73150.92481644847,1980.0,75130.92481644847
22877.807881902987,73197.99634438693,1875.0,75072.99634438693
22642.453777446128,72828.28267493859,2250.0,75078.28267493859
22720.810148833752,72951.37133598929,2355.0,75306.37133598929
25184.535280821445,76821.59429709434,2355.0,79176.59429709434
25324.506553767227,77041.47273540568,2325.0,79366.47273540568
24779.475156106273,76185.29239192362,2415.0,78600.29239192362
22961.25076005754,73329.07531045402,2190.0,75519.07531045402
19633.09306837425,68100.93027540334,1860.0,69960.93027540334
18050.353872317606,65614.63279907838,1710.0,67324.63279907838
15409.719305400999,61466.50588342558,1680.0,63146.50588342558
15179.170137300624,61104.34020493293,1635.0,62739.34020493293
14802.687699304437,60512.930490810264,1380.0,61892.930490810264
15052.757562581166,60905.760889854486,1380.0,62285.760889854486
16142.14778080928,62617.06503715932,1845.0,64462.06503715932
17412.694929307763,64612.945455571986,3060.0,67672.94545557199
17376.635677391252,64556.30060387339,3540.0,68096.30060387339
19093.966669604542,67254.02599198068,3780.0,71034.02599198068
21926.50800068039,71703.61590583784,4200.0,75903.61590583784
22742.84331844182,72985.98285892904,4590.0,77575.98285892904
22978.439094667967,73356.07616635662,4560.0,77916.07616635662
22952.942723007476,73316.0243595442,4500.0,77816.0243595442
22952.942723007476,73316.0243595442,4470.0,77786.0243595442
22927.528428551654,73276.10148638513,3810.0,77086.10148638513
22950.304852846413,73311.88057518563,1980.0,75291.88057518563
22908.999499598343,73246.99471414468,1875.0,75121.99471414468
22772.18591910985,73032.07663999639,2250.0,75282.07663999639
22850.54229049747,73155.16530104705,2355.0,75510.16530104705
25314.26742248515,77025.38826215208,2355.0,79380.38826215208
25454.23869543094,77245.26670046346,2325.0,79570.26670046346
24779.475156106273,76185.29239192362,2415.0,78600.29239192362
22961.25076005754,73329.07531045402,2190.0,75519.07531045402
19633.09306837425,68100.93027540334,1860.0,69960.93027540334
18009.706276668043,65550.7801980093,1710.0,67260.7801980093
15573.86915488791,61724.366027115255,1680.0,63404.366027115255
15124.230848388626,61018.03703147686,1635.0,62653.03703147686
14453.012588321048,59963.63194046304,1380.0,61343.63194046304
14452.512145364824,59962.84580332674,1380.0,61342.84580332674
15391.119698854789,61437.288084983695,1845.0,63282.288084983695
16907.797004806045,63819.810087080485,3060.0,66879.81008708049
16934.25550369901,63861.373282829234,3540.0,67401.37328282924
18184.310710099267,65825.06326579255,3780.0,69605.06326579255
20077.657407679555,68799.28866422237,4200.0,72999.28866422237
21112.115176762723,70424.30038254226,4590.0,75014.30038254226
21751.811230393927,71429.18778769462,4560.0,75989.18778769462
22631.838458976024,72811.60725577392,4500.0,77311.60725577392
22717.369746004842,72945.96686702031,4470.0,77415.96686702031
22691.955451549027,72906.04399386123,3810.0,76716.04399386123
22633.28620966943,72813.88150215913,1980.0,74793.88150215913
22591.980856421356,72748.99564111818,1875.0,74623.99564111818
22392.122863060118,72435.04219524698,2250.0,74685.04219524698
22276.17513193555,72252.90192096877,2355.0,74607.90192096877
24036.50317978197,75018.17063597187,2355.0,77373.17063597187
24117.848529372834,75145.95463089817,2325.0,77470.95463089817
23007.560542867875,73401.82254285805,2415.0,75816.82254285805
21558.580971309442,71125.64573433019,2190.0,73315.64573433019
19431.550212395014,67784.33010814838,1860.0,69644.33010814838
17895.91535208831,65372.02801362153,1710.0,67082.02801362153
15546.569364647126,61681.48126141982,1680.0,63361.48126141982
15124.230848388626,61018.03703147686,1635.0,62653.03703147686
14399.167662137925,59879.04788238477,1380.0,61259.04788238477
14452.512145364824,59962.84580332674,1380.0,61342.84580332674
15099.192741120847,60978.70510422888,1845.0,62823.70510422888
16995.115750958706,63956.977586777284,3060.0,67016.97758677728
16934.25550369901,63861.373282829234,3540.0,67401.37328282924
18130.465783916145,65740.47920771428,3780.0,69520.47920771428
19767.05902584532,68311.37506807898,4200.0,72511.37506807898
20660.494477778517,69714.85728102677,4590.0,74304.85728102677
21045.042141094294,70318.93651733479,4560.0,74878.93651733479
22127.690628928052,72019.65019761429,4500.0,76519.65019761429
22567.063585038242,72709.85353285987,4470.0,77179.85353285987
22541.649290582405,72669.93065970075,3810.0,76479.93065970075
22594.196940947342,72752.47684975826,1980.0,74732.47684975826
22552.891587699272,72687.59098871732,1875.0,74562.59098871732
22262.974381518467,72232.16509172402,2250.0,74482.16509172402
22182.3722866143,72105.5486626585,2355.0,74460.5486626585
23542.842992552403,74242.68843351617,2355.0,76597.68843351617
23637.15426055812,74390.84036417905,2325.0,76715.84036417905
22919.601138534348,73263.64864436715,2415.0,75678.64864436715
21459.764576736514,70970.41677869535,2190.0,73160.41677869535
19332.73837766679,67629.10831549428,1860.0,69489.10831549428
17831.53148483386,65270.888516305975,1710.0,66980.88851630597
15494.8687054359,61600.26559503494,1680.0,63280.26559503494
15045.23039893661,60893.93659939655,1635.0,62528.93659939655
14399.167662137925,59879.04788238477,1380.0,61259.04788238477
14452.512145364824,59962.84580332674,1380.0,61342.84580332674
15391.119698854789,61437.288084983695,1845.0,63282.288084983695
16907.797004806045,63819.810087080485,3060.0,66879.81008708049
16934.25550369901,63861.373282829234,3540.0,67401.37328282924
18184.310710099267,65825.06326579255,3780.0,69605.06326579255
20563.773331846918,69562.91971504234,4200.0,73762.91971504234
21653.31858479495,71274.46740369235,4590.0,75864.46740369235
22037.809250051934,71878.45710274111,4560.0,76438.45710274111
22689.253743562098,72901.79992777227,4500.0,77401.79992777227
22717.369746004842,72945.96686702031,4470.0,77415.96686702031
22671.73710013301,72874.28333725632,3810.0,76684.28333725632
22633.28620966943,72813.88150215913,1980.0,74793.88150215913
22591.980856421356,72748.99564111818,1875.0,74623.99564111818
22327.347989122332,72333.2884723329,2250.0,74583.2884723329
22246.745894218147,72206.67204326735,2355.0,74561.67204326735
23698.81476056331,74487.70177124713,2355.0,76842.70177124713
23809.589347871577,74661.71564387484,2325.0,76986.71564387484
22919.601138534348,73263.64864436715,2415.0,75678.64864436715
21459.764576736514,70970.41677869535,2190.0,73160.41677869535
19332.73837766679,67629.10831549428,1860.0,69489.10831549428
17831.53148483386,65270.888516305975,1710.0,66980.88851630597
15494.8687054359,61600.26559503494,1680.0,63280.26559503494
14859.330090213256,60601.909037573045,1635.0,62236.909037573045
14399.167662137925,59879.04788238477,1380.0,61259.04788238477
14452.512145364824,59962.84580332674,1380.0,61342.84580332674
15391.119698854789,61437.288084983695,1845.0,63282.288084983695
16907.797004806045,63819.810087080485,3060.0,66879.81008708049
16934.25550369901,63861.373282829234,3540.0,67401.37328282924
18130.465783916145,65740.47920771428,3780.0,69520.47920771428
19731.80230659665,68255.99090099077,4200.0,72455.99090099077
20663.1505873184,69719.02971730831,4590.0,74309.02971730831
21045.042141094294,70318.93651733479,4560.0,74878.93651733479
20987.41482372949,70228.410766732,4500.0,74728.410766732
20987.41482372949,70228.410766732,4470.0,74698.410766732
20797.510971356325,69930.09410781803,3810.0,73740.09410781803
20797.510971356325,69930.09410781803,1980.0,71910.09410781803
20962.00052927366,70188.48789357289,1875.0,72063.48789357289
20797.510971356325,69930.09410781803,2250.0,72180.09410781803
20785.149232364714,69910.67526702961,2355.0,72265.67526702961
23011.16510010611,73407.48487913367,2355.0,75762.48487913367
23151.14093289659,73627.37048042576,2325.0,75952.37048042576
22689.734807178338,72902.55562224044,2415.0,75317.55562224044
21146.04726112498,70477.60370372524,2190.0,72667.60370372524
18799.352823378973,66791.22222482433,1860.0,68651.22222482433
16699.14193105027,63492.037460614985,1710.0,65202.037460614985
18919.019107859367,66979.20390989669,1680.0,68659.20390989669
18258.625919118273,65941.80373516164,1635.0,67576.80373516164
17407.26415426571,64604.41434550965,1380.0,65984.41434550965
17234.985241633352,64333.78439790424,1380.0,65713.78439790424
17832.75124329209,65272.80461365416,1845.0,67117.80461365415
19091.92841902201,67250.82413958953,3060.0,70310.82413958953
20036.197019711562,68734.15926183623,3540.0,72274.15926183623
20053.456031914895,68761.2711439403,3780.0,72541.2711439403
20913.476941859706,70112.26303401921,4200.0,74312.26303401921
22117.71824856115,72003.98475873405,4590.0,76593.98475873405
22362.005088792474,72387.7307074537,4560.0,76947.7307074537
23046.150508594914,73462.44284886782,4500.0,77962.44284886782
23046.150508594914,73462.44284886782,4470.0,77932.44284886782
22809.075062762422,73090.0251541898,3810.0,76900.0251541898
22251.123345133667,72213.54850477858,1980.0,74193.54850477858
22251.123345133667,72213.54850477858,1875.0,74088.54850477858
22117.5882929871,72003.78061378293,2250.0,74253.78061378293
22139.384350670574,72038.01966172417,2355.0,74393.01966172417
24340.656221127578,75495.95935883805,2355.0,77850.95935883805
24482.85725813345,75719.34049473167,2325.0,78044.34049473167
23940.035105231418,74866.63061541854,2415.0,77281.63061541854
21753.448214642536,71431.75929778056,2190.0,73621.75929778056
19783.095999668076,68336.56727134452,1860.0,70196.56727134452
17036.56131943141,64022.083709476,1710.0,65732.08370947599
18220.790607689683,65882.36890246447,1680.0,67562.36890246447
16984.914238395453,63940.95220811484,1635.0,65575.95220811485
17165.89675460591,64225.254495209316,1380.0,65605.25449520932
17189.675204774296,64262.60764902763,1380.0,65642.60764902763
18191.44914698284,65836.27691214235,1845.0,67681.27691214235
19649.75474092141,68127.10380703038,3060.0,71187.10380703038
20346.19806188962,69221.13450750257,3540.0,72761.13450750257
20374.02451419368,69264.84659747357,3780.0,73044.84659747357
22051.773774456873,71900.39373125994,4200.0,76100.39373125994
23174.29582430176,73663.7440966278,4590.0,78253.7440966278
23170.946618366917,73658.48288727361,4560.0,78218.48288727361
23184.562314652037,73679.87154776578,4500.0,78179.87154776578
23256.794814602657,73793.3403256815,4470.0,78263.3403256815
23231.38052014683,73753.41745252241,3810.0,77563.41745252241
23149.10496223641,73624.17220952497,1980.0,75604.17220952497
23163.776262570416,73647.21910005863,1875.0,75522.21910005863
22911.73084657583,73251.28533960844,2250.0,75501.28533960844
22975.580072038774,73351.58497743213,2355.0,75706.58497743213
26063.012162204304,78201.57835172176,2355.0,80556.57835172176
26202.983435150072,78421.45679003309,2325.0,80746.45679003309
25497.83765056495,77313.75554081703,2415.0,79728.75554081703
23092.152501887747,73534.70658007183,2190.0,75724.70658007183
20166.29850879627,68938.533428334,1860.0,70798.533428334
17711.417195611324,65082.203068375835,1710.0,66792.20306837583
20384.12913005698,69280.71976279527,1680.0,70960.71976279527
19825.397678983893,68403.01824367735,1635.0,70038.01824367735
19483.81287246597,67866.42861190958,1380.0,69246.42861190958
19232.344276826392,67471.4009685231,1380.0,68851.4009685231
20024.786008340667,68716.23390253227,1845.0,70561.23390253227
20572.099608275796,69575.99931787513,3060.0,72635.99931787513
20716.596527089947,69802.98701457174,3540.0,73342.98701457174
21105.8545099846,70414.46560998507,3780.0,74194.46560998507
21920.32713118459,71693.90648544363,4200.0,75893.90648544363
23053.113391457395,73473.38072045908,4590.0,78063.38072045908
23244.60862963213,73774.1972596516,4560.0,78334.1972596516
23330.34282975028,73908.87562354095,4500.0,78408.87562354095
23330.34282975028,73908.87562354095,4470.0,78378.87562354095
23304.928535294446,73868.95275038185,3810.0,77678.95275038185
23294.88547733464,73853.17628530014,1980.0,75833.17628530014
23250.82825780792,73783.9675653821,1875.0,75658.9675653821
22929.7695922235,73279.62209141924,2250.0,75529.62209141924
23070.990262618077,73501.46318645355,2355.0,75856.46318645355
26212.37443531725,78436.20894886887,2355.0,80791.20894886887
26347.541911867735,78648.54118696974,2325.0,80973.54118696974
25497.83765056495,77313.75554081703,2415.0,79728.75554081703
23092.152501887747,73534.70658007183,2190.0,75724.70658007183
20166.29850879627,68938.533428334,1860.0,70798.533428334
17615.59319912517,64931.674818852174,1710.0,66641.67481885217
20089.264492372713,68817.52203169819,1680.0,70497.52203169819
19562.99457574495,67990.81377247434,1635.0,69625.81377247434
19249.32741842516,67498.07949029237,1380.0,68878.07949029237
18789.479619634385,66775.71258077523,1380.0,68155.71258077523
19267.423162131618,67526.50577936241,1845.0,69371.50577936241
20031.559657647944,68726.87451042279,3060.0,71786.87451042279
20127.92969553736,68878.26052689017,3540.0,72418.26052689017
20145.1887077407,68905.37240899428,3780.0,72685.37240899428
21067.239465111685,70353.8059075812,4200.0,74553.8059075812
22635.477215049534,72817.3233144051,4590.0,77407.3233144051
23038.179900052924,73449.92195853282,4560.0,78009.92195853282
23635.69511025295,74388.54821034198,4500.0,78888.54821034198
23693.110394839037,74478.74088234034,4470.0,78948.74088234034
23667.696100383208,74438.81800918124,3810.0,78248.81800918124
23545.50594185934,74246.87161426884,1980.0,76226.87161426884
23237.24676035808,73762.63262724549,1875.0,75637.63262724549
22717.16227307083,72945.6409513966,2250.0,75195.6409513966
22741.181255047337,72983.371952449,2355.0,75338.371952449
25051.4106146982,76612.47107436537,2355.0,78967.47107436537
25041.506632001867,76596.91308019626,2325.0,78921.91308019626
24281.75898701281,75403.43871809894,2415.0,77818.43871809894
22573.03242175532,72719.22987464964,2190.0,74909.22987464964
20874.09356315423,70050.39636936052,1860.0,71910.39636936052
18499.627391240607,66320.38875625751,1710.0,68030.38875625751
20674.06685553895,69736.1778932019,1680.0,71416.1778932019
19995.112818931622,68669.62080536122,1635.0,70304.62080536122
19132.506477039842,67314.5675052023,1380.0,68694.5675052023
18764.391354074865,66736.3018607391,1380.0,68116.3018607391
19267.423162131618,67526.50577936241,1845.0,69371.50577936241
20031.559657647944,68726.87451042279,3060.0,71786.87451042279
20036.197019711562,68734.15926183623,3540.0,72274.15926183623
20145.1887077407,68905.37240899428,3780.0,72685.37240899428
20899.177268869036,70089.7999264159,4200.0,74289.7999264159
22142.38928833029,72042.74006603239,4590.0,76632.74006603239
22299.13850986316,72288.97469197967,4560.0,76848.97469197967
23320.222254430508,73892.97738778664,4500.0,78392.97738778664
23320.222254430508,73892.97738778664,4470.0,78362.97738778664
23294.807959974678,73853.05451462754,3810.0,77663.05451462754
23610.28081579713,74348.6253371829,1980.0,76328.6253371829
23580.851578079735,74302.3954594815,1875.0,76177.3954594815
22928.823424447488,73278.13577291551,2250.0,75528.13577291551
23010.485683245268,73406.4175950033,2355.0,75761.4175950033
25151.588122915175,76769.83817975134,2355.0,79124.83817975134
25262.36271022345,76943.85205237906,2325.0,79268.85205237906
24529.844177882274,75793.15142977571,2415.0,78208.15142977571
22751.65065848693,72999.81815622999,2190.0,75189.81815622999
21052.711799885845,70330.9846509409,1860.0,72190.9846509409
18785.844283444392,66770.00189437959,1710.0,68480.00189437959
20668.314611445283,69727.1417929973,1680.0,71407.1417929973
19989.360574837956,68660.58470515664,1635.0,70295.58470515664
19132.506477039842,67314.5675052023,1380.0,68694.5675052023
18764.391354074865,66736.3018607391,1380.0,68116.3018607391
19359.155837957416,67670.60704441636,1845.0,69515.60704441636
20123.29233347374,68870.97577547673,3060.0,71930.97577547673
20005.356510058384,68685.71244159553,3540.0,72225.71244159553
20022.615522261716,68712.82432369962,3780.0,72492.82432369962
21067.239465111685,70353.8059075812,4200.0,74553.8059075812
22470.162325240843,72557.63302913617,4590.0,77147.63302913617
22796.05670613349,73069.57484417471,4560.0,77629.57484417471
23564.107828327902,74276.0929942011,4500.0,78776.0929942011
23606.265872535554,74342.31833264059,4470.0,78812.31833264059
23610.28081579713,74348.6253371829,3810.0,78158.6253371829
23667.696100383208,74438.81800918124,1980.0,76418.81800918124
23667.696100383208,74438.81800918124,1875.0,76313.81800918124
23511.154351784346,74192.90929885766,2250.0,76442.90929885766
23584.03434968288,74307.39522003858,2355.0,76662.39522003858
25278.044016159318,76968.48554314683,2355.0,79323.48554314683
25632.704177364983,77525.615022189,2325.0,79850.615022189
24507.277506443876,75757.70183808926,2415.0,78172.70183808926
22977.796156564753,73355.06618607216,2190.0,75545.06618607216
21081.64173460819,70376.43018225119,1860.0,72236.43018225119
18823.693274407087,66829.45821601896,1710.0,68539.45821601896
20668.314611445283,69727.1417929973,1680.0,71407.1417929973
19989.360574837956,68660.58470515664,1635.0,70295.58470515664
19132.506477039842,67314.5675052023,1380.0,68694.5675052023
18764.391354074865,66736.3018607391,1380.0,68116.3018607391
19242.334896572105,67487.0950593263,1845.0,69332.0950593263
20006.47139208843,68687.46379038668,3060.0,71747.46379038668
20005.356510058384,68685.71244159553,3540.0,72225.71244159553
20022.615522261716,68712.82432369962,3780.0,72492.82432369962
21487.292359212483,71013.65969342784,4200.0,75213.65969342784
22924.885998545877,73271.95053904576,4590.0,77861.95053904576
23150.988178099018,73627.13052057095,4560.0,78187.13052057095
23635.69511025295,74388.54821034198,4500.0,78888.54821034198
23693.110394839037,74478.74088234034,4470.0,78948.74088234034
23667.696100383208,74438.81800918124,3810.0,78248.81800918124
23611.31134070015,74350.24417083032,1980.0,76330.24417083032
23638.82316371966,74393.4620151302,1875.0,76268.4620151302
23575.92922572213,74294.66302177173,2250.0,76544.66302177173
23613.46358740027,74353.62509773999,2355.0,76708.62509773999
25615.732435377973,77498.95440787157,2355.0,79853.95440787157
25697.077784968853,77626.73840279788,2325.0,79951.73840279788
24621.027392421278,75936.38955565036,2415.0,78351.38955565036
23066.86360316127,73494.9806888831,2190.0,75684.9806888831
21253.05997655273,70645.70811724175,1860.0,72505.70811724175
19069.43698502122,67215.4927370853,1710.0,68925.4927370853
20685.393509782833,69753.97073736215,1680.0,71433.97073736215
20006.439473175502,68687.41364952148,1635.0,70322.41364952148
19126.754232946183,67305.53140499773,1380.0,68685.53140499773
18758.637970020023,66727.26396978933,1380.0,68107.26396978933
19242.334896572105,67487.0950593263,1845.0,69332.0950593263
20006.47139208843,68687.46379038668,3060.0,71747.46379038668
20005.356510058384,68685.71244159553,3540.0,72225.71244159553
20022.615522261716,68712.82432369962,3780.0,72492.82432369962
21293.161530799032,70708.7029513671,4200.0,74908.7029513671
22635.477215049534,72817.3233144051,4590.0,77407.3233144051
22940.761097881663,73296.88845649504,4560.0,77856.88845649504
23570.920236315163,74286.79448742792,4500.0,78786.79448742792
23635.69511025295,74388.54821034198,4470.0,78858.54821034198
23610.28081579713,74348.6253371829,3810.0,78158.6253371829
23611.31134070015,74350.24417083032,1980.0,76330.24417083032
23610.28081579713,74348.6253371829,1875.0,76223.6253371829
23202.89517028309,73708.67031183434,2250.0,75958.67031183434
23275.775168181623,73823.15623301527,2355.0,76178.15623301527
25278.044016159318,76968.48554314683,2355.0,79323.48554314683
25388.81860346759,77142.49941577455,2325.0,79467.49941577455
24507.277506443876,75757.70183808926,2415.0,78172.70183808926
22780.58059320928,73045.26368754027,2190.0,75235.26368754027
21144.508313537495,70475.1861977252,1860.0,72335.1861977252
18785.844283444392,66770.00189437959,1710.0,68480.00189437959
20378.376885963316,69271.6836625907,1680.0,70951.6836625907
19819.645434890233,68393.98214347278,1635.0,70028.98214347278
19330.421976557325,67625.46952127792,1380.0,69005.46952127792
19147.364731006706,67337.90807794635,1380.0,68717.90807794635
19939.804182598622,68582.73743046513,1845.0,70427.73743046513
20487.11778253375,69442.50284580799,3060.0,72502.50284580799
20716.596527089947,69802.98701457174,3540.0,73342.98701457174
21105.8545099846,70414.46560998507,3780.0,74194.46560998507
21920.32713118459,71693.90648544363,4200.0,75893.90648544363
23066.393939156795,73494.24290186679,4590.0,78084.24290186679
23119.591367391993,73577.80981667986,4560.0,78137.80981667986
23330.34282975028,73908.87562354095,4500.0,78408.87562354095
23330.34282975028,73908.87562354095,4470.0,78378.87562354095
23304.928535294446,73868.95275038185,3810.0,77678.95275038185
23294.88547733464,73853.17628530014,1980.0,75833.17628530014
23294.88547733464,73853.17628530014,1875.0,75728.17628530014
23139.941954304413,73609.77819972625,2250.0,75859.77819972625
23148.774373495395,73623.65289342125,2355.0,75978.65289342125
26136.18627008621,78316.52628516046,2355.0,80671.52628516046
26276.157543031997,78536.40472347182,2325.0,80861.40472347182
25497.83765056495,77313.75554081703,2415.0,79728.75554081703
23092.152501887747,73534.70658007183,2190.0,75724.70658007183
20166.29850879627,68938.533428334,1860.0,70798.533428334
17524.408844624988,64788.434902232315,1710.0,66498.43490223231
20141.887380175252,68900.18641093791,1680.0,70580.18641093791
19735.835489237037,68262.32655745606,1635.0,69897.32655745606
19483.81287246597,67866.42861190958,1380.0,69246.42861190958
19232.344276826392,67471.4009685231,1380.0,68851.4009685231
18997.80980445502,67102.97484486294,1845.0,68947.97484486294
20171.385015563206,68946.52373335043,3060.0,72006.52373335043
20801.578352831984,69936.48348663887,3540.0,73476.48348663887
21190.834055804295,70547.95850056183,3780.0,74327.95850056183
21976.31518437843,71781.8571444701,4200.0,75981.8571444701
23122.38427227299,73582.19714238362,4590.0,78172.19714238362
23171.860867230003,73659.91906491216,4560.0,78219.91906491216
23104.628236996945,73554.30449537876,4500.0,78054.30449537876
23041.76165806764,73455.54847990476,4470.0,77925.54847990476
23016.34736361181,73415.62560674564,3810.0,77225.62560674564
23035.43715346367,73445.6134256172,1980.0,75425.6134256172
23088.570743873024,73529.08005869988,1875.0,75404.08005869988
22978.97487642065,73356.9178165937,2250.0,75606.9178165937
23057.328967885926,73480.002896154,2355.0,75835.002896154
26078.49283497321,78225.89667133693,2355.0,80580.89667133693
26213.660311523687,78438.22890943779,2325.0,80763.22890943779
25496.410419172702,77311.51352784513,2415.0,79726.51352784513
23092.152501887747,73534.70658007183,2190.0,75724.70658007183
20166.29850879627,68938.533428334,1860.0,70798.533428334
17524.408844624988,64788.434902232315,1710.0,66498.43490223231
20206.085433758024,69001.03401678825,1680.0,70681.03401678825
19679.81551713027,68174.32575756441,1635.0,69809.32575756441
19226.00609268831,67461.44442529332,1380.0,68841.44442529332
18789.479619634385,66775.71258077523,1380.0,68155.71258077523
19327.314442391787,67620.58794990304,1845.0,69465.58794990304
20091.450937908114,68820.95668096341,3060.0,71880.95668096341
20011.108754152046,68694.7485418001,3540.0,72234.7485418001
20028.367766355383,68721.8604239042,3780.0,72501.8604239042
20951.451328551753,70171.91633762895,4200.0,74371.91633762895
22155.692635253203,72063.63806234383,4590.0,76653.63806234383
22375.308435715386,72408.6287037651,4560.0,76968.6287037651
22289.578795441947,72273.9575028565,4500.0,76773.9575028565
22475.976127238006,72566.76582958075,4470.0,77036.76582958075
22264.16450098612,72234.03462969737,3810.0,76044.03462969737
22539.629279378685,72666.75745923255,1980.0,74646.75745923255
22582.840647712885,72734.63744622318,1875.0,74609.63744622318
22288.06036715563,72271.57223026978,2250.0,74521.57223026978
22326.379022122805,72331.76633892549,2355.0,74686.76633892549
24507.076873276917,75757.38666693667,2355.0,78112.38666693667
24625.794710058955,75943.87845201492,2325.0,78268.87845201492
24102.301738855724,75121.53244806227,2415.0,77536.53244806227
22571.099047600972,72716.1927708155,2190.0,74906.1927708155
20872.160188999882,70047.35926552641,1860.0,71907.35926552641
18145.142784056035,65763.53505197387,1710.0,67473.53505197387
20542.013752921066,69528.73797094701,1680.0,71208.73797094701
19863.059716313743,68462.18088310635,1635.0,70097.18088310635
19132.506477039842,67314.5675052023,1380.0,68694.5675052023
18881.21229546018,66919.81384582917,1380.0,68299.81384582917
19327.314442391787,67620.58794990304,1845.0,69465.58794990304
20123.29233347374,68870.97577547673,3060.0,71930.97577547673
20011.108754152046,68694.7485418001,3540.0,72234.7485418001
20028.367766355383,68721.8604239042,3780.0,72501.8604239042
20951.451328551753,70171.91633762895,4200.0,74371.91633762895
22155.692635253203,72063.63806234383,4590.0,76653.63806234383
22369.556191621716,72399.59260356051,4560.0,76959.59260356051
22289.578795441947,72273.9575028565,4500.0,76773.9575028565
22565.043573834522,72706.68033239167,4470.0,77176.68033239167
22688.011185880358,72899.8480155204,3810.0,76709.8480155204
22800.928900199346,73077.22848909629,1980.0,75057.22848909629
22450.561832782172,72526.84295642163,1875.0,74401.84295642163
22115.365368694067,72000.28866067178,2250.0,74250.28866067178
22139.384350670574,72038.01966172417,2355.0,74393.01966172417
24340.656221127578,75495.95935883805,2355.0,77850.95935883805
24482.85725813345,75719.34049473167,2325.0,78044.34049473167
23937.814460860733,74863.14224379776,2415.0,77278.14224379776
22406.611769605985,72457.802566551,2190.0,74647.802566551
20707.67291100489,69788.9690612619,1860.0,71648.9690612619
18088.69874639183,65674.86809487332,1710.0,67384.86809487332
20102.310208069866,68838.01531959775,1680.0,70518.01531959775
19576.03801151976,68011.3034788835,1635.0,69646.3034788835
19226.00609268831,67461.44442529332,1380.0,68841.44442529332
18789.479619634385,66775.71258077523,1380.0,68155.71258077523
19267.423162131618,67526.50577936241,1845.0,69371.50577936241
20031.559657647944,68726.87451042279,3060.0,71786.87451042279
20096.088299971732,68828.24143237686,3540.0,72368.24143237686
20053.456031914895,68761.2711439403,3780.0,72541.2711439403
20951.451328551753,70171.91633762895,4200.0,74371.91633762895
22155.692635253203,72063.63806234383,4590.0,76653.63806234383
22346.579134160005,72363.49834360741,4560.0,76923.49834360741
22569.80177178278,72714.15490279473,4500.0,77214.15490279473
22834.48935721826,73129.94802734892,4470.0,77599.94802734892
22809.075062762422,73090.0251541898,3810.0,76900.0251541898
23294.807959974678,73853.05451462754,1980.0,75833.05451462754
23237.24676035808,73762.63262724549,1875.0,75637.63262724549
22717.16227307083,72945.6409513966,2250.0,75195.6409513966
22891.544414072745,73219.57482386872,2355.0,75574.57482386872
25168.05828198479,76795.7108661873,2355.0,79150.7108661873
25264.113690589646,76946.60263698355,2325.0,79271.60263698355
24507.277506443876,75757.70183808926,2415.0,78172.70183808926
22977.796156564753,73355.06618607216,2190.0,75545.06618607216
21144.508313537495,70475.1861977252,1860.0,72335.1861977252
18823.693274407087,66829.45821601896,1710.0,68539.45821601896
20685.393509782833,69753.97073736215,1680.0,71433.97073736215
20006.439473175502,68687.41364952148,1635.0,70322.41364952148
19126.754232946183,67305.53140499773,1380.0,68685.53140499773
18758.637970020023,66727.26396978933,1380.0,68107.26396978933
19236.582652478442,67478.05895912171,1845.0,69323.05895912171
20000.71914799477,68678.4276901821,3060.0,71738.4276901821
19981.811751931054,68648.72639054018,3540.0,72188.72639054018
19999.070764134394,68675.83827264428,3780.0,72455.83827264428
21293.161530799032,70708.7029513671,4200.0,74908.7029513671
22635.477215049534,72817.3233144051,4590.0,77407.3233144051
22796.05670613349,73069.57484417471,4560.0,77629.57484417471
23320.222254430508,73892.97738778664,4500.0,78392.97738778664
23570.920236315163,74286.79448742792,4470.0,78756.79448742792
23545.50594185934,74246.87161426884,3810.0,78056.87161426884
23610.28081579713,74348.6253371829,1980.0,76328.6253371829
23545.50594185934,74246.87161426884,1875.0,76121.87161426884
23024.10137953038,73427.80625549547,2250.0,75677.80625549547
22935.31208346079,73288.32869450972,2355.0,75643.32869450972
25114.407149201572,76711.43123479052,2355.0,79066.43123479052
25155.251958134566,76775.59363477663,2325.0,79100.59363477663
24243.563447852634,75343.43800992325,2415.0,77758.43800992325
22818.776132369454,73105.26439571596,2190.0,75295.26439571596
21119.837273768364,70436.43089042687,1860.0,72296.43089042687
18785.844283444392,66770.00189437959,1710.0,68480.00189437959
20668.314611445283,69727.1417929973,1680.0,71407.1417929973
19989.360574837956,68660.58470515664,1635.0,70295.58470515664
19132.506477039842,67314.5675052023,1380.0,68694.5675052023
18764.391354074865,66736.3018607391,1380.0,68116.3018607391
19242.334896572105,67487.0950593263,1845.0,69332.0950593263
20006.47139208843,68687.46379038668,3060.0,71747.46379038668
20005.356510058384,68685.71244159553,3540.0,72225.71244159553
20022.615522261716,68712.82432369962,3780.0,72492.82432369962
20875.281402699533,70052.26232584352,4200.0,74252.26232584352
22079.522709400982,71943.98405055836,4590.0,76533.98405055836
22362.005088792474,72387.7307074537,4560.0,76947.7307074537
22858.968883509828,73168.40248945613,4500.0,77668.40248945613
23141.428463677807,73612.11333144776,4470.0,78082.11333144776
23294.807959974678,73853.05451462754,3810.0,77663.05451462754
23545.50594185934,74246.87161426884,1980.0,76226.87161426884
23545.50594185934,74246.87161426884,1875.0,76121.87161426884
23024.10137953038,73427.80625549547,2250.0,75677.80625549547
23048.120361506884,73465.53725654785,2355.0,75820.53725654785
25151.588122915175,76769.83817975134,2355.0,79124.83817975134
25262.36271022345,76943.85205237906,2325.0,79268.85205237906
24440.77673128576,75653.2369269648,2415.0,78068.2369269648
22818.776132369454,73105.26439571596,2190.0,75295.26439571596
20874.09356315423,70050.39636936052,1860.0,71910.39636936052
18499.627391240607,66320.38875625751,1710.0,68030.38875625751
20384.12913005698,69280.71976279527,1680.0,70960.71976279527
19825.397678983893,68403.01824367735,1635.0,70038.01824367735
19330.421976557325,67625.46952127792,1380.0,69005.46952127792
19147.364731006706,67337.90807794635,1380.0,68717.90807794635
20056.625123983944,68766.24941555523,1845.0,70611.24941555523
20603.94100384142,69626.01841238844,3060.0,72686.01841238844
20716.596527089947,69802.98701457174,3540.0,73342.98701457174
21105.8545099846,70414.46560998507,3780.0,74194.46560998507
21975.403215437695,71780.42454832191,4200.0,75980.42454832191
23129.260518086103,73592.99891734082,4590.0,78182.99891734082
23137.630113039653,73606.14656849063,4560.0,78166.14656849063
23343.84680984015,73930.08879100498,4500.0,78430.08879100498
23323.53042176301,73898.17413031415,4470.0,78368.17413031415
23304.928535294446,73868.95275038185,3810.0,77678.95275038185
23294.88547733464,73853.17628530014,1980.0,75833.17628530014
23294.88547733464,73853.17628530014,1875.0,75728.17628530014
22911.73084657583,73251.28533960844,2250.0,75501.28533960844
23008.123683688773,73402.70717097956,2355.0,75757.70717097956
26108.421375685662,78272.91089542948,2355.0,80627.91089542948
26243.588852236135,78485.24313353033,2325.0,80810.24313353033
25497.83765056495,77313.75554081703,2415.0,79728.75554081703
23092.152501887747,73534.70658007183,2190.0,75724.70658007183
20166.29850879627,68938.533428334,1860.0,70798.533428334
17711.417195611324,65082.203068375835,1710.0,66792.20306837583
20384.12913005698,69280.71976279527,1680.0,70960.71976279527
19825.397678983893,68403.01824367735,1635.0,70038.01824367735
19330.421976557325,67625.46952127792,1380.0,69005.46952127792
19147.364731006706,67337.90807794635,1380.0,68717.90807794635
19939.804182598622,68582.73743046513,1845.0,70427.73743046513
20487.11778253375,69442.50284580799,3060.0,72502.50284580799
20710.844282996288,69793.95091436717,3540.0,73333.95091436717
21181.310820140705,70532.99861528457,3780.0,74312.99861528457
21920.32713118459,71693.90648544363,4200.0,75893.90648544363
23048.35519350913,73465.90615005602,4590.0,78055.90615005602
23119.591367391993,73577.80981667986,4560.0,78137.80981667986
23330.34282975028,73908.87562354095,4500.0,78408.87562354095
23330.34282975028,73908.87562354095,4470.0,78378.87562354095
23304.928535294446,73868.95275038185,3810.0,77678.95275038185
23294.88547733464,73853.17628530014,1980.0,75833.17628530014
23294.88547733464,73853.17628530014,1875.0,75728.17628530014
23052.889959066913,73473.02973440276,2250.0,75723.02973440276
23131.244050532187,73596.11481396307,2355.0,75951.11481396307
26136.18627008621,78316.52628516046,2355.0,80671.52628516046
26276.157543031997,78536.40472347182,2325.0,80861.40472347182
25567.231647187535,77422.76536322157,2415.0,79837.76536322157
23294.060145443284,73851.87978578608,2190.0,76041.87978578608
20401.308344978006,69307.7062927364,1860.0,71167.7062927364
17932.496706223385,65429.493026614946,1710.0,67139.49302661495
20668.314611445283,69727.1417929973,1680.0,71407.1417929973
19989.360574837956,68660.58470515664,1635.0,70295.58470515664
19132.506477039842,67314.5675052023,1380.0,68694.5675052023
18764.391354074865,66736.3018607391,1380.0,68116.3018607391
19242.334896572105,67487.0950593263,1845.0,69332.0950593263
20006.47139208843,68687.46379038668,3060.0,71747.46379038668
20005.356510058384,68685.71244159553,3540.0,72225.71244159553
20022.615522261716,68712.82432369962,3780.0,72492.82432369962
21293.161530799032,70708.7029513671,4200.0,74908.7029513671
22829.60804346299,73122.28005646585,4590.0,77712.28005646585
23113.35349983739,73568.01085902637,4560.0,78128.01085902637
23693.110394839037,74478.74088234034,4500.0,78978.74088234034
23664.237458175485,74433.3848882893,4470.0,78903.3848882893
23638.82316371966,74393.4620151302,3810.0,78203.4620151302
23754.51554354082,74575.20116248692,1980.0,76555.20116248692
23754.51554354082,74575.20116248692,1875.0,76450.20116248692
23633.344510308216,74384.85569377009,2250.0,76634.85569377009
23613.46358740027,74353.62509773999,2355.0,76708.62509773999
25615.732435377973,77498.95440787157,2355.0,79853.95440787157
25726.50702268624,77672.96828049928,2325.0,79997.96828049928
24728.13814451016,76104.64797325281,2415.0,78519.64797325281
23158.04453777793,73638.2152332674,2190.0,75828.2152332674
21459.105679176835,70969.3817279783,1860.0,72829.3817279783
19473.3183898805,67849.94301173452,1710.0,69559.94301173452
20618.956572450563,69649.60610796804,1680.0,71329.60610796804
19940.002535843236,68583.04902012738,1635.0,70218.04902012738
19126.754232946183,67305.53140499773,1380.0,68685.53140499773
18758.637970020023,66727.26396978933,1380.0,68107.26396978933
19236.582652478442,67478.05895912171,1845.0,69323.05895912171
20000.71914799477,68678.4276901821,3060.0,71738.4276901821
19981.811751931054,68648.72639054018,3540.0,72188.72639054018
20022.615522261716,68712.82432369962,3780.0,72492.82432369962
20875.281402699533,70052.26232584352,4200.0,74252.26232584352
22276.73827275645,72253.78654909026,4590.0,76843.78654909026
22459.738520248276,72541.25845516258,4560.0,77101.25845516258
22475.976127238006,72566.76582958075,4500.0,77066.76582958075
22475.976127238006,72566.76582958075,4470.0,77036.76582958075
22806.102044015643,73085.35489074679,3810.0,76895.35489074679
22905.787089004618,73241.94839421277,1980.0,75221.94839421277
23545.50594185934,74246.87161426884,1875.0,76121.87161426884
22288.06036715563,72271.57223026978,2250.0,74521.57223026978
22275.14232711017,72251.27950583099,2355.0,74606.27950583099
24483.593673053085,75720.49731612131,2355.0,78075.49731612131
24625.794710058955,75943.87845201492,2325.0,78268.87845201492
24102.301738855724,75121.53244806227,2415.0,77536.53244806227
22406.611769605985,72457.802566551,2190.0,74647.802566551
20707.67291100489,69788.9690612619,1860.0,71648.9690612619
18088.69874639183,65674.86809487332,1710.0,67384.86809487332
20102.310208069866,68838.01531959775,1680.0,70518.01531959775
19576.03801151976,68011.3034788835,1635.0,69646.3034788835
19226.00609268831,67461.44442529332,1380.0,68841.44442529332
18789.479619634385,66775.71258077523,1380.0,68155.71258077523
19327.314442391787,67620.58794990304,1845.0,69465.58794990304
20123.29233347374,68870.97577547673,3060.0,71930.97577547673
20011.108754152046,68694.7485418001,3540.0,72234.7485418001
20028.367766355383,68721.8604239042,3780.0,72501.8604239042
21317.64105709061,70747.15741347433,4200.0,74947.15741347433
22924.885998545877,73271.95053904576,4590.0,77861.95053904576
23055.71022301613,73477.460037991,4560.0,78037.460037991
23606.265872535554,74342.31833264059,4500.0,78842.31833264059
23635.69511025295,74388.54821034198,4470.0,78858.54821034198
23580.851578079735,74302.3954594815,3810.0,78112.3954594815
23538.693533872072,74236.17012104199,1980.0,76216.17012104199
23545.50594185934,74246.87161426884,1875.0,76121.87161426884
22813.87429931302,73097.56419141954,2250.0,75347.56419141954
22572.508039614397,72718.40613186442,2355.0,75073.40613186442
24930.7320446936,76422.89920756855,2355.0,78777.89920756855
25119.35230078268,76719.19948740395,2325.0,79044.19948740395
24281.75898701281,75403.43871809894,2415.0,77818.43871809894
22549.54922153149,72682.34052383427,2190.0,74872.34052383427
20874.09356315423,70050.39636936052,1860.0,71910.39636936052
18785.844283444392,66770.00189437959,1710.0,68480.00189437959
20668.314611445283,69727.1417929973,1680.0,71407.1417929973
19989.360574837956,68660.58470515664,1635.0,70295.58470515664
19132.506477039842,67314.5675052023,1380.0,68694.5675052023
18764.391354074865,66736.3018607391,1380.0,68116.3018607391
19242.334896572105,67487.0950593263,1845.0,69332.0950593263
20006.47139208843,68687.46379038668,3060.0,71747.46379038668
20011.108754152046,68694.7485418001,3540.0,72234.7485418001
20028.367766355383,68721.8604239042,3780.0,72501.8604239042
21210.86545358744,70579.42547495633,4200.0,74779.42547495633
22659.956741341113,72855.77777651235,4590.0,77445.77777651235
22844.049071639467,73144.96521647209,4560.0,77704.96521647209
23570.920236315163,74286.79448742792,4500.0,78786.79448742792
23570.920236315163,74286.79448742792,4470.0,78756.79448742792
23580.851578079735,74302.3954594815,3810.0,78112.3954594815
23545.50594185934,74246.87161426884,1980.0,76226.87161426884
23237.24676035808,73762.63262724549,1875.0,75637.63262724549
23024.10137953038,73427.80625549547,2250.0,75677.80625549547
23080.007355519556,73515.62798086856,2355.0,75870.62798086856
25151.588122915175,76769.83817975134,2355.0,79124.83817975134
25262.36271022345,76943.85205237906,2325.0,79268.85205237906
24440.77673128576,75653.2369269648,2415.0,78068.2369269648
22818.776132369454,73105.26439571596,2190.0,75295.26439571596
21119.837273768364,70436.43089042687,1860.0,72296.43089042687
18785.844283444392,66770.00189437959,1710.0,68480.00189437959
20668.314611445283,69727.1417929973,1680.0,71407.1417929973
19989.360574837956,68660.58470515664,1635.0,70295.58470515664
19132.506477039842,67314.5675052023,1380.0,68694.5675052023
18764.391354074865,66736.3018607391,1380.0,68116.3018607391
19242.334896572105,67487.0950593263,1845.0,69332.0950593263
20006.47139208843,68687.46379038668,3060.0,71747.46379038668
20011.108754152046,68694.7485418001,3540.0,72234.7485418001
20028.367766355383,68721.8604239042,3780.0,72501.8604239042
21072.496966055005,70362.06482437543,4200.0,74562.06482437543
22635.477215049534,72817.3233144051,4590.0,77407.3233144051
22844.049071639467,73144.96521647209,4560.0,77704.96521647209
23570.920236315163,74286.79448742792,4500.0,78786.79448742792
23606.265872535554,74342.31833264059,4470.0,78812.31833264059
23545.50594185934,74246.87161426884,3810.0,78056.87161426884
23545.50594185934,74246.87161426884,1980.0,76226.87161426884
23545.50594185934,74246.87161426884,1875.0,76121.87161426884
22813.87429931302,73097.56419141954,2250.0,75347.56419141954
22741.181255047337,72983.371952449,2355.0,75338.371952449
25041.504352079508,76596.90949870588,2355.0,78951.90949870588
25152.278939387783,76770.92337133359,2325.0,79095.92337133359
24281.75898701281,75403.43871809894,2415.0,77818.43871809894
22573.03242175532,72719.22987464964,2190.0,74909.22987464964
20874.09356315423,70050.39636936052,1860.0,71910.39636936052
18785.844283444392,66770.00189437959,1710.0,68480.00189437959
20384.12913005698,69280.71976279527,1680.0,70960.71976279527
19825.397678983893,68403.01824367735,1635.0,70038.01824367735
19330.421976557325,67625.46952127792,1380.0,69005.46952127792
19147.364731006706,67337.90807794635,1380.0,68717.90807794635
19939.804182598622,68582.73743046513,1845.0,70427.73743046513
20603.94100384142,69626.01841238844,3060.0,72686.01841238844
20716.596527089947,69802.98701457174,3540.0,73342.98701457174
21105.8545099846,70414.46560998507,3780.0,74194.46560998507
22051.773774456873,71900.39373125994,4200.0,76100.39373125994
23197.84058242909,73700.73014768312,4590.0,78290.73014768312
23223.772419258778,73741.4660191563,4560.0,78301.4660191563
23015.510632108697,73414.31119977971,4500.0,77914.31119977971
23015.510632108697,73414.31119977971,4470.0,77884.31119977971
23071.30489190263,73501.95743212468,3810.0,77311.95743212468
23061.261833942826,73486.18096704296,1980.0,75466.18096704296
23092.44661187113,73535.16859232962,1875.0,75410.16859232962
22978.97487642065,73356.9178165937,2250.0,75606.9178165937
23057.328967885926,73480.002896154,2355.0,75835.002896154
26078.49283497321,78225.89667133693,2355.0,80580.89667133693
26213.660311523687,78438.22890943779,2325.0,80763.22890943779
25496.410419172702,77311.51352784513,2415.0,79726.51352784513
23092.152501887747,73534.70658007183,2190.0,75724.70658007183
20166.29850879627,68938.533428334,1860.0,70798.533428334
17711.417195611324,65082.203068375835,1710.0,66792.20306837583
20068.948104295574,68785.60737100737,1680.0,70465.60737100737
19662.90077320206,68147.75468050624,1635.0,69782.75468050624
19483.81287246597,67866.42861190958,1380.0,69246.42861190958
19232.344276826392,67471.4009685231,1380.0,68851.4009685231
20024.786008340667,68716.23390253227,1845.0,70561.23390253227
20572.099608275796,69575.99931787513,3060.0,72635.99931787513
20801.578352831984,69936.48348663887,3540.0,73476.48348663887
21190.834055804295,70547.95850056183,3780.0,74327.95850056183
21976.31518437843,71781.8571444701,4200.0,75981.8571444701
23122.38427227299,73582.19714238362,4590.0,78172.19714238362
23171.860867230003,73659.91906491216,4560.0,78219.91906491216
23075.078163394905,73507.88479868774,4500.0,78007.88479868774
23075.078163394905,73507.88479868774,4470.0,77977.88479868774
23079.213942541122,73514.38162221969,3810.0,77324.38162221969
23006.30430565202,73399.84914166396,1980.0,75379.84914166396
22965.69888856596,73336.06279816672,1875.0,75211.06279816672
22978.97487642065,73356.9178165937,2250.0,75606.9178165937
23057.328967885926,73480.002896154,2355.0,75835.002896154
26078.49283497321,78225.89667133693,2355.0,80580.89667133693
26213.660311523687,78438.22890943779,2325.0,80763.22890943779
25496.410419172702,77311.51352784513,2415.0,79726.51352784513
23092.152501887747,73534.70658007183,2190.0,75724.70658007183
20166.29850879627,68938.533428334,1860.0,70798.533428334
17615.59319912517,64931.674818852174,1710.0,66641.67481885217
20206.085433758024,69001.03401678825,1680.0,70681.03401678825
19679.81551713027,68174.32575756441,1635.0,69809.32575756441
19226.00609268831,67461.44442529332,1380.0,68841.44442529332
18789.479619634385,66775.71258077523,1380.0,68155.71258077523
18295.114936398102,65999.12369779506,1845.0,67844.12369779506
19630.85190470241,68097.40967036922,3060.0,71157.40967036922
19635.49154668838,68104.69800327302,3540.0,71644.69800327302
19741.870443702323,68271.80676246657,3780.0,72051.80676246657
20903.784991942084,70097.03811845453,4200.0,74297.03811845453
21991.20535725822,71805.24785807932,4590.0,76395.24785807932
22210.821157720406,72150.23849950064,4560.0,76710.23849950064
22140.779663149893,72040.21153383086,4500.0,76540.21153383086
22305.26694114488,72298.60173809536,4470.0,76768.60173809536
22279.852646689054,72258.67886493627,3810.0,76068.67886493627
22279.852646689054,72258.67886493627,1980.0,74238.67886493627
22251.123345133667,72213.54850477858,1875.0,74088.54850477858
22279.852646689054,72258.67886493627,2250.0,74508.67886493627
22303.871628665565,72296.40986598867,2355.0,74651.40986598867
24340.656221127578,75495.95935883805,2355.0,77850.95935883805
24482.85725813345,75719.34049473167,2325.0,78044.34049473167
23937.814460860733,74863.14224379776,2415.0,77278.14224379776
22408.834693899014,72461.29451966216,2190.0,74651.29451966216
20438.482478924554,69366.10249322612,1860.0,71226.10249322612
17645.367845078872,64978.4472923447,1710.0,66688.4472923447
20021.069734907185,68710.39607322849,1680.0,70390.39607322849
19494.797538357074,67883.68423251426,1635.0,69518.68423251426
18036.026840258724,65592.12671359065,1380.0,66972.12671359065
17141.907411619974,64187.57005353174,1380.0,65567.57005353173
18240.448098207147,65913.24851243827,1845.0,67758.24851243827
19457.007825375524,67824.32102962451,3060.0,70884.32102962451
20036.197019711562,68734.15926183623,3540.0,72274.15926183623
20053.456031914895,68761.2711439403,3780.0,72541.2711439403
20951.451328551753,70171.91633762895,4200.0,74371.91633762895
22155.692635253203,72063.63806234383,4590.0,76653.63806234383
22346.579134160005,72363.49834360741,4560.0,76923.49834360741
22931.201383460448,73281.87126737185,4500.0,77781.87126737185
23046.150508594914,73462.44284886782,4470.0,77932.44284886782
23003.205891175872,73394.98189625052,3810.0,77204.98189625052
23294.807959974678,73853.05451462754,1980.0,75833.05451462754
23237.24676035808,73762.63262724549,1875.0,75637.63262724549
22461.3800643416,72543.83712822928,2250.0,74793.83712822928
22474.580814758683,72564.57395747404,2355.0,74919.57395747404
24832.80481983788,76269.06703317816,2355.0,78624.06703317816
24975.00585684375,76492.44816907178,2325.0,78817.44816907178
24103.72897024797,75123.77446103415,2415.0,77538.77446103415
22571.099047600972,72716.1927708155,2190.0,74906.1927708155
20872.160188999882,70047.35926552641,1860.0,71907.35926552641
18145.142784056035,65763.53505197387,1710.0,67473.53505197387
20206.085433758024,69001.03401678825,1680.0,70681.03401678825
19679.81551713027,68174.32575756441,1635.0,69809.32575756441
19226.00609268831,67461.44442529332,1380.0,68841.44442529332
18789.479619634385,66775.71258077523,1380.0,68155.71258077523
19267.423162131618,67526.50577936241,1845.0,69371.50577936241
20031.559657647944,68726.87451042279,3060.0,71786.87451042279
20036.197019711562,68734.15926183623,3540.0,72274.15926183623
20053.456031914895,68761.2711439403,3780.0,72541.2711439403
20922.722026996365,70126.78597747126,4200.0,74326.78597747126
22103.418575570486,71981.52165113077,4590.0,76571.52165113077
22323.034376032672,72326.51229255207,4560.0,76886.51229255207
22450.178805827065,72526.24126603942,4500.0,77026.24126603942
22565.043573834522,72706.68033239167,4470.0,77176.68033239167
22539.629279378685,72666.75745923255,3810.0,76476.75745923255
22905.787089004618,73241.94839421277,1980.0,75221.94839421277
22963.17501452248,73332.09808832666,1875.0,75207.09808832666
22302.3600401463,72294.03533787308,2250.0,74544.03533787308
22326.379022122805,72331.76633892549,2355.0,74686.76633892549
24507.076873276917,75757.38666693667,2355.0,78112.38666693667
24649.277910282777,75980.76780283028,2325.0,78305.76780283028
24102.301738855724,75121.53244806227,2415.0,77536.53244806227
22406.611769605985,72457.802566551,2190.0,74647.802566551
20707.67291100489,69788.9690612619,1860.0,71648.9690612619
18145.142784056035,65763.53505197387,1710.0,67473.53505197387
20206.085433758024,69001.03401678825,1680.0,70681.03401678825
19635.931571702284,68105.38923091452,1635.0,69740.38923091452
19226.00609268831,67461.44442529332,1380.0,68841.44442529332
17817.178233667924,65248.34124367898,1380.0,66628.34124367898
18240.448098207147,65913.24851243827,1845.0,67758.24851243827
19630.85190470241,68097.40967036922,3060.0,71157.40967036922
20036.197019711562,68734.15926183623,3540.0,72274.15926183623
20053.456031914895,68761.2711439403,3780.0,72541.2711439403
20903.784991942084,70097.03811845453,4200.0,74297.03811845453
22548.007994021656,72679.91943634387,4590.0,77269.91943634387
22844.049071639467,73144.96521647209,4560.0,77704.96521647209
22831.51633847147,73125.27776390588,4500.0,77625.27776390588
22834.48935721826,73129.94802734892,4470.0,77599.94802734892
22809.075062762422,73090.0251541898,3810.0,76900.0251541898
22806.102044015643,73085.35489074679,1980.0,75065.35489074679
22539.629279378685,72666.75745923255,1875.0,74541.75745923255
22288.06036715563,72271.57223026978,2250.0,74521.57223026978
22312.079349132142,72309.30323132219,2355.0,74664.30323132219
24507.076873276917,75757.38666693667,2355.0,78112.38666693667
24649.277910282777,75980.76780283028,2325.0,78305.76780283028
24080.75191278624,75087.68020108102,2415.0,77502.68020108102
22406.611769605985,72457.802566551,2190.0,74647.802566551
20707.67291100489,69788.9690612619,1860.0,71648.9690612619
18145.142784056035,65763.53505197387,1710.0,67473.53505197387
20206.085433758024,69001.03401678825,1680.0,70681.03401678825
19679.81551713027,68174.32575756441,1635.0,69809.32575756441
19226.00609268831,67461.44442529332,1380.0,68841.44442529332
18789.479619634385,66775.71258077523,1380.0,68155.71258077523
18295.114936398102,65999.12369779506,1845.0,67844.12369779506
20031.559657647944,68726.87451042279,3060.0,71786.87451042279
20036.197019711562,68734.15926183623,3540.0,72274.15926183623
20113.34731217507,68855.35331448096,3780.0,72635.35331448096
20899.177268869036,70089.7999264159,4200.0,74289.7999264159
22276.73827275645,72253.78654909026,4590.0,76843.78654909026
22459.738520248276,72541.25845516258,4560.0,77101.25845516258
23141.428463677807,73612.11333144776,4500.0,78112.11333144776
23046.150508594914,73462.44284886782,4470.0,77932.44284886782
23116.014169221984,73572.19045828866,3810.0,77382.19045828866
22809.075062762422,73090.0251541898,1980.0,75070.0251541898
22582.840647712885,72734.63744622318,1875.0,74609.63744622318
22450.561832782172,72526.84295642163,2250.0,74776.84295642163
22474.580814758683,72564.57395747404,2355.0,74919.57395747404
24843.623051397313,76286.06120498583,2355.0,78641.06120498583
24985.824088403173,76509.44234087944,2325.0,78834.44234087944
24281.75898701281,75403.43871809894,2415.0,77818.43871809894
22571.099047600972,72716.1927708155,2190.0,74906.1927708155
20872.160188999882,70047.35926552641,1860.0,71907.35926552641
18422.335743591284,66198.97265120981,1710.0,67908.97265120981
20384.12913005698,69280.71976279527,1680.0,70960.71976279527
19825.397678983893,68403.01824367735,1635.0,70038.01824367735
19447.242917942647,67808.981506368,1380.0,69188.981506368
19264.183392469673,67521.41648154605,1380.0,68901.41648154605
20024.786008340667,68716.23390253227,1845.0,70561.23390253227
20572.099608275796,69575.99931787513,3060.0,72635.99931787513
20716.596527089947,69802.98701457174,3540.0,73342.98701457174
21187.063064234364,70542.03471548914,3780.0,74322.03471548914
22028.229016329555,71863.4076802046,4200.0,76063.4076802046
23166.37537405151,73651.30199908093,4590.0,78241.30199908093
23277.457750877267,73825.79937290864,4560.0,78385.79937290864
23274.32513756586,73820.87840513968,4500.0,78320.87840513968
23274.32513756586,73820.87840513968,4470.0,78290.87840513968
23286.545521371663,73840.07519352515,3810.0,77650.07519352515
23238.867785150233,73765.17906689887,1980.0,75745.17906689887
23163.776262570416,73647.21910005863,1875.0,75522.21910005863
22929.7695922235,73279.62209141924,2250.0,75529.62209141924
23008.123683688773,73402.70717097956,2355.0,75757.70717097956
26108.421375685662,78272.91089542948,2355.0,80627.91089542948
26243.588852236135,78485.24313353033,2325.0,80810.24313353033
25521.320850788772,77350.64489163237,2415.0,79765.64489163237
23093.57973327999,73536.94859304371,2190.0,75726.94859304371
20167.72574018852,68940.7754413059,1860.0,70800.7754413059
17932.496706223385,65429.493026614946,1710.0,67139.49302661495
20019.79753823486,68708.39760160178,1680.0,70388.39760160178
19499.601334752377,67891.23043272475,1635.0,69526.23043272475
19117.700661287065,67291.30930673677,1380.0,68671.30930673677
19116.369186633605,67289.21771636045,1380.0,68669.21771636045
19908.810918147876,68534.05065036962,1845.0,70379.05065036962
20444.10932728888,69374.94161146035,3060.0,72434.94161146035
20673.58807184507,69735.4257802241,3540.0,73275.4257802241
21181.846601893383,70533.8402655216,3780.0,74313.8402655216
21988.9391144405,71801.68785665113,4200.0,76001.68785665113
22865.393704697282,73178.49512931998,4590.0,77768.49512931998
22956.476602652812,73321.57566961835,4560.0,77881.57566961835
22857.573571030513,73166.21061734944,4500.0,77666.21061734944
22857.573571030513,73166.21061734944,4470.0,77636.21061734944
22869.793954836307,73185.40740573489,3810.0,76995.40740573489
22859.750896876507,73169.63094065318,1980.0,75149.63094065318
22834.076691272574,73129.29977759188,1875.0,75004.29977759188
22636.138392531568,72818.36194661255,2250.0,75068.36194661255
22732.02052703769,72968.98152414065,2355.0,75323.98152414065
25986.393091648766,78081.21878633335,2355.0,80436.21878633335
26121.560568199242,78293.55102443421,2325.0,80618.55102443421
25295.33950712029,76995.65472909686,2415.0,79410.65472909686
22901.669549237216,73235.48022260377,2190.0,75425.48022260377
19708.54937853036,68219.46328070285,1860.0,70079.46328070285
17252.24083395316,64360.890907772766,1710.0,66070.89090777276
20114.747184499094,68857.5523495684,1680.0,70537.5523495684
19474.33067540471,67851.53319345898,1635.0,69486.53319345898
18973.66884663269,67065.05223407572,1380.0,68445.05223407572
18722.938945835107,66671.18499356926,1380.0,68051.18499356926
19137.187157628145,67321.92030493278,1845.0,69166.92030493278
20108.926542734876,68848.40880465272,3060.0,71908.40880465272
20028.584358978806,68722.20066548939,3540.0,72262.20066548939
20121.51855388402,68868.18937596855,3780.0,72648.18937596855
20972.556569762623,70205.07019398795,4200.0,74405.07019398795
22158.572177183567,72068.16148468167,4590.0,76658.16148468167
22433.12270671304,72499.44813657827,4560.0,77059.44813657827
22790.769566199597,73061.2693680057,4500.0,77561.2693680057
23021.77129888681,73424.14597233688,4470.0,77894.14597233688
22786.12992421363,73053.9810351019,3810.0,76863.9810351019
22792.807816782133,73064.47122039684,1980.0,75044.47122039684
22728.56872459703,72963.55914771983,1875.0,74838.55914771983
22416.374397116513,72473.13850831716,2250.0,74723.13850831716
22426.09370610236,72488.40640176629,2355.0,74843.40640176629
24726.093054160567,76101.43537639054,2355.0,78456.43537639054
24868.294091166437,76324.81651228416,2325.0,78649.81651228416
24156.317659215234,75206.38511791831,2415.0,77621.38511791831
22646.66479402996,72834.89768765279,2190.0,75024.89768765279
20947.72593542886,70166.06418236367,1860.0,72026.06418236367
18220.710810407374,65882.24355030153,1710.0,67592.24355030153
19661.997923950734,68146.33641031956,1680.0,69826.33641031956
19174.263254913574,67380.1625013366,1635.0,69015.1625013366
18950.347520895837,67028.41716907667,1380.0,68408.41716907667
18631.2062700093,66527.08372851532,1380.0,67907.08372851532
18212.43241234789,65869.23915876653,1845.0,67714.23915876653
19638.71307697152,68109.75864916644,3060.0,71169.75864916644
20053.672624538325,68761.61138552554,3540.0,72301.61138552554
20146.60681944354,68907.60009600468,3780.0,72687.60009600468
20880.117118007758,70059.85866691917,4200.0,74259.85866691917
22084.358424709208,71951.58039163404,4590.0,76541.58039163404
22358.908954238686,72382.86704353067,4560.0,76942.86704353067
22424.62543610778,72486.09992196773,4500.0,76986.09992196773
22427.489018581673,72490.59827387297,4470.0,76960.59827387297
22416.374397116513,72473.13850831716,3810.0,76283.13850831716
22399.21114165195,72446.17704880862,1980.0,74426.17704880862
22427.940443207335,72491.30740896631,1875.0,74366.30740896631
22263.453165212355,72232.91720470184,2250.0,74482.91720470184
22287.472147188855,72270.6482057542,2355.0,74625.6482057542
24580.709245551552,75873.05447993983,2355.0,78228.05447993983
24722.910282557415,76096.43561583344,2325.0,78421.43561583344
24013.380207289723,74981.84716063504,2415.0,77396.84716063504
22482.17751603497,72576.5074833883,2190.0,74766.5074833883
20783.23865743388,69907.67397809919,1860.0,71767.67397809919
18220.710810407374,65882.24355030153,1710.0,67592.24355030153
19778.818865336045,68329.84839540963,1680.0,70009.84839540963
19247.200250870905,67494.73795977677,1635.0,69129.73795977677
19010.23994111718,67122.50113036248,1380.0,68502.50113036248
18722.938945835107,66671.18499356926,1380.0,68051.18499356926
19197.082997733014,67416.00963845414,1845.0,69261.00963845414
20140.76565837815,68898.42431767566,3060.0,71958.42431767566
20028.584358978806,68722.20066548939,3540.0,72262.20066548939
20121.51855388402,68868.18937596855,3780.0,72648.18937596855
21044.604396002745,70318.24887118368,4200.0,74518.24887118368
22248.845702704188,72209.97059589851,4590.0,76799.97059589851
22523.396232233674,72641.25724779515,4560.0,77201.25724779515
22427.489018581673,72490.59827387297,4500.0,76990.59827387297
22441.788691572336,72513.06138147626,4470.0,76983.06138147626
22402.074724125847,72450.67540071388,3810.0,76260.67540071388
22416.374397116513,72473.13850831716,1980.0,74453.13850831716
22402.074724125847,72450.67540071388,1875.0,74325.67540071388
22427.940443207335,72491.30740896631,2250.0,74741.30740896631
22451.959425183843,72529.03841001871,2355.0,74884.03841001871
24580.709245551552,75873.05447993983,2355.0,78228.05447993983
24722.910282557415,76096.43561583344,2325.0,78421.43561583344
24013.380207289723,74981.84716063504,2415.0,77396.84716063504
22482.17751603497,72576.5074833883,2190.0,74766.5074833883
20514.04822535355,69484.80741006344,1860.0,71344.80741006344
17720.935871430207,65097.15579067235,1710.0,66807.15579067235
19593.80088656285,68039.20687035947,1680.0,69719.20687035947
19106.06621752569,67273.03296137652,1635.0,68908.03296137652
18398.348680527703,66161.2917910226,1380.0,67541.2917910226
18631.2062700093,66527.08372851532,1380.0,67907.08372851532
19137.187157628145,67321.92030493278,1845.0,69166.92030493278
19792.11537249191,68350.73564724992,3060.0,71410.73564724992
20053.672624538325,68761.61138552554,3540.0,72301.61138552554
20146.60681944354,68907.60009600468,3780.0,72687.60009600468
20880.117118007758,70059.85866691917,4200.0,74259.85866691917
22084.358424709208,71951.58039163404,4590.0,76541.58039163404
22523.396232233674,72641.25724779515,4560.0,77201.25724779515
22423.562992291823,72484.4309474551,4500.0,76984.4309474551
22423.562992291823,72484.4309474551,4470.0,76954.4309474551
22398.148697836004,72444.50807429601,3810.0,76254.50807429601
22584.546029632053,72737.31640102026,1980.0,74717.31640102026
22716.82484456276,72945.11089082179,1875.0,74820.11089082179
22595.364261191477,72754.3105728279,2250.0,75004.3105728279
22582.76769019763,72734.52283853132,2355.0,75089.52283853132
24983.334413194974,76505.53135339494,2355.0,78860.53135339494
25125.535450200838,76728.91248928853,2325.0,79053.91248928853
24145.72741989099,75189.7490951477,2415.0,77604.7490951477
22646.66479402996,72834.89768765279,2190.0,75024.89768765279
20947.72593542886,70166.06418236367,1860.0,72026.06418236367
18575.19541759195,66439.09725458517,1710.0,68149.09725458517
20114.747184499094,68857.5523495684,1680.0,70537.5523495684
19474.33067540471,67851.53319345898,1635.0,69486.53319345898
18856.847905247374,66881.54024898565,1380.0,68261.54024898565
18722.938945835107,66671.18499356926,1380.0,68051.18499356926
19137.187157628145,67321.92030493278,1845.0,69166.92030493278
20049.035262474707,68754.32663411208,3060.0,71814.32663411208
20028.584358978806,68722.20066548939,3540.0,72262.20066548939
20121.51855388402,68868.18937596855,3780.0,72648.18937596855
20954.330870482114,70176.4397599668,4200.0,74376.4397599668
22355.78774053904,72377.96398321356,4590.0,76967.96398321356
22619.52003850909,72792.25646330252,4560.0,77352.25646330252
23021.77129888681,73424.14597233688,4500.0,77924.14597233688
23200.565089639516,73705.01002867578,4470.0,78175.01002867578
23175.150795183697,73665.08715551668,3810.0,77475.08715551668
23425.848777068346,74058.90425515795,1980.0,76038.90425515795
23425.848777068346,74058.90425515795,1875.0,75933.90425515795
22904.44421473939,73239.83889638458,2250.0,75489.83889638458
22928.4631967159,73277.56989743697,2355.0,75632.56989743697
24959.408908034886,76467.94719344772,2355.0,78822.94719344772
25070.183495343153,76641.96106607543,2325.0,78966.96106607543
24502.23887804634,75749.78674437063,2415.0,78164.78674437063
22614.524728636236,72784.40941790094,2190.0,74974.40941790094
20926.17610935939,70132.21193538245,1860.0,71992.21193538245
18575.19541759195,66439.09725458517,1710.0,68149.09725458517
20019.79753823486,68708.39760160178,1680.0,70388.39760160178
19499.601334752377,67891.23043272475,1635.0,69526.23043272475
19117.700661287065,67291.30930673677,1380.0,68671.30930673677
18999.543685403587,67105.69856828965,1380.0,68485.69856828965
19908.810918147876,68534.05065036962,1845.0,70379.05065036962
20560.932548596542,69558.45717804079,3060.0,72618.45717804079
20673.58807184507,69735.4257802241,3540.0,73275.4257802241
21100.638047643613,70406.27116001752,3780.0,74186.27116001752
21930.623260525444,71710.08049595647,4200.0,75910.08049595647
22790.648730314948,73061.07954901605,4590.0,77651.07954901605
22942.589595607824,73299.76081177211,4560.0,77859.76081177211
22895.208249292133,73225.33027889399,4500.0,77725.33027889399
22913.591263214927,73254.20783575073,4470.0,77724.20783575073
22888.1769687591,73214.28496259161,3810.0,77024.28496259161
22878.133910799294,73198.50849750992,1980.0,75178.50849750992
22878.133910799294,73198.50849750992,1875.0,75073.50849750992
22653.668715494772,72845.90002607071,2250.0,75095.90002607071
22732.02052703769,72968.98152414065,2355.0,75323.98152414065
25719.430143706177,77661.8513343895,2355.0,80016.8513343895
25859.40141665194,77881.72977270081,2325.0,80206.72977270081
25404.116882448358,77166.53121616009,2415.0,79581.53121616009
22901.669549237216,73235.48022260377,2190.0,75425.48022260377
19708.54937853036,68219.46328070285,1860.0,70079.46328070285
17252.24083395316,64360.890907772766,1710.0,66070.89090777276
20019.79753823486,68708.39760160178,1680.0,70388.39760160178
19499.601334752377,67891.23043272475,1635.0,69526.23043272475
19117.700661287065,67291.30930673677,1380.0,68671.30930673677
18999.543685403587,67105.69856828965,1380.0,68485.69856828965
19791.987696840213,68350.5350837892,1845.0,70195.5350837892
20444.10932728888,69374.94161146035,3060.0,72434.94161146035
20673.58807184507,69735.4257802241,3540.0,73275.4257802241
21100.638047643613,70406.27116001752,3780.0,74186.27116001752
21971.098722037445,71773.66269450256,4200.0,75973.66269450256
22874.716307193903,73193.13984344463,4590.0,77783.13984344463
22942.589595607824,73299.76081177211,4560.0,77859.76081177211
22895.208249292133,73225.33027889399,4500.0,77725.33027889399
22895.208249292133,73225.33027889399,4470.0,77695.33027889399
22832.159276574686,73126.28774419034,3810.0,76936.28774419034
22822.116218614887,73110.51127910864,1980.0,75090.51127910864
22802.18969725991,73079.20905327114,1875.0,74954.20905327114
22748.616081836644,72995.05119254695,2250.0,75245.05119254695
22826.97017330192,73118.13627210725,2355.0,75473.13627210725
25945.306610946478,78016.67674836797,2355.0,80371.67674836797
26080.474087496947,78229.00898646883,2325.0,80554.00898646883
25295.33950712029,76995.65472909686,2415.0,79410.65472909686
22901.669549237216,73235.48022260377,2190.0,75425.48022260377
19708.54937853036,68219.46328070285,1860.0,70079.46328070285
17252.24083395316,64360.890907772766,1710.0,66070.89090777276
20246.80028711697,69064.99227182327,1680.0,70744.99227182327
19606.38377802259,68058.97311571384,1635.0,69693.97311571384
18856.847905247374,66881.54024898565,1380.0,68261.54024898565
18606.118004449792,66487.6730084792,1380.0,67867.6730084792
19112.097752107453,67282.50779415148,1845.0,69127.50779415148
20023.94699691519,68714.91591407596,3060.0,71774.91591407596
20028.584358978806,68722.20066548939,3540.0,72262.20066548939
20121.51855388402,68868.18937596855,3780.0,72648.18937596855
20954.330870482114,70176.4397599668,4200.0,74376.4397599668
22158.572177183567,72068.16148468167,4590.0,76658.16148468167
22630.338270068518,72809.25063511019,4560.0,77369.25063511019
22926.493343803926,73274.47548975695,4500.0,77774.47548975695
23021.77129888681,73424.14597233688,4470.0,77894.14597233688
22996.35700443099,73384.22309917778,3810.0,77194.22309917778
22883.548726384885,73207.01453713965,1980.0,75187.01453713965
22702.620928310876,72922.79820581405,1875.0,74797.79820581405
22558.748708221116,72696.79183747893,2250.0,74946.79183747893
22619.383243167984,72792.0415738803,2355.0,75147.0415738803
24905.08519815788,76382.61102239166,2355.0,78737.61102239166
25047.286235163756,76605.9921582853,2325.0,78930.9921582853
24156.317659215234,75206.38511791831,2415.0,77621.38511791831
22646.66479402996,72834.89768765279,2190.0,75024.89768765279
20947.72593542886,70166.06418236367,1860.0,72026.06418236367
18575.19541759195,66439.09725458517,1710.0,68149.09725458517
20246.80028711697,69064.99227182327,1680.0,70744.99227182327
19606.38377802259,68058.97311571384,1635.0,69693.97311571384
18856.847905247374,66881.54024898565,1380.0,68261.54024898565
18606.118004449792,66487.6730084792,1380.0,67867.6730084792
19228.928953143353,67466.03589594821,1845.0,69311.03589594821
20023.94699691519,68714.91591407596,3060.0,71774.91591407596
20028.584358978806,68722.20066548939,3540.0,72262.20066548939
20121.51855388402,68868.18937596855,3780.0,72648.18937596855
20958.256896771956,70182.60708638467,4200.0,74382.60708638467
22176.797876464076,72096.7919187028,4590.0,76686.7919187028
22433.12270671304,72499.44813657827,4560.0,77059.44813657827
22811.54421866945,73093.90390826097,4500.0,77593.90390826097
22926.493343803926,73274.47548975695,4470.0,77744.47548975695
22768.32829049055,73026.01675828961,3810.0,76836.01675828961
22678.371674176826,72884.70547423424,1980.0,74864.70547423424
22728.56872459703,72963.55914771983,1875.0,74838.55914771983
22584.546029632053,72737.31640102026,2250.0,74987.31640102026
22697.632458205073,72914.96190488357,2355.0,75269.96190488357
24983.334413194974,76505.53135339494,2355.0,78860.53135339494
25036.46800360433,76588.99798647763,2325.0,78913.99798647763
24156.317659215234,75206.38511791831,2415.0,77621.38511791831
22625.114967960475,72801.04544067154,2190.0,74991.04544067154
20926.17610935939,70132.21193538245,1860.0,71992.21193538245
18575.19541759195,66439.09725458517,1710.0,68149.09725458517
20114.747184499094,68857.5523495684,1680.0,70537.5523495684
19474.33067540471,67851.53319345898,1635.0,69486.53319345898
18856.847905247374,66881.54024898565,1380.0,68261.54024898565
18606.118004449792,66487.6730084792,1380.0,67867.6730084792
19228.928953143353,67466.03589594821,1845.0,69311.03589594821
20140.76565837815,68898.42431767566,3060.0,71958.42431767566
20028.584358978806,68722.20066548939,3540.0,72262.20066548939
20121.51855388402,68868.18937596855,3780.0,72648.18937596855
20954.330870482114,70176.4397599668,4200.0,74376.4397599668
22483.43375325083,72578.48088458239,4590.0,77168.48088458239
22779.123722826458,73042.97511519356,4560.0,77602.97511519356
23021.77129888681,73424.14597233688,4500.0,77924.14597233688
23200.565089639516,73705.01002867578,4470.0,78175.01002867578
23175.150795183697,73665.08715551668,3810.0,77475.08715551668
23419.036369081085,74048.20276193113,1980.0,76028.20276193113
23117.58959556709,73574.66526813463,1875.0,75449.66526813463
22809.1662596565,73090.16841380464,2250.0,75340.16841380464
22815.6549186698,73100.36133539883,2355.0,75455.36133539883
24922.227934321283,76409.54024848687,2355.0,78764.54024848687
25066.46266206498,76636.1160737909,2325.0,78961.1160737909
24323.25129389373,75468.61826135025,2415.0,77883.61826135025
22614.524728636236,72784.40941790094,2190.0,74974.40941790094
20926.17610935939,70132.21193538245,1860.0,71992.21193538245
18575.19541759195,66439.09725458517,1710.0,68149.09725458517
20246.80028711697,69064.99227182327,1680.0,70744.99227182327
19606.38377802259,68058.97311571384,1635.0,69693.97311571384
18856.847905247374,66881.54024898565,1380.0,68261.54024898565
18606.118004449792,66487.6730084792,1380.0,67867.6730084792
19112.097752107453,67282.50779415148,1845.0,69127.50779415148
20023.94699691519,68714.91591407596,3060.0,71774.91591407596
20028.584358978806,68722.20066548939,3540.0,72262.20066548939
20121.51855388402,68868.18937596855,3780.0,72648.18937596855
21151.546433837586,70486.2422584987,4200.0,74686.2422584987
22478.675555302565,72571.00631417932,4590.0,77161.00631417932
22713.34568305387,72939.64553651652,4560.0,77499.64553651652
22769.564008405247,73027.95792607039,4500.0,77527.95792607039
22793.742584946387,73065.93963144872,4470.0,77535.93963144872
22724.337188712034,72956.91190159232,3810.0,76766.91190159232
22792.807816782133,73064.47122039684,1980.0,75044.47122039684
23361.475169464487,73957.78087454908,1875.0,75832.78087454908
22676.41550079896,72881.63255549641,2250.0,75131.63255549641
22833.185241633008,73127.89941485703,2355.0,75482.89941485703
24959.408908034886,76467.94719344772,2355.0,78822.94719344772
25071.93447570936,76644.7116506799,2325.0,78969.7116506799
24502.23887804634,75749.78674437063,2415.0,78164.78674437063
22860.26843925037,73170.44393896726,2190.0,75360.44393896726
21094.204106766763,70396.16419419221,1860.0,72256.16419419221
18861.412309795734,66888.71039270723,1710.0,68598.71039270723
20241.04804302331,69055.95617161869,1680.0,70735.95617161869
19600.631533928936,68049.93701550928,1635.0,69684.93701550928
18856.847905247374,66881.54024898565,1380.0,68261.54024898565
18606.118004449792,66487.6730084792,1380.0,67867.6730084792
19112.097752107453,67282.50779415148,1845.0,69127.50779415148
20023.94699691519,68714.91591407596,3060.0,71774.91591407596
20028.584358978806,68722.20066548939,3540.0,72262.20066548939
20121.51855388402,68868.18937596855,3780.0,72648.18937596855
21146.28893289427,70477.9833417045,4200.0,74677.9833417045
22529.399267786033,72650.68731194046,4590.0,77240.68731194046
22795.156136804522,73068.1601554784,4560.0,77628.1601554784
23200.565089639516,73705.01002867578,4500.0,78205.01002867578
23200.565089639516,73705.01002867578,4470.0,78175.01002867578
23175.150795183697,73665.08715551668,3810.0,77475.08715551668
23175.150795183697,73665.08715551668,1980.0,75645.08715551668
23117.58959556709,73574.66526813463,1875.0,75449.66526813463
22676.41550079896,72881.63255549641,2250.0,75131.63255549641
22700.43448277547,72919.36355654881,2355.0,75274.36355654881
24922.227934321283,76409.54024848687,2355.0,78764.54024848687
25066.46266206498,76636.1160737909,2325.0,78961.1160737909
24305.025594613213,75439.9878273291,2415.0,77854.9878273291
22614.524728636236,72784.40941790094,2190.0,74974.40941790094
20915.58587003515,70115.57591261184,1860.0,71975.57591261184
18861.412309795734,66888.71039270723,1710.0,68598.71039270723
20019.79753823486,68708.39760160178,1680.0,70388.39760160178
19499.601334752377,67891.23043272475,1635.0,69526.23043272475
19117.700661287065,67291.30930673677,1380.0,68671.30930673677
18999.543685403587,67105.69856828965,1380.0,68485.69856828965
19791.987696840213,68350.5350837892,1845.0,70195.5350837892
20444.10932728888,69374.94161146035,3060.0,72434.94161146035
20673.58807184507,69735.4257802241,3540.0,73275.4257802241
21100.638047643613,70406.27116001752,3780.0,74186.27116001752
21925.865062577177,71702.60592555339,4200.0,75902.60592555339
22894.526552508934,73224.25941327323,4590.0,77814.25941327323
22935.911703039317,73289.27062647714,4560.0,77849.27062647714
22913.591263214927,73254.20783575073,4500.0,77754.20783575073
22913.591263214927,73254.20783575073,4470.0,77724.20783575073
22888.1769687591,73214.28496259161,3810.0,77024.28496259161
22878.133910799294,73198.50849750992,1980.0,75178.50849750992
22878.133910799294,73198.50849750992,1875.0,75073.50849750992
22702.873999691925,72923.19575124516,2250.0,75173.19575124516
22801.542199311985,73078.19191000593,2355.0,75433.19191000593
25737.644443374917,77690.46386095879,2355.0,80045.46386095879
25857.299328243564,77878.42763857929,2325.0,80203.42763857929
25363.511465362295,77102.74487266285,2415.0,79517.74487266285
23068.07652185244,73496.88604176017,2190.0,75686.88604176017
19908.05854377177,68532.8687585474,1860.0,70392.8687585474
17477.095895979848,64714.111814065305,1710.0,66424.11181406531
20014.045294141204,68699.36150139722,1680.0,70379.36150139722
19493.84909065871,67882.19433252017,1635.0,69517.19433252017
19117.700661287065,67291.30930673677,1380.0,68671.30930673677
18999.543685403587,67105.69856828965,1380.0,68485.69856828965
19791.987696840213,68350.5350837892,1845.0,70195.5350837892
20444.10932728888,69374.94161146035,3060.0,72434.94161146035
20673.58807184507,69735.4257802241,3540.0,73275.4257802241
21100.638047643613,70406.27116001752,3780.0,74186.27116001752
21925.865062577177,71702.60592555339,4200.0,75902.60592555339
22894.526552508934,73224.25941327323,4590.0,77814.25941327323
22983.8379507971,73364.55713555381,4560.0,77924.55713555381
22927.095243304804,73275.42100321474,4500.0,77775.42100321474
22913.591263214927,73254.20783575073,4470.0,77724.20783575073
22901.680948848974,73235.49813005562,3810.0,77045.49813005562
22859.750896876507,73169.63094065318,1980.0,75149.63094065318
22802.18969725991,73079.20905327114,1875.0,74954.20905327114
22726.04941039826,72959.60160086052,2250.0,75209.60160086052
22845.008918949585,73146.47302391804,2355.0,75501.47302391804
25945.306610946478,78016.67674836797,2355.0,80371.67674836797
26080.474087496947,78229.00898646883,2325.0,80554.00898646883
25305.92974644452,77012.29075186746,2415.0,79427.29075186746
22900.242317844968,73233.23820963189,2190.0,75423.23820963189
19707.122147138114,68217.22126773096,1860.0,70077.22126773096
17252.24083395316,64360.890907772766,1710.0,66070.89090777276
20246.80028711697,69064.99227182327,1680.0,70744.99227182327
19474.33067540471,67851.53319345898,1635.0,69486.53319345898
18856.847905247374,66881.54024898565,1380.0,68261.54024898565
18606.118004449792,66487.6730084792,1380.0,67867.6730084792
19228.928953143353,67466.03589594821,1845.0,69311.03589594821
20140.76565837815,68898.42431767566,3060.0,71958.42431767566
20028.584358978806,68722.20066548939,3540.0,72262.20066548939
20121.51855388402,68868.18937596855,3780.0,72648.18937596855
20958.256896771956,70182.60708638467,4200.0,74382.60708638467
22176.797876464076,72096.7919187028,4590.0,76686.7919187028
22433.12270671304,72499.44813657827,4560.0,77059.44813657827
22984.13662062519,73365.02631079232,4500.0,77865.02631079232
22908.963020840718,73246.93741029876,4470.0,77716.93741029876
22760.18212792747,73013.2200931961,3810.0,76823.2200931961
22901.079049348093,73234.55261659782,1980.0,75214.55261659782
22901.16112655276,73234.68155025117,1875.0,75109.68155025117
22398.148697836004,72444.50807429601,2250.0,74694.50807429601
22440.393379093017,72510.86950936954,2355.0,74865.86950936954
24707.867354880058,76072.80494236939,2355.0,78427.80494236939
24868.294091166437,76324.81651228416,2325.0,78649.81651228416
24177.86748528471,75240.23736489953,2415.0,77655.23736489953
22646.66479402996,72834.89768765279,2190.0,75024.89768765279
20947.72593542886,70166.06418236367,1860.0,72026.06418236367
18220.710810407374,65882.24355030153,1710.0,67592.24355030153
19661.997923950734,68146.33641031956,1680.0,69826.33641031956
19174.263254913574,67380.1625013366,1635.0,69015.1625013366
18973.66884663269,67065.05223407572,1380.0,68445.05223407572
18722.938945835107,66671.18499356926,1380.0,68051.18499356926
19137.187157628145,67321.92030493278,1845.0,69166.92030493278
20049.035262474707,68754.32663411208,3060.0,71814.32663411208
20145.403020441776,68905.7090690891,3540.0,72445.7090690891
20238.341775191686,69051.704942549,3780.0,72831.704942549
21015.875094447354,70273.11851102597,4200.0,74473.11851102597
22220.116401148807,72164.84023574085,4590.0,76754.84023574085
22384.222932111028,72422.63233111345,4560.0,76982.63233111345
22769.564008405247,73027.95792607039,4500.0,77527.95792607039
22749.751483167853,72996.83477475142,4470.0,77466.83477475142
22678.371674176826,72884.70547423424,3810.0,76694.70547423424
22678.371674176826,72884.70547423424,1980.0,74864.70547423424
22697.01231932538,72913.98773950282,1875.0,74788.98773950282
22584.546029632053,72737.31640102026,2250.0,74987.31640102026
22608.565011608564,72775.04740207265,2355.0,75130.04740207265
24868.467365265173,76325.0887055523,2355.0,78680.0887055523
25010.66840227104,76548.46984144593,2325.0,78873.46984144593
24256.125820011206,75363.17202186427,2415.0,77778.17202186427
22625.114967960475,72801.04544067154,2190.0,74991.04544067154
20926.17610935939,70132.21193538245,1860.0,71992.21193538245
18575.19541759195,66439.09725458517,1710.0,68149.09725458517
20246.80028711697,69064.99227182327,1680.0,70744.99227182327
19606.38377802259,68058.97311571384,1635.0,69693.97311571384
18856.847905247374,66881.54024898565,1380.0,68261.54024898565
18606.118004449792,66487.6730084792,1380.0,67867.6730084792
19197.082997733014,67416.00963845414,1845.0,69261.00963845414
20108.926542734876,68848.40880465272,3060.0,71908.40880465272
20022.832114885146,68713.16456528482,3540.0,72253.16456528482
20115.76630979036,68859.153275764,3780.0,72639.153275764
21151.546433837586,70486.2422584987,4200.0,74686.2422584987
22483.43375325083,72578.48088458239,4590.0,77168.48088458239
22779.123722826458,73042.97511519356,4560.0,77602.97511519356
23200.565089639516,73705.01002867578,4500.0,78205.01002867578
23451.263071524172,74098.82712831703,4470.0,78568.82712831703
23425.848777068346,74058.90425515795,3810.0,77868.90425515795
23461.19441328874,74114.42810037061,1980.0,76094.42810037061
23490.62365100614,74160.65797807202,1875.0,76035.65797807202
23083.238005492098,73520.70295272347,2250.0,75770.70295272347
22928.4631967159,73277.56989743697,2355.0,75632.56989743697
24959.408908034886,76467.94719344772,2355.0,78822.94719344772
25070.183495343153,76641.96106607543,2325.0,78966.96106607543
24591.306324642857,75889.70124718157,2415.0,78304.70124718157
22842.04273996986,73141.81350494611,2190.0,75331.81350494611
21143.103881368766,70472.97999965701,1860.0,72332.97999965701
18861.412309795734,66888.71039270723,1710.0,68598.71039270723
20241.04804302331,69055.95617161869,1680.0,70735.95617161869
19600.631533928936,68049.93701550928,1635.0,69684.93701550928
18856.847905247374,66881.54024898565,1380.0,68261.54024898565
18606.118004449792,66487.6730084792,1380.0,67867.6730084792
19112.097752107453,67282.50779415148,1845.0,69127.50779415148
20023.94699691519,68714.91591407596,3060.0,71774.91591407596
20028.584358978806,68722.20066548939,3540.0,72262.20066548939
20115.76630979036,68859.153275764,3780.0,72639.153275764
21312.7004653542,70739.39632384163,4200.0,74939.39632384163
22897.200901427634,73228.46050147775,4590.0,77818.46050147775
23210.12480406073,73720.02721779895,4560.0,78280.02721779895
23517.068470364986,74202.19968487853,4500.0,78702.19968487853
23660.272673205658,74427.15667653515,4470.0,78897.15667653515
23519.165998928664,74205.49465601933,3810.0,78015.49465601933
23634.85837874983,74387.23380337605,1980.0,76367.23380337605
23634.85837874983,74387.23380337605,1875.0,76262.23380337605
23600.50678867484,74333.2714879649,2250.0,76583.2714879649
23638.041150352983,74392.23356393316,2355.0,76747.23356393316
25567.787948241385,77423.63924687194,2355.0,79778.63924687194
25678.56253554965,77597.65311949968,2325.0,79922.65311949968
25050.368690183426,76610.8343332661,2415.0,79025.8343332661
23114.028356853538,73569.07098017602,2190.0,75759.07098017602
21433.30607784355,70928.8535829466,1860.0,72788.8535829466
19668.434144749943,68156.44695763527,1710.0,69866.44695763527
20317.45508080012,69175.98265840265,1680.0,70855.98265840265
19663.835541366312,68149.22309155813,1635.0,69784.22309155813
18830.52848161787,66840.19552414949,1380.0,68220.19552414949
18597.219467510604,66473.69445156344,1380.0,67853.69445156344
19089.350966803268,67246.77526472577,1845.0,69091.77526472577
19960.57655514613,68615.36838923006,3060.0,71675.36838923006
19965.213917209745,68622.6531406435,3540.0,72162.6531406435
20005.32231122311,68685.65871923997,3780.0,72465.65871923997
21312.7004653542,70739.39632384163,4200.0,74939.39632384163
22750.294104687597,72997.68716945958,4590.0,77587.68716945958
23063.2180073207,73489.2538857808,4560.0,78049.2538857808
23053.65829289948,73474.23669665761,4500.0,77974.23669665761
23451.263071524172,74098.82712831703,4470.0,78568.82712831703
23175.150795183697,73665.08715551668,3810.0,77475.08715551668
23425.848777068346,74058.90425515795,1980.0,76038.90425515795
23490.62365100614,74160.65797807202,1875.0,76035.65797807202
22904.44421473939,73239.83889638458,2250.0,75489.83889638458
22833.185241633008,73127.89941485703,2355.0,75482.89941485703
24961.159888401093,76470.6977780522,2355.0,78825.6977780522
25033.002521629547,76583.55412111459,2325.0,78908.55412111459
24305.025594613213,75439.9878273291,2415.0,77854.9878273291
22614.524728636236,72784.40941790094,2190.0,74974.40941790094
20915.58587003515,70115.57591261184,1860.0,71975.57591261184
18861.412309795734,66888.71039270723,1710.0,68598.71039270723
20014.045294141204,68699.36150139722,1680.0,70379.36150139722
19499.601334752377,67891.23043272475,1635.0,69526.23043272475
19111.948417193405,67282.27320653219,1380.0,68662.27320653219
18999.543685403587,67105.69856828965,1380.0,68485.69856828965
19791.987696840213,68350.5350837892,1845.0,70195.5350837892
20444.10932728888,69374.94161146035,3060.0,72434.94161146035
20667.835827751405,69726.38968001952,3540.0,73266.38968001952
21176.094357799717,70524.80416531702,3780.0,74304.80416531702
21988.9391144405,71801.68785665113,4200.0,76001.68785665113
22910.42901091294,73249.24030860694,4590.0,77839.24030860694
22997.791075590285,73386.47585662077,4560.0,77946.47585662077
22849.096819726416,73152.8946361522,4500.0,77652.8946361522
22878.646893328452,73199.31433284323,4470.0,77669.31433284323
22853.232598872626,73159.39145968414,3810.0,76969.39145968414
22894.255241749073,73223.83321591916,1980.0,75203.83321591916
22796.847839189573,73070.81762133323,1875.0,74945.81762133323
22737.10475388227,72976.9682476667,2250.0,75226.9682476667
22815.458845347548,73100.053327227,2355.0,75455.053327227
25875.99469152855,77907.79585961676,2355.0,80262.79585961676
26011.162168079027,78120.12809771762,2325.0,80445.12809771762
25305.92974644452,77012.29075186746,2415.0,79427.29075186746
22900.242317844968,73233.23820963189,2190.0,75423.23820963189
19707.122147138114,68217.22126773096,1860.0,70077.22126773096
17252.24083395316,64360.890907772766,1710.0,66070.89090777276
20019.79753823486,68708.39760160178,1680.0,70388.39760160178
19499.601334752377,67891.23043272475,1635.0,69526.23043272475
19234.523882594738,67474.82487331722,1380.0,68854.82487331722
19116.369186633605,67289.21771636045,1380.0,68669.21771636045
19876.969522582243,68484.03155585632,1845.0,70329.03155585632
20529.09115303091,69508.43808352748,3060.0,72568.43808352748
20790.409013230383,69918.93776531416,3540.0,73458.93776531416
21217.458989028935,70589.7831451076,3780.0,74369.7831451076
22046.557312115896,71892.19928129244,4200.0,76092.19928129244
22910.42901091294,73249.24030860694,4590.0,77839.24030860694
22997.791075590285,73386.47585662077,4560.0,77946.47585662077
22860.608147680796,73170.97758103246,4500.0,77670.97758103246
22860.608147680796,73170.97758103246,4470.0,77640.97758103246
22839.952051173233,73138.52927827643,3810.0,76948.52927827643
22843.18954091283,73143.61499460245,1980.0,75123.61499460245
22843.18954091283,73143.61499460245,1875.0,75018.61499460245
22789.930554774124,73059.95137954938,2250.0,75309.95137954938
22815.458845347548,73100.053327227,2355.0,75455.053327227
25875.99469152855,77907.79585961676,2355.0,80262.79585961676
26011.162168079027,78120.12809771762,2325.0,80445.12809771762
25304.50251505229,77010.0487388956,2415.0,79425.0487388956
22900.242317844968,73233.23820963189,2190.0,75423.23820963189
19707.122147138114,68217.22126773096,1860.0,70077.22126773096
17252.24083395316,64360.890907772766,1710.0,66070.89090777276
20246.80028711697,69064.99227182327,1680.0,70744.99227182327
19606.38377802259,68058.97311571384,1635.0,69693.97311571384
18856.847905247374,66881.54024898565,1380.0,68261.54024898565
18606.118004449792,66487.6730084792,1380.0,67867.6730084792
19197.082997733014,67416.00963845414,1845.0,69261.00963845414
20049.035262474707,68754.32663411208,3060.0,71814.32663411208
20028.584358978806,68722.20066548939,3540.0,72262.20066548939
20238.341775191686,69051.704942549,3780.0,72831.704942549
21044.604396002745,70318.24887118368,4200.0,74518.24887118368
22248.845702704188,72209.97059589851,4590.0,76799.97059589851
22494.666930678286,72596.12688763747,4560.0,77156.12688763747
22441.788691572336,72513.06138147626,4500.0,77013.06138147626
22427.489018581673,72490.59827387297,4470.0,76960.59827387297
22399.21114165195,72446.17704880862,3810.0,76256.17704880862
22427.940443207335,72491.30740896631,1980.0,74471.30740896631
22427.940443207335,72491.30740896631,1875.0,74366.30740896631
22427.940443207335,72491.30740896631,2250.0,74741.30740896631
22451.959425183843,72529.03841001871,2355.0,74884.03841001871
24503.41987782458,75751.6419563825,2355.0,78106.6419563825
24558.42300456243,75838.04541156894,2325.0,78163.04541156894
24013.380207289723,74981.84716063504,2415.0,77396.84716063504
22482.17751603497,72576.5074833883,2190.0,74766.5074833883
20783.23865743388,69907.67397809919,1860.0,71767.67397809919
18220.710810407374,65882.24355030153,1710.0,67592.24355030153
19778.818865336045,68329.84839540963,1680.0,70009.84839540963
19291.086476221237,67563.67806791702,1635.0,69198.67806791702
18973.66884663269,67065.05223407572,1380.0,68445.05223407572
18722.938945835107,66671.18499356926,1380.0,68051.18499356926
19228.928953143353,67466.03589594821,1845.0,69311.03589594821
20140.76565837815,68898.42431767566,3060.0,71958.42431767566
20028.584358978806,68722.20066548939,3540.0,72262.20066548939
20121.51855388402,68868.18937596855,3780.0,72648.18937596855
21038.85215190908,70309.21277097911,4200.0,74509.21277097911
22220.116401148807,72164.84023574085,4590.0,76754.84023574085
22494.666930678286,72596.12688763747,4560.0,77156.12688763747
22427.489018581673,72490.59827387297,4500.0,76990.59827387297
22427.489018581673,72490.59827387297,4470.0,76960.59827387297
22402.074724125847,72450.67540071388,3810.0,76260.67540071388
22427.940443207335,72491.30740896631,1980.0,74471.30740896631
22427.940443207335,72491.30740896631,1875.0,74366.30740896631
22263.453165212355,72232.91720470184,2250.0,74482.91720470184
22287.472147188855,72270.6482057542,2355.0,74625.6482057542
24416.22196755657,75614.66427567533,2355.0,77969.66427567533
24558.42300456243,75838.04541156894,2325.0,78163.04541156894
24013.380207289723,74981.84716063504,2415.0,77396.84716063504
22482.17751603497,72576.5074833883,2190.0,74766.5074833883
20783.23865743388,69907.67397809919,1860.0,71767.67397809919
18220.710810407374,65882.24355030153,1710.0,67592.24355030153
19675.04135972554,68166.82611672874,1680.0,69846.82611672874
19247.200250870905,67494.73795977677,1635.0,69129.73795977677
19010.23994111718,67122.50113036248,1380.0,68502.50113036248
18631.2062700093,66527.08372851532,1380.0,67907.08372851532
19137.187157628145,67321.92030493278,1845.0,69166.92030493278
20049.035262474707,68754.32663411208,3060.0,71814.32663411208
20053.672624538325,68761.61138552554,3540.0,72301.61138552554
20146.60681944354,68907.60009600468,3780.0,72687.60009600468
20880.117118007758,70059.85866691917,4200.0,74259.85866691917
22084.358424709208,71951.58039163404,4590.0,76541.58039163404
22358.908954238686,72382.86704353067,4560.0,76942.86704353067
22453.354737663165,72531.23028212541,4500.0,77031.23028212541
22424.62543610778,72486.09992196773,4470.0,76956.09992196773
22427.940443207335,72491.30740896631,3810.0,76301.30740896631
22427.940443207335,72491.30740896631,1980.0,74471.30740896631
22399.21114165195,72446.17704880862,1875.0,74321.17704880862
22427.940443207335,72491.30740896631,2250.0,74741.30740896631
22451.959425183843,72529.03841001871,2355.0,74884.03841001871
24580.709245551552,75873.05447993983,2355.0,78228.05447993983
24722.910282557415,76096.43561583344,2325.0,78421.43561583344
24177.86748528471,75240.23736489953,2415.0,77655.23736489953
22482.17751603497,72576.5074833883,2190.0,74766.5074833883
20783.23865743388,69907.67397809919,1860.0,71767.67397809919
18164.26677274317,65793.57659320098,1710.0,67503.57659320098
19675.04135972554,68166.82611672874,1680.0,69846.82611672874
19187.30897061073,67400.65578923615,1635.0,69035.65578923615
18950.347520895837,67028.41716907667,1380.0,68408.41716907667
18631.2062700093,66527.08372851532,1380.0,67907.08372851532
18093.25175132843,65682.02033114305,1845.0,67527.02033114305
19519.53241595206,67922.53982154299,3060.0,70982.53982154299
19698.016137264913,68202.9167951915,3540.0,71742.9167951915
19889.689209383087,68504.0126906329,3780.0,72284.0126906329
20996.93805939307,70243.37065200922,4200.0,74443.37065200922
22084.358424709208,71951.58039163404,4590.0,76541.58039163404
22358.908954238686,72382.86704353067,4560.0,76942.86704353067
22453.354737663165,72531.23028212541,4500.0,77031.23028212541
22453.354737663165,72531.23028212541,4470.0,77001.23028212541
22427.940443207335,72491.30740896631,3810.0,76301.30740896631
22399.21114165195,72446.17704880862,1980.0,74426.17704880862
22427.940443207335,72491.30740896631,1875.0,74366.30740896631
22427.940443207335,72491.30740896631,2250.0,74741.30740896631
22451.959425183843,72529.03841001871,2355.0,74884.03841001871
24580.709245551552,75873.05447993983,2355.0,78228.05447993983
24722.910282557415,76096.43561583344,2325.0,78421.43561583344
24013.380207289723,74981.84716063504,2415.0,77396.84716063504
22482.17751603497,72576.5074833883,2190.0,74766.5074833883
20783.23865743388,69907.67397809919,1860.0,71767.67397809919
18164.26677274317,65793.57659320098,1710.0,67503.57659320098
19675.04135972554,68166.82611672874,1680.0,69846.82611672874
19187.30897061073,67400.65578923615,1635.0,69035.65578923615
18055.81086646671,65623.20509627998,1380.0,67003.20509627998
17761.120642842354,65160.28134919623,1380.0,66540.28134919623
18267.099250538842,65955.11434412331,1845.0,67800.11434412331
19693.378775201298,68195.63204377805,3060.0,71255.63204377805
19698.016137264913,68202.9167951915,3540.0,71742.9167951915
19889.689209383087,68504.0126906329,3780.0,72284.0126906329
20996.93805939307,70243.37065200922,4200.0,74443.37065200922
22084.358424709208,71951.58039163404,4590.0,76541.58039163404
22358.908954238686,72382.86704353067,4560.0,76942.86704353067
22424.62543610778,72486.09992196773,4500.0,76986.09992196773
22424.62543610778,72486.09992196773,4470.0,76956.09992196773
22399.21114165195,72446.17704880862,3810.0,76256.17704880862
22398.148697836004,72444.50807429601,1980.0,74424.50807429601
22416.374397116513,72473.13850831716,1875.0,74348.13850831716
22399.21114165195,72446.17704880862,2250.0,74696.17704880862
22423.23012362846,72483.90804986101,2355.0,74838.90804986101
24559.159419482075,75839.20223295859,2355.0,78194.20223295859
24701.36045648794,76062.58336885221,2325.0,78387.58336885221
24013.380207289723,74981.84716063504,2415.0,77396.84716063504
22482.17751603497,72576.5074833883,2190.0,74766.5074833883
20783.23865743388,69907.67397809919,1860.0,71767.67397809919
18164.26677274317,65793.57659320098,1710.0,67503.57659320098
19777.55350843078,68327.86066825404,1680.0,70007.86066825404
19410.041424927866,67750.54232799381,1635.0,69385.54232799381
19271.09611704041,67532.27556034917,1380.0,68912.27556034917
19084.530070990324,67239.20220333751,1380.0,68619.20220333751
19006.877055648245,67117.21843206612,1845.0,68962.21843206612
20173.427825990446,68949.73274872234,3060.0,72009.73274872234
20758.569897587102,69868.92225229122,3540.0,73408.92225229122
21041.478622458384,70313.33864788582,3780.0,74093.33864788582
21971.098722037445,71773.66269450256,4200.0,75973.66269450256
22892.590898432238,73221.21872794874,4590.0,77811.21872794874
23055.409273265686,73476.9872812621,4560.0,78036.9872812621
22849.096819726416,73152.8946361522,4500.0,77652.8946361522
22849.096819726416,73152.8946361522,4470.0,77622.8946361522
22853.232598872626,73159.39145968414,3810.0,76969.39145968414
22843.18954091283,73143.61499460245,1980.0,75123.61499460245
22843.18954091283,73143.61499460245,1875.0,75018.61499460245
22787.06697230022,73055.45302764411,2250.0,75305.45302764411
22865.4210637655,73178.53810720443,2355.0,75533.53810720443
25875.99469152855,77907.79585961676,2355.0,80262.79585961676
26011.162168079027,78120.12809771762,2325.0,80445.12809771762
25304.50251505229,77010.0487388956,2415.0,79425.0487388956
22900.242317844968,73233.23820963189,2190.0,75423.23820963189
19707.122147138114,68217.22126773096,1860.0,70077.22126773096
17156.416837467008,64210.36265824911,1710.0,65920.36265824911
19704.616512473454,68213.28520981387,1680.0,69893.28520981387
19453.925370355853,67819.4788546437,1635.0,69454.4788546437
19271.09611704041,67532.27556034917,1380.0,68912.27556034917
19084.530070990324,67239.20220333751,1380.0,68619.20220333751
19876.969522582243,68484.03155585632,1845.0,70329.03155585632
20529.09115303091,69508.43808352748,3060.0,72568.43808352748
20758.569897587102,69868.92225229122,3540.0,73408.92225229122
21185.617593463307,70539.76405059428,3780.0,74319.76405059428
21971.098722037445,71773.66269450256,4200.0,75973.66269450256
22968.047208588338,73339.75173324825,4590.0,77929.75173324825
23055.409273265686,73476.9872812621,4560.0,78036.9872812621
22878.646893328452,73199.31433284323,4500.0,77699.31433284323
22878.646893328452,73199.31433284323,4470.0,77669.31433284323
22853.232598872626,73159.39145968414,3810.0,76969.39145968414
22829.90899321343,73122.75281319473,1980.0,75102.75281319473
22843.18954091283,73143.61499460245,1875.0,75018.61499460245
22766.654827484315,73023.38794435775,2250.0,75273.38794435775
22845.008918949585,73146.47302391804,2355.0,75501.47302391804
25945.306610946478,78016.67674836797,2355.0,80371.67674836797
26080.474087496947,78229.00898646883,2325.0,80554.00898646883
25305.92974644452,77012.29075186746,2415.0,79427.29075186746
22900.242317844968,73233.23820963189,2190.0,75423.23820963189
19707.122147138114,68217.22126773096,1860.0,70077.22126773096
17252.24083395316,64360.890907772766,1710.0,66070.89090777276
20114.747184499094,68857.5523495684,1680.0,70537.5523495684
19174.263254913574,67380.1625013366,1635.0,69015.1625013366
18973.66884663269,67065.05223407572,1380.0,68445.05223407572
18722.938945835107,66671.18499356926,1380.0,68051.18499356926
19137.187157628145,67321.92030493278,1845.0,69166.92030493278
20049.035262474707,68754.32663411208,3060.0,71814.32663411208
20145.403020441776,68905.7090690891,3540.0,72445.7090690891
20238.341775191686,69051.704942549,3780.0,72831.704942549
21015.875094447354,70273.11851102597,4200.0,74473.11851102597
22162.498203473406,72074.3288110995,4590.0,76664.3288110995
22451.34840599356,72528.07857059945,4560.0,77088.07857059945
22769.564008405247,73027.95792607039,4500.0,77527.95792607039
22769.564008405247,73027.95792607039,4470.0,77497.95792607039
22584.546029632053,72737.31640102026,3810.0,76547.31640102026
22678.371674176826,72884.70547423424,1980.0,74864.70547423424
22651.04680479017,72841.78131214473,1875.0,74716.78131214473
22399.21114165195,72446.17704880862,2250.0,74696.17704880862
22426.09370610236,72488.40640176629,2355.0,74843.40640176629
24548.569180157836,75822.56621018799,2355.0,78177.56621018799
24690.7702171637,76045.9473460816,2325.0,78370.9473460816
24177.86748528471,75240.23736489953,2415.0,77655.23736489953
22646.66479402996,72834.89768765279,2190.0,75024.89768765279
20947.72593542886,70166.06418236367,1860.0,72026.06418236367
18220.710810407374,65882.24355030153,1710.0,67592.24355030153
19661.997923950734,68146.33641031956,1680.0,69826.33641031956
19174.263254913574,67380.1625013366,1635.0,69015.1625013366
19010.23994111718,67122.50113036248,1380.0,68502.50113036248
18631.2062700093,66527.08372851532,1380.0,67907.08372851532
18267.099250538842,65955.11434412331,1845.0,67800.11434412331
19693.378775201298,68195.63204377805,3060.0,71255.63204377805
20053.672624538325,68761.61138552554,3540.0,72301.61138552554
20206.500379626068,69001.68584803569,3780.0,72781.68584803569
21015.875094447354,70273.11851102597,4200.0,74473.11851102597
22162.498203473406,72074.3288110995,4590.0,76664.3288110995
22437.048733002885,72505.61546299614,4560.0,77065.61546299614
22811.54421866945,73093.90390826097,4500.0,77593.90390826097
22745.7502194404,72990.54925915133,4470.0,77460.54925915133
22768.32829049055,73026.01675828961,3810.0,76836.01675828961
22724.337188712034,72956.91190159232,1980.0,74936.91190159232
22716.82484456276,72945.11089082179,1875.0,74820.11089082179
22398.148697836004,72444.50807429601,2250.0,74694.50807429601
22422.16767981251,72482.2390753484,2355.0,74837.2390753484
24707.867354880058,76072.80494236939,2355.0,78427.80494236939
24850.068391885925,76296.18607826301,2325.0,78621.18607826301
24177.86748528471,75240.23736489953,2415.0,77655.23736489953
22646.66479402996,72834.89768765279,2190.0,75024.89768765279
20783.23865743388,69907.67397809919,1860.0,71767.67397809919
18220.710810407374,65882.24355030153,1710.0,67592.24355030153
20584.217395575764,69595.03493919394,1680.0,71275.03493919394
20041.36788360551,68742.28208199637,1635.0,70377.28208199637
19581.29095261837,68019.55523269696,1380.0,69399.55523269696
19019.89199239365,67137.66336984566,1380.0,68517.66336984566
18417.432770573676,66191.27065616823,1845.0,68036.27065616823
19753.172018800335,68289.56021023274,3060.0,71349.56021023274
20126.990367528408,68876.78495285756,3540.0,72416.78495285756
20175.26772332837,68952.62301145126,3780.0,72732.62301145126
20908.775741970236,70104.8780008754,4200.0,74304.8780008754
22113.01704867168,71996.59972559025,4590.0,76586.59972559025
22232.425701926324,72184.17670225073,4560.0,76744.17670225073
22326.871485350806,72332.5399408455,4500.0,76832.5399408455
22326.871485350806,72332.5399408455,4470.0,76802.5399408455
22301.45719089497,72292.61706768638,3810.0,76102.61706768638
22301.45719089497,72292.61706768638,1980.0,74272.61706768638
22301.45719089497,72292.61706768638,1875.0,74167.61706768638
22136.96991289999,72034.22686342189,2250.0,74284.22686342189
22136.878716005922,72034.0836038071,2355.0,74389.0836038071
24338.152866385273,75492.02688241133,2355.0,77847.02688241133
24525.52828487026,75786.3716685045,2325.0,78111.3716685045
23980.480927752847,74930.16625458986,2415.0,77345.16625458986
22451.503440713477,72528.32211194462,2190.0,74718.32211194462
20481.15122573902,69433.13008550859,1860.0,71293.13008550859
17771.359774124412,65176.3658224498,1710.0,66886.36582244979
20443.0856421529,69373.33352228403,1680.0,71053.33352228403
19900.236130182646,68520.58066508645,1635.0,70155.58066508645
19236.062830182218,67477.24237931725,1380.0,68857.24237931725
18047.589466466015,65610.29024200424,1380.0,66990.29024200424
18862.18634343418,66889.926308688,1845.0,68734.926308688
19896.95532191837,68515.42690044343,3060.0,71575.42690044343
20126.990367528408,68876.78495285756,3540.0,72416.78495285756
20175.26772332837,68952.62301145126,3780.0,72732.62301145126
20908.775741970236,70104.8780008754,4200.0,74304.8780008754
22113.01704867168,71996.59972559025,4590.0,76586.59972559025
22396.912979921308,72442.56690651522,4560.0,77002.56690651522
22298.142183795415,72287.40958068779,4500.0,76787.40958068779
22298.142183795415,72287.40958068779,4470.0,76757.40958068779
22272.727889339585,72247.48670752869,3810.0,76057.48670752869
22272.727889339585,72247.48670752869,1980.0,74227.48670752869
22301.45719089497,72292.61706768638,1875.0,74167.61706768638
22301.45719089497,72292.61706768638,2250.0,74542.61706768638
22301.3659940009,72292.47380807158,2355.0,74647.47380807158
24338.152866385273,75492.02688241133,2355.0,77847.02688241133
24525.52828487026,75786.3716685045,2325.0,78111.3716685045
23980.480927752847,74930.16625458986,2415.0,77345.16625458986
22451.503440713477,72528.32211194462,2190.0,74718.32211194462
20481.15122573902,69433.13008550859,1860.0,71293.13008550859
17771.359774124412,65176.3658224498,1710.0,66886.36582244979
18788.045548475086,66773.45982333225,1680.0,68453.45982333225
18035.507017962504,65591.31013378619,1635.0,67226.31013378619
17654.457895495612,64992.72669445158,1380.0,66372.72669445159
17375.861643752807,64555.084687892624,1380.0,65935.08468789262
17981.81370661578,65506.96424481756,1845.0,67351.96424481756
19317.554094803607,67605.25558962727,3060.0,70665.25558962727
19726.284894505225,68247.32369429435,3540.0,71787.32369429435
19918.34783334557,68549.0320245891,3780.0,72329.0320245891
20908.775741970236,70104.8780008754,4200.0,74304.8780008754
22113.01704867168,71996.59972559025,4590.0,76586.59972559025
22255.81086548902,72220.91204898016,4560.0,76780.91204898016
22335.079205817376,72345.433306179,4500.0,76845.433306179
22349.378878808042,72367.89641378229,4470.0,76837.89641378229
22309.664911361553,72305.51043301991,3810.0,76115.51043301991
22309.664911361553,72305.51043301991,1980.0,74285.51043301991
22348.63562412135,72366.72884792152,1875.0,74241.72884792152
22309.664911361553,72305.51043301991,2250.0,74555.51043301991
22309.57371446748,72305.36717340509,2355.0,74660.36717340509
24504.573518534606,75753.45419050995,2355.0,78108.45419050995
24691.948937019595,76047.7989766031,2325.0,78372.7989766031
24144.96820574783,75188.55645885433,2415.0,77603.55645885433
22613.76779441543,72783.22036309795,2190.0,74973.22036309795
20914.828935814337,70114.38685780884,1860.0,71974.38685780884
18187.80697102579,65830.55548127559,1710.0,67540.55548127559
20989.77682328599,70232.12119075576,1680.0,71912.12119075576
20251.968871088568,69073.11151049302,1635.0,70708.11151049302
19986.161843778344,68655.55987416694,1380.0,70035.55987416694
19678.228691173394,68171.83304026659,1380.0,69551.83304026659
20241.06856232447,69055.98840503203,1845.0,70900.98840503203
20891.466571475154,70077.68732598313,3060.0,73137.68732598313
21040.518775148266,70311.83084043987,3540.0,73851.83084043987
21514.58758960857,71056.53729614253,3780.0,74836.53729614253
22375.525028338816,72408.96894535031,4200.0,76608.96894535031
23521.591836311014,74209.30536177347,4590.0,78799.30536177347
23492.046322553677,74162.89282806317,4560.0,78722.89282806317
23372.59435077435,73975.24780308561,4500.0,78475.24780308561
23499.991851949788,74175.37432200408,4470.0,78645.37432200408
23474.577557493973,74135.451448845,3810.0,77945.451448845
23557.21790298068,74265.26973030169,1980.0,76245.26973030169
23543.713922890798,74244.05656283766,1875.0,76119.05656283766
23251.680948767502,73785.30704278064,2250.0,76035.30704278064
23194.63045175771,73695.68740924157,2355.0,76050.68740924157
26266.080286236916,78520.57453603453,2355.0,80875.57453603453
26406.051559182695,78740.45297434588,2325.0,81065.45297434588
25773.320668336324,77746.50702227515,2415.0,80161.50702227515
23299.66647450643,73860.68667060693,2190.0,76050.68667060693
20373.81476133731,69264.5171003595,1860.0,71124.5171003595
17917.50507679894,65405.94293668424,1710.0,67115.94293668424
20989.77682328599,70232.12119075576,1680.0,71912.12119075576
20414.465776870402,69328.37507366411,1635.0,70963.37507366411
19869.338622470677,68472.0443075865,1380.0,69852.0443075865
19561.405469865727,67988.31747368615,1380.0,69368.31747368615
20245.751522835133,69063.34478625287,1845.0,70908.34478625287
20896.149531985815,70085.043707204,3060.0,73145.043707204
21045.20173565892,70319.18722166072,3540.0,73859.18722166072
21519.27055011922,71063.89367736338,3780.0,74843.89367736338
22375.525028338816,72408.96894535031,4200.0,76608.96894535031
23498.047078183685,74172.31931071811,4590.0,78762.31931071811
23415.675763534495,74042.92364512513,4560.0,78602.92364512513
23444.826850724967,74088.71658100134,4500.0,78588.71658100134
23462.35717368817,74116.25466045951,4470.0,78586.25466045951
23436.94287923235,74076.33178730043,3810.0,77886.33178730043
23525.33090896801,74215.17900598097,1980.0,76195.17900598097
23499.656703364082,74174.84784291964,1875.0,76049.84784291964
23168.68949523861,73654.9372118069,2250.0,75904.9372118069
23319.278366576855,73891.4946507733,2355.0,76246.4946507733
26266.080286236916,78520.57453603453,2355.0,80875.57453603453
26406.051559182695,78740.45297434588,2325.0,81065.45297434588
25727.409871937572,77674.38655068597,2415.0,80089.38655068597
23299.66647450643,73860.68667060693,2190.0,76050.68667060693
20373.81476133731,69264.5171003595,1860.0,71124.5171003595
17917.50507679894,65405.94293668424,1710.0,67115.94293668424
21185.747549037358,70539.9681955454,1680.0,72219.9681955454
20490.213917087538,69447.36650973103,1635.0,71082.36650973103
19577.4561232226,68013.53116589393,1380.0,69393.53116589393
19084.471932970355,67239.11087533306,1380.0,68619.11087533306
19571.13389854098,68003.59969309675,1845.0,69848.59969309675
20218.449452671994,69020.45643906707,3060.0,72080.45643906707
20191.56460829924,68978.22350461905,3540.0,72518.22350461905
20239.841964099192,69054.06156321272,3780.0,72834.06156321272
21044.53371840984,70318.1378449822,4200.0,74518.1378449822
22225.230266983963,72172.8735186417,4590.0,76762.8735186417
22358.938593229264,72382.9136029055,4560.0,76942.9136029055
23128.993767170934,73592.57988296747,4500.0,78092.57988296747
23189.790176604776,73688.08390518515,4470.0,78158.08390518515
23103.579472715104,73552.65700980836,3810.0,77362.65700980836
23103.579472715104,73552.65700980836,1980.0,75532.65700980836
22933.20999505241,73285.02656038821,1875.0,75160.02656038821
22571.828622753557,72717.33884773403,2250.0,74967.33884773403
22571.73742585948,72717.19558811921,2355.0,75072.19558811921
24830.29690525087,76265.1273937707,2355.0,78620.1273937707
25028.49055529528,76576.46635167152,2325.0,78901.46635167152
24123.418379678355,75154.70421187312,2415.0,77569.70421187312
22613.76779441543,72783.22036309795,2190.0,74973.22036309795
20914.828935814337,70114.38685780884,1860.0,71974.38685780884
18187.80697102579,65830.55548127559,1710.0,67540.55548127559
21053.69444641948,70332.52827329053,1680.0,72012.52827329053
20358.16081446966,69239.92658747616,1635.0,70874.92658747616
19581.29095261837,68019.55523269696,1380.0,69399.55523269696
19019.89199239365,67137.66336984566,1380.0,68517.66336984566
19389.740996307188,67718.65273773557,1845.0,69563.65273773557
20153.875211901166,68919.01788730558,3060.0,71979.01788730558
20126.990367528408,68876.78495285756,3540.0,72416.78495285756
20356.662905484507,69237.57354830281,3780.0,73017.57354830281
21020.988960282506,70281.15179392684,4200.0,74481.15179392684
22239.52993997462,72195.33662624499,4590.0,76785.33662624499
22383.60963299839,72421.66891020382,4560.0,76981.66891020382
22654.16345864512,72846.6772094811,4500.0,77346.6772094811
23264.241041003723,73805.0374732313,4470.0,78275.0374732313
23328.55081078174,73906.06057210981,3810.0,77716.06057210981
23238.826746547893,73765.11460007221,1980.0,75745.11460007221
23046.018273098503,73462.23512242634,1875.0,75337.23512242634
22567.072704727638,72709.86785882132,2250.0,74959.86785882132
22566.98150783357,72709.72459920651,2355.0,75064.72459920651
24925.203232990418,76414.21409342029,2355.0,78769.21409342029
25081.152201777804,76659.19161624754,2325.0,78984.19161624754
24583.110003788028,75876.82578929988,2415.0,78291.82578929988
22472.66567998315,72561.56550556289,2190.0,74751.56550556289
20750.34165781935,69855.99665354435,1860.0,71715.99665354435
18187.80697102579,65830.55548127559,1710.0,67540.55548127559
21053.69444641948,70332.52827329053,1680.0,72012.52827329053
20058.09567390087,68768.55947684414,1635.0,70403.55947684414
19641.184512800894,68113.64098472797,1380.0,69493.64098472797
19019.89199239365,67137.66336984566,1380.0,68517.66336984566
19389.740996307188,67718.65273773557,1845.0,69563.65273773557
20153.875211901166,68919.01788730558,3060.0,71979.01788730558
20308.385549684554,69161.73548970911,3540.0,72701.73548970911
20239.841964099192,69054.06156321272,3780.0,72834.06156321272
20997.093094113006,70243.61419335446,4200.0,74443.61419335446
22398.549964169924,72445.1384166012,4590.0,77035.1384166012
22481.343064454206,72575.1966579127,4560.0,77135.1966579127
23128.993767170934,73592.57988296747,4500.0,78092.57988296747
23189.790176604776,73688.08390518515,4470.0,78158.08390518515
23196.262876161618,73698.25175634678,3810.0,77508.25175634678
23238.826746547893,73765.11460007221,1980.0,75745.11460007221
23138.701676545013,73607.82986896472,1875.0,75482.82986896472
22729.207102855544,72964.56196502356,2250.0,75214.56196502356
22704.636379669882,72925.96424330151,2355.0,75280.96424330151
25003.04890177123,76536.50050062797,2355.0,78891.50050062797
25081.152201777804,76659.19161624754,2325.0,78984.19161624754
24324.425453904918,75470.46272889103,2415.0,77885.46272889103
22592.217968345947,72749.36811611672,2190.0,74939.36811611672
20893.279109744864,70080.53461082763,1860.0,71940.53461082763
18542.291578210366,66387.40918555921,1710.0,68097.40918555921
21053.69444641948,70332.52827329053,1680.0,72012.52827329053
20358.16081446966,69239.92658747616,1635.0,70874.92658747616
19577.4561232226,68013.53116589393,1380.0,69393.53116589393
19084.471932970355,67239.11087533306,1380.0,68619.11087533306
19571.13389854098,68003.59969309675,1845.0,69848.59969309675
20213.766492161332,69013.1000578462,3060.0,72073.1000578462
20191.56460829924,68978.22350461905,3540.0,72518.22350461905
20239.841964099192,69054.06156321272,3780.0,72834.06156321272
20997.093094113006,70243.61419335446,4200.0,74443.61419335446
22201.33440081444,72135.3359180693,4590.0,76725.3359180693
22507.140385865136,72615.72122145403,4560.0,77175.72122145403
23189.790176604776,73688.08390518515,4500.0,78188.08390518515
23264.241041003723,73805.0374732313,4470.0,78275.0374732313
23238.826746547893,73765.11460007221,3810.0,77575.11460007221
23328.55081078174,73906.06057210981,1980.0,75886.06057210981
23328.55081078174,73906.06057210981,1875.0,75781.06057210981
22704.727576563964,72926.10750291632,2250.0,75176.10750291632
22656.64401416391,72850.57387100412,2355.0,75205.57387100412
25003.04890177123,76536.50050062797,2355.0,78891.50050062797
25197.07257383415,76841.28891264129,2325.0,79166.28891264129
24349.09649367405,75509.21803618936,2415.0,77924.21803618936
22592.217968345947,72749.36811611672,2190.0,74939.36811611672
20893.279109744864,70080.53461082763,1860.0,71940.53461082763
18542.291578210366,66387.40918555921,1710.0,68097.40918555921
21185.747549037358,70539.9681955454,1680.0,72219.9681955454
20490.213917087538,69447.36650973103,1635.0,71082.36650973103
19577.4561232226,68013.53116589393,1380.0,69393.53116589393
19084.471932970355,67239.11087533306,1380.0,68619.11087533306
19571.13389854098,68003.59969309675,1845.0,69848.59969309675
20335.2703940573,69203.96842415712,3060.0,72263.96842415712
20191.56460829924,68978.22350461905,3540.0,72518.22350461905
20239.841964099192,69054.06156321272,3780.0,72834.06156321272
20997.093094113006,70243.61419335446,4200.0,74443.61419335446
22532.032578102397,72654.82393331833,4590.0,77244.82393331833
22597.94513329375,72758.36481992724,4560.0,77318.36481992724
23264.241041003723,73805.0374732313,4500.0,78305.0374732313
23353.965105237563,73945.9834452689,4470.0,78415.9834452689
23328.55081078174,73906.06057210981,3810.0,77716.06057210981
23553.456031100162,74259.36027119048,1980.0,76239.36027119048
23553.456031100162,74259.36027119048,1875.0,76134.36027119048
23146.913956856297,73620.73039727898,2250.0,75870.73039727898
23195.683775884256,73697.3420577927,2355.0,76052.3420577927
25194.05395664033,76836.54701939085,2355.0,79191.54701939085
25270.992216325118,76957.40799343112,2325.0,79282.40799343112
24483.447758022572,75720.26810073762,2415.0,78135.26810073762
22861.444879183913,73172.29198799841,2190.0,75362.29198799841
21162.506020582823,70503.45848270932,1860.0,72363.45848270932
18828.50847041415,66837.0223236813,1710.0,68547.0223236813
20984.02457919232,70223.08509055116,1680.0,71903.08509055116
20408.713532776736,69319.33897345954,1635.0,70954.33897345954
19869.338622470677,68472.0443075865,1380.0,69852.0443075865
19561.405469865727,67988.31747368615,1380.0,69368.31747368615
20245.751522835133,69063.34478625287,1845.0,70908.34478625287
20896.149531985815,70085.043707204,3060.0,73145.043707204
21045.20173565892,70319.18722166072,3540.0,73859.18722166072
21519.27055011922,71063.89367736338,3780.0,74843.89367736338
22244.07838506652,72202.48169953398,4200.0,76402.48169953398
23382.701246560002,73991.12454989771,4590.0,78581.12454989771
23366.057813391657,73964.97967019361,4560.0,78524.97967019361
23592.67525539631,74320.96906854249,4500.0,78820.96906854249
23592.67525539631,74320.96906854249,4470.0,78790.96906854249
23553.7569808506,74259.83302791938,3810.0,78069.83302791938
23543.713922890798,74244.05656283766,1980.0,76224.05656283766
23543.713922890798,74244.05656283766,1875.0,76119.05656283766
23240.921995189223,73768.40598972263,2250.0,76018.40598972263
23247.045866626235,73778.02587285757,2355.0,76133.02587285757
26263.567811805202,78516.62773364634,2355.0,80871.62773364634
26400.56606600419,78731.83590851462,2325.0,81056.83590851462
25836.187247265636,77845.2630377492,2415.0,80260.2630377492
23323.149674730255,73897.57602142227,2190.0,76087.57602142227
20397.29796156114,69301.40645117484,1860.0,71161.40645117484
18138.584587411,65753.23289492333,1710.0,67463.23289492333
20989.77682328599,70232.12119075576,1680.0,71912.12119075576
20414.465776870402,69328.37507366411,1635.0,70963.37507366411
19869.338622470677,68472.0443075865,1380.0,69852.0443075865
19561.405469865727,67988.31747368615,1380.0,69368.31747368615
20245.751522835133,69063.34478625287,1845.0,70908.34478625287
20896.149531985815,70085.043707204,3060.0,73145.043707204
21045.20173565892,70319.18722166072,3540.0,73859.18722166072
21519.27055011922,71063.89367736338,3780.0,74843.89367736338
22299.154469319623,72288.99976241225,4200.0,76488.99976241225
23390.145193038723,74002.81811595714,4590.0,78592.81811595714
23382.35925820723,73990.58732634215,4560.0,78550.58732634215
23592.67525539631,74320.96906854249,4500.0,78820.96906854249
23572.358867319166,74289.05440785164,4470.0,78759.05440785164
23535.373966927815,74230.95547106267,3810.0,78040.95547106267
23557.21790298068,74265.26973030169,1980.0,76245.26973030169
23543.713922890798,74244.05656283766,1875.0,76119.05656283766
23211.834745824606,73722.71333557677,2250.0,75972.71333557677
23194.63045175771,73695.68740924157,2355.0,76050.68740924157
26343.92595501773,78642.86094324225,2355.0,80997.86094324225
26483.897227963505,78862.73938155358,2325.0,81187.73938155358
25837.808272057788,77847.80947740258,2415.0,80262.80947740258
23299.66647450643,73860.68667060693,2190.0,76050.68667060693
20373.81476133731,69264.5171003595,1860.0,71124.5171003595
17917.50507679894,65405.94293668424,1710.0,67115.94293668424
21185.747549037358,70539.9681955454,1680.0,72219.9681955454
20490.213917087538,69447.36650973103,1635.0,71082.36650973103
19577.4561232226,68013.53116589393,1380.0,69393.53116589393
19084.471932970355,67239.11087533306,1380.0,68619.11087533306
19454.317517000363,67820.0948709874,1845.0,69665.0948709874
20218.449452671994,69020.45643906707,3060.0,72080.45643906707
20191.56460829924,68978.22350461905,3540.0,72518.22350461905
20239.841964099192,69054.06156321272,3780.0,72834.06156321272
21194.30865746847,70553.41669188633,4200.0,74753.41669188633
22406.573010926004,72457.74168121471,4590.0,77047.74168121471
22606.8026316306,72772.27891001632,4560.0,77332.27891001632
22654.16345864512,72846.6772094811,4500.0,77346.6772094811
23128.993767170934,73592.57988296747,4470.0,78062.57988296747
23103.579472715104,73552.65700980836,3810.0,77362.65700980836
23196.262876161618,73698.25175634678,1980.0,75678.25175634678
23106.81468253235,73557.739144644,1875.0,75432.739144644
23146.913956856297,73620.73039727898,2250.0,75870.73039727898
23195.683775884256,73697.3420577927,2355.0,76052.3420577927
25115.043247537727,76712.43047060387,2355.0,79067.43047060387
25270.992216325118,76957.40799343112,2325.0,79282.40799343112
24629.656898522953,75949.94549670242,2415.0,78364.94549670242
22861.444879183913,73172.29198799841,2190.0,75362.29198799841
20916.762309968693,70117.42396164298,1860.0,71977.42396164298
18828.50847041415,66837.0223236813,1710.0,68547.0223236813
21179.995304943695,70530.93209534082,1680.0,72210.93209534082
20490.213917087538,69447.36650973103,1635.0,71082.36650973103
19577.4561232226,68013.53116589393,1380.0,69393.53116589393
19084.471932970355,67239.11087533306,1380.0,68619.11087533306
19454.317517000363,67820.0948709874,1845.0,69665.0948709874
20218.449452671994,69020.45643906707,3060.0,72080.45643906707
20191.56460829924,68978.22350461905,3540.0,72518.22350461905
20239.841964099192,69054.06156321272,3780.0,72834.06156321272
20997.093094113006,70243.61419335446,4200.0,74443.61419335446
22532.032578102397,72654.82393331833,4590.0,77244.82393331833
22663.723173066333,72861.69439860428,4560.0,77421.69439860428
23353.965105237563,73945.9834452689,4500.0,78445.9834452689
23578.87032555599,74299.28314434958,4470.0,78769.28314434958
23419.683867029,74049.21990519633,3810.0,77859.21990519633
23652.728410143456,74415.3055248994,1980.0,76395.3055248994
23553.456031100162,74259.36027119048,1875.0,76134.36027119048
23229.82561310288,73750.97487608978,2250.0,76000.97487608978
23195.683775884256,73697.3420577927,2355.0,76052.3420577927
25197.95262386195,76842.67136792425,2355.0,79197.67136792425
25353.90159264934,77087.64889075153,2325.0,79412.64889075153
24583.110003788028,75876.82578929988,2415.0,78291.82578929988
22886.115918953048,73211.04729529677,2190.0,75401.04729529677
21162.506020582823,70503.45848270932,1860.0,72363.45848270932
18828.50847041415,66837.0223236813,1710.0,68547.0223236813
21179.995304943695,70530.93209534082,1680.0,72210.93209534082
20484.461672993875,69438.33040952645,1635.0,71073.33040952645
19577.4561232226,68013.53116589393,1380.0,69393.53116589393
19084.471932970355,67239.11087533306,1380.0,68619.11087533306
19454.317517000363,67820.0948709874,1845.0,69665.0948709874
20218.449452671994,69020.45643906707,3060.0,72080.45643906707
20191.56460829924,68978.22350461905,3540.0,72518.22350461905
20239.841964099192,69054.06156321272,3780.0,72834.06156321272
21186.030259408984,70540.41230035134,4200.0,74740.41230035134
22588.953119538135,72744.23942190627,4590.0,77334.23942190627
22741.568841847144,72983.98080581197,4560.0,77543.98080581197
23264.241041003723,73805.0374732313,4500.0,78305.0374732313
23264.241041003723,73805.0374732313,4470.0,78275.0374732313
23328.55081078174,73906.06057210981,3810.0,77716.06057210981
23328.55081078174,73906.06057210981,1980.0,75886.06057210981
23328.55081078174,73906.06057210981,1875.0,75781.06057210981
22801.439602806153,73078.03074293927,2250.0,75328.03074293927
22704.636379669882,72925.96424330151,2355.0,75280.96424330151
25014.865739320758,76555.06336521788,2355.0,78910.06336521788
25081.152201777804,76659.19161624754,2325.0,78984.19161624754
24324.425453904918,75470.46272889103,2415.0,77885.46272889103
22615.70116856978,72786.25746693207,2190.0,74976.25746693207
20893.279109744864,70080.53461082763,1860.0,71940.53461082763
18828.50847041415,66837.0223236813,1710.0,68547.0223236813
21185.747549037358,70539.9681955454,1680.0,72219.9681955454
20490.213917087538,69447.36650973103,1635.0,71082.36650973103
19577.4561232226,68013.53116589393,1380.0,69393.53116589393
19084.471932970355,67239.11087533306,1380.0,68619.11087533306
19454.317517000363,67820.0948709874,1845.0,69665.0948709874
20218.449452671994,69020.45643906707,3060.0,72080.45643906707
20191.56460829924,68978.22350461905,3540.0,72518.22350461905
20239.841964099192,69054.06156321272,3780.0,72834.06156321272
21251.80829918157,70643.74187902838,4200.0,74843.74187902838
22588.953119538135,72744.23942190627,4590.0,77334.23942190627
22828.64135638582,73120.76150454879,4560.0,77680.76150454879
23264.241041003723,73805.0374732313,4500.0,78305.0374732313
23347.1526972503,73935.28195204209,4470.0,78405.28195204209
23238.826746547893,73765.11460007221,3810.0,77575.11460007221
23553.456031100162,74259.36027119048,1980.0,76239.36027119048
23553.456031100162,74259.36027119048,1875.0,76134.36027119048
23104.35008647002,73553.86755355356,2250.0,75803.86755355356
23104.258889575955,73553.72429393878,2355.0,75908.72429393878
25115.043247537727,76712.43047060387,2355.0,79067.43047060387
25270.992216325118,76957.40799343112,2325.0,79282.40799343112
24286.229914744737,75410.46202071532,2415.0,77825.46202071532
22615.70116856978,72786.25746693207,2190.0,74976.25746693207
20916.762309968693,70117.42396164298,1860.0,71977.42396164298
18542.291578210366,66387.40918555921,1710.0,68097.40918555921
21185.747549037358,70539.9681955454,1680.0,72219.9681955454
20490.213917087538,69447.36650973103,1635.0,71082.36650973103
19577.4561232226,68013.53116589393,1380.0,69393.53116589393
19084.471932970355,67239.11087533306,1380.0,68619.11087533306
19454.317517000363,67820.0948709874,1845.0,69665.0948709874
20218.449452671994,69020.45643906707,3060.0,72080.45643906707
20191.56460829924,68978.22350461905,3540.0,72518.22350461905
20239.841964099192,69054.06156321272,3780.0,72834.06156321272
21194.30865746847,70553.41669188633,4200.0,74753.41669188633
22532.032578102397,72654.82393331833,4590.0,77244.82393331833
22606.8026316306,72772.27891001632,4560.0,77332.27891001632
23264.241041003723,73805.0374732313,4500.0,78305.0374732313
23264.241041003723,73805.0374732313,4470.0,78275.0374732313
23238.826746547893,73765.11460007221,3810.0,77575.11460007221
23553.456031100162,74259.36027119048,1980.0,76239.36027119048
23363.896447002127,73961.58441732248,1875.0,75836.58441732248
23146.913956856297,73620.73039727898,2250.0,75870.73039727898
23072.371895563287,73503.63356961803,2355.0,75858.63356961803
25115.043247537727,76712.43047060387,2355.0,79067.43047060387
25270.992216325118,76957.40799343112,2325.0,79282.40799343112
24583.110003788028,75876.82578929988,2415.0,78291.82578929988
22823.24934002374,73112.29127982273,2190.0,75302.29127982273
21124.310481422654,70443.45777453363,1860.0,72303.45777453363
18866.357461376847,66896.47864532068,1710.0,68606.47864532068
20984.02457919232,70223.08509055116,1680.0,71903.08509055116
20408.713532776736,69319.33897345954,1635.0,70954.33897345954
19869.338622470677,68472.0443075865,1380.0,69852.0443075865
19561.405469865727,67988.31747368615,1380.0,69368.31747368615
20245.751522835133,69063.34478625287,1845.0,70908.34478625287
20896.149531985815,70085.043707204,3060.0,73145.043707204
21045.20173565892,70319.18722166072,3540.0,73859.18722166072
21600.479104368995,71191.46278286747,3780.0,74971.46278286747
22348.038284465172,72365.7904974445,4200.0,76565.7904974445
23456.087387220647,74106.40556194086,4590.0,78696.40556194086
23563.353174029446,74274.90752088849,4560.0,78834.90752088849
23579.17127530643,74299.75590107849,4500.0,78799.75590107849
23579.17127530643,74299.75590107849,4470.0,78769.75590107849
23553.7569808506,74259.83302791938,3810.0,78069.83302791938
23616.158455620138,74357.85841935784,1980.0,76337.85841935784
23616.158455620138,74357.85841935784,1875.0,76232.85841935784
23432.82761938729,74069.86719718181,2250.0,76319.86719718181
23511.183990774916,74192.95585823248,2355.0,76547.95585823248
26431.30397915154,78780.12156168868,2355.0,81135.12156168868
26571.275252097315,79000.0,2325.0,81325.0
25772.629851863727,77745.42183069293,2415.0,80160.42183069293
23471.501942241353,74130.62001833528,2190.0,76320.62001833528
20578.752421698424,69586.450106776,1860.0,71446.450106776
18323.667543971223,66043.97649244906,1710.0,67753.97649244906
21008.89397220606,70262.15198751175,1680.0,71942.15198751175
20425.792431114285,69346.16791782438,1635.0,70981.16791782438
19880.665276714557,68489.83715174676,1380.0,69869.83715174676
19555.65322577206,67979.28137348157,1380.0,69359.28137348157
20245.751522835133,69063.34478625287,1845.0,70908.34478625287
20896.149531985815,70085.043707204,3060.0,73145.043707204
21039.449491565258,70310.15112145613,3540.0,73850.15112145613
21594.726860275325,71182.42668266287,3780.0,74962.42668266287
22375.525028338816,72408.96894535031,4200.0,76608.96894535031
23521.591836311014,74209.30536177347,4590.0,78799.30536177347
23492.046322553677,74162.89282806317,4560.0,78722.89282806317
23289.944885598226,73845.41519566743,4500.0,78345.41519566743
23415.739601360336,74043.02392685549,4470.0,78513.02392685549
23222.11719563135,73738.86585714738,3810.0,77548.86585714738
23220.931636008394,73737.00348215475,1980.0,75717.00348215475
23184.749268284882,73680.16522997615,1875.0,75555.16522997615
23151.8408690586,73628.46999796949,2250.0,75878.46999796949
23230.194960523877,73751.55507752977,2355.0,76106.55507752977
26307.066450355727,78584.95898842362,2355.0,80939.95898842362
26449.677873384928,78808.98479258391,2325.0,81133.98479258391
25837.808272057788,77847.80947740258,2415.0,80262.80947740258
23323.149674730255,73897.57602142227,2190.0,76087.57602142227
20397.29796156114,69301.40645117484,1860.0,71161.40645117484
18138.584587411,65753.23289492333,1710.0,67463.23289492333
21185.747549037358,70539.9681955454,1680.0,72219.9681955454
20490.213917087538,69447.36650973103,1635.0,71082.36650973103
19577.4561232226,68013.53116589393,1380.0,69393.53116589393
19084.471932970355,67239.11087533306,1380.0,68619.11087533306
19454.317517000363,67820.0948709874,1845.0,69665.0948709874
20218.449452671994,69020.45643906707,3060.0,72080.45643906707
20191.56460829924,68978.22350461905,3540.0,72518.22350461905
20234.08972000553,69045.02546300815,3780.0,72825.02546300815
21035.28863327317,70303.6149015301,4200.0,74503.6149015301
22666.79878831895,72866.52582911398,4590.0,77456.52582911398
22828.64135638582,73120.76150454879,4560.0,77680.76150454879
22918.766686953575,73262.33781889157,4500.0,77762.33781889157
22918.766686953575,73262.33781889157,4470.0,77732.33781889157
23103.579472715104,73552.65700980836,3810.0,77362.65700980836
22748.648000749574,72995.10133341214,1980.0,74975.10133341214
22579.27256923227,72729.03241379345,1875.0,74604.03241379345
22323.96458435222,72327.97354062319,2250.0,74577.97354062319
22323.873387458145,72327.8302810084,2355.0,74682.8302810084
24682.097392537347,76032.32335671251,2355.0,78387.32335671251
24691.948937019595,76047.7989766031,2325.0,78372.7989766031
24123.418379678355,75154.70421187312,2415.0,77569.70421187312
22615.195025807676,72785.46237606985,2190.0,74975.46237606985
20914.828935814337,70114.38685780884,1860.0,71974.38685780884
18542.291578210366,66387.40918555921,1710.0,68097.40918555921
21185.747549037358,70539.9681955454,1680.0,72219.9681955454
20490.213917087538,69447.36650973103,1635.0,71082.36650973103
19577.4561232226,68013.53116589393,1380.0,69393.53116589393
19084.471932970355,67239.11087533306,1380.0,68619.11087533306
19454.317517000363,67820.0948709874,1845.0,69665.0948709874
20335.2703940573,69203.96842415712,3060.0,72263.96842415712
20191.56460829924,68978.22350461905,3540.0,72518.22350461905
20239.841964099192,69054.06156321272,3780.0,72834.06156321272
21044.53371840984,70318.1378449822,4200.0,74518.1378449822
22225.230266983963,72172.8735186417,4590.0,76762.8735186417
22344.638920238598,72360.45049530218,4560.0,76920.45049530218
22822.054660711383,73110.41457886864,4500.0,77610.41457886864
22597.242917209383,72757.26172089313,4470.0,77227.26172089313
22748.648000749574,72995.10133341214,3810.0,76805.10133341214
22893.35239249775,73222.41494573248,1980.0,75202.41494573248
22679.269963583447,72886.11658144018,1875.0,74761.11658144018
22323.96458435222,72327.97354062319,2250.0,74577.97354062319
22323.873387458145,72327.8302810084,2355.0,74682.8302810084
24504.573518534606,75753.45419050995,2355.0,78108.45419050995
24691.948937019595,76047.7989766031,2325.0,78372.7989766031
24123.418379678355,75154.70421187312,2415.0,77569.70421187312
22613.76779441543,72783.22036309795,2190.0,74973.22036309795
20914.828935814337,70114.38685780884,1860.0,71974.38685780884
18542.291578210366,66387.40918555921,1710.0,68097.40918555921
21185.747549037358,70539.9681955454,1680.0,72219.9681955454
20490.213917087538,69447.36650973103,1635.0,71082.36650973103
19577.4561232226,68013.53116589393,1380.0,69393.53116589393
19084.471932970355,67239.11087533306,1380.0,68619.11087533306
19571.13389854098,68003.59969309675,1845.0,69848.59969309675
20335.2703940573,69203.96842415712,3060.0,72263.96842415712
20191.56460829924,68978.22350461905,3540.0,72518.22350461905
20239.841964099192,69054.06156321272,3780.0,72834.06156321272
21044.53371840984,70318.1378449822,4200.0,74518.1378449822
22225.230266983963,72172.8735186417,4590.0,76762.8735186417
22344.638920238598,72360.45049530218,4560.0,76920.45049530218
23016.185489124837,73415.37132092933,4500.0,77915.37132092933
23128.993767170934,73592.57988296747,4470.0,78062.57988296747
22893.35239249775,73222.41494573248,3810.0,77032.41494573248
23196.262876161618,73698.25175634678,1980.0,75678.25175634678
23106.81468253235,73557.739144644,1875.0,75432.739144644
22704.727576563964,72926.10750291632,2250.0,75176.10750291632
22704.636379669882,72925.96424330151,2355.0,75280.96424330151
25004.959476702068,76539.5017895584,2355.0,78894.5017895584
25081.152201777804,76659.19161624754,2325.0,78984.19161624754
24349.09649367405,75509.21803618936,2415.0,77924.21803618936
22615.70116856978,72786.25746693207,2190.0,74976.25746693207
20916.762309968693,70117.42396164298,1860.0,71977.42396164298
18828.50847041415,66837.0223236813,1710.0,68547.0223236813
21185.747549037358,70539.9681955454,1680.0,72219.9681955454
20490.213917087538,69447.36650973103,1635.0,71082.36650973103
19577.4561232226,68013.53116589393,1380.0,69393.53116589393
19084.471932970355,67239.11087533306,1380.0,68619.11087533306
19454.317517000363,67820.0948709874,1845.0,69665.0948709874
20335.2703940573,69203.96842415712,3060.0,72263.96842415712
20191.56460829924,68978.22350461905,3540.0,72518.22350461905
20239.841964099192,69054.06156321272,3780.0,72834.06156321272
21044.53371840984,70318.1378449822,4200.0,74518.1378449822
22248.77502511128,72209.85956969703,4590.0,76799.85956969703
22344.638920238598,72360.45049530218,4560.0,76920.45049530218
23033.715812088038,73442.90940038752,4500.0,77942.90940038752
23264.241041003723,73805.0374732313,4470.0,78275.0374732313
23238.826746547893,73765.11460007221,3810.0,77575.11460007221
23196.262876161618,73698.25175634678,1980.0,75678.25175634678
23046.018273098503,73462.23512242634,1875.0,75337.23512242634
22535.646255030042,72660.50059555544,2250.0,74910.50059555544
22472.075180094023,72560.63789955695,2355.0,74915.63789955695
24929.95915101633,76421.68508233299,2355.0,78776.68508233299
25117.33456950132,76716.02986842614,2325.0,79041.02986842614
24324.425453904918,75470.46272889103,2415.0,77885.46272889103
22615.70116856978,72786.25746693207,2190.0,74976.25746693207
20916.762309968693,70117.42396164298,1860.0,71977.42396164298
18828.50847041415,66837.0223236813,1710.0,68547.0223236813
21179.995304943695,70530.93209534082,1680.0,72210.93209534082
20490.213917087538,69447.36650973103,1635.0,71082.36650973103
19577.4561232226,68013.53116589393,1380.0,69393.53116589393
19084.471932970355,67239.11087533306,1380.0,68619.11087533306
19454.317517000363,67820.0948709874,1845.0,69665.0948709874
20218.449452671994,69020.45643906707,3060.0,72080.45643906707
20191.56460829924,68978.22350461905,3540.0,72518.22350461905
20239.841964099192,69054.06156321272,3780.0,72834.06156321272
21044.53371840984,70318.1378449822,4200.0,74518.1378449822
22248.77502511128,72209.85956969703,4590.0,76799.85956969703
22368.183678365924,72397.43654635754,4560.0,76957.43654635754
22654.16345864512,72846.6772094811,4500.0,77346.6772094811
22597.242917209383,72757.26172089313,4470.0,77227.26172089313
22706.59483297011,72929.04074352971,3810.0,76739.04074352971
22893.35239249775,73222.41494573248,1980.0,75202.41494573248
22835.791192881145,73131.99305835042,1875.0,75006.99305835042
22567.072704727638,72709.86785882132,2250.0,74959.86785882132
22566.98150783357,72709.72459920651,2355.0,75064.72459920651
24929.95915101633,76421.68508233299,2355.0,78776.68508233299
25017.67232373586,76559.47217986386,2325.0,78884.47217986386
24349.09649367405,75509.21803618936,2415.0,77924.21803618936
22592.217968345947,72749.36811611672,2190.0,74939.36811611672
20893.279109744864,70080.53461082763,1860.0,71940.53461082763
18542.291578210366,66387.40918555921,1710.0,68097.40918555921
20989.77682328599,70232.12119075576,1680.0,71912.12119075576
20414.465776870402,69328.37507366411,1635.0,70963.37507366411
19869.338622470677,68472.0443075865,1380.0,69852.0443075865
19561.405469865727,67988.31747368615,1380.0,69368.31747368615
20241.06856232447,69055.98840503203,1845.0,70900.98840503203
20891.466571475154,70077.68732598313,3060.0,73137.68732598313
21039.449491565258,70310.15112145613,3540.0,73850.15112145613
21594.726860275325,71182.42668266287,3780.0,74962.42668266287
22244.07838506652,72202.48169953398,4200.0,76402.48169953398
23390.145193038723,74002.81811595714,4590.0,78592.81811595714
23374.91531172851,73978.89376028272,4560.0,78538.89376028272
23592.67525539631,74320.96906854249,4500.0,78820.96906854249
23592.67525539631,74320.96906854249,4470.0,78790.96906854249
23535.373966927815,74230.95547106267,3810.0,78040.95547106267
23536.901514903533,74233.35506961083,1980.0,76213.35506961083
23499.656703364082,74174.84784291964,1875.0,76049.84784291964
23194.122029073253,73694.88873688897,2250.0,75944.88873688897
23330.03732015513,73908.39570383132,2355.0,76263.39570383132
26266.080286236916,78520.57453603453,2355.0,80875.57453603453
26406.051559182695,78740.45297434588,2325.0,81065.45297434588
25837.808272057788,77847.80947740258,2415.0,80262.80947740258
23299.66647450643,73860.68667060693,2190.0,76050.68667060693
20373.81476133731,69264.5171003595,1860.0,71124.5171003595
17917.50507679894,65405.94293668424,1710.0,67115.94293668424
20989.77682328599,70232.12119075576,1680.0,71912.12119075576
20414.465776870402,69328.37507366411,1635.0,70963.37507366411
19869.338622470677,68472.0443075865,1380.0,69852.0443075865
19678.228691173394,68171.83304026659,1380.0,69551.83304026659
20241.06856232447,69055.98840503203,1845.0,70900.98840503203
20891.466571475154,70077.68732598313,3060.0,73137.68732598313
21045.20173565892,70319.18722166072,3540.0,73859.18722166072
21519.27055011922,71063.89367736338,3780.0,74843.89367736338
22375.525028338816,72408.96894535031,4200.0,76608.96894535031
23456.087387220647,74106.40556194086,4590.0,78696.40556194086
23580.883496992654,74302.44560034668,4560.0,78862.44560034668
23592.67525539631,74320.96906854249,4500.0,78820.96906854249
23579.17127530643,74299.75590107849,4470.0,78769.75590107849
23546.944572863344,74249.13153469257,3810.0,78059.13153469257
23536.901514903533,74233.35506961083,1980.0,76213.35506961083
23499.656703364082,74174.84784291964,1875.0,76049.84784291964
23168.68949523861,73654.9372118069,2250.0,75904.9372118069
23290.19111721223,73845.80199662746,2355.0,76200.80199662746
26343.92595501773,78642.86094324225,2355.0,80997.86094324225
26406.051559182695,78740.45297434588,2325.0,81065.45297434588
25837.808272057788,77847.80947740258,2415.0,80262.80947740258
23299.66647450643,73860.68667060693,2190.0,76050.68667060693
20373.81476133731,69264.5171003595,1860.0,71124.5171003595
18138.584587411,65753.23289492333,1710.0,67463.23289492333
21185.747549037358,70539.9681955454,1680.0,72219.9681955454
20490.213917087538,69447.36650973103,1635.0,71082.36650973103
19577.4561232226,68013.53116589393,1380.0,69393.53116589393
19084.471932970355,67239.11087533306,1380.0,68619.11087533306
19454.317517000363,67820.0948709874,1845.0,69665.0948709874
20218.449452671994,69020.45643906707,3060.0,72080.45643906707
20191.56460829924,68978.22350461905,3540.0,72518.22350461905
20239.841964099192,69054.06156321272,3780.0,72834.06156321272
21035.28863327317,70303.6149015301,4200.0,74503.6149015301
22264.20097974375,72234.09193354331,4590.0,76824.09193354331
22320.743054069088,72322.91289472979,4560.0,76882.91289472979
22918.766686953575,73262.33781889157,4500.0,77762.33781889157
23033.715812088038,73442.90940038752,4470.0,77912.90940038752
23103.579472715104,73552.65700980836,3810.0,77362.65700980836
23103.579472715104,73552.65700980836,1980.0,75532.65700980836
22889.442325664364,73216.27268974719,1875.0,75091.27268974719
22472.166376988094,72560.78115917176,2250.0,74810.78115917176
22472.075180094023,72560.63789955695,2355.0,74915.63789955695
24643.90185337717,75972.32264853682,2355.0,78327.32264853682
24831.27727186216,76266.66743462998,2325.0,78591.66743462998
24123.418379678355,75154.70421187312,2415.0,77569.70421187312
22592.217968345947,72749.36811611672,2190.0,74939.36811611672
20893.279109744864,70080.53461082763,1860.0,71940.53461082763
18542.291578210366,66387.40918555921,1710.0,68097.40918555921
21185.747549037358,70539.9681955454,1680.0,72219.9681955454
20490.213917087538,69447.36650973103,1635.0,71082.36650973103
19577.4561232226,68013.53116589393,1380.0,69393.53116589393
19084.471932970355,67239.11087533306,1380.0,68619.11087533306
19571.13389854098,68003.59969309675,1845.0,69848.59969309675
20335.2703940573,69203.96842415712,3060.0,72263.96842415712
20191.56460829924,68978.22350461905,3540.0,72518.22350461905
20239.841964099192,69054.06156321272,3780.0,72834.06156321272
21059.959673042307,70342.37020882846,4200.0,74542.37020882846
22398.549964169924,72445.1384166012,4590.0,77035.1384166012
22507.140385865136,72615.72122145403,4560.0,77175.72122145403
22918.766686953575,73262.33781889157,4500.0,77762.33781889157
23128.993767170934,73592.57988296747,4470.0,78062.57988296747
22893.35239249775,73222.41494573248,3810.0,77032.41494573248
22893.35239249775,73222.41494573248,1980.0,75202.41494573248
22763.558692930535,73018.5242804347,1875.0,74893.5242804347
22285.769045192046,72267.97283244753,2250.0,74517.97283244753
22472.075180094023,72560.63789955695,2355.0,74915.63789955695
24830.29690525087,76265.1273937707,2355.0,78620.1273937707
24831.27727186216,76266.66743462998,2325.0,78591.66743462998
24123.418379678355,75154.70421187312,2415.0,77569.70421187312
22613.76779441543,72783.22036309795,2190.0,74973.22036309795
20914.828935814337,70114.38685780884,1860.0,71974.38685780884
18187.80697102579,65830.55548127559,1710.0,67540.55548127559
21053.69444641948,70332.52827329053,1680.0,72012.52827329053
20058.09567390087,68768.55947684414,1635.0,70403.55947684414
19694.274784685564,68197.03956949363,1380.0,69577.03956949363
19201.296294239197,67422.62823265868,1380.0,68802.62823265868
19389.740996307188,67718.65273773557,1845.0,69563.65273773557
20153.875211901166,68919.01788730558,3060.0,71979.01788730558
20126.990367528408,68876.78495285756,3540.0,72416.78495285756
20356.662905484507,69237.57354830281,3780.0,73017.57354830281
21044.53371840984,70318.1378449822,4200.0,74518.1378449822
22239.52993997462,72195.33662624499,4590.0,76785.33662624499
22383.60963299839,72421.66891020382,4560.0,76981.66891020382
23033.715812088038,73442.90940038752,4500.0,77942.90940038752
23128.993767170934,73592.57988296747,4470.0,78062.57988296747
23008.301517632208,73402.98652722841,3810.0,77212.98652722841
23103.579472715104,73552.65700980836,1980.0,75532.65700980836
23046.018273098503,73462.23512242634,1875.0,75337.23512242634
22285.769045192046,72267.97283244753,2250.0,74517.97283244753
22472.075180094023,72560.63789955695,2355.0,74915.63789955695
24841.11513681029,76282.12156557835,2355.0,78637.12156557835
24831.27727186216,76266.66743462998,2325.0,78591.66743462998
24146.90157990218,75191.59356268846,2415.0,77606.59356268846
22613.76779441543,72783.22036309795,2190.0,74973.22036309795
20914.828935814337,70114.38685780884,1860.0,71974.38685780884
18542.291578210366,66387.40918555921,1710.0,68097.40918555921
21053.69444641948,70332.52827329053,1680.0,72012.52827329053
20058.09567390087,68768.55947684414,1635.0,70403.55947684414
19694.274784685564,68197.03956949363,1380.0,69577.03956949363
19201.296294239197,67422.62823265868,1380.0,68802.62823265868
19571.13389854098,68003.59969309675,1845.0,69848.59969309675
20335.2703940573,69203.96842415712,3060.0,72263.96842415712
20191.56460829924,68978.22350461905,3540.0,72518.22350461905
20239.841964099192,69054.06156321272,3780.0,72834.06156321272
21020.988960282506,70281.15179392684,4200.0,74481.15179392684
22225.230266983963,72172.8735186417,4590.0,76762.8735186417
22344.638920238598,72360.45049530218,4560.0,76920.45049530218
22732.009127425936,72968.9636166888,4500.0,77468.9636166888
22918.766686953575,73262.33781889157,4470.0,77732.33781889157
22821.11989254713,73108.94616781676,3810.0,76918.94616781676
23008.301517632208,73402.98652722841,1980.0,75382.98652722841
23046.018273098503,73462.23512242634,1875.0,75337.23512242634
22571.828622753557,72717.33884773403,2250.0,74967.33884773403
22571.73742585948,72717.19558811921,2355.0,75072.19558811921
24804.501863762285,76224.60641171974,2355.0,78579.60641171974
24991.877282247275,76518.95119781292,2325.0,78843.95119781292
24146.90157990218,75191.59356268846,2415.0,77606.59356268846
22615.195025807676,72785.46237606985,2190.0,74975.46237606985
20916.256167206586,70116.62887078073,1860.0,71976.62887078073
18542.291578210366,66387.40918555921,1710.0,68097.40918555921
21185.747549037358,70539.9681955454,1680.0,72219.9681955454
20358.16081446966,69239.92658747616,1635.0,70874.92658747616
19577.4561232226,68013.53116589393,1380.0,69393.53116589393
19019.89199239365,67137.66336984566,1380.0,68517.66336984566
19389.740996307188,67718.65273773557,1845.0,69563.65273773557
20153.875211901166,68919.01788730558,3060.0,71979.01788730558
20191.56460829924,68978.22350461905,3540.0,72518.22350461905
20234.08972000553,69045.02546300815,3780.0,72825.02546300815
21035.28863327317,70303.6149015301,4200.0,74503.6149015301
22723.24966575021,72955.20353068563,4590.0,77545.20353068563
22928.326401374794,73277.35500801477,4560.0,77837.35500801477
23221.677170617448,73738.17462950588,4500.0,78238.17462950588
23128.993767170934,73592.57988296747,4470.0,78062.57988296747
23196.262876161618,73698.25175634678,3810.0,77508.25175634678
23328.55081078174,73906.06057210981,1980.0,75886.06057210981
23328.55081078174,73906.06057210981,1875.0,75781.06057210981
22704.727576563964,72926.10750291632,2250.0,75176.10750291632
22729.115905961466,72964.41870540874,2355.0,75319.41870540874
25007.932495448844,76544.17205300141,2355.0,78899.17205300141
25160.90844548945,76784.47931238564,2325.0,79109.47931238564
24257.299980022395,75365.01648940504,2415.0,77780.01648940504
22592.217968345947,72749.36811611672,2190.0,74939.36811611672
20893.279109744864,70080.53461082763,1860.0,71940.53461082763
18542.291578210366,66387.40918555921,1710.0,68097.40918555921
20608.361773281616,69632.96292221668,1680.0,71312.96292221668
20023.153583936753,68713.66955542706,1635.0,70348.66955542706
19645.001102817856,68119.63639960806,1380.0,69499.63639960806
19340.43995537126,67641.20658996556,1380.0,69021.20658996556
20024.786008340667,68716.23390253227,1845.0,70561.23390253227
20675.18401749134,69737.9328234834,3060.0,72797.9328234834
20945.740123060426,70162.94470425104,3540.0,73702.94470425104
21218.174884647407,70590.9077330839,3780.0,74370.9077330839
22005.85157844636,71828.25535221893,4200.0,76028.25535221893
23089.051807489257,73529.83575316805,4590.0,78119.83575316805
23160.28798137213,73641.73941979189,4560.0,78201.73941979189
23274.32513756586,73820.87840513968,4500.0,78320.87840513968
23274.32513756586,73820.87840513968,4470.0,78290.87840513968
23159.148020196208,73639.94867460668,3810.0,77449.94867460668
23146.13194348962,73619.50194608193,1980.0,75599.50194608193
23088.570743873024,73529.08005869988,1875.0,75404.08005869988
22963.08609755076,73331.95841020222,2250.0,75581.95841020222
23041.440189016033,73455.04348976251,2355.0,75810.04348976251
26101.97603519704,78262.78602215229,2355.0,80617.78602215229
26213.660311523687,78438.22890943779,2325.0,80763.22890943779
25496.410419172702,77311.51352784513,2415.0,79726.51352784513
23092.152501887747,73534.70658007183,2190.0,75724.70658007183
20166.29850879627,68938.533428334,1860.0,70798.533428334
17524.408844624988,64788.434902232315,1710.0,66498.43490223231
20409.99940898317,69321.35893402847,1680.0,71001.35893402847
19924.387347655564,68558.51939258035,1635.0,70193.51939258035
19591.908551010838,68036.23423335204,1380.0,69416.23423335204
19340.43995537126,67641.20658996556,1380.0,69021.20658996556
19052.476642645972,67188.85003021974,1845.0,69033.85003021974
20274.469424778756,69108.45723895871,3060.0,72168.45723895871
20824.236221164458,69972.07633794013,3540.0,73512.07633794013
21213.491924136757,70583.55135186308,3780.0,74363.55135186308
21998.973052710895,71817.44999577136,4200.0,76017.44999577136
23226.25069485521,73745.35909918895,4590.0,78335.35909918895
23269.975045718573,73814.04492151292,4560.0,78374.04492151292
23041.76165806764,73455.54847990476,4500.0,77955.54847990476
23028.48111036824,73434.68629849704,4470.0,77904.68629849704
23016.34736361181,73415.62560674564,3810.0,77225.62560674564
23069.170884581323,73498.60515713798,1980.0,75478.60515713798
23039.620810979275,73452.18546044694,1875.0,75327.18546044694
22978.97487642065,73356.9178165937,2250.0,75606.9178165937
23057.328967885926,73480.002896154,2355.0,75835.002896154
26078.49283497321,78225.89667133693,2355.0,80580.89667133693
26212.23308013144,78435.9868964659,2325.0,80760.9868964659
25496.410419172702,77311.51352784513,2415.0,79726.51352784513
22996.32736544041,73384.17653980297,2190.0,75574.17653980297
20070.475652271296,68788.00696955554,1860.0,70648.00696955554
17524.408844624988,64788.434902232315,1710.0,66498.43490223231
20320.877244250212,69181.35847544865,1680.0,70861.35847544865
19768.13286927303,68313.06195004345,1635.0,69948.06195004345
19358.209670181408,67669.12072591262,1380.0,69049.12072591262
18921.686617011008,66983.39425363009,1380.0,68363.39425363009
19291.533341002203,67564.38004002963,1845.0,69409.38004002963
20055.66983651852,68764.74877109002,3060.0,71824.74877109002
20124.881439352965,68873.47207426492,3540.0,72413.47207426492
20142.140451556308,68900.58395636902,3780.0,72680.58395636902
20870.46164684776,70044.69105520043,4200.0,74244.69105520043
22166.499467200865,72080.6143266996,4590.0,76670.6143266996
22386.115267663055,72425.60496812091,4560.0,76985.60496812091
22858.599536088834,73167.82228801612,4500.0,77667.82228801612
23052.730364502284,73472.77903007684,4470.0,77942.77903007684
22833.185241633008,73127.89941485703,3810.0,76937.89941485703
23102.48966983093,73550.94505741131,1980.0,75530.94505741131
23157.014012874894,73636.59639961996,1875.0,75511.59639961996
22474.672011652754,72564.71721708884,2250.0,74814.71721708884
22563.648261355193,72704.48846028496,2355.0,75059.48846028496
24939.911012082055,76437.31828779986,2355.0,78792.31828779986
24788.606245125342,76199.63626085715,2325.0,78524.63626085715
24080.75191278624,75087.68020108102,2415.0,77502.68020108102
22571.099047600972,72716.1927708155,2190.0,74906.1927708155
20872.160188999882,70047.35926552641,1860.0,71907.35926552641
18499.627391240607,66320.38875625751,1710.0,68030.38875625751
20790.35429509394,69918.85180954529,1680.0,71598.85180954529
20084.928080059533,68810.71003701363,1635.0,70445.71003701363
19471.195782170947,67846.60864419966,1380.0,69226.60864419966
18921.686617011008,66983.39425363009,1380.0,68363.39425363009
19291.533341002203,67564.38004002963,1845.0,69409.38004002963
20055.66983651852,68764.74877109002,3060.0,71824.74877109002
20124.881439352965,68873.47207426492,3540.0,72413.47207426492
20142.140451556308,68900.58395636902,3780.0,72680.58395636902
20923.287447739625,70127.67418708313,4200.0,74327.67418708313
22141.828427431738,72041.85901940128,4590.0,76631.85901940128
22361.44422789392,72386.84966082257,4560.0,76946.84966082257
23165.53864254838,73649.98759211497,4500.0,78149.98759211497
23239.98950694733,73766.94116016112,4470.0,78236.94116016112
23297.486868738077,73857.26276581279,3810.0,77667.26276581279
23102.48966983093,73550.94505741131,1980.0,75530.94505741131
22541.172786810876,72669.18212821333,1875.0,74544.18212821333
22312.170546026213,72309.44649093701,2250.0,74559.44649093701
22259.253548240285,72226.32009943952,2355.0,74581.32009943952
24684.60074727965,76036.25583313924,2355.0,78391.25583313924
24826.801784285522,76259.63696903286,2325.0,78584.63696903286
24104.235113010072,75124.56955189638,2415.0,77539.56955189638
22406.611769605985,72457.802566551,2190.0,74647.802566551
20707.67291100489,69788.9690612619,1860.0,71648.9690612619
18145.142784056035,65763.53505197387,1710.0,67473.53505197387
20454.42597593089,69391.14785538652,1680.0,71071.14785538652
19708.24158901286,68218.97977950283,1635.0,69853.97977950283
19358.209670181408,67669.12072591262,1380.0,69049.12072591262
18921.686617011008,66983.39425363009,1380.0,68363.39425363009
19291.533341002203,67564.38004002963,1845.0,69409.38004002963
20055.66983651852,68764.74877109002,3060.0,71824.74877109002
20060.307198582144,68772.03352250344,3540.0,72312.03352250344
20258.961392941623,69084.09594145909,3780.0,72864.09594145909
20937.587120730288,70150.13729468641,4200.0,74350.13729468641
22103.63288827156,71981.85831122559,4590.0,76571.85831122559
22520.464252089223,72636.6514511788,4560.0,77196.6514511788
22955.311562331026,73319.74552803907,4500.0,77819.74552803907
23329.713571181164,73907.88713219871,4470.0,78377.88713219871
23214.5752124915,73727.018287002,3810.0,77537.018287002
23214.5752124915,73727.018287002,1980.0,75707.018287002
23157.014012874894,73636.59639961996,1875.0,75511.59639961996
22765.751978232987,73021.96967417105,2250.0,75271.96967417105
22765.660781338913,73021.82641455623,2355.0,75376.82641455623
25044.4773708263,76601.57976214892,2355.0,78956.57976214892
25152.278939387783,76770.92337133359,2325.0,79095.92337133359
24281.75898701281,75403.43871809894,2415.0,77818.43871809894
22549.54922153149,72682.34052383427,2190.0,74872.34052383427
20850.610362930405,70013.50701854518,1860.0,71873.50701854518
18499.627391240607,66320.38875625751,1710.0,68030.38875625751
20922.407397711813,70126.29173180014,1680.0,71806.29173180014
20084.928080059533,68810.71003701363,1635.0,70445.71003701363
19471.195782170947,67846.60864419966,1380.0,69226.60864419966
18921.686617011008,66983.39425363009,1380.0,68363.39425363009
19291.533341002203,67564.38004002963,1845.0,69409.38004002963
20055.66983651852,68764.74877109002,3060.0,71824.74877109002
20060.307198582144,68772.03352250344,3540.0,72312.03352250344
20077.566210785484,68799.14540460754,3780.0,72579.14540460754
20946.832205866955,70164.66023813847,4200.0,74364.66023813847
22127.528754441068,72019.39591179798,4590.0,76609.39591179798
22347.144554903254,72364.38655321929,4560.0,76924.38655321929
22376.555553241837,72410.58777899774,4500.0,76910.58777899774
22500.08630610858,72604.64009024797,4470.0,77074.64009024797
22485.490243212174,72581.7113888965,3810.0,76391.7113888965
22288.274679856702,72271.9088903646,1980.0,74251.9088903646
22326.47021901688,72331.9095985403,1875.0,74206.9095985403
22275.233524004245,72251.42276544578,2250.0,74501.42276544578
22303.871628665565,72296.40986598867,2355.0,74651.40986598867
24505.143499122565,75754.34956310254,2355.0,78109.34956310254
24647.344536128432,75977.73069899617,2325.0,78302.73069899617
23937.814460860733,74863.14224379776,2415.0,77278.14224379776
22406.611769605985,72457.802566551,2190.0,74647.802566551
20707.67291100489,69788.9690612619,1860.0,71648.9690612619
17716.471783465327,65090.14323252705,1710.0,66800.14323252704
20179.745490827358,68959.65705853877,1680.0,70639.65705853877
19627.001115850173,68091.36053313357,1635.0,69726.36053313357
18296.554707363284,66001.385408964,1380.0,67381.385408964
18394.136523982696,66154.67498756324,1380.0,67534.67498756324
18264.559417038905,65951.12456385067,1845.0,67796.12456385067
19654.96208357299,68135.28393103644,3060.0,71195.28393103644
20060.307198582144,68772.03352250344,3540.0,72312.03352250344
20077.566210785484,68799.14540460754,3780.0,72579.14540460754
20946.832205866955,70164.66023813847,4200.0,74364.66023813847
22127.528754441068,72019.39591179798,4590.0,76609.39591179798
22361.44422789392,72386.84966082257,4560.0,76946.84966082257
22659.689990425948,72855.358742139,4500.0,77355.358742139
22855.626517342058,73163.15202457311,4470.0,77633.15202457311
22634.275695970122,72815.4358689799,3810.0,76625.4358689799
23140.12434809256,73610.06471895587,1980.0,75590.06471895587
23114.450142488622,73569.73355589455,1875.0,75444.73355589455
22563.73945824927,72704.63171989979,2250.0,74954.63171989979
22485.399046318107,72581.5681292817,2355.0,74936.5681292817
24709.27178704879,76075.01114043758,2355.0,78430.01114043758
24851.472824054654,76298.3922763312,2325.0,78623.3922763312
24080.75191278624,75087.68020108102,2415.0,77502.68020108102
22571.099047600972,72716.1927708155,2190.0,74906.1927708155
20872.160188999882,70047.35926552641,1860.0,71907.35926552641
18145.142784056035,65763.53505197387,1710.0,67473.53505197387
20293.180747520208,69137.85053042875,1680.0,70817.85053042875
19860.65667815491,68458.40599225594,1635.0,70093.40599225594
19591.908551010838,68036.23423335204,1380.0,69416.23423335204
19340.43995537126,67641.20658996556,1380.0,69021.20658996556
20024.786008340667,68716.23390253227,1845.0,70561.23390253227
20675.18401749134,69737.9328234834,3060.0,72797.9328234834
20824.236221164458,69972.07633794013,3540.0,73512.07633794013
21334.995826032722,70774.419718174,3780.0,74554.419718174
22005.85157844636,71828.25535221893,4200.0,76028.25535221893
23089.051807489257,73529.83575316805,4590.0,78119.83575316805
23160.28798137213,73641.73941979189,4560.0,78201.73941979189
23343.84680984015,73930.08879100498,4500.0,78430.08879100498
23343.84680984015,73930.08879100498,4470.0,78400.08879100498
23318.432515384324,73890.16591784588,3810.0,77700.16591784588
23288.073069347385,73842.47479207334,1980.0,75822.47479207334
23294.88547733464,73853.17628530014,1875.0,75728.17628530014
23108.054960291745,73559.68747540552,2250.0,75809.68747540552
23186.40905175702,73682.77255496584,2355.0,76037.77255496584
26212.37443531725,78436.20894886887,2355.0,80791.20894886887
26347.541911867735,78648.54118696974,2325.0,80973.54118696974
25521.320850788772,77350.64489163237,2415.0,79765.64489163237
23093.57973327999,73536.94859304371,2190.0,75726.94859304371
20167.72574018852,68940.7754413059,1860.0,70800.7754413059
17711.417195611324,65082.203068375835,1710.0,66792.20306837583
20608.361773281616,69632.96292221668,1680.0,71312.96292221668
20023.153583936753,68713.66955542706,1635.0,70348.66955542706
19645.001102817856,68119.63639960806,1380.0,69499.63639960806
19461.94613718958,67832.07853776684,1380.0,69212.07853776684
20024.786008340667,68716.23390253227,1845.0,70561.23390253227
20675.18401749134,69737.9328234834,3060.0,72797.9328234834
20828.919181675108,69979.43271916098,3540.0,73519.43271916098
21218.174884647407,70590.9077330839,3780.0,74370.9077330839
22005.85157844636,71828.25535221893,4200.0,76028.25535221893
23089.051807489257,73529.83575316805,4590.0,78119.83575316805
23160.28798137213,73641.73941979189,4560.0,78201.73941979189
23343.84680984015,73930.08879100498,4500.0,78430.08879100498
23323.53042176301,73898.17413031415,4470.0,78368.17413031415
23298.11612730718,73858.25125715503,3810.0,77668.25125715503
23294.88547733464,73853.17628530014,1980.0,75833.17628530014
23294.88547733464,73853.17628530014,1875.0,75728.17628530014
22977.684440369514,73354.89069304403,2250.0,75604.89069304403
23142.00300411047,73613.01586702112,2355.0,75968.01586702112
26140.857830985115,78323.86475892947,2355.0,80678.86475892947
26202.983435150072,78421.45679003309,2325.0,80746.45679003309
25631.719250909,77524.06781834898,2415.0,79939.06781834898
23093.57973327999,73536.94859304371,2190.0,75726.94859304371
20167.72574018852,68940.7754413059,1860.0,70800.7754413059
17711.417195611324,65082.203068375835,1710.0,66792.20306837583
20922.407397711813,70126.29173180014,1680.0,71806.29173180014
20216.981182677417,69018.14995926851,1635.0,70653.14995926851
19354.372560863285,67663.09307761921,1380.0,69043.09307761921
18986.261997743008,67084.83459613674,1380.0,68464.83459613674
19356.107581773023,67665.8185917911,1845.0,69510.8185917911
20120.24407728935,68866.18732285149,3060.0,71926.18732285149
20124.881439352965,68873.47207426492,3540.0,72413.47207426492
20142.140451556308,68900.58395636902,3780.0,72680.58395636902
20923.287447739625,70127.67418708313,4200.0,74327.67418708313
22127.528754441068,72019.39591179798,4590.0,76609.39591179798
22370.689313030583,72401.37260427464,4560.0,76961.37260427464
22607.19249835276,72772.89134486967,4500.0,77272.89134486967
22589.153752705093,72744.55459305889,4470.0,77214.55459305889
22568.49765619753,72712.10629030285,3810.0,76522.10629030285
22634.275695970122,72815.4358689799,1980.0,74795.4358689799
22563.73945824927,72704.63171989979,1875.0,74579.63171989979
22485.490243212174,72581.7113888965,2250.0,74831.7113888965
22288.183482962635,72271.7656307498,2355.0,74626.7656307498
24709.27178704879,76075.01114043758,2355.0,78430.01114043758
24826.801784285522,76259.63696903286,2325.0,78584.63696903286
24080.75191278624,75087.68020108102,2415.0,77502.68020108102
22571.099047600972,72716.1927708155,2190.0,74906.1927708155
20872.160188999882,70047.35926552641,1860.0,71907.35926552641
18145.142784056035,65763.53505197387,1710.0,67473.53505197387
20790.35429509394,69918.85180954529,1680.0,71598.85180954529
20084.928080059533,68810.71003701363,1635.0,70445.71003701363
19418.103230363933,67763.20647794363,1380.0,69143.20647794363
18921.686617011008,66983.39425363009,1380.0,68363.39425363009
19291.533341002203,67564.38004002963,1845.0,69409.38004002963
20055.66983651852,68764.74877109002,3060.0,71824.74877109002
20060.307198582144,68772.03352250344,3540.0,72312.03352250344
20258.961392941623,69084.09594145909,3780.0,72864.09594145909
20923.287447739625,70127.67418708313,4200.0,74327.67418708313
22141.828427431738,72041.85901940128,4590.0,76631.85901940128
22386.115267663055,72425.60496812091,4560.0,76985.60496812091
22659.689990425948,72855.358742139,4500.0,77355.358742139
22883.07906238041,73206.27675012336,4470.0,77676.27675012336
22929.897267875196,73279.82265487997,3810.0,77089.82265487997
22634.275695970122,72815.4358689799,1980.0,74795.4358689799
22351.141258786018,72370.66490583865,1875.0,74245.66490583865
22303.96282555963,72296.55312560347,2250.0,74546.55312560347
22298.1193845719,72287.37376578408,2355.0,74642.37376578408
24483.593673053085,75720.49731612131,2355.0,78075.49731612131
24625.794710058955,75943.87845201492,2325.0,78268.87845201492
24102.301738855724,75121.53244806227,2415.0,77536.53244806227
22406.611769605985,72457.802566551,2190.0,74647.802566551
20707.67291100489,69788.9690612619,1860.0,71648.9690612619
18145.142784056035,65763.53505197387,1710.0,67473.53505197387
20320.877244250212,69181.35847544865,1680.0,70861.35847544865
19768.13286927303,68313.06195004345,1635.0,69948.06195004345
19418.103230363933,67763.20647794363,1380.0,69143.20647794363
18921.686617011008,66983.39425363009,1380.0,68363.39425363009
19351.42462126237,67658.46221057026,1845.0,69503.46221057026
20237.06501867467,69049.69930794157,3060.0,72109.69930794157
20124.881439352965,68873.47207426492,3540.0,72413.47207426492
20258.961392941623,69084.09594145909,3780.0,72864.09594145909
20946.832205866955,70164.66023813847,4200.0,74364.66023813847
22151.0735125684,72056.38196285334,4590.0,76646.38196285334
22370.689313030583,72401.37260427464,4560.0,76961.37260427464
22313.68897431253,72311.8317635237,4500.0,76811.8317635237
22313.68897431253,72311.8317635237,4470.0,76781.8317635237
22448.874690241817,72524.19265354752,3810.0,76334.19265354752
22785.19287612703,73052.50904255964,1980.0,75032.50904255964
22684.79649536428,72894.7981140981,1875.0,74769.7981140981
22303.96282555963,72296.55312560347,2250.0,74546.55312560347
22303.871628665565,72296.40986598867,2355.0,74651.40986598867
24505.143499122565,75754.34956310254,2355.0,78109.34956310254
24647.344536128432,75977.73069899617,2325.0,78302.73069899617
24102.301738855724,75121.53244806227,2415.0,77536.53244806227
22406.611769605985,72457.802566551,2190.0,74647.802566551
20707.67291100489,69788.9690612619,1860.0,71648.9690612619
18145.142784056035,65763.53505197387,1710.0,67473.53505197387
20401.333424123874,69307.74568913048,1680.0,70987.74568913048
19848.58904914669,68439.4491637253,1635.0,70074.4491637253
19418.103230363933,67763.20647794363,1380.0,69143.20647794363
18981.579037232357,67077.47821491591,1380.0,68457.47821491591
19291.533341002203,67564.38004002963,1845.0,69409.38004002963
20055.66983651852,68764.74877109002,3060.0,71824.74877109002
20120.198478842314,68866.11569304409,3540.0,72406.11569304409
20137.45749104565,68893.22757514818,3780.0,72673.22757514818
20946.832205866955,70164.66023813847,4200.0,74364.66023813847
22151.0735125684,72056.38196285334,4590.0,76646.38196285334
22370.689313030583,72401.37260427464,4560.0,76961.37260427464
22955.311562331026,73319.74552803907,4500.0,77819.74552803907
22955.311562331026,73319.74552803907,4470.0,77789.74552803907
23214.5752124915,73727.018287002,3810.0,77537.018287002
23044.846393009666,73460.39423637593,1980.0,75440.39423637593
22772.651023269624,73032.80726403194,1875.0,74907.80726403194
22326.47021901688,72331.9095985403,2250.0,74581.9095985403
22351.05006189194,72370.52164622382,2355.0,74725.52164622382
24684.60074727965,76036.25583313924,2355.0,78391.25583313924
24826.801784285522,76259.63696903286,2325.0,78584.63696903286
24080.75191278624,75087.68020108102,2415.0,77502.68020108102
22571.099047600972,72716.1927708155,2190.0,74906.1927708155
20872.160188999882,70047.35926552641,1860.0,71907.35926552641
18499.627391240607,66320.38875625751,1710.0,68030.38875625751
20922.407397711813,70126.29173180014,1680.0,71806.29173180014
20216.981182677417,69018.14995926851,1635.0,70653.14995926851
19354.372560863285,67663.09307761921,1380.0,69043.09307761921
18986.261997743008,67084.83459613674,1380.0,68464.83459613674
19356.107581773023,67665.8185917911,1845.0,69510.8185917911
20237.06501867467,69049.69930794157,3060.0,72109.69930794157
20124.881439352965,68873.47207426492,3540.0,72413.47207426492
20142.140451556308,68900.58395636902,3780.0,72680.58395636902
20962.25816049942,70188.89260198476,4200.0,74388.89260198476
22300.848451627033,72291.66080975748,4590.0,76881.66080975748
22509.646020529795,72619.65727937114,4560.0,77179.65727937114
23165.53864254838,73649.98759211497,4500.0,78149.98759211497
23239.98950694733,73766.94116016112,4470.0,78236.94116016112
23214.5752124915,73727.018287002,3810.0,77537.018287002
23140.12434809256,73610.06471895587,1980.0,75590.06471895587
23082.563148475954,73519.64283157382,1875.0,75394.64283157382
22474.672011652754,72564.71721708884,2250.0,74814.71721708884
22485.399046318107,72581.5681292817,2355.0,74936.5681292817
24684.60074727965,76036.25583313924,2355.0,78391.25583313924
24826.801784285522,76259.63696903286,2325.0,78584.63696903286
24080.75191278624,75087.68020108102,2415.0,77502.68020108102
22571.099047600972,72716.1927708155,2190.0,74906.1927708155
20872.160188999882,70047.35926552641,1860.0,71907.35926552641
18499.627391240607,66320.38875625751,1710.0,68030.38875625751
20608.361773281616,69632.96292221668,1680.0,71312.96292221668
20023.153583936753,68713.66955542706,1635.0,70348.66955542706
19528.180161432534,67936.12441451798,1380.0,69316.12441451798
19345.122915881915,67648.56297118642,1380.0,69028.56297118642
20024.786008340667,68716.23390253227,1845.0,70561.23390253227
20675.18401749134,69737.9328234834,3060.0,72797.9328234834
20828.919181675108,69979.43271916098,3540.0,73519.43271916098
21218.174884647407,70590.9077330839,3780.0,74370.9077330839
21924.946253869388,71701.1625849341,4200.0,75901.1625849341
23118.184655300916,73575.6000371213,4590.0,78165.6000371213
23346.233888542512,73933.83861142279,4560.0,78493.83861142279
23330.34282975028,73908.87562354095,4500.0,78408.87562354095
23330.34282975028,73908.87562354095,4470.0,78378.87562354095
23304.928535294446,73868.95275038185,3810.0,77678.95275038185
23294.88547733464,73853.17628530014,1980.0,75833.17628530014
23294.88547733464,73853.17628530014,1875.0,75728.17628530014
23070.42028203012,73500.56781386095,2250.0,75750.56781386095
23131.244050532187,73596.11481396307,2355.0,75951.11481396307
26063.012162204304,78201.57835172176,2355.0,80556.57835172176
26202.983435150072,78421.45679003309,2325.0,80746.45679003309
25497.83765056495,77313.75554081703,2415.0,79728.75554081703
23092.152501887747,73534.70658007183,2190.0,75724.70658007183
20167.72574018852,68940.7754413059,1860.0,70800.7754413059
17711.417195611324,65082.203068375835,1710.0,66792.20306837583
20608.361773281616,69632.96292221668,1680.0,71312.96292221668
20023.153583936753,68713.66955542706,1635.0,70348.66955542706
19645.001102817856,68119.63639960806,1380.0,69499.63639960806
19461.94613718958,67832.07853776684,1380.0,69212.07853776684
20024.786008340667,68716.23390253227,1845.0,70561.23390253227
20675.18401749134,69737.9328234834,3060.0,72797.9328234834
20828.919181675108,69979.43271916098,3540.0,73519.43271916098
21218.174884647407,70590.9077330839,3780.0,74370.9077330839
21942.98499951706,71729.49933674488,4200.0,75929.49933674488
23075.77125978986,73508.97357176033,4590.0,78098.97357176033
23189.42082918378,73687.50370374514,4560.0,78247.50370374514
23330.34282975028,73908.87562354095,4500.0,78408.87562354095
23330.34282975028,73908.87562354095,4470.0,78378.87562354095
23304.928535294446,73868.95275038185,3810.0,77678.95275038185
23367.330010063983,73966.97814182032,1980.0,75946.97814182032
23367.330010063983,73966.97814182032,1875.0,75841.97814182032
23139.941954304413,73609.77819972625,2250.0,75859.77819972625
23218.296045769686,73732.86327928657,2355.0,76087.86327928657
26154.400569754973,78345.13881172978,2355.0,80700.13881172978
26276.157543031997,78536.40472347182,2325.0,80861.40472347182
25567.231647187535,77422.76536322157,2415.0,79837.76536322157
23295.681170235428,73854.42622543941,2190.0,76044.42622543941
20369.827177143958,69258.2530737016,1860.0,71118.2530737016
17970.345697186087,65488.94934825434,1710.0,67198.94934825433
20916.65515361815,70117.25563159556,1680.0,71797.25563159556
20211.228938583747,69009.11385906392,1635.0,70644.11385906392
19354.372560863285,67663.09307761921,1380.0,69043.09307761921
18986.261997743008,67084.83459613674,1380.0,68464.83459613674
19356.107581773023,67665.8185917911,1845.0,69510.8185917911
20120.24407728935,68866.18732285149,3060.0,71926.18732285149
20124.881439352965,68873.47207426492,3540.0,72413.47207426492
20142.140451556308,68900.58395636902,3780.0,72680.58395636902
21606.68049316596,71201.20443667499,4200.0,75401.20443667499
22948.996177416462,73309.82479971301,4590.0,77899.82479971301
23249.549221368543,73781.95834928431,4560.0,78341.95834928431
23660.83581402656,74428.04130465662,4500.0,78928.04130465662
23688.347637046067,74471.25914895652,4470.0,78941.25914895652
23778.6257224114,74613.07542315414,3810.0,78423.07542315414
23778.6257224114,74613.07542315414,1980.0,76593.07542315414
23778.6257224114,74613.07542315414,1875.0,76488.07542315414
23494.852906968776,74167.30164270914,2250.0,76417.30164270914
23508.277089776344,74188.3894580102,2355.0,76543.3894580102
25320.986353656,77035.94291427375,2355.0,79390.94291427375
25431.760940964265,77209.95678690144,2325.0,79534.95678690144
24612.881229858194,75923.59289055684,2415.0,78338.59289055684
22951.998835153816,73314.54162253084,2190.0,75504.54162253084
21278.857297963666,70686.2326807831,1860.0,72546.2326807831
19069.43698502122,67215.4927370853,1710.0,68925.4927370853
20933.734051955696,70144.08457596038,1680.0,71824.08457596038
20228.307836921293,69035.94280342877,1635.0,70670.94280342877
19348.62031676962,67654.05697741463,1380.0,69034.05697741463
18986.261997743008,67084.83459613674,1380.0,68464.83459613674
19356.107581773023,67665.8185917911,1845.0,69510.8185917911
20120.24407728935,68866.18732285149,3060.0,71926.18732285149
20124.881439352965,68873.47207426492,3540.0,72413.47207426492
20136.38820746264,68891.54785616444,3780.0,72671.54785616444
21606.68049316596,71201.20443667499,4200.0,75401.20443667499
22991.560047802737,73376.68764343842,4590.0,77966.68764343842
23249.549221368543,73781.95834928431,4560.0,78341.95834928431
23653.891170542887,74417.13208498832,4500.0,78917.13208498832
23804.040016867228,74652.99829631324,4470.0,79122.99829631324
23778.6257224114,74613.07542315414,3810.0,78423.07542315414
23778.6257224114,74613.07542315414,1980.0,76593.07542315414
23778.6257224114,74613.07542315414,1875.0,76488.07542315414
23361.080742897615,73957.16127671498,2250.0,76207.16127671498
23318.717505678298,73890.61360414216,2355.0,76245.61360414216
25320.986353656,77035.94291427375,2355.0,79390.94291427375
25431.760940964265,77209.95678690144,2325.0,79534.95678690144
24621.027392421278,75936.38955565036,2415.0,78351.38955565036
22843.447172138585,73144.0197030143,2190.0,75334.0197030143
21144.508313537495,70475.1861977252,1860.0,72335.1861977252
19002.31265109988,67110.04828834452,1710.0,68820.04828834452
20933.734051955696,70144.08457596038,1680.0,71824.08457596038
20211.228938583747,69009.11385906392,1635.0,70644.11385906392
19354.372560863285,67663.09307761921,1380.0,69043.09307761921
18986.261997743008,67084.83459613674,1380.0,68464.83459613674
19356.107581773023,67665.8185917911,1845.0,69510.8185917911
20120.24407728935,68866.18732285149,3060.0,71926.18732285149
20124.881439352965,68873.47207426492,3540.0,72413.47207426492
20142.140451556308,68900.58395636902,3780.0,72680.58395636902
21317.27170966961,70746.57721203432,4200.0,74946.57721203432
22659.587393920116,72855.19757507234,4590.0,77445.19757507234
22964.871276752237,73334.76271716224,4560.0,77894.76271716224
23653.891170542887,74417.13208498832,4500.0,78917.13208498832
23660.83581402656,74428.04130465662,4470.0,78898.04130465662
23662.933342590244,74431.33627579742,3810.0,78241.33627579742
23778.6257224114,74613.07542315414,1980.0,76593.07542315414
23778.6257224114,74613.07542315414,1875.0,76488.07542315414
23269.947686650346,73814.00194362846,2250.0,76064.00194362846
23318.717505678298,73890.61360414216,2355.0,76245.61360414216
25169.802422583933,76798.45070632065,2355.0,79153.45070632065
25262.36271022345,76943.85205237906,2325.0,79268.85205237906
24440.77673128576,75653.2369269648,2415.0,78068.2369269648
22818.776132369454,73105.26439571596,2190.0,75295.26439571596
20874.09356315423,70050.39636936052,1860.0,71910.39636936052
18719.279670460422,66665.43670152474,1710.0,68375.43670152474
20922.407397711813,70126.29173180014,1680.0,71806.29173180014
20211.228938583747,69009.11385906392,1635.0,70644.11385906392
19354.372560863285,67663.09307761921,1380.0,69043.09307761921
18986.261997743008,67084.83459613674,1380.0,68464.83459613674
19291.533341002203,67564.38004002963,1845.0,69409.38004002963
20055.66983651852,68764.74877109002,3060.0,71824.74877109002
20124.881439352965,68873.47207426492,3540.0,72413.47207426492
20142.140451556308,68900.58395636902,3780.0,72680.58395636902
20937.587120730288,70150.13729468641,4200.0,74350.13729468641
22103.63288827156,71981.85831122559,4590.0,76571.85831122559
22616.752212773972,72787.90853399283,4560.0,77347.90853399283
23322.90116319391,73897.1856389719,4500.0,78397.1856389719
23329.713571181164,73907.88713219871,4470.0,78377.88713219871
23214.5752124915,73727.018287002,3810.0,77537.018287002
23214.5752124915,73727.018287002,1980.0,75707.018287002
23082.563148475954,73519.64283157382,1875.0,75394.64283157382
22474.672011652754,72564.71721708884,2250.0,74814.71721708884
22288.183482962635,72271.7656307498,2355.0,74626.7656307498
24507.076873276917,75757.38666693667,2355.0,78112.38666693667
24649.277910282777,75980.76780283028,2325.0,78305.76780283028
23961.197344501088,74899.87400903682,2415.0,77314.87400903682
22406.611769605985,72457.802566551,2190.0,74647.802566551
20707.67291100489,69788.9690612619,1860.0,71648.9690612619
17742.51533649026,65131.05459702839,1710.0,66841.05459702839
20260.98596399005,69087.27630490804,1680.0,70767.27630490804
19627.001115850173,68091.36053313357,1635.0,69726.36053313357
18109.471118939335,65707.49905363825,1380.0,67087.49905363825
17949.3829511222,65456.019335043486,1380.0,66836.01933504349
18264.559417038905,65951.12456385067,1845.0,67796.12456385067
19600.296385343216,68049.41053642484,3060.0,71109.41053642484
20120.198478842314,68866.11569304409,3540.0,72406.11569304409
20077.566210785484,68799.14540460754,3780.0,72579.14540460754
20923.287447739625,70127.67418708313,4200.0,74327.67418708313
22141.828427431738,72041.85901940128,4590.0,76631.85901940128
22386.115267663055,72425.60496812091,4560.0,76985.60496812091
22474.28898469765,72564.11552670664,4500.0,77064.11552670664
22659.689990425948,72855.358742139,4470.0,77325.358742139
22485.490243212174,72581.7113888965,3810.0,76391.7113888965
22326.47021901688,72331.9095985403,1980.0,74311.9095985403
22288.274679856702,72271.9088903646,1875.0,74146.9088903646
22275.233524004245,72251.42276544578,2250.0,74501.42276544578
22303.871628665565,72296.40986598867,2355.0,74651.40986598867
24427.854131395594,75632.93703954523,2355.0,77987.93703954523
24647.344536128432,75977.73069899617,2325.0,78302.73069899617
23937.814460860733,74863.14224379776,2415.0,77278.14224379776
22406.611769605985,72457.802566551,2190.0,74647.802566551
20707.67291100489,69788.9690612619,1860.0,71648.9690612619
17645.367845078872,64978.4472923447,1710.0,66688.4472923447
19613.358060496837,68069.92889475697,1680.0,69749.92889475697
19843.931167781906,68432.13217889852,1635.0,70067.13217889852
17665.066374198665,65009.391369145145,1380.0,66389.39136914515
17744.871636240878,65134.75606732623,1380.0,66514.75606732623
18616.85757868808,66504.54361886907,1845.0,68349.54361886907
19838.853780704387,68424.1561998436,3060.0,71484.1561998436
20828.919181675108,69979.43271916098,3540.0,73519.43271916098
21218.174884647407,70590.9077330839,3780.0,74370.9077330839
22074.43164278935,71935.98658256122,4200.0,76135.98658256122
23220.498450761548,73736.32299898437,4590.0,78326.32299898437
23269.975045718573,73814.04492151292,4560.0,78374.04492151292
23041.76165806764,73455.54847990476,4500.0,77955.54847990476
23184.562314652037,73679.87154776578,4470.0,78149.87154776578
23286.545521371663,73840.07519352515,3810.0,77650.07519352515
23288.073069347385,73842.47479207334,1980.0,75822.47479207334
23230.511869730777,73752.05290469126,1875.0,75627.05290469126
23119.625566227278,73577.86353903542,2250.0,75827.86353903542
23218.296045769686,73732.86327928657,2355.0,76087.86327928657
26136.966003530542,78317.75115486716,2355.0,80672.75115486716
26329.560164278864,78620.29397241822,2325.0,80945.29397241822
25567.231647187535,77422.76536322157,2415.0,79837.76536322157
23093.57973327999,73536.94859304371,2190.0,75726.94859304371
20167.72574018852,68940.7754413059,1860.0,70800.7754413059
17711.417195611324,65082.203068375835,1710.0,66792.20306837583
20608.361773281616,69632.96292221668,1680.0,71312.96292221668
20023.153583936753,68713.66955542706,1635.0,70348.66955542706
19528.180161432534,67936.12441451798,1380.0,69316.12441451798
19345.122915881915,67648.56297118642,1380.0,69028.56297118642
20024.786008340667,68716.23390253227,1845.0,70561.23390253227
20675.18401749134,69737.9328234834,3060.0,72797.9328234834
20828.919181675108,69979.43271916098,3540.0,73519.43271916098
21218.174884647407,70590.9077330839,3780.0,74370.9077330839
21972.117847328715,71775.26362069816,4200.0,75975.26362069816
23088.636861621228,73529.18392192063,4590.0,78119.18392192063
23189.42082918378,73687.50370374514,4560.0,78247.50370374514
23343.84680984015,73930.08879100498,4500.0,78430.08879100498
23330.34282975028,73908.87562354095,4470.0,78378.87562354095
23304.928535294446,73868.95275038185,3810.0,77678.95275038185
23294.88547733464,73853.17628530014,1980.0,75833.17628530014
23294.88547733464,73853.17628530014,1875.0,75728.17628530014
23070.42028203012,73500.56781386095,2250.0,75750.56781386095
23131.244050532187,73596.11481396307,2355.0,75951.11481396307
26136.966003530542,78317.75115486716,2355.0,80672.75115486716
26276.93727647632,78537.62959317848,2325.0,80862.62959317848
25630.098226116843,77521.5213786956,2415.0,79936.5213786956
23117.062933503817,73573.83794385905,2190.0,75763.83794385905
20191.208940412347,68977.66479212126,1860.0,70837.66479212126
17932.496706223385,65429.493026614946,1710.0,67139.49302661495
20922.407397711813,70126.29173180014,1680.0,71806.29173180014
20216.981182677417,69018.14995926851,1635.0,70653.14995926851
19354.372560863285,67663.09307761921,1380.0,69043.09307761921
18986.261997743008,67084.83459613674,1380.0,68464.83459613674
19472.92852315834,67849.33057688118,1845.0,69694.33057688118
20120.24407728935,68866.18732285149,3060.0,71926.18732285149
20124.881439352965,68873.47207426492,3540.0,72413.47207426492
20142.140451556308,68900.58395636902,3780.0,72680.58395636902
20937.587120730288,70150.13729468641,4200.0,74350.13729468641
22300.848451627033,72291.66080975748,4590.0,76881.66080975748
22323.248688733747,72326.84895264689,4560.0,76886.84895264689
23197.425636561045,73700.0783164357,4500.0,78200.0783164357
23322.90116319391,73897.1856389719,4470.0,78367.1856389719
23304.299276725345,73867.96425903961,3810.0,77677.96425903961
23304.299276725345,73867.96425903961,1980.0,75847.96425903961
23529.20449704377,74221.26395812031,1875.0,76096.26395812031
22741.272451941415,72983.51521206382,2250.0,75233.51521206382
22837.89328128954,73135.29519247197,2355.0,75490.29519247197
25044.4773708263,76601.57976214892,2355.0,78956.57976214892
25147.10579557149,76762.79696968311,2325.0,79087.79696968311
24281.75898701281,75403.43871809894,2415.0,77818.43871809894
22573.03242175532,72719.22987464964,2190.0,74909.22987464964
20874.09356315423,70050.39636936052,1860.0,71910.39636936052
18785.844283444392,66770.00189437959,1710.0,68480.00189437959
20916.65515361815,70117.25563159556,1680.0,71797.25563159556
20211.228938583747,69009.11385906392,1635.0,70644.11385906392
19354.372560863285,67663.09307761921,1380.0,69043.09307761921
18986.261997743008,67084.83459613674,1380.0,68464.83459613674
19472.92852315834,67849.33057688118,1845.0,69694.33057688118
20237.06501867467,69049.69930794157,3060.0,72109.69930794157
20124.881439352965,68873.47207426492,3540.0,72413.47207426492
20142.140451556308,68900.58395636902,3780.0,72680.58395636902
20937.587120730288,70150.13729468641,4200.0,74350.13729468641
22166.499467200865,72080.6143266996,4590.0,76670.6143266996
22323.248688733747,72326.84895264689,4560.0,76886.84895264689
23197.425636561045,73700.0783164357,4500.0,78200.0783164357
23239.98950694733,73766.94116016112,4470.0,78236.94116016112
23304.299276725345,73867.96425903961,3810.0,77677.96425903961
23214.5752124915,73727.018287002,1980.0,75707.018287002
23304.299276725345,73867.96425903961,1875.0,75742.96425903961
22288.274679856702,72271.9088903646,2250.0,74521.9088903646
22326.379022122805,72331.76633892549,2355.0,74686.76633892549
24684.60074727965,76036.25583313924,2355.0,78391.25583313924
24826.801784285522,76259.63696903286,2325.0,78584.63696903286
24102.301738855724,75121.53244806227,2415.0,77536.53244806227
22571.099047600972,72716.1927708155,2190.0,74906.1927708155
20872.160188999882,70047.35926552641,1860.0,71907.35926552641
18145.142784056035,65763.53505197387,1710.0,67473.53505197387
20790.35429509394,69918.85180954529,1680.0,71598.85180954529
20084.928080059533,68810.71003701363,1635.0,70445.71003701363
19471.195782170947,67846.60864419966,1380.0,69226.60864419966
19103.0886389342,67268.35553495273,1380.0,68648.35553495273
19291.533341002203,67564.38004002963,1845.0,69409.38004002963
20237.06501867467,69049.69930794157,3060.0,72109.69930794157
20124.881439352965,68873.47207426492,3540.0,72413.47207426492
20142.140451556308,68900.58395636902,3780.0,72680.58395636902
20899.391581570115,70090.13658651074,4200.0,74290.13658651074
22103.63288827156,71981.85831122559,4590.0,76571.85831122559
22520.464252089223,72636.6514511788,4560.0,77196.6514511788
23239.98950694733,73766.94116016112,4500.0,78266.94116016112
23329.713571181164,73907.88713219871,4470.0,78377.88713219871
23304.299276725345,73867.96425903961,3810.0,77677.96425903961
23304.299276725345,73867.96425903961,1980.0,75847.96425903961
23304.299276725345,73867.96425903961,1875.0,75742.96425903961
23048.211558400963,73465.68051616267,2250.0,75715.68051616267
23048.120361506884,73465.53725654785,2355.0,75820.53725654785
24684.60074727965,76036.25583313924,2355.0,78391.25583313924
24649.277910282777,75980.76780283028,2325.0,78305.76780283028
24104.235113010072,75124.56955189638,2415.0,77539.56955189638
22549.54922153149,72682.34052383427,2190.0,74872.34052383427
20850.610362930405,70013.50701854518,1860.0,71873.50701854518
18499.627391240607,66320.38875625751,1710.0,68030.38875625751
20922.407397711813,70126.29173180014,1680.0,71806.29173180014
20084.928080059533,68810.71003701363,1635.0,70445.71003701363
19354.372560863285,67663.09307761921,1380.0,69043.09307761921
18986.261997743008,67084.83459613674,1380.0,68464.83459613674
19356.107581773023,67665.8185917911,1845.0,69510.8185917911
20120.24407728935,68866.18732285149,3060.0,71926.18732285149
20124.881439352965,68873.47207426492,3540.0,72413.47207426492
20142.140451556308,68900.58395636902,3780.0,72680.58395636902
21104.63019168167,70412.54234965614,4200.0,74612.54234965614
22428.49446433883,72492.17771112632,4590.0,77082.17771112632
22669.249704847167,72870.37593126218,4560.0,77430.37593126218
23329.713571181164,73907.88713219871,4500.0,78407.88713219871
23329.713571181164,73907.88713219871,4470.0,78377.88713219871
23304.299276725345,73867.96425903961,3810.0,77677.96425903961
23214.5752124915,73727.018287002,1980.0,75707.018287002
23157.014012874894,73636.59639961996,1875.0,75511.59639961996
22581.77820389693,72732.96847171057,2250.0,74982.96847171057
22474.580814758683,72564.57395747404,2355.0,74919.57395747404
24843.623051397313,76286.06120498583,2355.0,78641.06120498583
24788.606245125342,76199.63626085715,2325.0,78524.63626085715
24080.75191278624,75087.68020108102,2415.0,77502.68020108102
22549.54922153149,72682.34052383427,2190.0,74872.34052383427
20850.610362930405,70013.50701854518,1860.0,71873.50701854518
18499.627391240607,66320.38875625751,1710.0,68030.38875625751
20337.60503454558,69207.63587029645,1680.0,70887.63587029645
19901.68160095371,68522.85132998132,1635.0,70157.85132998132
19354.372560863285,67663.09307761921,1380.0,69043.09307761921
18986.261997743008,67084.83459613674,1380.0,68464.83459613674
19472.92852315834,67849.33057688118,1845.0,69694.33057688118
20237.06501867467,69049.69930794157,3060.0,72109.69930794157
20124.881439352965,68873.47207426492,3540.0,72413.47207426492
20142.140451556308,68900.58395636902,3780.0,72680.58395636902
21086.591446034006,70384.20559784537,4200.0,74584.20559784537
22428.49446433883,72492.17771112632,4590.0,77082.17771112632
22603.471665074576,72767.04635258512,4560.0,77327.04635258512
23329.713571181164,73907.88713219871,4500.0,78407.88713219871
23554.618791499593,74261.18683127941,4470.0,78731.18683127941
23529.20449704377,74221.26395812031,3810.0,78031.26395812031
23635.421519570737,74388.11843149754,1980.0,76368.11843149754
23635.421519570737,74388.11843149754,1875.0,76263.11843149754
22952.933603318073,73316.01003358273,2250.0,75566.01003358273
22935.31208346079,73288.32869450972,2355.0,75643.32869450972
25114.407149201572,76711.43123479052,2355.0,79066.43123479052
25225.181736509832,76885.44510741821,2325.0,79210.44510741821
24243.563447852634,75343.43800992325,2415.0,77758.43800992325
22573.03242175532,72719.22987464964,2190.0,74909.22987464964
21119.837273768364,70436.43089042687,1860.0,72296.43089042687
18785.844283444392,66770.00189437959,1710.0,68480.00189437959
20602.60952918795,69623.9268220121,1680.0,71303.9268220121
20017.401339843087,68704.63345522247,1635.0,70339.63345522247
19528.180161432534,67936.12441451798,1380.0,69316.12441451798
19345.122915881915,67648.56297118642,1380.0,69028.56297118642
20029.46896885132,68723.59028375313,1845.0,70568.59028375313
20679.866978002,69745.28920470424,3060.0,72805.28920470424
20828.919181675108,69979.43271916098,3540.0,73519.43271916098
21299.383438897177,70718.47683858799,3780.0,74498.47683858799
22128.93090668745,72021.5985283758,4200.0,76221.5985283758
23261.265742334588,73800.3636282979,4590.0,78390.3636282979
23375.321137907136,73979.53126556866,4560.0,78539.53126556866
23330.34282975028,73908.87562354095,4500.0,78408.87562354095
23402.78736247961,74022.67748006112,4470.0,78492.67748006112
23304.928535294446,73868.95275038185,3810.0,77678.95275038185
23367.330010063983,73966.97814182032,1980.0,75946.97814182032
23367.330010063983,73966.97814182032,1875.0,75841.97814182032
23139.941954304413,73609.77819972625,2250.0,75859.77819972625
23186.40905175702,73682.77255496584,2355.0,76037.77255496584
26136.18627008621,78316.52628516046,2355.0,80671.52628516046
26276.157543031997,78536.40472347182,2325.0,80861.40472347182
25604.471898882297,77481.26542693206,2415.0,79896.26542693206
23294.060145443284,73851.87978578608,2190.0,76041.87978578608
20401.308344978006,69307.7062927364,1860.0,71167.7062927364
17970.345697186087,65488.94934825434,1710.0,67198.94934825433
20602.60952918795,69623.9268220121,1680.0,71303.9268220121
20017.401339843087,68704.63345522247,1635.0,70339.63345522247
19528.180161432534,67936.12441451798,1380.0,69316.12441451798
19345.122915881915,67648.56297118642,1380.0,69028.56297118642
20029.46896885132,68723.59028375313,1845.0,70568.59028375313
20679.866978002,69745.28920470424,3060.0,72805.28920470424
20823.166937581445,69970.3966189564,3540.0,73510.3966189564
21293.63119480351,70709.44073838342,3780.0,74489.44073838342
22201.16340663806,72135.06730629152,4200.0,76335.06730629152
23298.900420596212,73859.48328984245,4590.0,78449.48328984245
23392.851460870344,74007.06934502682,4560.0,78567.06934502682
23330.34282975028,73908.87562354095,4500.0,78408.87562354095
23402.78736247961,74022.67748006112,4470.0,78492.67748006112
23377.373068023782,73982.75460690202,3810.0,77792.75460690202
23483.02238988514,74148.71728917703,1980.0,76128.71728917703
23483.02238988514,74148.71728917703,1875.0,76023.71728917703
23119.625566227278,73577.86353903542,2250.0,75827.86353903542
23218.296045769686,73732.86327928657,2355.0,76087.86327928657
26154.400569754973,78345.13881172978,2355.0,80700.13881172978
26276.157543031997,78536.40472347182,2325.0,80861.40472347182
25567.231647187535,77422.76536322157,2415.0,79837.76536322157
23295.681170235428,73854.42622543941,2190.0,76044.42622543941
20369.827177143958,69258.2530737016,1860.0,71118.2530737016
17932.496706223385,65429.493026614946,1710.0,67139.49302661495
15202.522241989225,61141.02362005199,1680.0,62821.02362005199
14538.107270219502,60097.30569630349,1635.0,61732.30569630349
13719.261757948707,58810.99552231446,1380.0,60190.99552231446
13772.605101214427,58894.79165251122,1380.0,60274.79165251122
14755.035042228883,60438.073760578074,1845.0,62283.073760578074
16502.88279512139,63183.73739729347,3060.0,66243.73739729347
16728.387635018345,63537.97902834158,3540.0,67077.97902834158
17911.245549982,65396.109954872234,3780.0,69176.10995487223
19979.782621037928,68645.5388641105,4200.0,72845.5388641105
21024.522839927842,70286.70310400099,4590.0,74876.70310400099
21250.337749264647,70641.43181773947,4560.0,75201.43181773947
21608.096324946448,71203.42854219503,4500.0,75703.42854219503
21587.87797353043,71171.66788559013,4470.0,75641.66788559013
21593.655296769968,71180.74338218877,3810.0,74990.74338218877
21593.655296769968,71180.74338218877,1980.0,73160.74338218877
21552.349943521902,71115.85752114783,1875.0,72990.85752114783
20787.285519608376,69914.0311235067,2250.0,72164.0311235067
20669.91511693627,69729.65599923735,2355.0,72084.65599923735
23326.35296563457,73902.60801539272,2355.0,76257.60801539272
23420.46132055098,74050.44119341264,2325.0,76375.44119341264
22975.431877085903,73351.35218055805,2415.0,75766.35218055805
20659.05584677451,69712.59736060302,2190.0,71902.59736060302
18729.154014166186,66680.94813631904,1860.0,68540.94813631904
16279.46864402106,62832.77999291505,1710.0,64542.77999291505
13832.140713587716,58988.315110554075,1680.0,60668.315110554075
13583.923287221847,58598.39467243583,1635.0,60233.39467243583
13434.17570723143,58363.15880341612,1380.0,59743.15880341612
13487.519050497149,58446.954933612884,1380.0,59826.954933612884
14438.958006983205,59941.55384307458,1845.0,61786.55384307458
16450.0775135307,63100.78649882412,3060.0,66160.78649882412
16630.57668620257,63384.329509960095,3540.0,66924.3295099601
17878.312071609842,65344.3753264715,3780.0,69124.37532647149
20057.812963529246,68768.1153720382,4200.0,72968.1153720382
20340.89268257691,69212.80037941059,4590.0,73802.80037941059
20617.590898961815,69647.46079523615,4560.0,74207.46079523615
21579.980322503696,71159.26160294698,4500.0,75659.26160294698
21608.096324946448,71203.42854219503,4470.0,75673.42854219503
21582.682030490614,71163.50566903592,3810.0,74973.50566903592
21562.463679074608,71131.74501243103,1980.0,73111.74501243103
21552.349943521902,71115.85752114783,1875.0,72990.85752114783
20787.285519608376,69914.0311235067,2250.0,72164.0311235067
20584.019042331147,69594.72334953168,2355.0,71949.72334953168
23390.341266360985,74003.126124129,2355.0,76358.126124129
23420.46132055098,74050.44119341264,2325.0,76375.44119341264
22975.431877085903,73351.35218055805,2415.0,75766.35218055805
20659.05584677451,69712.59736060302,2190.0,71902.59736060302
18729.154014166186,66680.94813631904,1860.0,68540.94813631904
16279.46864402106,62832.77999291505,1710.0,64542.77999291505
14963.994485618625,60766.32451600802,1680.0,62446.32451600802
14357.96148551216,59814.317816174946,1635.0,61449.317816174946
13719.261757948707,58810.99552231446,1380.0,60190.99552231446
13772.605101214427,58894.79165251122,1380.0,60274.79165251122
14723.095610002123,60387.90066197883,1845.0,62232.90066197883
16502.88279512139,63183.73739729347,3060.0,66243.73739729347
16728.387635018345,63537.97902834158,3540.0,67077.97902834158
17911.245549982,65396.109954872234,3780.0,69176.10995487223
20052.689978004688,68760.06776317589,4200.0,72960.06776317589
20441.193306600882,69370.36088527658,4590.0,73960.36088527658
20617.590898961815,69647.46079523615,4560.0,74207.46079523615
21579.980322503696,71159.26160294698,4500.0,75659.26160294698
21579.980322503696,71159.26160294698,4470.0,75629.26160294698
21582.682030490614,71163.50566903592,3810.0,74973.50566903592
21582.682030490614,71163.50566903592,1980.0,73143.50566903592
21541.376677242548,71098.61980799498,1875.0,72973.61980799498
20519.323965675678,69493.09497878059,2250.0,71743.09497878059
20476.468265228366,69425.77370428776,2355.0,71780.77370428776
23326.35296563457,73902.60801539272,2355.0,76257.60801539272
23420.46132055098,74050.44119341264,2325.0,76375.44119341264
23001.71254203543,73392.63602005791,2415.0,75807.63602005791
20678.731576670787,69743.50562249977,2190.0,71933.50562249977
18748.829744062466,66711.85639821578,1860.0,68571.85639821578
16783.739589876026,63624.93045155469,1710.0,65334.93045155469
15149.894794341975,61058.352077831514,1680.0,62738.352077831514
14490.016868052393,60021.76131992018,1635.0,61656.76131992018
13719.261757948707,58810.99552231446,1380.0,60190.99552231446
13772.605101214427,58894.79165251122,1380.0,60274.79165251122
14755.035042228883,60438.073760578074,1845.0,62283.073760578074
16502.88279512139,63183.73739729347,3060.0,66243.73739729347
16782.232561201465,63622.56308641983,3540.0,67162.56308641983
17965.09047616512,65480.69401295052,3780.0,69260.69401295052
20052.689978004688,68760.06776317589,4200.0,72960.06776317589
20360.702927891947,69243.91994923918,4590.0,73833.91994923918
20482.7426115406,69435.62996578716,4560.0,73995.62996578716
21493.135800200223,71022.83905324723,4500.0,75522.83905324723
21522.565037917622,71069.06893094865,4470.0,75539.06893094865
21497.150743461792,71029.14605778955,3810.0,74839.14605778955
21554.56602804787,71119.33872978788,1980.0,73099.33872978788
21513.26067479981,71054.45286874696,1875.0,72929.45286874696
20512.64607310717,69482.60479348562,2250.0,71732.60479348562
20584.019042331147,69594.72334953168,2355.0,71949.72334953168
23292.11537167717,73848.82477450007,2355.0,76203.82477450007
23412.08032598566,74037.27563481097,2325.0,76362.27563481097
22975.431877085903,73351.35218055805,2415.0,75766.35218055805
20659.05584677451,69712.59736060302,2190.0,71902.59736060302
18414.875837656105,66187.25401471781,1860.0,68047.25401471781
16279.46864402106,62832.77999291505,1710.0,64542.77999291505
14465.227272320966,59982.81977512258,1680.0,61662.81977512258
14011.878392194078,59270.661903906315,1635.0,60905.661903906315
13687.32232572195,58760.82242371522,1380.0,60140.82242371522
13740.66566898767,58844.61855391199,1380.0,60224.61855391199
14681.220276166096,60322.11942834527,1845.0,62167.11942834527
16405.071846305615,63030.08787891199,3060.0,66090.08787891199
16728.387635018345,63537.97902834158,3540.0,67077.97902834158
17920.18968536822,65410.16014159541,3780.0,69190.1601415954
19979.782621037928,68645.5388641105,4200.0,72845.5388641105
20318.095738980985,69176.98905719676,4590.0,73766.98905719676
20482.7426115406,69435.62996578716,4560.0,73995.62996578716
21493.135800200223,71022.83905324723,4500.0,75522.83905324723
21522.565037917622,71069.06893094865,4470.0,75539.06893094865
21554.56602804787,71119.33872978788,3810.0,74929.33872978788
21582.682030490614,71163.50566903592,1980.0,73143.50566903592
21541.376677242548,71098.61980799498,1875.0,72973.61980799498
20450.064484471848,69384.29646430789,2250.0,71634.29646430789
20443.931493345426,69374.66225521144,2355.0,71729.66225521144
23346.160931027258,73933.72400373094,2355.0,76288.72400373094
23434.646997424054,74072.72522649741,2325.0,76397.72522649741
22975.431877085903,73351.35218055805,2415.0,75766.35218055805
20660.483078166755,69714.83937357491,2190.0,71904.83937357491
18729.154014166186,66680.94813631904,1860.0,68540.94813631904
16279.46864402106,62832.77999291505,1710.0,64542.77999291505
14608.938757884918,60208.57364838659,1680.0,61888.57364838659
14223.937390021125,59603.78169549485,1635.0,61238.78169549485
13782.2332133062,58909.91628634553,1380.0,60289.91628634553
14243.574361237424,59634.62907205531,1380.0,61014.62907205531
15418.662300826043,61480.55427940357,1845.0,63325.55427940357
16878.50456242976,63773.795098801296,3060.0,66833.79509880129
17124.250552966245,64159.83320135801,3540.0,67699.83320135801
18678.218268903995,66600.93405995343,3780.0,70380.93405995343
21588.600708915965,71172.80321803754,4200.0,75372.80321803754
22029.364417660763,71865.19126240908,4590.0,76455.19126240908
21962.209304787666,71759.69846354828,4560.0,76319.69846354828
21992.534551989334,71807.33586696528,4500.0,76307.33586696528
21992.534551989334,71807.33586696528,4470.0,76277.33586696528
21967.120257533505,71767.41299380617,3810.0,75577.41299380617
21957.077199573694,71751.63652872444,1980.0,73731.63652872444
21915.77184632563,71686.75066768352,1875.0,73561.75066768352
21671.04270115807,71302.30990983202,2250.0,73552.30990983202
21789.712659570712,71488.7264836125,2355.0,73843.7264836125
24627.89451854499,75947.17700464609,2355.0,78302.17700464609
24809.56785122805,76232.56448332283,2325.0,78557.56448332283
24347.505107872475,75506.71815591081,2415.0,77921.71815591081
21435.5563612048,70932.38851394219,2190.0,73122.38851394219
17816.563794594116,65247.37603202416,1860.0,67107.37603202416
15876.197118390892,62199.287766939924,1710.0,63909.287766939924
14608.938757884918,60208.57364838659,1680.0,61888.57364838659
14374.679016156939,59840.57909431606,1635.0,61475.57909431606
13782.2332133062,58909.91628634553,1380.0,60289.91628634553
14032.30307658293,59302.74668538975,1380.0,60682.74668538975
15132.342812116425,61030.77997421481,1845.0,62875.77997421481
16897.33330117233,63803.37283702543,3060.0,66863.37283702544
17074.468448414078,64081.631359119834,3540.0,67621.63135911984
18468.205501387714,66271.02865597235,3780.0,70051.02865597235
21593.72369444052,71180.85082689988,4200.0,75380.85082689988
22016.4988158294,71844.98091224878,4590.0,76434.98091224878
21863.37923068063,71604.44801897123,4560.0,76164.44801897123
21992.534551989334,71807.33586696528,4500.0,76307.33586696528
21992.534551989334,71807.33586696528,4470.0,76277.33586696528
21967.120257533505,71767.41299380617,3810.0,75577.41299380617
21957.077199573694,71751.63652872444,1980.0,73731.63652872444
21915.77184632563,71686.75066768352,1875.0,73561.75066768352
21643.252727611627,71258.65512370694,2250.0,73508.65512370694
21780.011589963688,71473.48724208635,2355.0,73828.48724208635
24627.89451854499,75947.17700464609,2355.0,78302.17700464609
24832.13452266644,76268.01407500927,2325.0,78593.01407500927
24346.07787648023,75504.47614293893,2415.0,77919.47614293893
21435.5563612048,70932.38851394219,2190.0,73122.38851394219
17816.563794594116,65247.37603202416,1860.0,67107.37603202416
15851.087193569034,62159.84302274528,1710.0,63869.84302274528
14160.387974347448,59503.953023654896,1680.0,61183.953023654896
13707.039094220561,58791.79515243863,1635.0,60426.79515243863
13415.152035127774,58333.27484776531,1380.0,59713.27484776531
13431.47855908922,58358.92190030791,1380.0,59738.92190030791
14424.687972983114,59919.13729484611,1845.0,61764.13729484611
16485.54398563574,63156.50016302642,3060.0,66216.50016302642
16687.549665852403,63473.82737282658,3540.0,67013.82737282658
17854.31588885685,65306.680140322795,3780.0,69086.6801403228
19979.782621037928,68645.5388641105,4200.0,72845.5388641105
20338.30041086289,69208.72822485943,4590.0,73798.72822485943
20494.160462678552,69453.56606956224,4560.0,74013.56606956224
21457.790163979833,70967.31520803459,4500.0,75467.31520803459
21522.565037917622,71069.06893094865,4470.0,75539.06893094865
21554.56602804787,71119.33872978788,3810.0,74929.33872978788
21497.150743461792,71029.14605778955,1980.0,73009.14605778955
21513.26067479981,71054.45286874696,1875.0,72929.45286874696
21013.809484796602,70269.87368075037,2250.0,72519.87368075037
20858.658488832345,70026.14967955275,2355.0,72381.14967955275
23292.11537167717,73848.82477450007,2355.0,76203.82477450007
23412.08032598566,74037.27563481097,2325.0,76362.27563481097
22936.960467321165,73290.91811204754,2415.0,75705.91811204754
20344.775390342078,69218.89965751143,2190.0,71408.89965751143
18414.875837656105,66187.25401471781,1860.0,68047.25401471781
15882.870451114692,62209.77078925415,1710.0,63919.77078925415
14037.272167348736,59310.552543652084,1680.0,60990.552543652084
13583.923287221847,58598.39467243583,1635.0,60233.39467243583
13434.17570723143,58363.15880341612,1380.0,59743.15880341612
13430.04448792992,58356.66914286491,1380.0,59736.66914286491
14424.687972983114,59919.13729484611,1845.0,61764.13729484611
16485.54398563574,63156.50016302642,3060.0,66216.50016302642
16728.387635018345,63537.97902834158,3540.0,67077.97902834158
17920.18968536822,65410.16014159541,3780.0,69190.1601415954
19822.43377992652,68398.36230619582,4200.0,72598.36230619582
20313.469776529124,69169.72221323515,4590.0,73759.72221323515
20480.14805990422,69431.55422974561,4560.0,73991.55422974561
20499.5821180312,69462.0828536631,4500.0,73962.0828536631
20457.53579001879,69396.03300825176,4470.0,73866.03300825176
20586.780028299214,69599.06053437028,3810.0,73409.06053437028
20541.810839831756,69528.41921830406,1980.0,71508.41921830406
20372.558524121454,69262.54369916538,1875.0,71137.54369916538
20457.355676152998,69395.75007051251,2250.0,71645.75007051251
20528.728645376967,69507.86862655857,2355.0,71862.86862655857
23452.36427402011,74100.55698816598,2355.0,76455.55698816598
23204.005492468426,73710.41449764476,2325.0,76035.41449764476
22641.477970679553,72826.74979706008,2415.0,75241.74979706008
20293.244585346056,69137.95081215912,2190.0,71327.95081215912
18145.68768549812,65764.3910281724,1860.0,67624.3910281724
15786.406936408845,62058.23793168158,1710.0,63768.23793168158
13658.26243542555,58715.17274745382,1680.0,60395.17274745382
13213.087076929965,58015.854519215514,1635.0,59650.854519215514
13345.064942110232,58223.17625228815,1380.0,59603.17625228815
13417.208525089127,58336.505352079424,1380.0,59716.505352079424
14424.687972983114,59919.13729484611,1845.0,61764.13729484611
16485.54398563574,63156.50016302642,3060.0,66216.50016302642
16711.048825532693,63510.741794074514,3540.0,67050.7417940745
17945.827412214523,65450.4340008108,3780.0,69230.4340008108
19611.048499154433,68066.30084501173,4200.0,72266.30084501173
20027.21412564536,68720.04818977679,4590.0,73310.04818977679
20184.948273634225,68967.83001956406,4560.0,73527.83001956406
20175.07392992846,68952.31858476979,4500.0,73452.31858476979
20323.346400157243,69185.23722951983,4470.0,73655.23722951983
20297.932105701417,69145.31435636072,3810.0,72955.31435636072
20300.155029994447,69148.80630947187,1980.0,71128.80630947187
20300.155029994447,69148.80630947187,1875.0,71023.80630947187
20063.07046447256,68776.3742888324,2250.0,71026.3742888324
20134.44343369653,68888.49284487848,2355.0,71243.49284487848
22629.467339730116,72807.88250578867,2355.0,75162.88250578867
22695.38673468852,72911.43413686872,2325.0,75236.43413686872
22146.00980502499,72048.42747274063,2415.0,74463.42747274063
19822.098631340807,68397.83582711135,2190.0,70587.83582711135
17620.78686224264,64939.83345391599,1860.0,66799.83345391598
15226.636980704507,61178.90504369994,1710.0,62888.90504369994
13547.170938910378,58540.66104766461,1680.0,60220.66104766461
13056.39485345588,57769.70943052751,1635.0,59404.70943052751
13295.353515150975,58145.08543625147,1380.0,59525.08543625147
13417.208525089127,58336.505352079424,1380.0,59716.505352079424
14424.687972983114,59919.13729484611,1845.0,61764.13729484611
16485.54398563574,63156.50016302642,3060.0,66216.50016302642
16711.048825532693,63510.741794074514,3540.0,67050.7417940745
17727.201098053032,65106.99772621027,3780.0,68886.99772621028
19363.829678778668,67677.94909967574,4200.0,71877.94909967574
19523.74343253588,67929.15483425715,4590.0,72519.15483425715
19643.831502651363,68117.79909504802,4560.0,72677.79909504802
20101.637630976085,68836.95877993848,4500.0,73336.95877993848
20101.637630976085,68836.95877993848,4470.0,73306.95877993848
20076.22333652025,68797.03590677936,3810.0,72607.03590677936
20076.22333652025,68797.03590677936,1980.0,70777.03590677936
20149.65963547263,68912.39571161066,1875.0,70787.39571161066
20063.07046447256,68776.3742888324,2250.0,71026.3742888324
20134.44343369653,68888.49284487848,2355.0,71243.49284487848
22642.622491700164,72828.54770522602,2355.0,75183.54770522602
22708.54188665857,72932.09933630606,2325.0,75257.09933630606
22146.00980502499,72048.42747274063,2415.0,74463.42747274063
19914.248532956986,68542.59250490309,2190.0,70732.59250490309
17657.096905617847,64996.87226955534,1860.0,66856.87226955534
15317.62412192126,61321.835161402756,1710.0,63031.835161402756
13547.170938910378,58540.66104766461,1680.0,60220.66104766461
13056.39485345588,57769.70943052751,1635.0,59404.70943052751
13295.353515150975,58145.08543625147,1380.0,59525.08543625147
13417.208525089127,58336.505352079424,1380.0,59716.505352079424
14424.687972983114,59919.13729484611,1845.0,61764.13729484611
16485.54398563574,63156.50016302642,3060.0,66216.50016302642
16711.048825532693,63510.741794074514,3540.0,67050.7417940745
17826.309322686997,65262.685112612526,3780.0,69042.68511261253
19538.264257994673,67951.96534642637,4200.0,72151.96534642637
20027.21412564536,68720.04818977679,4590.0,73310.04818977679
20184.948273634225,68967.83001956406,4560.0,73527.83001956406
20325.569324450276,69188.72918263098,4500.0,73688.72918263098
20325.569324450276,69188.72918263098,4470.0,73658.72918263098
20300.155029994447,69148.80630947187,3810.0,72958.80630947187
20300.155029994447,69148.80630947187,1980.0,71128.80630947187
20300.155029994447,69148.80630947187,1875.0,71023.80630947187
20063.07046447256,68776.3742888324,2250.0,71026.3742888324
20134.44343369653,68888.49284487848,2355.0,71243.49284487848
22629.467339730116,72807.88250578867,2355.0,75162.88250578867
22695.38673468852,72911.43413686872,2325.0,75236.43413686872
22146.00980502499,72048.42747274063,2415.0,74463.42747274063
20032.2527540429,68727.96328349541,2190.0,70917.96328349541
17820.079434860625,65252.898690175345,1860.0,67112.89869017535
15333.740893026335,61347.15271683127,1710.0,63057.15271683127
13859.970585775303,59032.03257276065,1680.0,60712.03257276065
13562.838565312142,58565.273049490155,1635.0,60200.273049490155
13768.98914436443,58889.11140878374,1380.0,60269.11140878374
13974.081839445473,59211.287956545464,1380.0,60591.287956545464
15132.342812116425,61030.77997421481,1845.0,62875.77997421481
16897.33330117233,63803.37283702543,3060.0,66863.37283702544
17060.320390259814,64059.40642062618,3540.0,67599.40642062618
18329.557723367176,66053.22927282105,3780.0,69833.22927282105
20876.941186171658,70054.86965083318,4200.0,74254.86965083318
21361.29473036106,70815.73220959683,4590.0,75405.73220959683
21179.318168005204,70529.86839270082,4560.0,75089.86839270082
21077.366880198508,70369.71488780662,4500.0,74869.71488780662
21227.973990915565,70606.30097869599,4470.0,75076.30097869599
21202.55969645974,70566.37810553689,3810.0,74376.37810553689
21192.516638499932,70550.60164045518,1980.0,72530.60164045518
21192.516638499932,70550.60164045518,1875.0,72425.60164045518
21192.516638499932,70550.60164045518,2250.0,72800.60164045518
21562.078372197146,71131.13974055843,2355.0,73486.13974055843
24541.567538615374,75811.56745326043,2355.0,78166.56745326043
24723.240871298436,76096.95493193717,2325.0,78421.95493193717
24131.591901309654,75167.54385485106,2415.0,77582.54385485106
21157.248519639514,70495.19956591511,2190.0,72685.19956591511
17482.035347755085,64721.871112952824,1860.0,66581.87111295282
15297.922172917937,61290.88571236675,1710.0,63000.88571236675
13859.970585775303,59032.03257276065,1680.0,60712.03257276065
13562.838565312142,58565.273049490155,1635.0,60200.273049490155
13768.98914436443,58889.11140878374,1380.0,60269.11140878374
13974.081839445473,59211.287956545464,1380.0,60591.287956545464
15132.342812116425,61030.77997421481,1845.0,62875.77997421481
16897.33330117233,63803.37283702543,3060.0,66863.37283702544
17060.320390259814,64059.40642062618,3540.0,67599.40642062618
18333.733401154546,66059.78877243448,3780.0,69839.78877243448
20925.19346282575,70130.6683130328,4200.0,74330.6683130328
21511.901841078117,71052.31830048616,4590.0,75642.31830048616
21324.157075172134,70757.39331295299,4560.0,75317.39331295299
21621.846536650315,71225.02851061904,4500.0,75725.02851061904
21697.302846806415,71343.56151591854,4470.0,75813.56151591854
21711.623039098253,71366.05685693519,3810.0,75176.05685693519
21728.473945200614,71392.52765226296,1980.0,73372.52765226296
21728.473945200614,71392.52765226296,1875.0,73267.52765226296
21586.38918423469,71169.32917237825,2250.0,73419.32917237825
21776.56662729007,71468.07561013664,2355.0,73823.07561013664
24756.05351378594,76148.49974134828,2355.0,78503.49974134828
24937.726846469006,76433.887220025,2325.0,78758.887220025
24131.591901309654,75167.54385485106,2415.0,77582.54385485106
21221.068106111878,70595.45264436398,2190.0,72785.45264436398
17399.604755124747,64592.38232861021,1860.0,66452.38232861021
15297.922172917937,61290.88571236675,1710.0,63000.88571236675
13547.170938910378,58540.66104766461,1680.0,60220.66104766461
13056.39485345588,57769.70943052751,1635.0,59404.70943052751
13295.353515150975,58145.08543625147,1380.0,59525.08543625147
13417.208525089127,58336.505352079424,1380.0,59716.505352079424
14390.019473701213,59864.67715227345,1845.0,61709.67715227345
16498.835932946895,63177.38025188598,3060.0,66237.38025188597
16711.048825532693,63510.741794074514,3540.0,67050.7417940745
17655.331105756362,64994.098405263445,3780.0,68774.09840526344
19822.43377992652,68398.36230619582,4200.0,72598.36230619582
20166.540180565575,68938.9130663133,4590.0,73528.9130663133
20333.220743863014,69200.74866431413,4560.0,73760.74866431413
20434.73884642286,69360.22168603791,4500.0,73860.22168603791
20453.53680621368,69389.75107414204,4470.0,73859.75107414204
20541.810839831756,69528.41921830406,3810.0,73338.41921830406
20993.002913413817,70237.1889996299,1980.0,72217.1889996299
20888.174363599122,70072.51565388826,1875.0,71947.51565388826
20444.859421742618,69376.1199217922,2250.0,71626.1199217922
20516.2323909666,69488.2384778383,2355.0,71843.2384778383
23138.086097510026,73606.86286656473,2355.0,75961.86286656473
23204.005492468426,73710.41449764476,2325.0,76035.41449764476
22132.85921289965,72027.76943628404,2415.0,74442.76943628404
19822.098631340807,68397.83582711135,2190.0,70587.83582711135
17607.63627011729,64919.175417459395,1860.0,66779.1754174594
15399.124506232056,61449.86269767424,1710.0,63159.86269767424
13593.501241021877,58613.44051348197,1680.0,60293.44051348197
13106.108560337492,57847.803828054566,1635.0,59482.803828054566
13295.353515150975,58145.08543625147,1380.0,59525.08543625147
13417.208525089127,58336.505352079424,1380.0,59716.505352079424
14390.019473701213,59864.67715227345,1845.0,61709.67715227345
16498.835932946895,63177.38025188598,3060.0,66237.38025188597
16711.048825532693,63510.741794074514,3540.0,67050.7417940745
17655.331105756362,64994.098405263445,3780.0,68774.09840526344
19833.600839605773,68415.90444603014,4200.0,72615.90444603014
20166.540180565575,68938.9130663133,4590.0,73528.9130663133
20333.220743863014,69200.74866431413,4560.0,73760.74866431413
20488.763886471774,69445.08868185544,4500.0,73945.08868185544
20612.194322755044,69638.98340752936,4470.0,74108.98340752936
20649.361616934544,69697.36886354799,3810.0,73507.36886354799
21219.526878602042,70593.03155687358,1980.0,72573.03155687358
21082.811334774684,70378.26748681122,1875.0,72253.26748681122
20444.859421742618,69376.1199217922,2250.0,71626.1199217922
20516.2323909666,69488.2384778383,2355.0,71843.2384778383
23452.36427402011,74100.55698816598,2355.0,76455.55698816598
23518.28366897851,74204.10861924598,2325.0,76529.10861924598
22132.85921289965,72027.76943628404,2415.0,74442.76943628404
19822.098631340807,68397.83582711135,2190.0,70587.83582711135
17620.78686224264,64939.83345391599,1860.0,66799.83345391598
15309.427801066438,61308.95970352108,1710.0,63018.95970352108
13547.170938910378,58540.66104766461,1680.0,60220.66104766461
13056.39485345588,57769.70943052751,1635.0,59404.70943052751
13260.685015869078,58090.62529367883,1380.0,59470.62529367883
13382.54002580723,58282.045209506796,1380.0,59662.045209506796
14299.333282234908,59722.21979129955,1845.0,61567.21979129955
16548.5781388579,63255.519418042655,3060.0,66315.51941804265
16678.610090310885,63459.784349084155,3540.0,66999.78434908416
17550.545874466345,64829.49310783883,3780.0,68609.49310783883
19822.43377992652,68398.36230619582,4200.0,72598.36230619582
20166.540180565575,68938.9130663133,4590.0,73528.9130663133
20333.220743863014,69200.74866431413,4560.0,73760.74866431413
20477.346035333823,69427.15257808038,4500.0,73927.15257808038
20493.383009156576,69452.34478134592,4470.0,73922.34478134592
20541.810839831756,69528.41921830406,3810.0,73338.41921830406
20935.35963659255,70146.63817859451,1980.0,72126.63817859451
20723.80108172173,69814.30452414228,1875.0,71689.30452414228
20297.932105701417,69145.31435636072,2250.0,71395.31435636072
20516.2323909666,69488.2384778383,2355.0,71843.2384778383
23138.086097510026,73606.86286656473,2355.0,75961.86286656473
23204.005492468426,73710.41449764476,2325.0,76035.41449764476
22132.85921289965,72027.76943628404,2415.0,74442.76943628404
19822.098631340807,68397.83582711135,2190.0,70587.83582711135
17657.096905617847,64996.87226955534,1860.0,66856.87226955534
15210.98987360391,61154.32527528773,1710.0,62864.32527528773
13492.384404795954,58454.59783406338,1680.0,60134.59783406338
13021.726354173985,57715.249287954866,1635.0,59350.249287954866
13260.685015869078,58090.62529367883,1380.0,59470.62529367883
13382.54002580723,58282.045209506796,1380.0,59662.045209506796
14351.306392167176,59803.863445783696,1845.0,61648.863445783696
16501.69723549844,63181.87502230086,3060.0,66241.87502230087
16683.799193583647,63467.93582116722,3540.0,67007.93582116722
17655.331105756362,64994.098405263445,3780.0,68774.09840526344
19822.43377992652,68398.36230619582,4200.0,72598.36230619582
20166.540180565575,68938.9130663133,4590.0,73528.9130663133
20333.220743863014,69200.74866431413,4560.0,73760.74866431413
20457.53579001879,69396.03300825176,4500.0,73896.03300825176
20612.194322755044,69638.98340752936,4470.0,74108.98340752936
20649.361616934544,69697.36886354799,3810.0,73507.36886354799
20993.002913413817,70237.1889996299,1980.0,72217.1889996299
20856.28736958645,70022.42492956753,1875.0,71897.42492956753
20444.859421742618,69376.1199217922,2250.0,71626.1199217922
20516.2323909666,69488.2384778383,2355.0,71843.2384778383
23138.086097510026,73606.86286656473,2355.0,75961.86286656473
23204.005492468426,73710.41449764476,2325.0,76035.41449764476
22132.85921289965,72027.76943628404,2415.0,74442.76943628404
19822.098631340807,68397.83582711135,2190.0,70587.83582711135
17607.63627011729,64919.175417459395,1860.0,66779.1754174594
15317.62412192126,61321.835161402756,1710.0,63031.835161402756
13547.170938910378,58540.66104766461,1680.0,60220.66104766461
13056.39485345588,57769.70943052751,1635.0,59404.70943052751
13295.353515150975,58145.08543625147,1380.0,59525.08543625147
13417.208525089127,58336.505352079424,1380.0,59716.505352079424
14390.019473701213,59864.67715227345,1845.0,61709.67715227345
16498.835932946895,63177.38025188598,3060.0,66237.38025188597
16711.048825532693,63510.741794074514,3540.0,67050.7417940745
17582.986889610507,64880.45413431958,3780.0,68660.45413431959
19822.43377992652,68398.36230619582,4200.0,72598.36230619582
20166.540180565575,68938.9130663133,4590.0,73528.9130663133
20333.220743863014,69200.74866431413,4560.0,73760.74866431413
20477.346035333823,69427.15257808038,4500.0,73927.15257808038
20612.194322755044,69638.98340752936,4470.0,74108.98340752936
20649.361616934544,69697.36886354799,3810.0,73507.36886354799
21024.88990742648,70287.27972395063,1980.0,72267.27972395063
21082.811334774684,70378.26748681122,1875.0,72253.26748681122
20457.355676152998,69395.75007051251,2250.0,71645.75007051251
20528.728645376967,69507.86862655857,2355.0,71862.86862655857
23452.36427402011,74100.55698816598,2355.0,76455.55698816598
23518.28366897851,74204.10861924598,2325.0,76529.10861924598
22643.698615050227,72830.23816868085,2415.0,75245.23816868085
20346.998314635104,69222.39161062258,2190.0,71412.39161062258
17846.92438059223,65295.06894854189,1860.0,67155.06894854188
15399.124506232056,61449.86269767424,1710.0,63159.86269767424
13859.970585775303,59032.03257276065,1680.0,60712.03257276065
13562.838565312142,58565.273049490155,1635.0,60200.273049490155
13768.98914436443,58889.11140878374,1380.0,60269.11140878374
13974.081839445473,59211.287956545464,1380.0,60591.287956545464
15132.342812116425,61030.77997421481,1845.0,62875.77997421481
16897.33330117233,63803.37283702543,3060.0,66863.37283702544
17060.320390259814,64059.40642062618,3540.0,67599.40642062618
18470.130895813832,66274.05322459017,3780.0,70054.05322459017
21492.287669085345,71021.50673882944,4200.0,75221.50673882944
22021.621801353955,71853.02852111112,4590.0,76443.02852111112
21807.906439938306,71517.30677676847,4560.0,76077.30677676847
21915.473176497548,71686.281492445,4500.0,76186.281492445
21926.325606892242,71703.3293866082,4470.0,76173.3293866082
21932.79830644909,71713.49723776986,3810.0,75523.49723776986
21922.75524848928,71697.72077268813,1980.0,73677.72077268813
21786.039704661915,71482.95670262574,1875.0,73357.95670262574
21728.473945200614,71392.52765226296,2250.0,73642.52765226296
21837.44283400623,71563.7049845173,2355.0,73918.7049845173
24698.1913644189,76057.60509723732,2355.0,78412.60509723732
24920.951177804258,76407.53461387944,2325.0,78732.53461387944
24346.07787648023,75504.47614293893,2415.0,77919.47614293893
21435.5563612048,70932.38851394219,2190.0,73122.38851394219
17459.769626067136,64686.89427799529,1860.0,66546.89427799529
15400.889166132369,61452.634771220946,1710.0,63162.634771220946
13859.970585775303,59032.03257276065,1680.0,60712.03257276065
13562.838565312142,58565.273049490155,1635.0,60200.273049490155
13768.98914436443,58889.11140878374,1380.0,60269.11140878374
13974.081839445473,59211.287956545464,1380.0,60591.287956545464
15132.342812116425,61030.77997421481,1845.0,62875.77997421481
16947.872339945297,63882.76373406657,3060.0,66942.76373406657
17060.320390259814,64059.40642062618,3540.0,67599.40642062618
18470.130895813832,66274.05322459017,3780.0,70054.05322459017
21492.287669085345,71021.50673882944,4200.0,75221.50673882944
21905.77438681287,71671.04583240923,4590.0,76261.04583240923
21718.02962090689,71376.12084487604,4560.0,75936.12084487604
21758.808312091685,71440.17938164144,4500.0,75940.17938164144
21926.325606892242,71703.3293866082,4470.0,76173.3293866082
21932.79830644909,71713.49723776986,3810.0,75523.49723776986
21922.75524848928,71697.72077268813,1980.0,73677.72077268813
21915.77184632563,71686.75066768352,1875.0,73561.75066768352
21661.845494390793,71287.86217767773,2250.0,73537.86217767773
21770.814383196404,71459.03950993206,2355.0,73814.03950993206
24757.480745178185,76150.74175432014,2355.0,78505.74175432014
24937.726846469006,76433.887220025,2325.0,78758.887220025
24346.07787648023,75504.47614293893,2415.0,77919.47614293893
21221.068106111878,70595.45264436398,2190.0,72785.45264436398
17399.604755124747,64592.38232861021,1860.0,66452.38232861021
15400.889166132369,61452.634771220946,1710.0,63162.634771220946
13547.170938910378,58540.66104766461,1680.0,60220.66104766461
13056.39485345588,57769.70943052751,1635.0,59404.70943052751
13295.353515150975,58145.08543625147,1380.0,59525.08543625147
13417.208525089127,58336.505352079424,1380.0,59716.505352079424
14395.208576973975,59872.82862435653,1845.0,61717.82862435653
16504.027316142012,63185.53530545944,3060.0,66245.53530545943
16711.048825532693,63510.741794074514,3540.0,67050.7417940745
17727.201098053032,65106.99772621027,3780.0,68886.99772621028
19538.264257994673,67951.96534642637,4200.0,72151.96534642637
20325.966030939493,69189.35236195542,4590.0,73779.35236195542
20505.972740383375,69472.1217711714,4560.0,74032.1217711714
20612.194322755044,69638.98340752936,4500.0,74138.98340752936
21050.304201882318,70327.20259710973,4470.0,74797.20259710973
21219.526878602042,70593.03155687358,3810.0,74403.03155687358
21219.526878602042,70593.03155687358,1980.0,72573.03155687358
21082.811334774684,70378.26748681122,1875.0,72253.26748681122
20457.355676152998,69395.75007051251,2250.0,71645.75007051251
20528.728645376967,69507.86862655857,2355.0,71862.86862655857
23452.36427402011,74100.55698816598,2355.0,76455.55698816598
23204.005492468426,73710.41449764476,2325.0,76035.41449764476
22589.942605838824,72745.79378872704,2415.0,75160.79378872704
19808.94803921546,68377.17779065476,2190.0,70567.17779065476
17620.78686224264,64939.83345391599,1860.0,66799.83345391598
15333.740893026335,61347.15271683127,1710.0,63057.15271683127
13547.170938910378,58540.66104766461,1680.0,60220.66104766461
13056.39485345588,57769.70943052751,1635.0,59404.70943052751
13295.353515150975,58145.08543625147,1380.0,59525.08543625147
13382.54002580723,58282.045209506796,1380.0,59662.045209506796
14351.306392167176,59803.863445783696,1845.0,61648.863445783696
16498.835932946895,63177.38025188598,3060.0,66237.38025188597
16678.610090310885,63459.784349084155,3540.0,66999.78434908416
17550.545874466345,64829.49310783883,3780.0,68609.49310783883
19192.84462208097,67409.35164785554,4200.0,71609.35164785554
20361.222750188168,69244.73652904366,4590.0,73834.73652904366
20505.972740383375,69472.1217711714,4560.0,74032.1217711714
20457.53579001879,69396.03300825176,4500.0,73896.03300825176
21018.41720786965,70277.11187278901,4470.0,74747.11187278901
20993.002913413817,70237.1889996299,3810.0,74047.1889996299
21219.526878602042,70593.03155687358,1980.0,72573.03155687358
21391.070516275933,70862.50647383452,1875.0,72737.50647383452
20475.161869720767,69423.7215103055,2250.0,71673.7215103055
20568.46313212463,69570.28684073429,2355.0,71925.28684073429
23138.086097510026,73606.86286656473,2355.0,75961.86286656473
23204.005492468426,73710.41449764476,2325.0,76035.41449764476
22589.942605838824,72745.79378872704,2415.0,75160.79378872704
19822.098631340807,68397.83582711135,2190.0,70587.83582711135
17620.78686224264,64939.83345391599,1860.0,66799.83345391598
15333.740893026335,61347.15271683127,1710.0,63057.15271683127
13547.170938910378,58540.66104766461,1680.0,60220.66104766461
13056.39485345588,57769.70943052751,1635.0,59404.70943052751
13265.874119141838,58098.776765761904,1380.0,59478.776765761904
13382.54002580723,58282.045209506796,1380.0,59662.045209506796
14390.019473701213,59864.67715227345,1845.0,61709.67715227345
16498.835932946895,63177.38025188598,3060.0,66237.38025188597
16678.610090310885,63459.784349084155,3540.0,66999.78434908416
17550.545874466345,64829.49310783883,3780.0,68609.49310783883
19538.264257994673,67951.96534642637,4200.0,72151.96534642637
20313.469776529124,69169.72221323515,4590.0,73759.72221323515
20480.14805990422,69431.55422974561,4560.0,73991.55422974561
20477.346035333823,69427.15257808038,4500.0,73927.15257808038
20760.67198599549,69872.22438641275,4470.0,74342.22438641275
20993.002913413817,70237.1889996299,3810.0,74047.1889996299
21024.88990742648,70287.27972395063,1980.0,72267.27972395063
21082.811334774684,70378.26748681122,1875.0,72253.26748681122
20457.355676152998,69395.75007051251,2250.0,71645.75007051251
20516.2323909666,69488.2384778383,2355.0,71843.2384778383
23452.36427402011,74100.55698816598,2355.0,76455.55698816598
23518.28366897851,74204.10861924598,2325.0,76529.10861924598
22641.477970679553,72826.74979706008,2415.0,75241.74979706008
19808.94803921546,68377.17779065476,2190.0,70567.17779065476
17620.78686224264,64939.83345391599,1860.0,66799.83345391598
15309.427801066438,61308.95970352108,1710.0,63018.95970352108
13547.170938910378,58540.66104766461,1680.0,60220.66104766461
13056.39485345588,57769.70943052751,1635.0,59404.70943052751
13260.685015869078,58090.62529367883,1380.0,59470.62529367883
13382.54002580723,58282.045209506796,1380.0,59662.045209506796
14390.019473701213,59864.67715227345,1845.0,61709.67715227345
16498.835932946895,63177.38025188598,3060.0,66237.38025188597
16711.048825532693,63510.741794074514,3540.0,67050.7417940745
17824.371388687945,65259.64084579767,3780.0,69039.64084579766
19833.600839605773,68415.90444603014,4200.0,72615.90444603014
20177.707240244825,68956.45520614763,4590.0,73546.45520614763
20333.220743863014,69200.74866431413,4560.0,73760.74866431413
20477.346035333823,69427.15257808038,4500.0,73927.15257808038
20760.67198599549,69872.22438641275,4470.0,74342.22438641275
20935.35963659255,70146.63817859451,3810.0,73956.63817859451
21024.88990742648,70287.27972395063,1980.0,72267.27972395063
21082.811334774684,70378.26748681122,1875.0,72253.26748681122
20457.355676152998,69395.75007051251,2250.0,71645.75007051251
20516.2323909666,69488.2384778383,2355.0,71843.2384778383
23138.086097510026,73606.86286656473,2355.0,75961.86286656473
23204.005492468426,73710.41449764476,2325.0,76035.41449764476
22146.00980502499,72048.42747274063,2415.0,74463.42747274063
19650.055690671852,68127.57656375928,2190.0,70317.57656375928
17795.41067501385,65214.14696436738,1860.0,67074.14696436738
15158.645136328292,61072.0978378732,1710.0,62782.0978378732
13404.574335376472,58316.658523191734,1680.0,59996.658523191734
12962.99555439089,57622.99009601278,1635.0,59257.99009601278
13272.554291632696,58109.27053254725,1380.0,59489.27053254725
13328.129678880858,58196.57294181666,1380.0,59576.57294181666
13888.229083365035,59076.42335515684,1845.0,60921.42335515684
16010.869851791022,62410.8428216304,3060.0,65470.8428216304
16717.380169903718,63520.68759283317,3540.0,67060.68759283317
17424.37269159382,64631.289849249275,3780.0,68411.28984924927
19538.264257994673,67951.96534642637,4200.0,72151.96534642637
20166.540180565575,68938.9130663133,4590.0,73528.9130663133
20333.220743863014,69200.74866431413,4560.0,73760.74866431413
20532.978420640775,69514.54452460904,4500.0,74014.54452460904
20567.225134287582,69568.34209146316,4470.0,74038.34209146316
20586.780028299214,69599.06053437028,3810.0,73409.06053437028
20993.002913413817,70237.1889996299,1980.0,72217.1889996299
20856.28736958645,70022.42492956753,1875.0,71897.42492956753
20297.932105701417,69145.31435636072,2250.0,71395.31435636072
20369.305074925396,69257.43291240679,2355.0,71612.43291240679
23140.311301725407,73610.35840116626,2355.0,75965.35840116626
23152.474687472408,73629.46565229245,2325.0,75954.46565229245
22132.85921289965,72027.76943628404,2415.0,74442.76943628404
19670.75282578175,68160.08933334197,2190.0,70350.08933334197
17816.1100900461,65246.663315440455,1860.0,67106.66331544046
15190.136563812917,61121.567173614654,1710.0,62831.567173614654
13855.723090433847,59025.36025620053,1680.0,60705.36025620053
13583.899348037152,58598.35706678693,1635.0,60233.35706678693
13713.161825696396,58801.4132448284,1380.0,60181.4132448284
13825.812789100217,58978.374684030976,1380.0,60358.374684030976
14779.005005874824,60475.727759587506,1845.0,62320.727759587506
16619.88271041132,63367.53052937761,3060.0,66427.5305293776
17132.20292212942,64172.325439770044,3540.0,67712.32543977004
18398.580092646407,66161.65531229519,3780.0,69941.65531229519
20925.19346282575,70130.6683130328,4200.0,74330.6683130328
21905.77438681287,71671.04583240923,4590.0,76261.04583240923
21718.02962090689,71376.12084487604,4560.0,75936.12084487604
21763.931297616236,71448.22699050375,4500.0,75948.22699050375
21926.325606892242,71703.3293866082,4470.0,76173.3293866082
21900.911312436412,71663.4065134491,3810.0,75473.4065134491
21922.75524848928,71697.72077268813,1980.0,73677.72077268813
21786.039704661915,71482.95670262574,1875.0,73357.95670262574
21661.845494390793,71287.86217767773,2250.0,73537.86217767773
21776.56662729007,71468.07561013664,2355.0,73823.07561013664
24756.05351378594,76148.49974134828,2355.0,78503.49974134828
24937.726846469006,76433.887220025,2325.0,78758.887220025
24131.591901309654,75167.54385485106,2415.0,77582.54385485106
21157.248519639514,70495.19956591511,2190.0,72685.19956591511
17399.604755124747,64592.38232861021,1860.0,66452.38232861021
15349.955700792529,61372.624276345705,1710.0,63082.624276345705
13859.970585775303,59032.03257276065,1680.0,60712.03257276065
13562.838565312142,58565.273049490155,1635.0,60200.273049490155
13768.98914436443,58889.11140878374,1380.0,60269.11140878374
13974.081839445473,59211.287956545464,1380.0,60591.287956545464
15153.403594841438,61063.8639915116,1845.0,62908.8639915116
16966.35567045157,63911.7988764996,3060.0,66971.7988764996
17129.34275953905,64167.83246010035,3540.0,67707.83246010036
18329.557723367176,66053.22927282105,3780.0,69833.22927282105
20881.115723997857,70061.42735970143,4200.0,74261.42735970143
21292.27464100417,70707.30975161302,4590.0,75297.30975161302
21104.52987509819,70412.38476407985,4560.0,74972.38476407985
21077.366880198508,70369.71488780662,4500.0,74869.71488780662
21227.973990915565,70606.30097869599,4470.0,75076.30097869599
21202.55969645974,70566.37810553689,3810.0,74376.37810553689
21192.516638499932,70550.60164045518,1980.0,72530.60164045518
21317.745933518796,70747.32216203137,1875.0,72622.32216203137
20912.39397874259,70110.56182609327,2250.0,72360.56182609327
21281.957992362153,70691.10350768686,2355.0,73046.10350768686
24340.06800116081,75495.03533432249,2355.0,77850.03533432249
24524.087373943905,75784.10816659039,2325.0,78109.10816659039
23932.43840395513,74854.6970895043,2415.0,77269.6970895043
21219.15753118105,70592.45135543359,2190.0,72782.45135543359
17668.02115356663,65014.03298066521,1860.0,66874.03298066522
15197.998876043197,61133.91794315706,1710.0,62843.91794315706
13487.195301523192,58446.44636198028,1680.0,60126.44636198028
13015.292413297122,57705.142322129526,1635.0,59340.142322129526
13291.93363162323,58139.71320069583,1380.0,59519.71320069583
13413.788641561383,58331.13311652379,1380.0,59711.13311652379
14349.803923337322,59801.50324362958,1845.0,61646.50324362958
16501.69723549844,63181.87502230086,3060.0,66241.87502230087
16670.498126583083,63447.04140634619,3540.0,66987.0414063462
17421.51138904228,64626.79507883441,3780.0,68406.7950788344
19088.06167071331,67244.74993192128,4200.0,71444.74993192128
19822.05303289376,68397.76419730394,4590.0,72987.76419730394
20111.511974681845,68852.47021473276,4560.0,73412.47021473276
20271.813315238876,69104.28480267715,4500.0,73604.28480267715
20325.569324450276,69188.72918263098,4470.0,73658.72918263098
20246.399020783054,69064.36192951807,3810.0,72874.36192951807
20149.65963547263,68912.39571161066,1980.0,70892.39571161066
20063.07046447256,68776.3742888324,1875.0,70651.3742888324
19399.75897512112,67734.3898064232,2250.0,69984.3898064232
19534.397509685972,67945.89113875812,2355.0,70300.89113875812
21772.955230284777,71462.4025293899,2355.0,73817.4025293899
21838.874625243177,71565.9541604699,2325.0,73890.9541604699
21311.57190379004,70737.62348610826,2415.0,73152.62348610826
19722.876410589248,68241.96936619059,2190.0,70431.96936619059
17868.235954775937,65328.54692977941,1860.0,67188.5469297794
15190.136563812917,61121.567173614654,1710.0,62831.567173614654
13487.195301523192,58446.44636198028,1680.0,60126.44636198028
13021.726354173985,57715.249287954866,1635.0,59350.249287954866
13291.93363162323,58139.71320069583,1380.0,59519.71320069583
13413.788641561383,58331.13311652379,1380.0,59711.13311652379
14351.306392167176,59803.863445783696,1845.0,61648.863445783696
16501.69723549844,63181.87502230086,3060.0,66241.87502230087
16678.610090310885,63459.784349084155,3540.0,66999.78434908416
17550.545874466345,64829.49310783883,3780.0,68609.49310783883
19138.983736441387,67324.74251934467,4200.0,71524.74251934467
19218.231557468578,67449.23154313018,4590.0,72039.23154313018
19338.324187428767,67637.88296690182,4560.0,72197.88296690182
20101.637630976085,68836.95877993848,4500.0,73336.95877993848
20325.569324450276,69188.72918263098,4470.0,73658.72918263098
20300.155029994447,69148.80630947187,3810.0,72958.80630947187
20297.932105701417,69145.31435636072,1980.0,71125.31435636072
20300.155029994447,69148.80630947187,1875.0,71023.80630947187
20076.22333652025,68797.03590677936,2250.0,71047.03590677936
20147.59630574423,68909.15446282543,2355.0,71264.15446282543
22207.86409843008,72145.59330649018,2355.0,74500.59330649018
22273.783493388488,72249.1449375702,2325.0,74574.1449375702
21711.2514117549,71365.47307400478,2415.0,73780.47307400478
19670.75282578175,68160.08933334197,2190.0,70350.08933334197
17834.593420552363,65275.698457873455,1860.0,67135.69845787346
15210.98987360391,61154.32527528773,1710.0,62864.32527528773
13492.384404795954,58454.59783406338,1680.0,60134.59783406338
13021.726354173985,57715.249287954866,1635.0,59350.249287954866
13260.685015869078,58090.62529367883,1380.0,59470.62529367883
13382.54002580723,58282.045209506796,1380.0,59662.045209506796
14390.019473701213,59864.67715227345,1845.0,61709.67715227345
16498.835932946895,63177.38025188598,3060.0,66237.38025188597
16678.610090310885,63459.784349084155,3540.0,66999.78434908416
17601.470220116775,64909.489276752596,3780.0,68689.4892767526
19538.264257994673,67951.96534642637,4200.0,72151.96534642637
20027.21412564536,68720.04818977679,4590.0,73310.04818977679
20335.443668156047,69204.24061742528,4560.0,73764.24061742528
20323.346400157243,69185.23722951983,4500.0,73685.23722951983
20500.57616417659,69463.64438346458,4470.0,73933.64438346458
20475.161869720767,69423.7215103055,3810.0,73233.7215103055
20474.16782357537,69422.15998050399,1980.0,71402.15998050399
20474.16782357537,69422.15998050399,1875.0,71297.15998050399
20297.932105701417,69145.31435636072,2250.0,71395.31435636072
20369.305074925396,69257.43291240679,2355.0,71612.43291240679
23140.311301725407,73610.35840116626,2355.0,75965.35840116626
23206.23069668381,73713.91003224628,2325.0,76038.91003224628
22132.85921289965,72027.76943628404,2415.0,74442.76943628404
20032.2527540429,68727.96328349541,2190.0,70917.96328349541
17657.096905617847,64996.87226955534,1860.0,66856.87226955534
15254.379075881552,61222.48461852723,1710.0,62932.48461852723
13440.599388457704,58373.249652534774,1680.0,60053.249652534774
13008.671518787414,57694.74167409381,1635.0,59329.74167409381
13153.907132443564,57922.88977367047,1380.0,59302.88977367047
13213.228432115775,58016.07657161848,1380.0,59396.07657161848
14457.65451022937,59970.923854857225,1845.0,61815.923854857225
16510.9753795092,63196.44989736329,3060.0,66256.44989736329
16822.60656616881,63685.985908644456,3540.0,67225.98590864445
17946.257177577845,65451.10911174562,3780.0,69231.10911174562
19859.77434820476,68457.0199554826,4200.0,72657.0199554826
20067.4889539904,68783.31521717028,4590.0,73373.31521717028
20077.88539991474,68799.64681325942,4560.0,73359.64681325942
20181.63098661232,68962.61895107511,4500.0,73462.61895107511
20210.601959936994,69008.12894921207,4470.0,73478.12894921207
20184.46265017329,68967.06716211517,3810.0,72777.06716211517
20383.36763599147,69279.52354501156,1980.0,71259.52354501156
20089.052459593986,68817.18895309372,1875.0,70692.18895309372
20176.357526212538,68954.3349638483,2250.0,71204.3349638483
20227.512144020508,69034.6928632895,2355.0,71389.6928632895
23678.370696834467,74455.58654709556,2355.0,76810.58654709556
23744.29009179287,74559.13817817558,2325.0,76884.13817817558
22839.15635827245,73137.27933813717,2415.0,75552.27933813717
18936.778563018932,67007.10192913709,2190.0,69197.10192913709
17146.679289102354,64195.066112877044,1860.0,66055.06611287704
14946.074295933257,60738.174001696505,1710.0,62448.174001696505
13382.837555674143,58282.51259400014,1680.0,59962.51259400014
13008.671518787414,57694.74167409381,1635.0,59329.74167409381
13188.575631725462,57977.34991624311,1380.0,59357.34991624311
13247.896931397676,58070.536714191134,1380.0,59450.536714191134
14492.323009511265,60025.38399742986,1845.0,61870.38399742986
16494.8221296465,63171.07503808884,3060.0,66231.07503808883
16822.60656616881,63685.985908644456,3540.0,67225.98590864445
18193.444079040684,65839.41071621646,3780.0,69619.41071621646
19920.003056972997,68551.63218659804,4200.0,72751.63218659804
20176.90698749933,68955.1981030276,4590.0,73545.1981030276
20187.30571334602,68971.5332806071,4560.0,73531.5332806071
20220.72481517912,69024.03076645675,4500.0,73524.03076645675
20254.49046520969,69077.07263884268,4470.0,73547.07263884268
20184.46265017329,68967.06716211517,3810.0,72777.06716211517
20184.46265017329,68967.06716211517,1980.0,70947.06716211517
20190.73243664081,68976.91626063382,1875.0,70851.91626063382
20134.441153774187,68888.48926338811,2250.0,71138.48926338811
20219.739888723125,69022.48356261672,2355.0,71377.48356261672
23660.122198330435,74426.92029817068,2355.0,76781.92029817068
23166.84047821128,73652.0326231165,2325.0,75977.0326231165
22839.15635827245,73137.27933813717,2415.0,75552.27933813717
18700.18988060857,66635.4488826532,2190.0,68825.4488826532
16907.388898705067,63819.16900030417,1860.0,65679.16900030417
14959.224888058601,60758.8320381531,1710.0,62468.8320381531
13560.499364979167,58561.5984403701,1680.0,60241.5984403701
13232.44703758051,58046.26674469596,1635.0,59681.26674469596
13405.746215465311,58318.49940924214,1380.0,59698.49940924214
13606.959622664717,58634.582051138575,1380.0,60014.582051138575
15063.272564467803,60922.27872344289,1845.0,62767.27872344289
16822.65786442173,63686.0664921778,3060.0,66746.06649217781
16969.40848648067,63916.59449210559,3540.0,67456.59449210559
18355.617235848567,66094.16570775496,3780.0,69874.16570775496
19427.523869521687,67778.00519615422,4200.0,71978.00519615422
19345.934568239165,67649.83798175828,4590.0,72239.83798175828
19280.475717595833,67547.00981173309,4560.0,72107.00981173309
19086.633299359888,67242.50612820422,4500.0,71742.50612820422
19063.933252463907,67206.8470193311,4470.0,71676.8470193311
19077.819119547723,67228.66008643217,3810.0,71038.66008643217
19123.252272213773,67300.03023578877,1980.0,69280.03023578877
19058.078411864415,67197.64975205986,1875.0,69072.64975205986
19084.50385188328,67239.16101619825,2250.0,69489.16101619825
19385.292867798773,67711.66525002288,2355.0,70066.66525002288
22298.06466643545,72287.2878100152,2355.0,74642.2878100152
22481.56193699998,72575.54048098826,2325.0,74900.54048098826
21913.938788754764,71683.8711494257,2415.0,74098.8711494257
19317.896083156385,67605.79281318282,2190.0,69795.79281318282
16926.027263931264,63848.447684082385,1860.0,65708.44768408238
15114.248208371144,61002.355475889955,1710.0,62712.355475889955
13560.499364979167,58561.5984403701,1680.0,60241.5984403701
13232.44703758051,58046.26674469596,1635.0,59681.26674469596
13405.746215465311,58318.49940924214,1380.0,59698.49940924214
13606.959622664717,58634.582051138575,1380.0,60014.582051138575
15063.272564467803,60922.27872344289,1845.0,62767.27872344289
16873.1969031947,63765.45738921895,3060.0,66825.45738921895
16969.40848648067,63916.59449210559,3540.0,67456.59449210559
18355.617235848567,66094.16570775496,3780.0,69874.16570775496
19427.523869521687,67778.00519615422,4200.0,71978.00519615422
19345.934568239165,67649.83798175828,4590.0,72239.83798175828
19280.475717595833,67547.00981173309,4560.0,72107.00981173309
19094.316637685544,67254.57575075254,4500.0,71754.57575075254
19103.233414003545,67268.58295959127,4470.0,71738.58295959127
19133.29305025122,67315.8031193801,3810.0,71125.8031193801
19176.88060577347,67384.27405228183,1980.0,69364.27405228183
19081.46813527182,67234.39226177003,1875.0,69109.39226177003
19084.50385188328,67239.16101619825,2250.0,69489.16101619825
19385.292867798773,67711.66525002288,2355.0,70066.66525002288
22298.06466643545,72287.2878100152,2355.0,74642.2878100152
22481.56193699998,72575.54048098826,2325.0,74900.54048098826
21913.938788754764,71683.8711494257,2415.0,74098.8711494257
19317.896083156385,67605.79281318282,2190.0,69795.79281318282
16926.027263931264,63848.447684082385,1860.0,65708.44768408238
15010.250690253686,60838.98758338834,1710.0,62548.98758338834
13382.837555674143,58282.51259400014,1680.0,59962.51259400014
13008.671518787414,57694.74167409381,1635.0,59329.74167409381
13188.575631725462,57977.34991624311,1380.0,59357.34991624311
13247.896931397676,58070.536714191134,1380.0,59450.536714191134
14492.323009511265,60025.38399742986,1845.0,61870.38399742986
16494.8221296465,63171.07503808884,3060.0,66231.07503808883
16822.60656616881,63685.985908644456,3540.0,67225.98590864445
18193.444079040684,65839.41071621646,3780.0,69619.41071621646
19763.034962894344,68305.05373757519,4200.0,72505.05373757519
20107.47651211911,68846.13097677712,4590.0,73436.13097677712
20108.92882265723,68848.41238614309,4560.0,73408.41238614309
20189.314324937983,68974.68857362344,4500.0,73474.68857362344
20266.879563269522,69096.53445751558,4470.0,73566.53445751558
20241.465268813696,69056.61158435648,3810.0,72866.61158435648
20286.142627220117,69126.79446965527,1980.0,71106.79446965527
20176.291408464338,68954.23110062758,1875.0,70829.23110062758
20134.441153774187,68888.48926338811,2250.0,71138.48926338811
20143.544883725033,68902.7901544372,2355.0,71257.7901544372
23100.921083252877,73548.48099203646,2355.0,75903.48099203646
23166.84047821128,73652.0326231165,2325.0,75977.0326231165
22839.15635827245,73137.27933813717,2415.0,75552.27933813717
18713.340472733908,66656.10691910978,2190.0,68846.10691910978
16920.54177075276,63839.83061825114,1860.0,65699.83061825114
14996.517577967454,60817.414476142105,1710.0,62527.414476142105
13440.599388457704,58373.249652534774,1680.0,60053.249652534774
13008.671518787414,57694.74167409381,1635.0,59329.74167409381
13188.575631725462,57977.34991624311,1380.0,59357.34991624311
13247.896931397676,58070.536714191134,1380.0,59450.536714191134
14492.323009511265,60025.38399742986,1845.0,61870.38399742986
16494.8221296465,63171.07503808884,3060.0,66231.07503808883
16822.60656616881,63685.985908644456,3540.0,67225.98590864445
18193.444079040684,65839.41071621646,3780.0,69619.41071621646
19657.447198936487,68139.18775554019,4200.0,72339.18775554019
19910.51857998939,68536.73318665707,4590.0,73126.73318665707
20008.712555760278,68690.98439542079,4560.0,73250.98439542079
20176.81807052761,68955.05842490314,4500.0,73455.05842490314
20152.17210990435,68916.34251399888,4470.0,73386.34251399888
20176.357526212538,68954.3349638483,3810.0,72764.3349638483
20198.858079902733,68989.68069231402,1980.0,70969.68069231402
20165.851644015318,68937.83145622141,1875.0,70812.83145622141
20121.944899363814,68868.85911466782,2250.0,71118.85911466782
20219.739888723125,69022.48356261672,2355.0,71377.48356261672
22890.812558997815,73218.42516545983,2355.0,75573.42516545983
22956.73195395622,73321.97679653985,2325.0,75646.97679653985
22629.052393862083,72807.23067454126,2415.0,75222.23067454126
19091.312839987015,67249.85713718951,2190.0,69439.85713718951
17395.27404261745,64585.5792876516,1860.0,66445.5792876516
15158.075155740331,61071.20246528059,1710.0,62781.20246528059
13440.599388457704,58373.249652534774,1680.0,60053.249652534774
13008.671518787414,57694.74167409381,1635.0,59329.74167409381
13188.575631725462,57977.34991624311,1380.0,59357.34991624311
13247.896931397676,58070.536714191134,1380.0,59450.536714191134
14457.65451022937,59970.923854857225,1845.0,61815.923854857225
16508.116356880008,63191.958708438775,3060.0,66251.95870843877
16822.60656616881,63685.985908644456,3540.0,67225.98590864445
17946.257177577845,65451.10911174562,3780.0,69231.10911174562
19431.386057985685,67784.0722408417,4200.0,71984.0722408417
19477.002744401056,67855.73070017312,4590.0,72445.73070017312
19695.027159061665,68198.22146131587,4560.0,72758.22146131587
20067.39775709633,68783.17195755546,4500.0,73283.17195755546
20152.17210990435,68916.34251399888,4470.0,73386.34251399888
20126.757815448524,68876.41964083978,3810.0,72686.41964083978
20176.357526212538,68954.3349638483,1980.0,70934.3349638483
20176.357526212538,68954.3349638483,1875.0,70829.3349638483
19846.612356467653,68436.34401157414,2250.0,70686.34401157414
19944.407345826967,68589.96845952304,2355.0,70944.96845952304
22329.855903709344,72337.22811174038,2355.0,74692.22811174038
22183.701481345408,72107.63667154445,2325.0,74432.63667154445
20619.47867466913,69650.42626926287,2415.0,72065.42626926287
18920.489657776303,66981.51397118563,2190.0,69171.51397118563
17338.102709723007,64495.769835122876,1860.0,66355.76983512288
14847.89513965766,60583.94607262019,1710.0,62293.94607262019
13380.621471148164,58279.031385360075,1680.0,59959.031385360075
12916.072472467922,57549.279442699124,1635.0,59184.279442699124
12972.44925242275,57637.84074583374,1380.0,59017.84074583374
13080.380776558288,57807.38849996954,1380.0,59187.38849996954
13940.386867007805,59158.35711036099,1845.0,61003.35711036099
15945.827086976895,62308.66827359781,3060.0,65368.66827359781
16545.78295405456,63251.12851084853,3540.0,66791.12851084853
17394.66872323304,64584.628401958245,3780.0,68364.62840195824
19427.211520159482,67777.51453197347,4200.0,71977.51453197347
19874.7283589104,68480.51095082218,4590.0,73070.51095082218
19838.539151419827,68423.66195417246,4560.0,72983.66195417246
20137.035705410566,68892.56499942965,4500.0,73392.56499942965
20152.17210990435,68916.34251399888,4470.0,73386.34251399888
20126.757815448524,68876.41964083978,3810.0,72686.41964083978
20129.717154661193,68881.06841534059,1980.0,70861.06841534059
20165.851644015318,68937.83145622141,1875.0,70812.83145622141
19760.025465389932,68300.32617028625,2250.0,70550.32617028625
19944.407345826967,68589.96845952304,2355.0,70944.96845952304
22117.782086387004,72004.08504046443,2355.0,74359.08504046443
22196.852073470753,72128.29470800105,2325.0,74453.29470800105
20545.823503170977,69534.72264135601,2415.0,71949.72264135601
18762.731570602733,66733.69453574943,2190.0,68923.69453574943
17240.563071667104,64342.54651409547,1860.0,66202.54651409548
14893.234815507289,60655.16938087159,1710.0,62365.16938087159
13181.52611181361,57966.27594801776,1680.0,59646.27594801776
12815.863045338025,57391.862196447946,1635.0,59026.862196447946
13171.18894387042,57950.03747067826,1380.0,59330.03747067826
13160.553106099143,57933.329818100254,1380.0,59313.329818100254
13822.602658428845,58973.33194558941,1845.0,60818.33194558941
15730.180631329244,61969.91300691142,3060.0,65029.91300691142
15992.473158334122,62381.94377583147,3540.0,65921.94377583146
17050.232873814148,64043.56011648225,3780.0,67823.56011648226
19301.480642223225,67580.00608251579,4200.0,71780.00608251579
19242.806840498928,67487.83642783297,4590.0,72077.83642783297
19278.494465072094,67543.89749660117,4560.0,72103.89749660117
20176.81807052761,68955.05842490314,4500.0,73455.05842490314
20159.855448230006,68928.4121365472,4470.0,73398.4121365472
20134.441153774187,68888.48926338811,3810.0,72698.48926338811
20176.357526212538,68954.3349638483,1980.0,70934.3349638483
20176.357526212538,68954.3349638483,1875.0,70829.3349638483
19494.040604136266,67882.49517771127,2250.0,70132.49517771127
19727.461334438773,68249.1717433255,2355.0,70604.1717433255
21778.94914614773,71471.81826757373,2355.0,73826.81826757373
21701.53438269141,71350.20876204605,2325.0,73675.20876204605
20123.1144995303,68870.69641922784,2415.0,71285.69641922784
18818.84045968122,66821.83501376552,2190.0,69011.83501376552
17217.67265125475,64306.588350776445,1860.0,66166.58835077644
14737.928784823114,60411.201838328794,1710.0,62121.201838328794
13390.98713812075,58295.314631329195,1680.0,59975.314631329195
13212.241225737433,58014.5257862881,1635.0,59649.5257862881
13336.83556238131,58210.24886279611,1380.0,59590.24886279611
13446.23421655025,58382.10130598527,1380.0,59762.10130598527
14064.82730889293,59353.838436269005,1845.0,61198.838436269005
15615.51763644993,61789.79090245695,3060.0,64849.79090245695
15979.459361549887,62361.500628797105,3540.0,65901.5006287971
17469.842323017514,64702.71730245181,3780.0,68482.71730245181
19168.45857260582,67371.0440268535,4200.0,71571.0440268535
19059.185314166232,67199.38856563471,4590.0,71789.38856563471
18888.845475494105,66931.80467558934,4560.0,71491.80467558934
19148.6095686108,67339.86357168859,4500.0,71839.86357168859
19070.611145032417,67217.33720462608,4470.0,71687.33720462608
19039.44346652175,67168.37644051721,3810.0,70978.37644051721
19021.719350158637,67140.53393437754,1980.0,69120.53393437754
19021.719350158637,67140.53393437754,1875.0,69015.53393437754
18718.831665718284,66664.73293866694,2250.0,68914.73293866694
19269.47053240356,67529.72195771505,2355.0,69884.72195771505
21935.81008387585,71718.22838654918,2355.0,74073.22838654918
22119.307354440374,72006.48105752224,2325.0,74331.48105752224
21182.85888741759,70535.43044724608,2415.0,72950.43044724608
19788.467496728987,68345.00526265727,2190.0,70535.00526265727
17593.77548217935,64897.40174675241,1860.0,66757.40174675241
15384.41216729571,61426.7513403139,1710.0,63136.7513403139
13395.071619014052,58301.73087132782,1680.0,59981.73087132782
13146.653559481225,57911.495262056975,1635.0,59546.495262056975
13338.957030129688,58213.581439585796,1380.0,59593.581439585796
13448.355684298625,58385.43388277496,1380.0,59765.43388277496
14173.286635052917,59524.21530542555,1845.0,61369.21530542555
15810.390579588906,62095.913419633245,3060.0,65155.913419633245
16272.055476494092,62821.134776975625,3540.0,66361.13477697562
17524.20593153567,64788.11614958935,3780.0,68568.11614958935
19168.45857260582,67371.0440268535,4200.0,71571.0440268535
19059.185314166232,67199.38856563471,4590.0,71789.38856563471
18888.845475494105,66931.80467558934,4560.0,71491.80467558934
19148.6095686108,67339.86357168859,4500.0,71839.86357168859
19064.857760977575,67208.29931367631,4470.0,71678.29931367631
19039.44346652175,67168.37644051721,3810.0,70978.37644051721
18981.524319095915,67077.39225914702,1980.0,69057.39225914702
18981.524319095915,67077.39225914702,1875.0,68952.39225914702
18843.58217704326,66860.70134726535,2250.0,69110.70134726535
19269.47053240356,67529.72195771505,2355.0,69884.72195771505
22182.24005111789,72105.340936217,2355.0,74460.340936217
22365.737321682413,72393.59360719008,2325.0,74718.59360719008
21182.85888741759,70535.43044724608,2415.0,72950.43044724608
19732.35860765049,68256.86478464115,2190.0,70446.86478464115
17534.784771248156,64804.73426490811,1860.0,66664.73426490811
15281.811101618749,61265.57711066416,1710.0,62975.57711066416
13181.52611181361,57966.27594801776,1680.0,59646.27594801776
12885.122526541856,57500.660710920645,1635.0,59135.660710920645
13163.108899055542,57937.34466880549,1380.0,59317.34466880549
13152.473061284267,57920.63701622747,1380.0,59300.63701622747
13858.364380478437,59029.509412794665,1845.0,60874.509412794665
15738.582145195729,61983.11079892642,3060.0,65043.11079892642
16239.22573458894,62769.563106386726,3540.0,66309.56310638672
17050.232873814148,64043.56011648225,3780.0,67823.56011648226
19301.480642223225,67580.00608251579,4200.0,71780.00608251579
19170.46034443072,67374.18857539873,4590.0,71964.18857539873
19206.622192853072,67430.994594164,4560.0,71990.994594164
20067.39775709633,68783.17195755546,4500.0,73283.17195755546
20159.855448230006,68928.4121365472,4470.0,73398.4121365472
20134.441153774187,68888.48926338811,3810.0,72698.48926338811
20129.717154661193,68881.06841534059,1980.0,70861.06841534059
20129.717154661193,68881.06841534059,1875.0,70756.06841534059
19773.178337437625,68320.98778823321,2250.0,70570.98778823321
19857.820454749235,68453.95061823512,2355.0,70808.95061823512
22130.932678512352,72024.74307692103,2355.0,74379.74307692103
22196.852073470753,72128.29470800105,2325.0,74453.29470800105
20387.275422902505,69285.66221950647,2415.0,71700.66221950647
18809.90316406206,66807.79557151347,2190.0,68997.79557151347
17240.563071667104,64342.54651409547,1860.0,66202.54651409548
14887.76984162996,60646.58454845369,1710.0,62356.58454845369
13223.087956326255,58031.56472672537,1680.0,59711.56472672537
12815.863045338025,57391.862196447946,1635.0,59026.862196447946
13027.354342499471,57724.09019693425,1380.0,59104.09019693425
13043.922538230203,57750.11688745611,1380.0,59130.11688745611
13756.499729721116,58869.49200453457,1845.0,60714.49200453457
15636.717494438408,61823.09339066633,3060.0,64883.09339066633
16372.823484600183,62979.42948836755,3540.0,66519.42948836755
17088.111503767417,64103.06299749644,3780.0,67883.06299749644
19282.997311716954,67550.97094008277,4200.0,71750.97094008277
19242.806840498928,67487.83642783297,4590.0,72077.83642783297
19278.494465072094,67543.89749660117,4560.0,72103.89749660117
20176.81807052761,68955.05842490314,4500.0,73455.05842490314
20159.855448230006,68928.4121365472,4470.0,73398.4121365472
20134.441153774187,68888.48926338811,3810.0,72698.48926338811
20129.717154661193,68881.06841534059,1980.0,70861.06841534059
20129.717154661193,68881.06841534059,1875.0,70756.06841534059
19773.178337437625,68320.98778823321,2250.0,70570.98778823321
19857.820454749235,68453.95061823512,2355.0,70808.95061823512
22329.855903709344,72337.22811174038,2355.0,74692.22811174038
22196.852073470753,72128.29470800105,2325.0,74453.29470800105
20160.074320775784,68928.75595962275,2415.0,71343.75595962275
18818.84045968122,66821.83501376552,2190.0,69011.83501376552
17287.73466512642,64416.6475498595,1860.0,66276.64754985951
14893.234815507289,60655.16938087159,1710.0,62365.16938087159
13181.52611181361,57966.27594801776,1680.0,59646.27594801776
12794.489913250814,57358.28751497043,1635.0,58993.28751497043
13027.354342499471,57724.09019693425,1380.0,59104.09019693425
13043.922538230203,57750.11688745611,1380.0,59130.11688745611
13764.579774535998,58882.18480640736,1845.0,60727.18480640736
15738.582145195729,61983.11079892642,3060.0,65043.11079892642
15992.473158334122,62381.94377583147,3540.0,65921.94377583146
17058.312918629028,64056.25291835502,3780.0,67836.25291835502
19250.554016650443,67500.00633211168,4200.0,71700.00633211168
19170.46034443072,67374.18857539873,4590.0,71964.18857539873
19206.622192853072,67430.994594164,4560.0,71990.994594164
20176.81807052761,68955.05842490314,4500.0,73455.05842490314
20159.855448230006,68928.4121365472,4470.0,73398.4121365472
20134.441153774187,68888.48926338811,3810.0,72698.48926338811
20129.717154661193,68881.06841534059,1980.0,70861.06841534059
20129.717154661193,68881.06841534059,1875.0,70756.06841534059
19760.025465389932,68300.32617028625,2250.0,70550.32617028625
19870.97332679694,68474.61223618209,2355.0,70829.61223618209
21643.321125282186,71258.76256841805,2355.0,73613.76256841805
21709.24052024059,71362.31419949807,2325.0,73687.31419949807
20387.275422902505,69285.66221950647,2415.0,71700.66221950647
18762.731570602733,66733.69453574943,2190.0,68923.69453574943
17217.45947851485,64306.25348142679,1860.0,66166.2534814268
14893.234815507289,60655.16938087159,1710.0,62365.16938087159
13181.52611181361,57966.27594801776,1680.0,59646.27594801776
12794.489913250814,57358.28751497043,1635.0,58993.28751497043
13027.354342499471,57724.09019693425,1380.0,59104.09019693425
13043.922538230203,57750.11688745611,1380.0,59130.11688745611
13756.499729721116,58869.49200453457,1845.0,60714.49200453457
15636.717494438408,61823.09339066633,3060.0,64883.09339066633
16282.947805529948,62838.24534722031,3540.0,66378.2453472203
17131.833574708424,64171.745238330026,3780.0,67951.74523833003
19301.480642223225,67580.00608251579,4200.0,71780.00608251579
19242.806840498928,67487.83642783297,4590.0,72077.83642783297
19278.494465072094,67543.89749660117,4560.0,72103.89749660117
20189.314324937983,68974.68857362344,4500.0,73474.68857362344
20201.771820668368,68994.25783700743,4470.0,73464.25783700743
20176.357526212538,68954.3349638483,3810.0,72764.3349638483
20241.465268813696,69056.61158435648,1980.0,71036.61158435648
20176.291408464338,68954.23110062758,1875.0,70829.23110062758
19943.351741778068,68588.31022948152,2250.0,70838.31022948152
19857.820454749235,68453.95061823512,2355.0,70808.95061823512
22130.932678512352,72024.74307692103,2355.0,74379.74307692103
21844.86854110613,71575.36989865376,2325.0,73900.36989865376
20387.275422902505,69285.66221950647,2415.0,71700.66221950647
18772.951322544806,66749.74856633485,2190.0,68939.74856633485
17190.564374491518,64264.004430272114,1860.0,66124.00443027212
14963.296829378965,60765.228579954666,1710.0,62475.228579954666
13209.892905715053,58010.83685120655,1680.0,59690.83685120655
12827.162340513683,57409.612062723754,1635.0,59044.612062723754
13004.991724111565,57688.961148635964,1380.0,59068.961148635964
13047.533935235497,57755.78996820285,1380.0,59135.78996820285
13940.386867007805,59158.35711036099,1845.0,61003.35711036099
15945.827086976895,62308.66827359781,3060.0,65368.66827359781
16545.78295405456,63251.12851084853,3540.0,66791.12851084853
17394.66872323304,64584.628401958245,3780.0,68364.62840195824
19355.339247940457,67664.61162953627,4200.0,71864.61162953627
19314.679112717957,67600.73933027017,4590.0,72190.73933027017
19440.815816832845,67798.88528501379,4560.0,72358.88528501379
20181.63098661232,68962.61895107511,4500.0,73462.61895107511
20155.131449117023,68920.99128849969,4470.0,73390.99128849969
20165.851644015318,68937.83145622141,3810.0,72747.83145622141
20233.346465318835,69043.8578971474,1980.0,71023.8578971474
20137.936274739535,68893.97968812597,1875.0,70768.97968812597
19846.612356467653,68436.34401157414,2250.0,70686.34401157414
19870.97332679694,68474.61223618209,2355.0,70829.61223618209
20878.543971584993,70057.38743856357,2355.0,72412.38743856357
21430.209943289767,70923.98991902356,2325.0,73248.98991902356
20387.275422902505,69285.66221950647,2415.0,71700.66221950647
18762.731570602733,66733.69453574943,2190.0,68923.69453574943
17240.563071667104,64342.54651409547,1860.0,66202.54651409548
14975.115946850845,60783.79502603495,1710.0,62493.79502603495
13459.083858925153,58402.28658571298,1680.0,60082.28658571298
13156.488004545834,57926.94402076978,1635.0,59561.94402076978
13272.63180899266,58109.39230321984,1380.0,59489.39230321984
13441.616233826624,58374.84699723998,1380.0,59754.84699723998
14686.78442666573,60330.86005559429,1845.0,62175.86005559429
16566.3546934351,63283.44429846084,3060.0,66343.44429846085
16969.537302093548,63916.79684631152,3540.0,67456.79684631151
18189.296900282716,65832.89598523267,3780.0,69612.89598523267
19149.9729621772,67342.00530293012,4200.0,71542.00530293012
19209.519974162242,67435.5466684248,4590.0,72025.5466684248
18985.26339175291,67083.2659033545,4560.0,71643.2659033545
19094.316637685544,67254.57575075254,4500.0,71754.57575075254
19057.175562613094,67196.23148187318,4470.0,71666.23148187318
19031.76126815726,67156.30860871408,3810.0,70966.30860871408
18981.524319095915,67077.39225914702,1980.0,69057.39225914702
19028.477040009464,67151.1494718355,1875.0,69026.1494718355
18843.58217704326,66860.70134726535,2250.0,69110.70134726535
19269.47053240356,67529.72195771505,2355.0,69884.72195771505
22182.24005111789,72105.340936217,2355.0,74460.340936217
22365.737321682413,72393.59360719008,2325.0,74718.59360719008
21182.85888741759,70535.43044724608,2415.0,72950.43044724608
19658.61451918062,68141.02147860985,2190.0,70331.02147860985
17511.6811780959,64768.44123223943,1860.0,66628.44123223942
15281.811101618749,61265.57711066416,1710.0,62975.57711066416
13420.693386403895,58341.97966011063,1680.0,60021.97966011063
13118.097532024578,57866.637095167425,1635.0,59501.637095167425
13273.369363873473,58110.55091535467,1380.0,59490.55091535467
13436.700721236082,58367.12530400136,1380.0,59747.12530400136
14173.286635052917,59524.21530542555,1845.0,61369.21530542555
15810.390579588906,62095.913419633245,3060.0,65155.913419633245
15981.580829298262,62364.83320558677,3540.0,65904.83320558676
17524.20593153567,64788.11614958935,3780.0,68568.11614958935
19168.45857260582,67371.0440268535,4200.0,71571.0440268535
19128.206543484295,67307.81281436369,4590.0,71897.81281436369
18834.929871718075,66847.10959130959,4560.0,71407.10959130959
19148.6095686108,67339.86357168859,4500.0,71839.86357168859
19064.857760977575,67208.29931367631,4470.0,71678.29931367631
19039.44346652175,67168.37644051721,3810.0,70978.37644051721
18981.524319095915,67077.39225914702,1980.0,69057.39225914702
18981.524319095915,67077.39225914702,1875.0,68952.39225914702
18843.58217704326,66860.70134726535,2250.0,69110.70134726535
19269.47053240356,67529.72195771505,2355.0,69884.72195771505
21935.81008387585,71718.22838654918,2355.0,74073.22838654918
22119.307354440374,72006.48105752224,2325.0,74331.48105752224
21091.110252135328,70391.30411175953,2415.0,72806.30411175953
19788.467496728987,68345.00526265727,2190.0,70535.00526265727
17593.77548217935,64897.40174675241,1860.0,66757.40174675241
15425.922713555441,61491.95953548818,1710.0,63201.95953548818
13252.972038552842,58078.50911175569,1680.0,59758.50911175569
12984.678755917956,57657.05186018068,1635.0,59292.05186018068
13256.57203594638,58084.164285050574,1380.0,59464.164285050574
13245.936198175103,58067.45663247257,1380.0,59447.45663247257
13447.445995280244,58384.00486811716,1845.0,60229.00486811716
15198.403562260644,61134.55365769781,3060.0,64194.55365769781
15962.28926631827,62334.52842481745,3540.0,65874.52842481746
17145.817478453362,64193.71230951702,3780.0,67973.71230951702
19100.72777933889,67264.64690167418,4200.0,71464.64690167418
19138.021609208914,67323.23113040836,4590.0,71913.23113040836
19152.756747368778,67346.3783026724,4560.0,71906.3783026724
20067.39775709633,68783.17195755546,4500.0,73283.17195755546
20147.35919381964,68908.78198782692,4470.0,73378.78198782692
20116.19265527015,68859.82301446324,3810.0,72669.82301446324
20176.357526212538,68954.3349638483,1980.0,70934.3349638483
20176.357526212538,68954.3349638483,1875.0,70829.3349638483
19375.455002850635,67696.2111190745,2250.0,69946.2111190745
19417.056746004444,67761.56257386362,2355.0,70116.56257386362
20806.676259210675,69944.49169910712,2355.0,72299.49169910712
20854.06216537107,70018.92939496599,2325.0,72343.92939496599
20252.053228215587,69073.24402563673,2415.0,71488.24402563673
18867.90552865374,66898.91047728219,2190.0,69088.91047728219
17044.82261807326,64035.06123983324,1860.0,65895.06123983325
14771.427683938524,60463.824676341406,1710.0,62173.824676341406
13497.413913504084,58462.49860182052,1680.0,60142.49860182052
13110.699183992894,57855.015158915405,1635.0,59490.015158915405
13177.64796389315,57960.18383289767,1380.0,59340.18383289767
13140.913854960496,57902.47886004943,1380.0,59282.47886004943
13447.445995280244,58384.00486811716,1845.0,60229.00486811716
15347.885531297072,61369.37228308936,3060.0,64429.37228308936
16085.936295224961,62528.76339207657,3540.0,66068.76339207657
17162.678644206306,64220.199221551484,3780.0,68000.19922155148
19100.72777933889,67264.64690167418,4200.0,71464.64690167418
18988.19537189736,67087.87169997087,4590.0,71677.87169997087
19101.828981834817,67266.37676152309,4560.0,71826.37676152309
19196.134550034665,67414.51973846006,4500.0,71914.51973846006
20037.938880388356,68736.89552047924,4470.0,73206.89552047924
20012.52458593253,68696.97264732013,3810.0,72506.97264732013
20116.19265527015,68859.82301446324,1980.0,70839.82301446324
20134.441153774187,68888.48926338811,1875.0,70763.48926338811
19846.612356467653,68436.34401157414,2250.0,70686.34401157414
19857.820454749235,68453.95061823512,2355.0,70808.95061823512
22130.932678512352,72024.74307692103,2355.0,74379.74307692103
22196.852073470753,72128.29470800105,2325.0,74453.29470800105
20582.84032247526,69592.87171901019,2415.0,72007.87171901019
18818.84045968122,66821.83501376552,2190.0,69011.83501376552
17217.67265125475,64306.588350776445,1860.0,66166.58835077644
14893.234815507289,60655.16938087159,1710.0,62365.16938087159
13286.567834368203,58131.28416310905,1680.0,59811.28416310905
13086.543406675277,57817.06926844078,1635.0,59452.06926844078
13256.57203594638,58084.164285050574,1380.0,59464.164285050574
13218.575989991989,58024.47695728231,1380.0,59404.47695728231
13858.364380478437,59029.509412794665,1845.0,60874.509412794665
15738.582145195729,61983.11079892642,3060.0,65043.11079892642
16239.22573458894,62769.563106386726,3540.0,66309.56310638672
17131.833574708424,64171.745238330026,3780.0,67951.74523833003
18590.96564049954,66463.87042347736,4200.0,70663.87042347736
19012.6247398972,67126.24736928995,4590.0,71716.24736928995
19101.828981834817,67266.37676152309,4560.0,71826.37676152309
19814.89863655373,68386.52548052157,4500.0,72886.52548052157
20147.35919381964,68908.78198782692,4470.0,73378.78198782692
20134.441153774187,68888.48926338811,3810.0,72698.48926338811
20134.441153774187,68888.48926338811,1980.0,70868.48926338811
20134.441153774187,68888.48926338811,1875.0,70763.48926338811
19184.12619900758,67395.65602867903,2250.0,69645.65602867903
19308.172214325838,67590.51775675296,2355.0,69945.51775675296
20788.14277041266,69915.37776388596,2355.0,72270.37776388596
20808.3269229934,69947.08469813532,2325.0,72272.08469813532
20252.053228215587,69073.24402563673,2415.0,71488.24402563673
18867.90552865374,66898.91047728219,2190.0,69088.91047728219
17044.82261807326,64035.06123983324,1860.0,65895.06123983325
14818.325686715625,60537.495933260994,1710.0,62247.495933260994
13429.624982217181,58356.01014863675,1680.0,60036.01014863675
13057.261223949577,57771.070396868265,1635.0,59406.070396868265
13118.474859173806,57867.22983182373,1380.0,59247.22983182373
13007.117751704647,57692.30088840638,1380.0,59072.30088840638
13189.30976672275,57978.503156142375,1845.0,59823.503156142375
14975.47047477655,60784.35194778755,3060.0,63844.35194778755
15357.758735041663,61384.88192713848,3540.0,64924.88192713848
16643.77401673613,63405.060966969286,3780.0,67185.0609669693
18763.925109953914,66735.56944595833,4200.0,70935.56944595833
18798.42717490413,66789.76813973395,4590.0,71379.76813973395
18980.655668679865,67076.02771131588,4560.0,71636.02771131588
19998.224912941863,68674.50953971685,4500.0,73174.50953971685
20068.982303130844,68785.6610933629,4470.0,73255.6610933629
20043.56800867502,68745.73822020381,3810.0,72555.73822020381
20121.944899363814,68868.85911466782,1980.0,70848.85911466782
20121.944899363814,68868.85911466782,1875.0,70743.85911466782
19111.78198286173,67282.01175773518,2250.0,69532.01175773518
19308.172214325838,67590.51775675296,2355.0,69945.51775675296
20788.14277041266,69915.37776388596,2355.0,72270.37776388596
20677.03075459633,69740.83383068343,2325.0,72065.83383068343
20252.053228215587,69073.24402563673,2415.0,71488.24402563673
18867.90552865374,66898.91047728219,2190.0,69088.91047728219
17044.82261807326,64035.06123983324,1860.0,65895.06123983325
14798.20423199957,60505.887489996836,1710.0,62215.887489996836
13429.624982217181,58356.01014863675,1680.0,60036.01014863675
13039.478969566491,57743.136562724154,1635.0,59378.136562724154
13118.58771533022,57867.407115597074,1380.0,59247.407115597074
13030.99309857299,57729.80625556544,1380.0,59109.80625556544
13201.530150528548,57997.69994452784,1845.0,59842.69994452784
14987.69085858235,60803.54873617302,3060.0,63863.54873617302
15388.079422398629,61432.512167574736,3540.0,64972.512167574736
16643.77401673613,63405.060966969286,3780.0,67185.0609669693
18763.925109953914,66735.56944595833,4200.0,70935.56944595833
18798.42717490413,66789.76813973395,4590.0,71379.76813973395
18980.655668679865,67076.02771131588,4560.0,71636.02771131588
19814.89863655373,68386.52548052157,4500.0,72886.52548052157
20068.982303130844,68785.6610933629,4470.0,73255.6610933629
20043.56800867502,68745.73822020381,3810.0,72555.73822020381
20012.52458593253,68696.97264732013,1980.0,70676.97264732013
20012.52458593253,68696.97264732013,1875.0,70571.97264732013
19130.263033445648,67311.04331867781,2250.0,69561.04331867781
19280.922582376792,67547.71178384569,2355.0,69902.71178384569
20468.572894123987,69413.37100313498,2355.0,71768.37100313498
20534.49228908239,69516.92263421499,2325.0,71841.92263421499
20252.053228215587,69073.24402563673,2415.0,71488.24402563673
18867.90552865374,66898.91047728219,2190.0,69088.91047728219
17044.82261807326,64035.06123983324,1860.0,65895.06123983325
14867.333757629349,60614.48185951841,1710.0,62324.48185951841
13455.307167549348,58396.35384691438,1680.0,60076.35384691438
13210.11975798906,58011.19320949841,1635.0,59646.19320949841
13254.474507382696,58080.86931390979,1380.0,59460.86931390979
13376.751302955936,58272.95180545629,1380.0,59652.95180545629
13252.697307909448,58078.07754216606,1845.0,59923.07754216606
14885.841027320314,60643.554607600316,3060.0,63703.554607600316
15168.839809124493,61088.112472064546,3540.0,64628.112472064546
16933.275137087723,63859.83324196994,3780.0,67639.83324196994
18467.387009263406,66269.74290092936,4200.0,70469.74290092936
19029.174696249116,67152.24540788883,4590.0,71742.24540788883
18903.952240997314,66955.53563078376,4560.0,71515.53563078376
18989.809556922457,67090.40739515313,4500.0,71590.40739515313
19119.151831864012,67293.58892535756,4470.0,71763.58892535756
19093.737537408182,67253.66605219846,3810.0,71063.66605219846
19083.69447944838,67237.88958711675,1980.0,69217.88958711675
19083.69447944838,67237.88958711675,1875.0,69112.88958711675
18737.206699912844,66693.59796030736,2250.0,68943.59796030736
19112.559436383697,67283.23304595148,2355.0,69638.23304595148
21561.937017011336,71130.91768815546,2355.0,73485.91768815546
21747.78260759824,71422.85929421007,2325.0,73747.85929421007
21180.307654305896,70531.42275952158,2415.0,72946.42275952158
19759.856751135896,68300.06113999883,2190.0,70490.06113999883
17672.296007976307,65020.74827510976,1860.0,66880.74827510977
15574.166684754831,61724.83341160861,1710.0,63434.83341160861
13392.726718875196,58298.04730848183,1680.0,59978.04730848183
13152.01365693037,57919.915345917834,1635.0,59554.915345917834
13204.934074599829,58003.04710965089,1380.0,59383.04710965089
13117.740724176518,57866.07659192446,1380.0,59246.07659192446
13241.77989972772,58060.92757552729,1845.0,59905.92757552729
14874.92361913858,60626.40464096155,3060.0,63686.40464096155
15454.665694644937,61537.1113845881,3540.0,65077.1113845881
17389.719011807218,64576.85298636405,3780.0,68356.85298636404
19030.37621532853,67154.13285331405,4200.0,71354.13285331405
19059.52388263548,67199.92041695472,4590.0,71789.92041695472
18838.66438453037,66852.97607253636,4560.0,71412.97607253636
18989.809556922457,67090.40739515313,4500.0,71590.40739515313
19119.151831864012,67293.58892535756,4470.0,71763.58892535756
19093.737537408182,67253.66605219846,3810.0,71063.66605219846
19083.69447944838,67237.88958711675,1980.0,69217.88958711675
19035.154932577963,67161.63965713045,1875.0,69036.63965713045
18755.69003041912,66722.6331027404,2250.0,68972.6331027404
19181.584085585295,67391.66266691602,2355.0,69746.66266691602
21561.937017011336,71130.91768815546,2355.0,73485.91768815546
21747.78260759824,71422.85929421007,2325.0,73747.85929421007
21180.307654305896,70531.42275952158,2415.0,72946.42275952158
19796.866730673126,68358.1994731819,2190.0,70548.1994731819
17672.296007976307,65020.74827510976,1860.0,66880.74827510977
15574.166684754831,61724.83341160861,1710.0,63434.83341160861
13497.413913504084,58462.49860182052,1680.0,60142.49860182052
13057.261223949577,57771.070396868265,1635.0,59406.070396868265
13118.474859173806,57867.22983182373,1380.0,59247.22983182373
13007.117751704647,57692.30088840638,1380.0,59072.30088840638
13201.530150528548,57997.69994452784,1845.0,59842.69994452784
14987.69085858235,60803.54873617302,3060.0,63863.54873617302
15357.758735041663,61384.88192713848,3540.0,64924.88192713848
16625.10829244171,63375.73930530662,3780.0,67155.73930530662
18037.360594834543,65594.22188545734,4200.0,69794.22188545734
19314.679112717957,67600.73933027017,4590.0,72190.73933027017
19838.539151419827,68423.66195417246,4560.0,72983.66195417246
20098.441179838817,68831.93753043913,4500.0,73331.93753043913
20147.35919381964,68908.78198782692,4470.0,73378.78198782692
20121.944899363814,68868.85911466782,3810.0,72678.85911466782
20121.944899363814,68868.85911466782,1980.0,70848.85911466782
20121.944899363814,68868.85911466782,1875.0,70743.85911466782
19184.12619900758,67395.65602867903,2250.0,69645.65602867903
19284.543099071492,67553.39919055392,2355.0,69908.39919055392
20366.62844608435,69253.22824271192,2355.0,71608.22824271192
20461.548453358006,69402.33643130372,2325.0,71727.33643130372
20302.740461941423,69152.86771955194,2415.0,71567.86771955194
18867.90552865374,66898.91047728219,2190.0,69088.91047728219
17044.82261807326,64035.06123983324,1860.0,65895.06123983325
14720.384782325802,60383.642269928394,1710.0,62093.642269928394
13286.567834368203,58131.28416310905,1680.0,59811.28416310905
12992.758800732834,57669.74466205347,1635.0,59304.74466205347
13245.436895180053,58066.67228608144,1380.0,59446.67228608144
13197.672521909255,57991.6400628211,1380.0,59371.6400628211
13223.075416753323,58031.54502852834,1845.0,59876.54502852834
15009.236124807127,60837.3938201735,3060.0,63897.3938201735
15554.15922615636,61693.40404286295,3540.0,65233.40404286295
16865.28443267268,63753.0278268884,3780.0,67533.0278268884
18457.3678904883,66254.00404149655,4200.0,70454.00404149655
19731.218646474583,68255.07403945595,4590.0,72845.07403945595
19838.539151419827,68423.66195417246,4560.0,72983.66195417246
20067.39775709633,68783.17195755546,4500.0,73283.17195755546
20159.855448230006,68928.4121365472,4470.0,73398.4121365472
20134.441153774187,68888.48926338811,3810.0,72698.48926338811
20129.717154661193,68881.06841534059,1980.0,70861.06841534059
20129.717154661193,68881.06841534059,1875.0,70756.06841534059
19846.612356467653,68436.34401157414,2250.0,70686.34401157414
19857.820454749235,68453.95061823512,2355.0,70808.95061823512
20788.14277041266,69915.37776388596,2355.0,72270.37776388596
20854.06216537107,70018.92939496599,2325.0,72343.92939496599
20387.275422902505,69285.66221950647,2415.0,71700.66221950647
18736.959328337674,66693.20936860218,2190.0,68883.20936860218
17062.366620570574,64062.62080823362,1860.0,65922.62080823362
14737.928784823114,60411.201838328794,1710.0,62121.201838328794
13278.487789553326,58118.591361236264,1680.0,59798.591361236264
12984.678755917956,57657.05186018068,1635.0,59292.05186018068
13264.973549812868,58097.36207706559,1380.0,59477.36207706559
13254.33771204159,58080.65442448758,1380.0,59460.65442448758
13223.075416753323,58031.54502852834,1845.0,59876.54502852834
15003.557978189898,60828.47411840597,3060.0,63888.47411840597
15388.079422398629,61432.512167574736,3540.0,64972.512167574736
16865.28443267268,63753.0278268884,3780.0,67533.0278268884
19140.547763174738,67327.19942173877,4200.0,71527.19942173877
19138.021609208914,67323.23113040836,4590.0,71913.23113040836
19134.268857017807,67317.33599725865,4560.0,71877.33599725865
20067.39775709633,68783.17195755546,4500.0,73283.17195755546
20152.17210990435,68916.34251399888,4470.0,73386.34251399888
20127.03596597545,68876.85658266499,3810.0,72686.85658266499
20129.717154661193,68881.06841534059,1980.0,70861.06841534059
20118.89892310177,68864.07424353293,1875.0,70739.07424353293
19375.455002850635,67696.2111190745,2250.0,69946.2111190745
19727.461334438773,68249.1717433255,2355.0,70604.1717433255
21364.29054833136,70820.43828794353,2355.0,73175.43828794353
20872.595654169083,70048.04333018717,2325.0,72373.04333018717
20252.053228215587,69073.24402563673,2415.0,71488.24402563673
18867.90552865374,66898.91047728219,2190.0,69088.91047728219
17044.82261807326,64035.06123983324,1860.0,65895.06123983325
14829.089200138606,60554.40414929975,1710.0,62264.40414929975
13429.624982217181,58356.01014863675,1680.0,60036.01014863675
13042.910252705991,57748.52670573163,1635.0,59383.52670573163
13177.64796389315,57960.18383289767,1380.0,59340.18383289767
13208.702786247399,58008.96731323319,1380.0,59388.96731323319
13189.30976672275,57978.503156142375,1845.0,59823.503156142375
14975.47047477655,60784.35194778755,3060.0,63844.35194778755
15373.625854649212,61409.807309371434,3540.0,64949.807309371434
16637.32867624751,63394.9360936921,3780.0,67174.9360936921
19040.40559375422,67169.88782945354,4200.0,71369.88782945354
18988.19537189736,67087.87169997087,4590.0,71677.87169997087
18988.965985652278,67089.08224371607,4560.0,71649.08224371607
20067.39775709633,68783.17195755546,4500.0,73283.17195755546
20147.35919381964,68908.78198782692,4470.0,73378.78198782692
20121.944899363814,68868.85911466782,3810.0,72678.85911466782
20134.441153774187,68888.48926338811,1980.0,70868.48926338811
20126.757815448524,68876.41964083978,1875.0,70751.41964083978
19184.12619900758,67395.65602867903,2250.0,69645.65602867903
19345.186753707767,67648.66325291678,2355.0,70003.66325291678
20806.676259210675,69944.49169910712,2355.0,72299.49169910712
20677.03075459633,69740.83383068343,2325.0,72065.83383068343
20252.053228215587,69073.24402563673,2415.0,71488.24402563673
18875.985573468617,66911.60327915498,2190.0,69101.60327915498
17148.808736578958,64198.411224883006,1860.0,66058.411224883
14802.432348001035,60512.52936388879,1710.0,62222.52936388879
13497.413913504084,58462.49860182052,1680.0,60142.49860182052
13110.699183992894,57855.015158915405,1635.0,59490.015158915405
13220.916330286143,58028.15335714755,1380.0,59408.15335714755
13146.10751807796,57910.63749511326,1380.0,59290.63749511326
13223.075416753323,58031.54502852834,1845.0,59876.54502852834
15033.573155951713,60875.624439132574,3060.0,63935.624439132574
15388.079422398629,61432.512167574736,3540.0,64972.512167574736
16643.77401673613,63405.060966969286,3780.0,67185.0609669693
19026.756838595004,67148.447237351,4200.0,71348.447237351
18988.19537189736,67087.87169997087,4590.0,71677.87169997087
18952.006164406797,67031.02270332116,4560.0,71591.02270332116
20098.441179838817,68831.93753043913,4500.0,73331.93753043913
20037.938880388356,68736.89552047924,4470.0,73206.89552047924
20012.52458593253,68696.97264732013,3810.0,72506.97264732013
20121.944899363814,68868.85911466782,1980.0,70848.85911466782
20121.944899363814,68868.85911466782,1875.0,70743.85911466782
19130.263033445648,67311.04331867781,2250.0,69561.04331867781
19284.543099071492,67553.39919055392,2355.0,69908.39919055392
20386.769280140397,69284.86712864423,2355.0,71639.86712864423
20534.49228908239,69516.92263421499,2325.0,71841.92263421499
20302.740461941423,69152.86771955194,2415.0,71567.86771955194
18971.891647159442,67062.260462332,2190.0,69252.260462332
17148.808736578958,64198.411224883006,1860.0,66058.411224883
14829.089200138606,60554.40414929975,1710.0,62264.40414929975
12987.917385618726,57662.139367251875,1680.0,59342.139367251875
12842.503938019134,57433.711911426326,1635.0,59068.711911426326
12997.64695425515,57677.42337740764,1380.0,59057.42337740764
13040.62577050946,57744.93805238047,1380.0,59124.93805238047
13653.582894798425,58707.82173846853,1845.0,60552.82173846853
15174.033472241956,61096.27110712836,3060.0,64156.27110712836
15605.768688473514,61774.47644963302,3540.0,65314.47644963302
17150.515258459305,64201.09197042528,3780.0,67981.09197042527
18724.49955268493,66673.63652372782,4200.0,70873.63652372782
18786.842889434494,66771.57058716183,4590.0,71361.57058716183
18419.33308585393,66194.25582839198,4560.0,70754.25582839198
18696.457647718624,66629.58598291682,4500.0,71129.58598291682
18825.79650277665,66832.76214088568,4470.0,71302.76214088568
18800.382208320825,66792.83926772658,3810.0,70602.83926772658
18829.375980869023,66838.38508076726,1980.0,68818.38508076726
18881.960109991585,66920.98857467067,1875.0,68795.98857467067
18570.254825855533,66431.33616495244,2250.0,68681.33616495244
19075.66801280877,67225.28095026768,2355.0,69580.28095026768
21539.37034557294,71095.46809646902,2355.0,73450.46809646902
21768.839970439723,71455.93793927129,2325.0,73780.93793927129
21496.38240962923,71027.93909553472,2415.0,73442.93909553472
20269.599510635253,69100.80717552749,2190.0,71290.80717552749
17944.755848709163,65448.75070033671,1860.0,67308.7507003367
15257.5618474847,61227.484379084344,1710.0,62937.484379084344
12957.889668283973,57614.96934832822,1680.0,59294.96934832822
12830.258475067467,57414.47572664679,1635.0,59049.47572664679
12680.71494812754,57179.56040101524,1380.0,58559.56040101524
12671.374106252097,57164.88703496761,1380.0,58544.88703496761
12801.953239069522,57370.011523698,1845.0,59215.011523698
14404.857208366911,59887.98549160416,3060.0,62947.98549160416
14661.283495160536,60290.80108580112,3540.0,63830.80108580112
16454.30220964864,63107.423000480514,3780.0,66887.42300048051
18093.696336187033,65682.7187217653,4200.0,69882.7187217653
18655.105556062343,66564.62670132327,4590.0,71154.62670132327
18450.255672711774,66242.83158228602,4560.0,70802.83158228602
18239.074444990176,65911.0906644901,4500.0,70411.0906644901
18666.99991097183,66583.31133658577,4470.0,71053.31133658577
18800.382208320825,66792.83926772658,3810.0,70602.83926772658
18829.375980869023,66838.38508076726,1980.0,68818.38508076726
18881.960109991585,66920.98857467067,1875.0,68795.98857467067
18570.254825855533,66431.33616495244,2250.0,68681.33616495244
19075.66801280877,67225.28095026768,2355.0,69580.28095026768
21539.37034557294,71095.46809646902,2355.0,73450.46809646902
21768.315588298807,71455.1141964861,2325.0,73780.1141964861
21496.38240962923,71027.93909553472,2415.0,73442.93909553472
20215.51063276048,69015.83989797957,2190.0,71205.83989797957
17868.55400394402,65329.046547686085,1860.0,67189.04654768608
15257.5618474847,61227.484379084344,1710.0,62937.484379084344
13430.790022538964,58357.84029021604,1680.0,60037.84029021604
13116.270174259591,57863.76653063555,1635.0,59498.76653063555
13276.294504250865,58115.14596749991,1380.0,59495.14596749991
13130.631405153754,57886.326338478815,1380.0,59266.326338478815
13279.879682149116,58120.7778611074,1845.0,59965.7778611074
15070.61733432421,60933.816494671184,3060.0,63993.816494671184
15516.706941682882,61634.570900548024,3540.0,65174.570900548024
16809.459393926998,63665.33324442342,3780.0,67445.33324442341
18619.05428387406,66507.99438484096,4200.0,70707.99438484096
18883.435219753213,66923.30579894033,4590.0,71513.30579894033
18946.839860357548,67022.90704614177,4560.0,71582.90704614177
19890.122394629943,68504.69317380329,4500.0,73004.69317380329
19934.097536952002,68573.77296006799,4470.0,73043.77296006799
20105.64117462589,68843.24787702892,3810.0,72653.24787702892
20074.597751883397,68794.48230414525,1980.0,70774.48230414525
20097.469932916938,68830.41181554133,1875.0,70705.41181554133
19163.898727902168,67363.88104611266,2250.0,69613.88104611266
19408.215207124056,67747.67355420713,2355.0,70102.67355420713
20441.434978370176,69370.74052325584,2355.0,71725.74052325584
20576.75748964058,69583.31630270189,2325.0,71908.31630270189
20571.65730333954,69575.30450874327,2415.0,71990.30450874327
19549.58863231621,67969.75460909627,2190.0,70159.75460909627
17762.44983757347,65162.36935808219,1860.0,67022.36935808219
15174.439298420582,61096.9086124143,1710.0,62806.9086124143
13435.7579733436,58365.64435773318,1680.0,60045.64435773318
13109.805454430982,57853.6112146902,1635.0,59488.6112146902
13259.497176323775,58088.75933719584,1380.0,59468.75933719584
13113.834077226658,57859.93970817473,1380.0,59239.93970817473
13279.879682149116,58120.7778611074,1845.0,59965.7778611074
15066.040390202914,60926.626652752566,3060.0,63986.626652752566
15493.464273267173,61598.05939696676,3540.0,65138.05939696676
16790.79366963258,63636.01158276078,3780.0,67416.01158276078
18553.824565427083,66405.526154598,4200.0,70605.526154598
18846.01143430913,66864.51742525502,4590.0,71454.51742525502
18946.839860357548,67022.90704614177,4560.0,71582.90704614177
19018.85348776239,67136.03200098194,4500.0,71636.03200098194
20100.012046339227,68834.40517730435,4470.0,73304.40517730435
20074.597751883397,68794.48230414525,3810.0,72604.48230414525
20074.597751883397,68794.48230414525,1980.0,70774.48230414525
20097.469932916938,68830.41181554133,1875.0,70705.41181554133
19051.030031913742,67186.57757457971,2250.0,69436.57757457971
19309.82971787562,67593.12150025228,2355.0,69948.12150025228
20441.434978370176,69370.74052325584,2355.0,71725.74052325584
20562.649330127464,69561.15404028972,2325.0,71886.15404028972
20571.65730333954,69575.30450874327,2415.0,71990.30450874327
19481.7997010293,67863.26615591248,2190.0,70053.26615591248
17694.660906286565,65055.88090489842,1860.0,66915.88090489843
15174.439298420582,61096.9086124143,1710.0,62806.9086124143
13430.902878695379,58358.01757398936,1680.0,60038.01757398936
13117.17074358856,57865.181219331855,1635.0,59500.181219331855
13264.074120445071,58095.94917911447,1380.0,59475.94917911447
13118.411021347956,57867.12955009336,1380.0,59247.12955009336
13279.879682149116,58120.7778611074,1845.0,59965.7778611074
15066.040390202914,60926.626652752566,3060.0,63986.626652752566
15498.041217388469,61605.24923888539,3540.0,65145.24923888539
16790.79366963258,63636.01158276078,3780.0,67416.01158276078
18553.824565427083,66405.526154598,4200.0,70605.526154598
18927.157290694216,66991.98803977392,4590.0,71581.98803977392
18946.839860357548,67022.90704614177,4560.0,71582.90704614177
19890.122394629943,68504.69317380329,4500.0,73004.69317380329
19934.097536952002,68573.77296006799,4470.0,73043.77296006799
19908.683242496176,68533.85008690889,3810.0,72343.85008690889
20074.597751883397,68794.48230414525,1980.0,70774.48230414525
20097.469932916938,68830.41181554133,1875.0,70705.41181554133
19163.898727902168,67363.88104611266,2250.0,69613.88104611266
19349.653121594998,67655.67939255244,2355.0,70010.67939255244
20441.434978370176,69370.74052325584,2355.0,71725.74052325584
20576.75748964058,69583.31630270189,2325.0,71908.31630270189
20683.48065492965,69750.96586694136,2415.0,72165.96586694136
19549.58863231621,67969.75460909627,2190.0,70159.75460909627
17762.44983757347,65162.36935808219,1860.0,67022.36935808219
15174.439298420582,61096.9086124143,1710.0,62806.9086124143
13464.594431249521,58410.94304793829,1680.0,60090.94304793829
13153.722458733067,57922.59967295047,1635.0,59557.59967295047
13268.76962052866,58103.32525853234,1380.0,59483.32525853234
13123.106521431544,57874.50562951125,1380.0,59254.50562951125
13342.559307445574,58219.24019437106,1845.0,60064.24019437106
15098.704837737556,60977.938665289614,3060.0,64037.938665289614
15540.582288551223,61672.07626770709,3540.0,65212.07626770709
16833.33474079534,63702.83861158249,3780.0,67482.8386115825
18553.824565427083,66405.526154598,4200.0,70605.526154598
18846.01143430913,66864.51742525502,4590.0,71454.51742525502
19005.63677788885,67115.2701013046,4560.0,71675.2701013046
18936.355637422665,67006.43756267337,4500.0,71506.43756267337
19847.510645874278,68437.7551187801,4470.0,72907.7551187801
19822.09635141844,68397.83224562097,3810.0,72207.83224562097
19908.683242496176,68533.85008690889,1980.0,70513.85008690889
19931.55542352971,68569.77959830496,1875.0,70444.77959830496
19027.781663692156,67150.05711727252,2250.0,69400.05711727252
19339.694420762215,67640.03544261443,2355.0,69995.03544261443
20281.192915794294,69119.01905406108,2355.0,71474.01905406108
20376.11292306795,69268.12724265287,2325.0,71593.12724265287
20731.826408400164,69826.91137024618,2415.0,72241.91137024618
19481.7997010293,67863.26615591248,2190.0,70053.26615591248
17694.660906286565,65055.88090489842,1860.0,66915.88090489843
15174.439298420582,61096.9086124143,1710.0,62806.9086124143
13430.902878695379,58358.01757398936,1680.0,60038.01757398936
13117.17074358856,57865.181219331855,1635.0,59500.181219331855
13264.074120445071,58095.94917911447,1380.0,59475.94917911447
13113.834077226658,57859.93970817473,1380.0,59239.93970817473
13279.879682149116,58120.7778611074,1845.0,59965.7778611074
15066.040390202914,60926.626652752566,3060.0,63986.626652752566
15493.464273267173,61598.05939696676,3540.0,65138.05939696676
16786.21672551129,63628.82174084216,3780.0,67408.82174084216
18649.730639117908,66556.183337775,4200.0,70756.183337775
18957.833645938066,67040.17699270794,4590.0,71630.17699270794
19005.63677788885,67115.2701013046,4560.0,71675.2701013046
19367.16748510174,67683.19240157802,4500.0,72183.19240157802
19860.66351792197,68458.41673672706,4470.0,72928.41673672706
19835.249223466148,68418.49386356796,3810.0,72228.49386356796
20105.64117462589,68843.24787702892,1980.0,70823.24787702892
20128.51335565943,68879.177388425,1875.0,70754.177388425
19077.982133995873,67228.91616299364,2250.0,69478.91616299364
19339.694420762215,67640.03544261443,2355.0,69995.03544261443
20281.192915794294,69119.01905406108,2355.0,71474.01905406108
20327.037594444853,69191.03566242954,2325.0,71516.03566242954
20731.826408400164,69826.91137024618,2415.0,72241.91137024618
19481.7997010293,67863.26615591248,2190.0,70053.26615591248
17694.660906286565,65055.88090489842,1860.0,66915.88090489843
15174.439298420582,61096.9086124143,1710.0,62806.9086124143
12737.898820594914,57269.389551740984,1680.0,58949.389551740984
12603.06535266898,57057.58200197939,1635.0,58692.58200197939
12671.230471143934,57164.66140107428,1380.0,58544.66140107428
12642.791859688406,57119.987680938815,1380.0,58499.987680938815
12801.953239069522,57370.011523698,1845.0,59215.011523698
14404.857208366911,59887.98549160416,3060.0,62947.98549160416
14661.283495160536,60290.80108580112,3540.0,63830.80108580112
16425.71996308495,63062.52364645173,3780.0,66842.52364645174
17849.87460011549,65299.703397081204,4200.0,69499.7033970812
18553.459777850792,66404.95311613873,4590.0,70994.95311613873
18429.75461092413,66210.62682087517,4560.0,70770.62682087517
18288.951166319937,65989.44113857862,4500.0,70489.44113857862
18530.585316894907,66369.02002325229,4470.0,70839.02002325229
18505.171022439074,66329.09715009318,3810.0,70139.09715009318
18670.579389064194,66588.93427646732,1980.0,68568.93427646732
18723.163518186757,66671.53777037075,1875.0,68546.53777037075
18515.859298424446,66345.88717694972,2250.0,68595.88717694972
19038.661453155073,67167.14798932016,2355.0,69522.14798932016
21560.496106084982,71128.65418624136,2355.0,73483.65418624136
21768.315588298807,71455.1141964861,2325.0,73780.1141964861
21442.298091599157,70942.97898096754,2415.0,73357.97898096754
20128.403919386546,68879.00547688724,2190.0,71069.00547688724
17781.44501064773,65192.20854510337,1860.0,67052.20854510338
15257.5618474847,61227.484379084344,1710.0,62937.484379084344
12745.625477445257,57281.52722260633,1680.0,58961.52722260633
12574.48310610529,57012.68264795059,1635.0,58647.68264795059
12671.230471143934,57164.66140107428,1380.0,58544.66140107428
12642.791859688406,57119.987680938815,1380.0,58499.987680938815
12801.953239069522,57370.011523698,1845.0,59215.011523698
14404.857208366911,59887.98549160416,3060.0,62947.98549160416
14661.283495160536,60290.80108580112,3540.0,63830.80108580112
16425.71996308495,63062.52364645173,3780.0,66842.52364645174
17849.87460011549,65299.703397081204,4200.0,69499.7033970812
18553.459777850792,66404.95311613873,4590.0,70994.95311613873
18429.75461092413,66210.62682087517,4560.0,70770.62682087517
18435.292542316725,66219.32626098493,4500.0,70719.32626098493
18530.585316894907,66369.02002325229,4470.0,70839.02002325229
18505.171022439074,66329.09715009318,3810.0,70139.09715009318
18670.579389064194,66588.93427646732,1980.0,68568.93427646732
18723.163518186757,66671.53777037075,1875.0,68546.53777037075
18515.859298424446,66345.88717694972,2250.0,68595.88717694972
19038.661453155073,67167.14798932016,2355.0,69522.14798932016
21560.496106084982,71128.65418624136,2355.0,73483.65418624136
21768.315588298807,71455.1141964861,2325.0,73780.1141964861
21442.298091599157,70942.97898096754,2415.0,73357.97898096754
20128.403919386546,68879.00547688724,2190.0,71069.00547688724
17781.44501064773,65192.20854510337,1860.0,67052.20854510338
15257.5618474847,61227.484379084344,1710.0,62937.484379084344
13418.960645416508,58339.25772742911,1680.0,60019.25772742911
13105.228510309684,57846.421372771576,1635.0,59481.421372771576
13259.497176323775,58088.75933719584,1380.0,59468.75933719584
13113.834077226658,57859.93970817473,1380.0,59239.93970817473
13279.879682149116,58120.7778611074,1845.0,59965.7778611074
15066.040390202914,60926.626652752566,3060.0,63986.626652752566
15493.464273267173,61598.05939696676,3540.0,65138.05939696676
16786.21672551129,63628.82174084216,3780.0,67408.82174084216
18681.214086874304,66605.64013830018,4200.0,70805.64013830018
18846.01143430913,66864.51742525502,4590.0,71454.51742525502
19005.63677788885,67115.2701013046,4560.0,71675.2701013046
18934.910166651614,67004.16689777854,4500.0,71504.16689777854
20131.05546908172,68883.17075018802,4470.0,73353.17075018802
20105.64117462589,68843.24787702892,3810.0,72653.24787702892
20074.597751883397,68794.48230414525,1980.0,70774.48230414525
20097.469932916938,68830.41181554133,1875.0,70705.41181554133
19027.781663692156,67150.05711727252,2250.0,69400.05711727252
19313.9244584195,67599.55385695754,2355.0,69954.55385695754
20481.83748236692,69434.20811411011,2355.0,71789.20811411011
20376.11292306795,69268.12724265287,2325.0,71593.12724265287
20731.826408400164,69826.91137024618,2415.0,72241.91137024618
19481.7997010293,67863.26615591248,2190.0,70053.26615591248
17694.660906286565,65055.88090489842,1860.0,66915.88090489843
15174.439298420582,61096.9086124143,1710.0,62806.9086124143
13418.960645416508,58339.25772742911,1680.0,60019.25772742911
13105.228510309684,57846.421372771576,1635.0,59481.421372771576
13259.497176323775,58088.75933719584,1380.0,59468.75933719584
13113.834077226658,57859.93970817473,1380.0,59239.93970817473
13279.879682149116,58120.7778611074,1845.0,59965.7778611074
15066.040390202914,60926.626652752566,3060.0,63986.626652752566
15493.464273267173,61598.05939696676,3540.0,65138.05939696676
16786.21672551129,63628.82174084216,3780.0,67408.82174084216
18681.214086874304,66605.64013830018,4200.0,70805.64013830018
18846.01143430913,66864.51742525502,4590.0,71454.51742525502
19005.63677788885,67115.2701013046,4560.0,71675.2701013046
19890.122394629943,68504.69317380329,4500.0,73004.69317380329
19934.097536952002,68573.77296006799,4470.0,73043.77296006799
19908.683242496176,68533.85008690889,3810.0,72343.85008690889
20074.597751883397,68794.48230414525,1980.0,70774.48230414525
20097.469932916938,68830.41181554133,1875.0,70705.41181554133
19048.118571070452,67182.00401137667,2250.0,69432.00401137667
19339.694420762215,67640.03544261443,2355.0,69995.03544261443
20281.192915794294,69119.01905406108,2355.0,71474.01905406108
20376.11292306795,69268.12724265287,2325.0,71593.12724265287
20683.48065492965,69750.96586694136,2415.0,72165.96586694136
19481.7997010293,67863.26615591248,2190.0,70053.26615591248
17694.660906286565,65055.88090489842,1860.0,66915.88090489843
15174.439298420582,61096.9086124143,1710.0,62806.9086124143
13423.5375895378,58346.44756934773,1680.0,60026.44756934773
13109.805454430982,57853.6112146902,1635.0,59488.6112146902
13259.497176323775,58088.75933719584,1380.0,59468.75933719584
13118.411021347956,57867.12955009336,1380.0,59247.12955009336
13279.879682149116,58120.7778611074,1845.0,59965.7778611074
15066.040390202914,60926.626652752566,3060.0,63986.626652752566
15498.041217388469,61605.24923888539,3540.0,65145.24923888539
16786.21672551129,63628.82174084216,3780.0,67408.82174084216
18537.90842748898,66380.52377032209,4200.0,70580.52377032209
18846.01143430913,66864.51742525502,4590.0,71454.51742525502
18946.839860357548,67022.90704614177,4560.0,71582.90704614177
19876.969522582243,68484.03155585632,4500.0,72984.03155585632
20030.839202184765,68725.74275946575,4470.0,73195.74275946575
20105.64117462589,68843.24787702892,3810.0,72653.24787702892
20105.64117462589,68843.24787702892,1980.0,70823.24787702892
20097.469932916938,68830.41181554133,1875.0,70705.41181554133
19960.462559028536,68615.18931471153,2250.0,70865.18931471153
19446.358308070143,67807.59188810427,2355.0,70162.59188810427
20549.925083481914,69541.1657425324,2355.0,71896.1657425324
20443.936053190133,69374.6694181922,2325.0,71699.6694181922
20584.35191099452,69595.24624712576,2415.0,72010.24624712576
19405.335665193692,67743.15013186926,2190.0,69933.15013186926
17714.105224064133,65086.42564552256,1860.0,66946.42564552257
15213.115901196992,61157.66501505815,1710.0,62867.66501505815
13582.704668724793,58596.480365832824,1680.0,60276.480365832824
13176.388306793766,57958.20505946802,1635.0,59593.20505946802
13371.098235484582,58264.07150008283,1380.0,59644.07150008283
13142.979464611255,57905.72369032504,1380.0,59285.72369032504
13284.456626270416,58127.96770302605,1845.0,59972.96770302605
15070.61733432421,60933.816494671184,3060.0,63993.816494671184
15706.662092308963,61932.96814299533,3540.0,65472.96814299533
17030.969809863553,64013.30010434255,3780.0,67793.30010434255
18553.824565427083,66405.526154598,4200.0,70605.526154598
18927.157290694216,66991.98803977392,4590.0,71581.98803977392
18946.839860357548,67022.90704614177,4560.0,71582.90704614177
19746.608122349426,68279.24909945631,4500.0,72779.24909945631
20131.05546908172,68883.17075018802,4470.0,73353.17075018802
20105.64117462589,68843.24787702892,3810.0,72653.24787702892
20074.597751883397,68794.48230414525,1980.0,70774.48230414525
20097.469932916938,68830.41181554133,1875.0,70705.41181554133
19960.462559028536,68615.18931471153,2250.0,70865.18931471153
19446.358308070143,67807.59188810427,2355.0,70162.59188810427
20549.925083481914,69541.1657425324,2355.0,71896.1657425324
20671.1394352392,69731.57925956628,2325.0,72056.57925956628
20495.15450882395,69455.12759936374,2415.0,71870.12759936374
19389.41952725558,67718.14774759334,2190.0,69908.14774759334
17602.283012435204,64910.76607806965,1860.0,66770.76607806966
15194.401158572013,61128.26635135253,1710.0,62838.26635135253
13273.335165038194,58110.49719299911,1680.0,59790.49719299911
13070.435755259614,57791.76603897375,1635.0,59426.76603897375
13281.48588744598,58123.30102107337,1380.0,59503.30102107337
13361.924967902001,58249.66137357743,1380.0,59629.66137357743
13907.876314231913,59107.286848423944,1845.0,60952.286848423944
15701.680461970218,61925.14258653595,3060.0,64985.14258653595
16113.171107678718,62571.54608529644,3540.0,66111.54608529643
17184.113334197016,64253.87060326901,3780.0,68033.87060326901
18575.332212933055,66439.31214400737,4200.0,70639.31214400737
19016.24297666955,67131.93119450781,4590.0,71721.93119450781
18979.139520315897,67073.64602021954,4560.0,71633.64602021954
19890.122394629943,68504.69317380329,4500.0,73004.69317380329
20100.012046339227,68834.40517730435,4470.0,73304.40517730435
20074.597751883397,68794.48230414525,3810.0,72604.48230414525
20074.597751883397,68794.48230414525,1980.0,70774.48230414525
20097.469932916938,68830.41181554133,1875.0,70705.41181554133
19960.462559028536,68615.18931471153,2250.0,70865.18931471153
19607.348185177412,68060.48808614054,2355.0,70415.48808614054
20694.517759034847,69768.30386182458,2355.0,72123.30386182458
20778.715291487853,69900.56830120427,2325.0,72225.56830120427
20376.443511808968,69268.64655875659,2415.0,71683.64655875659
19258.472186978343,67512.44484816815,2190.0,69702.44484816815
17572.474167646225,64863.93988222156,1860.0,66723.93988222156
15039.616090145233,60885.11717935938,1710.0,62595.11717935938
13008.262272725262,57694.09879657233,1680.0,59374.09879657233
12914.961010321402,57547.533466143526,1635.0,59182.533466143526
12940.888287306394,57588.26217463597,1380.0,58968.26217463597
13040.62577050946,57744.93805238047,1380.0,59124.93805238047
13366.50875179035,58256.86195996716,1845.0,60101.86195996716
15174.033472241956,61096.27110712836,3060.0,64156.27110712836
15607.890156221894,61777.80902642271,3540.0,65317.80902642271
17150.515258459305,64201.09197042528,3780.0,67981.09197042527
17992.048278053135,65523.04155509038,4200.0,69723.04155509037
18655.105556062343,66564.62670132327,4590.0,71154.62670132327
18450.255672711774,66242.83158228602,4560.0,70802.83158228602
18304.057931823154,66013.17209377304,4500.0,70513.17209377304
18405.83480556993,66173.05161465389,4470.0,70643.05161465389
18380.420511114105,66133.12874149479,3810.0,69943.12874149479
18534.16479498727,66374.64296313384,1980.0,68354.64296313384
18586.748924109834,66457.24645703727,1875.0,68332.24645703727
18501.232456576294,66322.91012547829,2250.0,68572.91012547829
19075.66801280877,67225.28095026768,2355.0,69580.28095026768
21597.070620453003,71186.10845476367,2355.0,73541.10845476367
21595.675307973685,71183.91658265695,2325.0,73508.91658265695
21435.79575305175,70932.76457043111,2415.0,73347.76457043111
20261.200276691117,69087.61296500286,2190.0,71277.61296500286
17866.235322912213,65325.404171979375,1860.0,67185.40417197937
15015.696284791027,60847.54197313808,1710.0,62557.54197313808
12986.831002618077,57660.432787090365,1680.0,59340.432787090365
12851.49481181357,57447.83551870209,1635.0,59082.83551870209
12985.471028935217,57658.29642808441,1380.0,59038.29642808441
13138.51081680167,57898.70396919901,1380.0,59278.70396919901
13764.163688706787,58881.53118441474,1845.0,60726.53118441474
15371.027883129307,61405.726201094345,3060.0,64465.726201094345
15607.890156221894,61777.80902642271,3540.0,65317.80902642271
17150.515258459305,64201.09197042528,3780.0,67981.09197042527
18073.195274399397,65650.51396035445,4200.0,69850.51396035445
18655.105556062343,66564.62670132327,4590.0,71154.62670132327
18450.255672711774,66242.83158228602,4560.0,70802.83158228602
18239.074444990176,65911.0906644901,4500.0,70411.0906644901
18259.493429573144,65943.16649224759,4470.0,70413.16649224759
18380.420511114105,66133.12874149479,3810.0,69943.12874149479
18534.16479498727,66374.64296313384,1980.0,68354.64296313384
18422.43492021359,66199.12844604094,1875.0,68074.12844604094
18501.232456576294,66322.91012547829,2250.0,68572.91012547829
19057.184682302497,67196.24580783467,2355.0,69551.24580783467
21597.070620453003,71186.10845476367,2355.0,73541.10845476367
21811.909983588106,71523.59587385893,2325.0,73848.59587385893
21493.49830785416,71023.40851021612,2415.0,73438.40851021612
20261.200276691117,69087.61296500286,2190.0,71277.61296500286
17866.235322912213,65325.404171979375,1860.0,67185.40417197937
14913.095219114064,60686.36774348835,1710.0,62396.36774348835
13296.902722389044,58147.519058958176,1680.0,59827.519058958176
13000.776147683035,57682.33897294105,1635.0,59317.33897294105
13129.815192951799,57885.04416492622,1380.0,59265.04416492622
13112.190253210993,57857.35745361766,1380.0,59237.35745361766
13987.812671809359,59232.857482301326,1845.0,61077.857482301326
15993.25289177845,62383.16864553816,3060.0,65443.16864553816
16477.605296006674,63144.02941355661,3540.0,66684.02941355661
17206.075826212174,64288.37110000728,3780.0,68068.37110000728
18881.88943239867,66920.87754846917,4200.0,71120.87754846917
18905.292835340188,66957.64154712156,4590.0,71547.64154712156
18946.839860357548,67022.90704614177,4560.0,71582.90704614177
19050.683483716264,67186.0331880434,4500.0,71686.0331880434
19021.225746969467,67139.75854171236,4470.0,71609.75854171236
18995.81145251364,67099.83566855326,3810.0,70909.83566855326
18880.03813544899,66917.9693782884,1980.0,68897.9693782884
18882.57568902658,66921.9555770707,1875.0,68796.9555770707
18995.4820037338,67099.31814319473,2250.0,69349.31814319473
19252.346035618983,67502.82138354282,2355.0,69857.82138354282
20281.192915794294,69119.01905406108,2355.0,71474.01905406108
20376.11292306795,69268.12724265287,2325.0,71593.12724265287
20520.9700696137,69495.68081482803,2415.0,71910.68081482803
19389.41952725558,67718.14774759334,2190.0,69908.14774759334
17602.283012435204,64910.76607806965,1860.0,66770.76607806966
15194.401158572013,61128.26635135253,1710.0,62838.26635135253
13444.453597193473,58379.30416200598,1680.0,60059.30416200598
13255.312378846998,58082.185511620926,1635.0,59717.185511620926
13395.61880037849,58302.59042901672,1380.0,59682.59042901672
13324.6915559743,58191.17205433807,1380.0,59571.17205433807
13542.592854827908,58533.46941500081,1845.0,60378.46941500081
15293.550421808306,61284.01820458146,3060.0,64344.01820458146
15856.144061345392,62167.786768386875,3540.0,65707.78676838687
17030.969809863553,64013.30010434255,3780.0,67793.30010434255
18400.681041093627,66164.95565567157,4200.0,70364.95565567157
18927.96894305147,66993.26305034579,4590.0,71583.26305034579
19098.014671740213,67260.38492813337,4560.0,71820.38492813337
19106.974766582898,67274.46018528914,4500.0,71774.46018528914
18995.152554953962,67098.8006178362,4470.0,71568.8006178362
18827.40384803469,66835.28709159684,3810.0,70645.28709159684
18836.360522993848,66849.35697651704,1980.0,68829.35697651704
18938.53068334631,67009.85430448677,1875.0,68884.85430448677
19083.735518050715,67237.95405394341,2250.0,69487.95405394341
19303.334219095254,67582.91783418693,2355.0,69937.91783418693
20423.238918080235,69342.1566486095,2355.0,71697.1566486095
20566.504678824407,69567.2103405061,2325.0,71892.2103405061
20664.03747711326,69720.4229170624,2415.0,72135.4229170624
19481.7997010293,67863.26615591248,2190.0,70053.26615591248
17694.660906286565,65055.88090489842,1860.0,66915.88090489843
15174.439298420582,61096.9086124143,1710.0,62806.9086124143
13430.790022538964,58357.84029021604,1680.0,60037.84029021604
13116.270174259591,57863.76653063555,1635.0,59498.76653063555
13268.656764372245,58103.147974759006,1380.0,59483.147974759006
13146.981868299888,57912.01099667031,1380.0,59292.01099667031
13284.456626270416,58127.96770302605,1845.0,59972.96770302605
15070.61733432421,60933.816494671184,3060.0,63993.816494671184
15536.579884862591,61665.78896136181,3540.0,65205.78896136181
16818.881173045924,63680.13375337919,3780.0,67460.1337533792
18188.592404275994,65831.78930470819,4200.0,70031.78930470819
18816.616395427016,66818.34126990919,4590.0,71408.34126990919
19098.014671740213,67260.38492813337,4560.0,71820.38492813337
19138.457074378115,67323.9151950691,4500.0,71823.9151950691
18995.152554953962,67098.8006178362,4470.0,71568.8006178362
18827.40384803469,66835.28709159684,3810.0,70645.28709159684
18822.555593153527,66827.67105232413,1980.0,68807.67105232413
18932.77387940795,67000.81104130145,1875.0,68875.81104130145
18995.4820037338,67099.31814319473,2250.0,69349.31814319473
19287.41808115715,67557.91544991102,2355.0,69912.91544991102
20311.415566490134,69166.4952904114,2355.0,71521.4952904114
20406.335573763787,69315.6034790032,2325.0,71640.6034790032
20587.57344127765,69600.30689301917,2415.0,72015.30689301917
19481.7997010293,67863.26615591248,2190.0,70053.26615591248
17694.660906286565,65055.88090489842,1860.0,66915.88090489843
15174.439298420582,61096.9086124143,1710.0,62806.9086124143
13435.7579733436,58365.64435773318,1680.0,60045.64435773318
13109.805454430982,57853.6112146902,1635.0,59488.6112146902
13259.497176323775,58088.75933719584,1380.0,59468.75933719584
13113.834077226658,57859.93970817473,1380.0,59239.93970817473
13279.879682149116,58120.7778611074,1845.0,59965.7778611074
15066.040390202914,60926.626652752566,3060.0,63986.626652752566
15493.464273267173,61598.05939696676,3540.0,65138.05939696676
16786.21672551129,63628.82174084216,3780.0,67408.82174084216
18160.50490086265,65787.66713408976,4200.0,69987.66713408976
18846.87096503577,66865.86764712467,4590.0,71455.86764712467
19098.014671740213,67260.38492813337,4560.0,71820.38492813337
18995.152554953962,67098.8006178362,4500.0,71598.8006178362
18989.3957510156,67089.7573546509,4470.0,71559.7573546509
18909.90169837441,66964.88152990538,3810.0,70774.88152990538
18995.81145251364,67099.83566855326,1980.0,69079.83566855326
19047.1085654686,67180.41741114258,1875.0,69055.41741114258
18995.4820037338,67099.31814319473,2250.0,69349.31814319473
19257.193150538962,67510.43563207032,2355.0,69865.43563207032
20281.192915794294,69119.01905406108,2355.0,71474.01905406108
20406.335573763787,69315.6034790032,2325.0,71640.6034790032
20587.57344127765,69600.30689301917,2415.0,72015.30689301917
19481.7997010293,67863.26615591248,2190.0,70053.26615591248
17694.660906286565,65055.88090489842,1860.0,66915.88090489843
15174.439298420582,61096.9086124143,1710.0,62806.9086124143
13430.902878695379,58358.01757398936,1680.0,60038.01757398936
13122.025838236776,57872.80800307566,1635.0,59507.80800307566
13264.074120445071,58095.94917911447,1380.0,59475.94917911447
13113.834077226658,57859.93970817473,1380.0,59239.93970817473
13279.879682149116,58120.7778611074,1845.0,59965.7778611074
15066.040390202914,60926.626652752566,3060.0,63986.626652752566
15510.261601194265,61624.446027270846,3540.0,65164.446027270846
16788.62660343717,63632.60737616369,3780.0,67412.60737616368
18400.681041093627,66164.95565567157,4200.0,70364.95565567157
18927.96894305147,66993.26305034579,4590.0,71583.26305034579
19098.014671740213,67260.38492813337,4560.0,71820.38492813337
18936.355637422665,67006.43756267337,4500.0,71506.43756267337
18908.362750786924,66962.46402390533,4470.0,71432.46402390533
18995.81145251364,67099.83566855326,3810.0,70909.83566855326
19078.100689958166,67229.1024004929,1980.0,69209.1024004929
19100.97173103053,67265.0301211438,1875.0,69140.0301211438
19077.982133995873,67228.91616299364,2250.0,69478.91616299364
19339.694420762215,67640.03544261443,2355.0,69995.03544261443
20281.192915794294,69119.01905406108,2355.0,71474.01905406108
20376.11292306795,69268.12724265287,2325.0,71593.12724265287
20587.57344127765,69600.30689301917,2415.0,72015.30689301917
19481.7997010293,67863.26615591248,2190.0,70053.26615591248
17694.660906286565,65055.88090489842,1860.0,66915.88090489843
15174.439298420582,61096.9086124143,1710.0,62806.9086124143
12745.625477445257,57281.52722260633,1680.0,58961.52722260633
12574.48310610529,57012.68264795059,1635.0,58647.68264795059
12671.230471143934,57164.66140107428,1380.0,58544.66140107428
12642.791859688406,57119.987680938815,1380.0,58499.987680938815
12801.953239069522,57370.011523698,1845.0,59215.011523698
14404.857208366911,59887.98549160416,3060.0,62947.98549160416
14661.283495160536,60290.80108580112,3540.0,63830.80108580112
16425.71996308495,63062.52364645173,3780.0,66842.52364645174
17137.77733227964,64181.082183725724,4200.0,68381.08218372572
18341.03599244745,66071.26028609092,4590.0,70661.26028609092
18375.66687301054,66125.66133407246,4560.0,70685.66133407246
18303.742162577426,66012.67605735674,4500.0,70512.67605735674
18274.60019507636,65966.89744744201,4470.0,70436.89744744201
18249.185900620527,65926.97457428291,3810.0,69736.97457428291
18369.850791091027,66116.52495213751,1980.0,68096.52495213751
18422.43492021359,66199.12844604094,1875.0,68074.12844604094
18570.254825855533,66431.33616495244,2250.0,68681.33616495244
19007.73886629723,67118.57223542612,2355.0,69473.57223542612
21560.496106084982,71128.65418624136,2355.0,73483.65418624136
21768.315588298807,71455.1141964861,2325.0,73780.1141964861
21496.38240962923,71027.93909553472,2415.0,73442.93909553472
20128.403919386546,68879.00547688724,2190.0,71069.00547688724
17781.44501064773,65192.20854510337,1860.0,67052.20854510338
15257.5618474847,61227.484379084344,1710.0,62937.484379084344
12745.625477445257,57281.52722260633,1680.0,58961.52722260633
12574.48310610529,57012.68264795059,1635.0,58647.68264795059
12671.230471143934,57164.66140107428,1380.0,58544.66140107428
12642.791859688406,57119.987680938815,1380.0,58499.987680938815
12801.953239069522,57370.011523698,1845.0,59215.011523698
14404.857208366911,59887.98549160416,3060.0,62947.98549160416
14661.283495160536,60290.80108580112,3540.0,63830.80108580112
16425.71996308495,63062.52364645173,3780.0,66842.52364645174
17137.77733227964,64181.082183725724,4200.0,68381.08218372572
18263.940418120386,65950.15218921509,4590.0,70540.15218921509
18288.557879714248,65988.82333148974,4560.0,70548.82333148974
18303.742162577426,66012.67605735674,4500.0,70512.67605735674
18205.577825797114,65858.47140796784,4470.0,70328.47140796784
18234.079135117317,65903.24361908849,3810.0,69713.24361908849
18534.16479498727,66374.64296313384,1980.0,68354.64296313384
18586.748924109834,66457.24645703727,1875.0,68332.24645703727
18570.254825855533,66431.33616495244,2250.0,68681.33616495244
19032.168234297067,67156.9479047452,2355.0,69511.9479047452
21560.496106084982,71128.65418624136,2355.0,73483.65418624136
21768.315588298807,71455.1141964861,2325.0,73780.1141964861
21496.38240962923,71027.93909553472,2415.0,73442.93909553472
20128.403919386546,68879.00547688724,2190.0,71069.00547688724
17781.44501064773,65192.20854510337,1860.0,67052.20854510338
15257.5618474847,61227.484379084344,1710.0,62937.484379084344
13423.5375895378,58346.44756934773,1680.0,60026.44756934773
13105.228510309684,57846.421372771576,1635.0,59481.421372771576
13259.497176323775,58088.75933719584,1380.0,59468.75933719584
13113.834077226658,57859.93970817473,1380.0,59239.93970817473
13279.879682149116,58120.7778611074,1845.0,59965.7778611074
15066.040390202914,60926.626652752566,3060.0,63986.626652752566
15493.464273267173,61598.05939696676,3540.0,65138.05939696676
16790.79366963258,63636.01158276078,3780.0,67416.01158276078
18203.045972025415,65854.49416291149,4200.0,70054.49416291149
18850.87336872441,66872.15495346996,4590.0,71462.15495346996
19165.80930283299,67366.88233504306,4560.0,71926.88233504306
19018.85348776239,67136.03200098194,4500.0,71636.03200098194
19103.514984413996,67269.02527365202,4470.0,71739.02527365202
19149.968402332495,67341.99813994937,3810.0,71151.99813994937
19835.249223466148,68418.49386356796,1980.0,70398.49386356796
19858.12140449968,68454.42337496403,1875.0,70329.42337496403
19051.030031913742,67186.57757457971,2250.0,69436.57757457971
19289.495090419667,67561.17818763848,2355.0,69916.17818763848
20281.192915794294,69119.01905406108,2355.0,71474.01905406108
20376.11292306795,69268.12724265287,2325.0,71593.12724265287
20571.65730333954,69575.30450874327,2415.0,71990.30450874327
19481.7997010293,67863.26615591248,2190.0,70053.26615591248
17694.660906286565,65055.88090489842,1860.0,66915.88090489843
15174.439298420582,61096.9086124143,1710.0,62806.9086124143
13423.5375895378,58346.44756934773,1680.0,60026.44756934773
13109.805454430982,57853.6112146902,1635.0,59488.6112146902
13259.497176323775,58088.75933719584,1380.0,59468.75933719584
13113.834077226658,57859.93970817473,1380.0,59239.93970817473
13279.879682149116,58120.7778611074,1845.0,59965.7778611074
15066.040390202914,60926.626652752566,3060.0,63986.626652752566
15493.464273267173,61598.05939696676,3540.0,65138.05939696676
16786.21672551129,63628.82174084216,3780.0,67408.82174084216
18179.17062515707,65816.98879575242,4200.0,70016.98879575242
18850.87336872441,66872.15495346996,4590.0,71462.15495346996
19165.80930283299,67366.88233504306,4560.0,71926.88233504306
19018.85348776239,67136.03200098194,4500.0,71636.03200098194
19049.647259007357,67184.40540067005,4470.0,71654.40540067005
19078.100689958166,67229.1024004929,3810.0,71039.1024004929
19691.734951185626,68193.04978922098,1980.0,70173.04978922098
19578.976831431264,68015.92001997099,1875.0,69890.92001997099
19052.213311614338,67188.43636808195,2250.0,69438.43636808195
19257.193150538962,67510.43563207032,2355.0,69865.43563207032
20311.415566490134,69166.4952904114,2355.0,71521.4952904114
20549.642373110284,69540.72163772646,2325.0,71865.72163772646
20664.03747711326,69720.4229170624,2415.0,72135.4229170624
19481.7997010293,67863.26615591248,2190.0,70053.26615591248
17694.660906286565,65055.88090489842,1860.0,66915.88090489843
15174.439298420582,61096.9086124143,1710.0,62806.9086124143
13418.960645416508,58339.25772742911,1680.0,60019.25772742911
13105.228510309684,57846.421372771576,1635.0,59481.421372771576
13259.497176323775,58088.75933719584,1380.0,59468.75933719584
13113.834077226658,57859.93970817473,1380.0,59239.93970817473
13279.879682149116,58120.7778611074,1845.0,59965.7778611074
15066.040390202914,60926.626652752566,3060.0,63986.626652752566
15493.464273267173,61598.05939696676,3540.0,65138.05939696676
16786.21672551129,63628.82174084216,3780.0,67408.82174084216
18160.50490086265,65787.66713408976,4200.0,69987.66713408976
18816.616395427016,66818.34126990919,4590.0,71408.34126990919
19098.014671740213,67260.38492813337,4560.0,71820.38492813337
18936.355637422665,67006.43756267337,4500.0,71506.43756267337
19021.225746969467,67139.75854171236,4470.0,71609.75854171236
18995.81145251364,67099.83566855326,3810.0,70909.83566855326
19078.100689958166,67229.1024004929,1980.0,69209.1024004929
19100.97173103053,67265.0301211438,1875.0,69140.0301211438
19052.213311614338,67188.43636808195,2250.0,69438.43636808195
19257.193150538962,67510.43563207032,2355.0,69865.43563207032
20311.415566490134,69166.4952904114,2355.0,71521.4952904114
20549.642373110284,69540.72163772646,2325.0,71865.72163772646
20664.03747711326,69720.4229170624,2415.0,72135.4229170624
19481.7997010293,67863.26615591248,2190.0,70053.26615591248
17694.660906286565,65055.88090489842,1860.0,66915.88090489843
15312.033752314579,61313.05334701447,1710.0,63023.05334701447
13418.960645416508,58339.25772742911,1680.0,60019.25772742911
13105.228510309684,57846.421372771576,1635.0,59481.421372771576
13259.497176323775,58088.75933719584,1380.0,59468.75933719584
13113.834077226658,57859.93970817473,1380.0,59239.93970817473
13279.879682149116,58120.7778611074,1845.0,59965.7778611074
15066.040390202914,60926.626652752566,3060.0,63986.626652752566
15493.464273267173,61598.05939696676,3540.0,65138.05939696676
16786.21672551129,63628.82174084216,3780.0,67408.82174084216
18155.92795674135,65780.47729217114,4200.0,69980.47729217114
18799.81906749992,66791.95463960509,4590.0,71381.95463960509
19098.014671740213,67260.38492813337,4560.0,71820.38492813337
18936.355637422665,67006.43756267337,4500.0,71506.43756267337
18939.197560634228,67010.90189042012,4470.0,71480.90189042012
18882.948456331105,66922.54115074626,3810.0,70732.54115074626
19078.100689958166,67229.1024004929,1980.0,69209.1024004929
19028.621815078797,67151.376896474,1875.0,69026.376896474
18995.4820037338,67099.31814319473,2250.0,69349.31814319473
19257.193150538962,67510.43563207032,2355.0,69865.43563207032
20454.722365836627,69391.61344913466,2355.0,71746.61344913466
20498.715747537502,69460.72188732233,2325.0,71785.72188732233
20664.03747711326,69720.4229170624,2415.0,72135.4229170624
19512.713168197737,67911.82758384505,2190.0,70101.82758384505
17725.57551341618,65104.44412357616,1860.0,66964.44412357616
15222.11931456436,61171.808320530945,1710.0,62881.808320530945
13418.960645416508,58339.25772742911,1680.0,60019.25772742911
13105.228510309684,57846.421372771576,1635.0,59481.421372771576
13259.497176323775,58088.75933719584,1380.0,59468.75933719584
13113.834077226658,57859.93970817473,1380.0,59239.93970817473
13279.879682149116,58120.7778611074,1845.0,59965.7778611074
15066.040390202914,60926.626652752566,3060.0,63986.626652752566
15493.464273267173,61598.05939696676,3540.0,65138.05939696676
16820.15222975707,63682.1304342607,3780.0,67462.1304342607
18155.92795674135,65780.47729217114,4200.0,69980.47729217114
18839.6424712193,66854.51253190526,4590.0,71444.51253190526
19098.014671740213,67260.38492813337,4560.0,71820.38492813337
18995.152554953962,67098.8006178362,4500.0,71598.8006178362
18989.3957510156,67089.7573546509,4470.0,71559.7573546509
18884.13287599287,66924.40173499366,3810.0,70734.40173499366
18995.81145251364,67099.83566855326,1980.0,69079.83566855326
19018.683633547178,67135.76517994933,1875.0,69010.76517994933
18995.4820037338,67099.31814319473,2250.0,69349.31814319473
19303.334219095254,67582.91783418693,2355.0,69937.91783418693
20471.58467155075,69418.1021519143,2355.0,71773.1021519143
20498.715747537502,69460.72188732233,2325.0,71785.72188732233
20664.03747711326,69720.4229170624,2415.0,72135.4229170624
19782.254708320255,68335.24570139787,2190.0,70525.24570139787
17888.665199009494,65360.63887424358,1860.0,67220.63887424358
15388.747439647706,61433.56154425325,1710.0,63143.56154425325
12745.625477445257,57281.52722260633,1680.0,58961.52722260633
12574.48310610529,57012.68264795059,1635.0,58647.68264795059
12671.230471143934,57164.66140107428,1380.0,58544.66140107428
12642.791859688406,57119.987680938815,1380.0,58499.987680938815
12801.953239069522,57370.011523698,1845.0,59215.011523698
14404.857208366911,59887.98549160416,3060.0,62947.98549160416
14661.283495160536,60290.80108580112,3540.0,63830.80108580112
16425.71996308495,63062.52364645173,3780.0,66842.52364645174
17109.195085715946,64136.18282969692,4200.0,68336.18282969692
18010.68892320168,65552.32382035896,4590.0,70142.32382035896
18414.360575204595,66186.4445978941,4560.0,70746.4445978941
18283.241100789786,65980.47129594591,4500.0,70480.47129594591
18274.284425830625,65966.4014110257,4470.0,70436.4014110257
18194.79037318944,65841.52558628019,3810.0,69651.52558628019
18192.86155887979,65838.4956454268,1980.0,67818.4956454268
18265.780315458313,65953.04245194404,1875.0,67828.04245194404
18524.8159733836,66359.95706186994,2250.0,68609.95706186994
18989.587264493148,67090.058199842,2355.0,69445.058199842
21457.33417950947,70966.59890996049,2355.0,73321.59890996049
21578.04694834935,71156.22449911287,2325.0,73481.22449911287
21355.186818380513,70806.13739689445,2415.0,73221.13739689445
20109.24573186413,68848.91021330457,2190.0,71038.91021330457
17922.805896266946,65414.26990179548,1860.0,67274.26990179549
15315.704427301018,61318.81954651085,1710.0,63028.81954651085
12745.625477445257,57281.52722260633,1680.0,58961.52722260633
12574.48310610529,57012.68264795059,1635.0,58647.68264795059
12671.230471143934,57164.66140107428,1380.0,58544.66140107428
12642.791859688406,57119.987680938815,1380.0,58499.987680938815
12801.953239069522,57370.011523698,1845.0,59215.011523698
14404.857208366911,59887.98549160416,3060.0,62947.98549160416
14661.283495160536,60290.80108580112,3540.0,63830.80108580112
16425.71996308495,63062.52364645173,3780.0,66842.52364645174
17109.195085715946,64136.18282969692,4200.0,68336.18282969692
18006.393549490836,65545.57629250108,4590.0,70135.57629250108
18359.437245749057,66100.1664948706,4560.0,70660.1664948706
18303.742162577426,66012.67605735674,4500.0,70512.67605735674
18209.61670824338,65864.81601815905,4470.0,70334.81601815905
18249.185900620527,65926.97457428291,3810.0,69736.97457428291
18209.157303889486,65864.0943478494,1980.0,67844.0943478494
18319.83271457545,66037.952425646,1875.0,67912.952425646
18484.936711566603,66297.31142305568,2250.0,68547.31142305568
19038.661453155073,67167.14798932016,2355.0,69522.14798932016
21560.496106084982,71128.65418624136,2355.0,73483.65418624136
21719.240259675706,71378.02261626274,2325.0,73703.02261626274
21496.38240962923,71027.93909553472,2415.0,73442.93909553472
20128.403919386546,68879.00547688724,2190.0,71069.00547688724
17781.44501064773,65192.20854510337,1860.0,67052.20854510338
15257.5618474847,61227.484379084344,1710.0,62937.484379084344
13418.960645416508,58339.25772742911,1680.0,60019.25772742911
13105.228510309684,57846.421372771576,1635.0,59481.421372771576
13259.497176323775,58088.75933719584,1380.0,59468.75933719584
13113.834077226658,57859.93970817473,1380.0,59239.93970817473
13279.879682149116,58120.7778611074,1845.0,59965.7778611074
15066.040390202914,60926.626652752566,3060.0,63986.626652752566
15493.464273267173,61598.05939696676,3540.0,65138.05939696676
16863.2724011972,63749.86716163651,3780.0,67529.8671616365
18155.92795674135,65780.47729217114,4200.0,69980.47729217114
18804.396011621215,66799.1444815237,4590.0,71389.1444815237
19098.014671740213,67260.38492813337,4560.0,71820.38492813337
19050.683483716264,67186.0331880434,4500.0,71686.0331880434
19103.514984413996,67269.02527365202,4470.0,71739.02527365202
19078.100689958166,67229.1024004929,3810.0,71039.1024004929
19835.249223466148,68418.49386356796,1980.0,70398.49386356796
19844.96853245199,68433.76175701707,1875.0,70308.76175701707
18995.4820037338,67099.31814319473,2250.0,69349.31814319473
19257.193150538962,67510.43563207032,2355.0,69865.43563207032
20281.192915794294,69119.01905406108,2355.0,71474.01905406108
20406.335573763787,69315.6034790032,2325.0,71640.6034790032
20664.03747711326,69720.4229170624,2415.0,72135.4229170624
19481.7997010293,67863.26615591248,2190.0,70053.26615591248
17694.660906286565,65055.88090489842,1860.0,66915.88090489843
15174.439298420582,61096.9086124143,1710.0,62806.9086124143
13440.215221541424,58372.64617140737,1680.0,60052.64617140737
13345.984890779197,58224.62138365264,1635.0,59859.62138365264
13608.938595266103,58637.69078478009,1380.0,60017.69078478009
13463.27549616899,58408.87115575899,1380.0,59788.87115575899
13629.32110109145,58669.70930869168,1845.0,60514.70930869168
15253.423788416134,61220.98397406202,3060.0,64280.98397406202
