base_demand_MW,ev_demand_MW,total_demand_MW,h2_electrolyzer_MW
28004.734643417785,1180,29184.734643417785,600
30250.785675704545,1260,31510.785675704545,600
33469.24544369905,1400,34869.24544369905,600
34101.74924992267,1530,35631.74924992267,600
33862.436157815915,1520,35382.436157815915,600
33960.85207103029,1500,35460.85207103029,600
33959.00903078777,1490,35449.00903078777,600
33913.757115405984,1270,35183.757115405984,600
34386.880566031985,660,35046.880566031985,600
34427.6060720076,625,35052.6060720076,600
33949.05498965418,750,34699.05498965418,600
34476.26395823404,785,35261.26395823404,600
36555.81416667346,785,37340.81416667346,600
36724.82582838423,775,37499.82582838423,600
36715.74459265183,805,37520.74459265183,600
35006.6373538382,730,35736.6373538382,600
31809.1918982124,620,32429.1918982124,600
27098.18414967997,570,27668.18414967997,600
24132.549719270686,560,24692.549719270686,600
23852.129522547802,545,24397.129522547802,600
24248.170047788546,460,24708.170047788546,600
24031.318501192458,460,24491.318501192458,600
24297.861092036397,615,24912.861092036397,600
27189.688661984914,1020,28209.688661984914,600
27962.222931039738,1180,29142.222931039738,600
30243.65911811481,1260,31503.65911811481,600
33205.877428779444,1400,34605.877428779444,600
33897.1413363033,1530,35427.1413363033,600
34167.193416772025,1520,35687.193416772025,600
33759.88761251589,1500,35259.88761251589,600
33959.00903078777,1490,35449.00903078777,600
33841.05648504672,1270,35111.05648504672,600
33969.88256226262,660,34629.88256226262,600
34010.606038458216,625,34635.606038458216,600
34162.43561244553,750,34912.43561244553,600
34427.463987407406,785,35212.463987407406,600
36466.154724391046,785,37251.154724391046,600
36724.82582838423,775,37499.82582838423,600
36575.275697340025,805,37380.275697340025,600
34751.4696501298,730,35481.4696501298,600
31569.34903352492,620,32189.34903352492,600
26994.2817411181,570,27564.2817411181,600
24385.464367176013,560,24945.464367176013,600
24078.47435021685,545,24623.47435021685,600
24247.96909956828,460,24707.96909956828,600
23988.806788814414,460,24448.806788814414,600
24267.95228369557,615,24882.95228369557,600
27159.779853644082,1020,28179.779853644082,600
27928.987313274352,1180,29108.987313274352,600
30166.88877885,1260,31426.88877885,600
32533.823359201822,1400,33933.82335920182,600
33878.58711729796,1530,35408.58711729796,600
34046.478340447204,1520,35566.478340447204,600
33803.97646395609,1500,35303.97646395609,600
33898.41806792504,1490,35388.41806792504,600
33756.87338921177,1270,35026.87338921177,600
33841.05648504672,660,34501.05648504672,600
34010.606038458216,625,34635.606038458216,600
34066.4026609544,750,34816.4026609544,600
34429.0675136096,785,35214.0675136096,600
36280.70590421782,785,37065.70590421782,600
36620.48701712176,775,37395.48701712176,600
36834.8886192545,805,37639.8886192545,600
34925.65725084764,730,35655.65725084764,600
31743.53460446276,620,32363.53460446276,600
27343.180625794488,570,27913.180625794488,600
23931.236138595807,560,24491.236138595807,600
23763.45249378672,545,24308.45249378672,600
24231.65981724601,460,24691.65981724601,600
23972.296558271875,460,24432.296558271875,600
24267.95228369557,615,24882.95228369557,600
27159.779853644082,1020,28179.779853644082,600
27920.83774656323,1180,29100.83774656323,600
30304.09175813733,1260,31564.09175813733,600
32564.33907176349,1400,33964.33907176349,600
34083.57865933785,1530,35613.57865933785,600
34297.35508922975,1520,35817.35508922975,600
34148.51944074654,1500,35648.51944074654,600
33908.66845693904,1490,35398.66845693904,600
33767.123778225774,1270,35037.123778225774,600
33756.87338921177,660,34416.87338921177,600
33797.59889518738,625,34422.59889518738,600
34185.546687557086,750,34935.546687557086,600
34548.21154021227,785,35333.21154021227,600
36371.51014242181,785,37156.51014242181,600
36540.521804132586,775,37315.521804132586,600
37281.61884050447,805,38086.61884050447,600
35405.59467294294,730,36135.59467294294,600
32050.02732532123,620,32670.02732532123,600
27479.774671080995,570,28049.774671080995,600
23931.236138595807,560,24491.236138595807,600
23763.45249378672,545,24308.45249378672,600
24231.65981724601,460,24691.65981724601,600
23972.296558271875,460,24432.296558271875,600
24267.95228369557,615,24882.95228369557,600
27159.779853644082,1020,28179.779853644082,600
27920.83774656323,1180,29100.83774656323,600
30304.09175813733,1260,31564.09175813733,600
32564.33907176349,1400,33964.33907176349,600
34278.90438900456,1530,35808.90438900456,600
34500.01644382647,1520,36020.01644382647,600
34148.51944074654,1500,35648.51944074654,600
34107.7817560909,1490,35597.7817560909,600
33795.46356662447,1270,35065.46356662447,600
33685.97926305498,660,34345.97926305498,600
33702.90965805809,625,34327.90965805809,600
34321.57036466281,750,35071.57036466281,600
34684.235217318004,785,35469.235217318004,600
36507.53381952753,785,37292.53381952753,600
36661.22470177739,775,37436.22470177739,600
36834.8886192545,805,37639.8886192545,600
34925.65725084764,730,35655.65725084764,600
31743.53460446276,620,32363.53460446276,600
27343.180625794488,570,27913.180625794488,600
22638.51796955073,560,23198.51796955073,600
22679.4363046266,545,23224.4363046266,600
23053.57347385745,460,23513.57347385745,600
23074.4111953659,460,23534.4111953659,600
23306.394751882643,615,23921.394751882643,600
25982.497303136606,1020,27002.497303136606,600
26376.534435514626,1180,27556.534435514626,600
29250.579102858857,1260,30510.579102858857,600
30365.713849241474,1400,31765.713849241474,600
32092.664884059453,1530,33622.66488405946,600
32625.171578446545,1520,34145.17157844655,600
32527.145382992694,1500,34027.14538299269,600
32511.197401510926,1490,34001.19740151093,600
32369.652722797655,1270,33639.652722797655,600
32324.21000809561,660,32984.210008095615,600
32323.14234381415,625,32948.14234381415,600
32815.6339552266,750,33565.6339552266,600
33488.08789146477,785,34273.08789146477,600
37552.14791927386,785,38337.14791927386,600
37922.184932899116,775,38697.184932899116,600
37717.79826530003,805,38522.79826530003,600
35981.971002529936,730,36711.971002529936,600
34158.205550919745,620,34778.205550919745,600
31128.474727582947,570,31698.474727582947,600
22638.51796955073,560,23198.51796955073,600
22679.4363046266,545,23224.4363046266,600
23053.57347385745,460,23513.57347385745,600
23074.4111953659,460,23534.4111953659,600
23306.394751882643,615,23921.394751882643,600
26081.420661351676,1020,27101.420661351676,600
26376.534435514626,1180,27556.534435514626,600
29250.579102858857,1260,30510.579102858857,600
30675.73026818477,1400,32075.73026818477,600
32428.849226798488,1530,33958.849226798484,600
32182.377100621947,1520,33702.37710062195,600
32230.389516807514,1500,33730.38951680751,600
32400.815935180213,1490,33890.81593518022,600
32385.600704279437,1270,33655.60070427944,600
32437.226128869923,660,33097.22612886992,600
32454.41227615339,625,33079.412276153394,600
32957.286212280014,750,33707.286212280014,600
33784.843757649964,785,34569.843757649964,600
37552.14791927386,785,38337.14791927386,600
37922.184932899116,775,38697.184932899116,600
37660.335193421575,805,38465.335193421575,600
35972.613716717155,730,36702.613716717155,600
34133.90502472658,620,34753.90502472658,600
31128.474727582947,570,31698.474727582947,600
23931.236138595807,560,24491.236138595807,600
23763.45249378672,545,24308.45249378672,600
24231.65981724601,460,24691.65981724601,600
23972.296558271875,460,24432.296558271875,600
24267.95228369557,615,24882.95228369557,600
27159.779853644082,1020,28179.779853644082,600
27920.83774656323,1180,29100.83774656323,600
30304.09175813733,1260,31564.09175813733,600
32641.117530148313,1400,34041.117530148316,600
34355.678787829376,1530,35885.678787829376,600
34749.69562240738,1520,36269.69562240738,600
34070.42568491991,1500,35570.42568491991,600
34027.81045376171,1490,35517.81045376171,600
34006.96867269326,1270,35276.96867269326,600
33767.123778225774,660,34427.123778225774,600
33807.84928420138,625,34432.84928420138,600
34306.24958520189,750,35056.24958520189,600
34548.21154021227,785,35333.21154021227,600
36371.51014242181,785,37156.51014242181,600
36676.03397667761,775,37451.03397667761,600
37281.61884050447,805,38086.61884050447,600
35927.11822773503,730,36657.11822773503,600
32608.726300864088,620,33228.72630086409,600
27479.774671080995,570,28049.774671080995,600
23931.236138595807,560,24491.236138595807,600
23763.45249378672,545,24308.45249378672,600
24231.65981724601,460,24691.65981724601,600
23972.296558271875,460,24432.296558271875,600
24267.95228369557,615,24882.95228369557,600
27159.779853644082,1020,28179.779853644082,600
27920.83774656323,1180,29100.83774656323,600
30304.09175813733,1260,31564.09175813733,600
32641.117530148313,1400,34041.117530148316,600
34355.678787829376,1530,35885.678787829376,600
34664.64784029126,1520,36184.64784029126,600
34027.81045376171,1500,35527.81045376171,600
34107.7817560909,1490,35597.7817560909,600
33767.123778225774,1270,35037.123778225774,600
33609.9802401912,660,34269.9802401912,600
33751.71571822473,625,34376.71571822473,600
34066.4026609544,750,34816.4026609544,600
34457.40730200829,785,35242.40730200829,600
36371.51014242181,785,37156.51014242181,600
36540.521804132586,775,37315.521804132586,600
36834.8886192545,805,37639.8886192545,600
35767.130967916586,730,36497.130967916586,600
32409.416113051957,620,33029.41611305196,600
27479.774671080995,570,28049.774671080995,600
23931.236138595807,560,24491.236138595807,600
23763.45249378672,545,24308.45249378672,600
24231.65981724601,460,24691.65981724601,600
23972.296558271875,460,24432.296558271875,600
24267.95228369557,615,24882.95228369557,600
27159.779853644082,1020,28179.779853644082,600
27920.83774656323,1180,29100.83774656323,600
30304.09175813733,1260,31564.09175813733,600
32564.33907176349,1400,33964.33907176349,600
34144.00115046036,1530,35674.00115046036,600
34508.72420003836,1520,36028.72420003836,600
34027.81045376171,1500,35527.81045376171,600
33908.66845693904,1490,35398.66845693904,600
33767.123778225774,1270,35037.123778225774,600
33601.347585839416,660,34261.347585839416,600
33751.71571822473,625,34376.71571822473,600
34066.4026609544,750,34816.4026609544,600
34429.0675136096,785,35214.0675136096,600
37058.98851024049,785,37843.98851024049,600
37228.000171951266,775,38003.000171951266,600
37455.06760130131,805,38260.06760130131,600
35794.37061555378,730,36524.37061555378,600
32365.944314732595,620,32985.944314732595,600
27479.774671080995,570,28049.774671080995,600
23931.236138595807,560,24491.236138595807,600
23763.45249378672,545,24308.45249378672,600
24231.65981724601,460,24691.65981724601,600
23972.296558271875,460,24432.296558271875,600
24267.95228369557,615,24882.95228369557,600
27209.868734772466,1020,28229.868734772466,600
27920.83774656323,1180,29100.83774656323,600
30304.09175813733,1260,31564.09175813733,600
32641.117530148313,1400,34041.117530148316,600
34355.678787829376,1530,35885.678787829376,600
34579.64877289519,1520,36099.64877289519,600
34027.81045376171,1500,35527.81045376171,600
34027.81045376171,1490,35517.81045376171,600
34006.96867269326,1270,35276.96867269326,600
33767.123778225774,660,34427.123778225774,600
33807.84928420138,625,34432.84928420138,600
34185.546687557086,750,34935.546687557086,600
34548.21154021227,785,35333.21154021227,600
36371.51014242181,785,37156.51014242181,600
36540.521804132586,775,37315.521804132586,600
37281.61884050447,805,38086.61884050447,600
35994.23899286668,730,36724.23899286668,600
32565.808632485492,620,33185.808632485496,600
27479.774671080995,570,28049.774671080995,600
23931.236138595807,560,24491.236138595807,600
23763.45249378672,545,24308.45249378672,600
24231.65981724601,460,24691.65981724601,600
23972.296558271875,460,24432.296558271875,600
24267.95228369557,615,24882.95228369557,600
27159.779853644082,1020,28179.779853644082,600
27920.83774656323,1180,29100.83774656323,600
30304.09175813733,1260,31564.09175813733,600
32641.117530148313,1400,34041.117530148316,600
34355.678787829376,1530,35885.678787829376,600
34579.64877289519,1520,36099.64877289519,600
34027.81045376171,1500,35527.81045376171,600
34027.81045376171,1490,35517.81045376171,600
33886.26374526844,1270,35156.26374526844,600
33767.123778225774,660,34427.123778225774,600
33807.84928420138,625,34432.84928420138,600
34185.546687557086,750,34935.546687557086,600
34548.21154021227,785,35333.21154021227,600
36371.51014242181,785,37156.51014242181,600
36540.521804132586,775,37315.521804132586,600
37281.61884050447,805,38086.61884050447,600
35741.539501641644,730,36471.539501641644,600
32365.944314732595,620,32985.944314732595,600
27479.774671080995,570,28049.774671080995,600
22638.51796955073,560,23198.51796955073,600
22679.4363046266,545,23224.4363046266,600
23053.57347385745,460,23513.57347385745,600
23074.4111953659,460,23534.4111953659,600
23306.394751882643,615,23921.394751882643,600
25982.497303136606,1020,27002.497303136606,600
26376.534435514626,1180,27556.534435514626,600
29250.579102858857,1260,30510.579102858857,600
30675.73026818477,1400,32075.73026818477,600
32118.82874829518,1530,33648.82874829518,600
32518.3564355807,1520,34038.3564355807,600
32294.055596374445,1500,33794.05559637444,600
32230.389516807514,1490,33720.38951680751,600
32088.844838094243,1270,33358.84483809424,600
32437.226128869923,660,33097.22612886992,600
32530.855820837765,625,33155.855820837765,600
32660.530346094816,750,33410.53034609482,600
33551.75397103171,785,34336.75397103171,600
37552.14791927386,785,38337.14791927386,600
37922.184932899116,775,38697.184932899116,600
37717.79826530003,805,38522.79826530003,600
35929.1398886178,730,36659.1398886178,600
34133.90502472658,620,34753.90502472658,600
31128.474727582947,570,31698.474727582947,600
22638.51796955073,560,23198.51796955073,600
22679.4363046266,545,23224.4363046266,600
23053.57347385745,460,23513.57347385745,600
23074.4111953659,460,23534.4111953659,600
23306.394751882643,615,23921.394751882643,600
25982.497303136606,1020,27002.497303136606,600
26376.534435514626,1180,27556.534435514626,600
29250.579102858857,1260,30510.579102858857,600
30365.713849241474,1400,31765.713849241474,600
32092.664884059453,1530,33622.66488405946,600
32518.3564355807,1520,34038.3564355807,600
32294.055596374445,1500,33794.05559637444,600
32230.389516807514,1490,33720.38951680751,600
32088.844838094243,1270,33358.84483809424,600
32437.226128869923,660,33097.22612886992,600
32530.855820837765,625,33155.855820837765,600
32660.530346094816,750,33410.53034609482,600
33488.08789146477,785,34273.08789146477,600
37552.14791927386,785,38337.14791927386,600
37922.184932899116,775,38697.184932899116,600
37660.335193421575,805,38465.335193421575,600
35674.1954607097,730,36404.1954607097,600
33978.88666635491,620,34598.88666635491,600
30742.4714644559,570,31312.4714644559,600
23931.236138595807,560,24491.236138595807,600
23763.45249378672,545,24308.45249378672,600
24231.65981724601,460,24691.65981724601,600
23972.296558271875,460,24432.296558271875,600
24267.95228369557,615,24882.95228369557,600
27159.779853644082,1020,28179.779853644082,600
27920.83774656323,1180,29100.83774656323,600
30304.09175813733,1260,31564.09175813733,600
32564.33907176349,1400,33964.33907176349,600
34278.90438900456,1530,35808.90438900456,600
34470.799790466575,1520,35990.799790466575,600
34027.81045376171,1500,35527.81045376171,600
34027.81045376171,1490,35517.81045376171,600
34006.96867269326,1270,35276.96867269326,600
33609.9802401912,660,34269.9802401912,600
33650.705746166816,625,34275.705746166816,600
34185.546687557086,750,34935.546687557086,600
34548.21154021227,785,35333.21154021227,600
36371.51014242181,785,37156.51014242181,600
36540.521804132586,775,37315.521804132586,600
37281.61884050447,805,38086.61884050447,600
35704.552850431144,730,36434.552850431144,600
32348.991592149447,620,32968.99159214945,600
27479.774671080995,570,28049.774671080995,600
23931.236138595807,560,24491.236138595807,600
23763.45249378672,545,24308.45249378672,600
24231.65981724601,460,24691.65981724601,600
23972.296558271875,460,24432.296558271875,600
24267.95228369557,615,24882.95228369557,600
27159.779853644082,1020,28179.779853644082,600
27920.83774656323,1180,29100.83774656323,600
30304.09175813733,1260,31564.09175813733,600
32564.33907176349,1400,33964.33907176349,600
34083.57865933785,1530,35613.57865933785,600
34297.35508922975,1520,35817.35508922975,600
34107.7817560909,1500,35607.7817560909,600
33908.66845693904,1490,35398.66845693904,600
33609.9802401912,1270,34879.9802401912,600
33649.772047365535,660,34309.772047365535,600
33690.49755334115,625,34315.49755334115,600
34321.57036466281,750,35071.57036466281,600
34684.235217318004,785,35469.235217318004,600
36507.53381952753,785,37292.53381952753,600
36661.22470177739,775,37436.22470177739,600
36889.93625292967,805,37694.93625292967,600
35405.59467294294,730,36135.59467294294,600
32050.02732532123,620,32670.02732532123,600
27479.774671080995,570,28049.774671080995,600
23931.236138595807,560,24491.236138595807,600
23763.45249378672,545,24308.45249378672,600
24231.65981724601,460,24691.65981724601,600
23972.296558271875,460,24432.296558271875,600
24267.95228369557,615,24882.95228369557,600
27159.779853644082,1020,28179.779853644082,600
27920.83774656323,1180,29100.83774656323,600
30304.09175813733,1260,31564.09175813733,600
32503.914550860984,1400,33903.91455086098,600
33894.760404360044,1530,35424.760404360044,600
34245.21004095855,1520,35765.21004095855,600
33803.97646395609,1500,35303.97646395609,600
33898.41806792504,1490,35388.41806792504,600
33756.87338921177,1270,35026.87338921177,600
33863.14455103688,660,34523.14455103688,600
33954.48262138159,625,34579.48262138159,600
33909.25506335984,750,34659.25506335984,600
34375.25398617611,785,35160.25398617611,600
36371.51014242181,785,37156.51014242181,600
36540.521804132586,775,37315.521804132586,600
36834.8886192545,805,37639.8886192545,600
35170.65981630217,730,35900.65981630217,600
32050.02732532123,620,32670.02732532123,600
27419.35015017849,570,27989.35015017849,600
23931.236138595807,560,24491.236138595807,600
23763.45249378672,545,24308.45249378672,600
24231.65981724601,460,24691.65981724601,600
23972.296558271875,460,24432.296558271875,600
24267.95228369557,615,24882.95228369557,600
27159.779853644082,1020,28179.779853644082,600
27920.83774656323,1180,29100.83774656323,600
30166.88877885,1260,31426.88877885,600
32512.064117572103,1400,33912.0641175721,600
33680.31617684724,1530,35210.31617684724,600
34046.478340447204,1520,35566.478340447204,600
33908.66845693904,1500,35408.66845693904,600
33791.31672607881,1490,35281.31672607881,600
33662.1841520825,1270,34932.1841520825,600
33969.88256226262,660,34629.88256226262,600
34138.57351873295,625,34763.57351873295,600
33949.05498965418,750,34699.05498965418,600
34522.14916497669,785,35307.14916497669,600
36198.55258838566,785,36983.55258838566,600
36421.377777529895,775,37196.377777529895,600
36970.91229636024,805,37775.91229636024,600
34870.61367673247,730,35600.61367673247,600
31688.489000567595,620,32308.489000567595,600
27098.18414967997,570,27668.18414967997,600
24111.48669218193,560,24671.48669218193,600
23831.066495459036,545,24376.066495459036,600
24231.65981724601,460,24691.65981724601,600
23972.296558271875,460,24432.296558271875,600
24267.95228369557,615,24882.95228369557,600
27159.779853644082,1020,28179.779853644082,600
27920.83774656323,1180,29100.83774656323,600
30166.88877885,1260,31426.88877885,600
32503.914550860984,1400,33903.91455086098,600
33658.556935217544,1530,35188.556935217544,600
34046.478340447204,1520,35566.478340447204,600
33803.97646395609,1500,35303.97646395609,600
33707.43606746427,1490,35197.43606746427,600
33863.14455103688,1270,35133.14455103688,600
33969.88256226262,660,34629.88256226262,600
34427.6060720076,625,35052.6060720076,600
34162.43561244553,750,34912.43561244553,600
34415.045793350444,785,35200.045793350444,600
36198.55258838566,785,36983.55258838566,600
36367.564250096424,775,37142.564250096424,600
36744.084381050525,805,37549.084381050525,600
34870.61367673247,730,35600.61367673247,600
31688.489000567595,620,32308.489000567595,600
27098.18414967997,570,27668.18414967997,600
22842.94523274985,560,23402.94523274985,600
22771.22701591193,545,23316.22701591193,600
23053.57347385745,460,23513.57347385745,600
23074.4111953659,460,23534.4111953659,600
23306.394751882643,615,23921.394751882643,600
25982.497303136606,1020,27002.497303136606,600
26376.534435514626,1180,27556.534435514626,600
29250.579102858857,1260,30510.579102858857,600
30365.713849241474,1400,31765.713849241474,600
32085.012613449006,1530,33615.012613449006,600
32464.837226247626,1520,33984.837226247626,600
32563.64894656254,1500,34063.648946562535,600
32404.56696862534,1490,33894.56696862534,600
32359.315053243543,1270,33629.31505324354,600
32351.693229333134,660,33011.693229333134,600
32445.322921300987,625,33070.32292130099,600
32749.572735256406,750,33499.572735256406,600
33738.9484020073,785,34523.9484020073,600
37875.78822159576,785,38660.78822159576,600
38306.32079842361,775,39081.32079842361,600
37796.83789860796,805,38601.83789860796,600
35561.68881471608,730,36291.68881471608,600
33584.31570183616,620,34204.31570183616,600
30492.970906515227,570,31062.970906515227,600
22730.308680836057,560,23290.308680836057,600
22771.22701591193,545,23316.22701591193,600
23053.57347385745,460,23513.57347385745,600
23074.4111953659,460,23534.4111953659,600
23306.394751882643,615,23921.394751882643,600
25982.497303136606,1020,27002.497303136606,600
26376.534435514626,1180,27556.534435514626,600
29250.579102858857,1260,30510.579102858857,600
30365.713849241474,1400,31765.713849241474,600
32085.012613449006,1530,33615.012613449006,600
32401.17114668069,1520,33921.17114668069,600
32503.153383359942,1500,34003.15338335994,600
32404.56696862534,1490,33894.56696862534,600
32359.315053243543,1270,33629.31505324354,600
32248.2576701719,660,32908.2576701719,600
32341.88736213975,625,32966.88736213975,600
32844.27009150571,750,33594.27009150571,600
33800.16656689088,785,34585.16656689088,600
37875.78822159576,785,38660.78822159576,600
38306.32079842361,775,39081.32079842361,600
37796.83789860796,805,38601.83789860796,600
35598.135544445846,730,36328.135544445846,600
33620.76649112593,620,34240.76649112593,600
30492.970906515227,570,31062.970906515227,600
24111.48669218193,560,24671.48669218193,600
23763.45249378672,545,24308.45249378672,600
24231.65981724601,460,24691.65981724601,600
23972.296558271875,460,24432.296558271875,600
24267.95228369557,615,24882.95228369557,600
27159.779853644082,1020,28179.779853644082,600
27920.83774656323,1180,29100.83774656323,600
30166.88877885,1260,31426.88877885,600
32503.914550860984,1400,33903.91455086098,600
33650.40736850641,1530,35180.40736850641,600
34046.478340447204,1520,35566.478340447204,600
33937.00824533773,1500,35437.00824533773,600
33731.231178436756,1490,35221.231178436756,600
33863.14455103688,1270,35133.14455103688,600
34097.84801275735,660,34757.84801275735,600
34138.57351873295,625,34763.57351873295,600
33985.26423512363,750,34735.26423512363,600
34415.045793350444,785,35200.045793350444,600
36198.55258838566,785,36983.55258838566,600
36421.377777529895,775,37196.377777529895,600
36970.91229636024,805,37775.91229636024,600
34925.65725084764,730,35655.65725084764,600
31743.53460446276,620,32363.53460446276,600
27343.180625794488,570,27913.180625794488,600
23998.850140268132,560,24558.850140268132,600
23831.066495459036,545,24376.066495459036,600
24231.65981724601,460,24691.65981724601,600
23972.296558271875,460,24432.296558271875,600
24267.95228369557,615,24882.95228369557,600
27159.779853644082,1020,28179.779853644082,600
27920.83774656323,1180,29100.83774656323,600
30166.88877885,1260,31426.88877885,600
32512.064117572103,1400,33912.0641175721,600
33680.31617684724,1530,35210.31617684724,600
34046.478340447204,1520,35566.478340447204,600
33803.97646395609,1500,35303.97646395609,600
33959.00903078777,1490,35449.00903078777,600
33969.88256226262,1270,35239.88256226262,600
35318.0380827434,660,35978.0380827434,600
35358.76358871899,625,35983.76358871899,600
34162.43561244553,750,34912.43561244553,600
34427.463987407406,785,35212.463987407406,600
36198.55258838566,785,36983.55258838566,600
36367.564250096424,775,37142.564250096424,600
36914.853832243694,805,37719.853832243694,600
34870.61367673247,730,35600.61367673247,600
31688.489000567595,620,32308.489000567595,600
27098.18414967997,570,27668.18414967997,600
24111.48669218193,560,24671.48669218193,600
23831.066495459036,545,24376.066495459036,600
24231.65981724601,460,24691.65981724601,600
23972.296558271875,460,24432.296558271875,600
24267.95228369557,615,24882.95228369557,600
27159.779853644082,1020,28179.779853644082,600
27920.83774656323,1180,29100.83774656323,600
30166.88877885,1260,31426.88877885,600
32503.914550860984,1400,33903.91455086098,600
33650.40736850641,1530,35180.40736850641,600
34046.478340447204,1520,35566.478340447204,600
33843.76827113042,1500,35343.76827113042,600
34015.13447764441,1490,35505.13447764441,600
34105.28106712749,1270,35375.28106712749,600
35318.0380827434,660,35978.0380827434,600
35335.34398704703,625,35960.34398704703,600
34162.43561244553,750,34912.43561244553,600
34597.45806263952,785,35382.45806263952,600
36509.92895993081,785,37294.92895993081,600
36367.564250096424,775,37142.564250096424,600
36715.74459265183,805,37520.74459265183,600
34870.61367673247,730,35600.61367673247,600
31688.489000567595,620,32308.489000567595,600
27098.18414967997,570,27668.18414967997,600
24132.75066749096,560,24692.75066749096,600
23860.975303799874,545,24405.975303799874,600
24231.65981724601,460,24691.65981724601,600
23972.296558271875,460,24432.296558271875,600
24267.95228369557,615,24882.95228369557,600
27159.779853644082,1020,28179.779853644082,600
27920.83774656323,1180,29100.83774656323,600
30166.88877885,1260,31426.88877885,600
32533.823359201822,1400,33933.82335920182,600
33680.31617684724,1530,35210.31617684724,600
34046.478340447204,1520,35566.478340447204,600
33960.85207103029,1500,35460.85207103029,600
34015.13447764441,1490,35505.13447764441,600
33969.88256226262,1270,35239.88256226262,600
35294.61848107141,660,35954.61848107141,600
35335.34398704703,625,35960.34398704703,600
34056.15633150042,750,34806.15633150042,600
34366.623361604325,785,35151.623361604325,600
36198.55258838566,785,36983.55258838566,600
36367.564250096424,775,37142.564250096424,600
36834.8886192545,805,37639.8886192545,600
34870.61367673247,730,35600.61367673247,600
31688.489000567595,620,32308.489000567595,600
27098.18414967997,570,27668.18414967997,600
23998.850140268132,560,24558.850140268132,600
23831.066495459036,545,24376.066495459036,600
24231.65981724601,460,24691.65981724601,600
23972.296558271875,460,24432.296558271875,600
24267.95228369557,615,24882.95228369557,600
27159.779853644082,1020,28179.779853644082,600
27920.83774656323,1180,29100.83774656323,600
30227.31329975249,1260,31487.31329975249,600
32512.064117572103,1400,33912.0641175721,600
33698.80138333249,1530,35228.80138333249,600
34046.478340447204,1520,35566.478340447204,600
33960.85207103029,1500,35460.85207103029,600
34015.13447764441,1490,35505.13447764441,600
33969.88256226262,1270,35239.88256226262,600
35318.0380827434,660,35978.0380827434,600
35358.76358871899,625,35983.76358871899,600
33909.25506335984,750,34659.25506335984,600
34375.25398617611,785,35160.25398617611,600
36198.55258838566,785,36983.55258838566,600
36367.564250096424,775,37142.564250096424,600
36834.8886192545,805,37639.8886192545,600
34925.65725084764,730,35655.65725084764,600
31743.53460446276,620,32363.53460446276,600
27343.180625794488,570,27913.180625794488,600
22638.51796955073,560,23198.51796955073,600
22679.4363046266,545,23224.4363046266,600
23053.57347385745,460,23513.57347385745,600
23074.4111953659,460,23534.4111953659,600
23306.394751882643,615,23921.394751882643,600
25982.497303136606,1020,27002.497303136606,600
26376.534435514626,1180,27556.534435514626,600
29250.579102858857,1260,30510.579102858857,600
30365.713849241474,1400,31765.713849241474,600
32085.012613449006,1530,33615.012613449006,600
32484.75951697483,1520,34004.75951697483,600
32563.64894656254,1500,34063.648946562535,600
32450.701838308327,1490,33940.70183830833,600
32309.15715959506,1270,33579.15715959506,600
32410.940477834036,660,33070.94047783404,600
32431.87562878262,625,33056.875628782625,600
32957.286212280014,750,33707.286212280014,600
33784.843757649964,785,34569.843757649964,600
37848.90175567905,785,38633.90175567905,600
38218.9387693043,775,38993.9387693043,600
37605.28755974641,805,38410.28755974641,600
35625.52133624323,730,36355.52133624323,600
33921.139425276066,620,34541.139425276066,600
30742.4714644559,570,31312.4714644559,600
22638.51796955073,560,23198.51796955073,600
22679.4363046266,545,23224.4363046266,600
23053.57347385745,460,23513.57347385745,600
23074.4111953659,460,23534.4111953659,600
23306.394751882643,615,23921.394751882643,600
25982.497303136606,1020,27002.497303136606,600
26376.534435514626,1180,27556.534435514626,600
29250.579102858857,1260,30510.579102858857,600
30365.713849241474,1400,31765.713849241474,600
32085.012613449006,1530,33615.012613449006,600
32527.376777913014,1520,34047.376777913014,600
32503.153383359942,1500,34003.15338335994,600
32439.140211412534,1490,33929.14021141254,600
32236.377367815683,1270,33506.37736781569,600
32248.2576701719,660,32908.2576701719,600
32341.88736213975,625,32966.88736213975,600
32957.286212280014,750,33707.286212280014,600
33784.843757649964,785,34569.843757649964,600
37848.90175567905,785,38633.90175567905,600
38218.9387693043,775,38993.9387693043,600
37660.335193421575,805,38465.335193421575,600
35954.731354892734,730,36684.731354892734,600
34201.675319459115,620,34821.675319459115,600
31128.474727582947,570,31698.474727582947,600
23931.236138595807,560,24491.236138595807,600
23763.45249378672,545,24308.45249378672,600
24231.65981724601,460,24691.65981724601,600
23972.296558271875,460,24432.296558271875,600
24267.95228369557,615,24882.95228369557,600
27159.779853644082,1020,28179.779853644082,600
27920.83774656323,1180,29100.83774656323,600
30304.09175813733,1260,31564.09175813733,600
32503.914550860984,1400,33903.91455086098,600
33704.251342639924,1530,35234.251342639924,600
34046.478340447204,1520,35566.478340447204,600
33904.98643601401,1500,35404.98643601401,600
33908.396466418664,1490,35398.396466418664,600
33863.14455103688,1270,35133.14455103688,600
34807.28048108602,660,35467.28048108602,600
34848.00598706161,625,35473.00598706161,600
33909.25506335984,750,34659.25506335984,600
34429.0675136096,785,35214.0675136096,600
36280.70590421782,785,37065.70590421782,600
36620.48701712176,775,37395.48701712176,600
36889.93625292967,805,37694.93625292967,600
35405.59467294294,730,36135.59467294294,600
32050.02732532123,620,32670.02732532123,600
27479.774671080995,570,28049.774671080995,600
23931.236138595807,560,24491.236138595807,600
23763.45249378672,545,24308.45249378672,600
24231.65981724601,460,24691.65981724601,600
23972.296558271875,460,24432.296558271875,600
24267.95228369557,615,24882.95228369557,600
27159.779853644082,1020,28179.779853644082,600
27920.83774656323,1180,29100.83774656323,600
30227.31329975249,1260,31487.31329975249,600
32503.914550860984,1400,33903.91455086098,600
33650.40736850641,1530,35180.40736850641,600
34046.478340447204,1520,35566.478340447204,600
33759.88761251589,1500,35259.88761251589,600
33908.396466418664,1490,35398.396466418664,600
33863.14455103688,1270,35133.14455103688,600
34386.880566031985,660,35046.880566031985,600
34687.26770864214,625,35312.26770864214,600
33909.25506335984,750,34659.25506335984,600
34287.8719570568,785,35072.8719570568,600
36252.36611581914,785,37037.36611581914,600
36421.377777529895,775,37196.377777529895,600
36834.8886192545,805,37639.8886192545,600
34870.61367673247,730,35600.61367673247,600
31688.489000567595,620,32308.489000567595,600
27343.180625794488,570,27913.180625794488,600
23931.236138595807,560,24491.236138595807,600
23763.45249378672,545,24308.45249378672,600
24231.65981724601,460,24691.65981724601,600
23972.296558271875,460,24432.296558271875,600
24267.95228369557,615,24882.95228369557,600
27159.779853644082,1020,28179.779853644082,600
27920.83774656323,1180,29100.83774656323,600
30304.09175813733,1260,31564.09175813733,600
32503.914550860984,1400,33903.91455086098,600
33680.31617684724,1530,35210.31617684724,600
34046.478340447204,1520,35566.478340447204,600
33938.75994548013,1500,35438.75994548013,600
34015.13447764441,1490,35505.13447764441,600
33969.88256226262,1270,35239.88256226262,600
35318.0380827434,660,35978.0380827434,600
35358.76358871899,625,35983.76358871899,600
34056.15633150042,750,34806.15633150042,600
34522.14916497669,785,35307.14916497669,600
36198.55258838566,785,36983.55258838566,600
36367.564250096424,775,37142.564250096424,600
36834.8886192545,805,37639.8886192545,600
34870.61367673247,730,35600.61367673247,600
31688.489000567595,620,32308.489000567595,600
27098.18414967997,570,27668.18414967997,600
23638.68394679636,560,24198.68394679636,600
23036.09706803358,545,23581.09706803358,600
23342.04580785133,460,23802.04580785133,600
23143.565800060318,460,23603.565800060318,600
23476.33199327468,615,24091.33199327468,600
26656.715118197197,1020,27676.715118197197,600
27401.999590714804,1180,28581.999590714804,600
29680.36269086569,1260,30940.36269086569,600
32177.389931155143,1400,33577.38993115514,600
32911.51061365752,1530,34441.51061365752,600
33194.00321576323,1520,34714.00321576323,600
33386.71458878636,1500,34886.71458878636,600
33392.02449327361,1490,34882.02449327361,600
33346.772577891825,1270,34616.772577891825,600
34234.468445183884,660,34894.468445183884,600
34490.001509292786,625,35115.001509292786,600
33053.28465751109,750,33803.28465751109,600
33449.61544129224,785,34234.61544129224,600
35267.257046634055,785,36052.257046634055,600
35436.268708344825,775,36211.268708344825,600
35453.444706728274,805,36258.444706728274,600
33068.3801313917,730,33798.3801313917,600
30014.33051384169,620,30634.33051384169,600
26049.605889588245,570,26619.605889588245,600
23695.3330768937,560,24255.3330768937,600
23044.24663474471,545,23589.24663474471,600
23342.04580785133,460,23802.04580785133,600
23143.565800060318,460,23603.565800060318,600
23476.33199327468,615,24091.33199327468,600
26664.864684908312,1020,27684.864684908312,600
27485.896487569353,1180,28665.896487569353,600
29757.13303013051,1260,31017.13303013051,600
32160.613799432234,1400,33560.613799432234,600
33054.4599001327,1530,34584.4599001327,600
33009.796620951725,1520,34529.796620951725,600
33119.944662582115,1500,34619.944662582115,600
33520.8383918095,1490,35010.8383918095,600
33475.58647642771,1270,34745.58647642771,600
34234.468445183884,660,34894.468445183884,600
34490.001509292786,625,35115.001509292786,600
33053.28465751109,750,33803.28465751109,600
33449.61544129224,785,34234.61544129224,600
35501.92397231448,785,36286.92397231448,600
35436.268708344825,775,36211.268708344825,600
35713.88983844389,805,36518.88983844389,600
33068.3801313917,730,33798.3801313917,600
30014.33051384169,620,30634.33051384169,600
26049.605889588245,570,26619.605889588245,600
23280.864179007793,560,23840.864179007793,600
22905.17828763483,545,23450.17828763483,600
22999.619891603776,460,23459.619891603776,600
22919.715572014673,460,23379.715572014673,600
23406.268047139016,615,24021.268047139016,600
26314.19380228951,1020,27334.19380228951,600
26650.067588688118,1180,27830.067588688118,600
29791.769196097808,1260,31051.769196097808,600
31059.63676856896,1400,32459.63676856896,600
32839.688878039444,1530,34369.688878039444,600
33041.09379881445,1520,34561.09379881445,600
32693.045391959215,1500,34193.04539195921,600
32926.71975521828,1490,34416.71975521828,600
32881.46783983649,1270,34151.46783983649,600
33065.30704446751,660,33725.30704446751,600
33065.30704446751,625,33690.30704446751,600
32874.79595296739,750,33624.79595296739,600
33633.12176200281,785,34418.12176200281,600
37663.14846850542,785,38448.14846850542,600
37609.042652751545,775,38384.042652751545,600
37204.8079056396,805,38009.8079056396,600
34666.11334145326,730,35396.11334145326,600
30873.806349755218,620,31493.806349755218,600
27385.18489317185,570,27955.18489317185,600
23245.347088519295,560,23805.347088519295,600
22905.17828763483,545,23450.17828763483,600
22999.619891603776,460,23459.619891603776,600
22919.715572014673,460,23379.715572014673,600
23406.268047139016,615,24021.268047139016,600
26314.19380228951,1020,27334.19380228951,600
26650.067588688118,1180,27830.067588688118,600
29791.769196097808,1260,31051.769196097808,600
31059.63676856896,1400,32459.63676856896,600
33091.5906657234,1530,34621.5906657234,600
33041.09379881445,1520,34561.09379881445,600
32815.944511567024,1500,34315.944511567024,600
32885.54363808206,1490,34375.54363808206,600
32840.29172270027,1270,34110.29172270027,600
33348.05539885358,660,34008.05539885358,600
33348.05539885358,625,33973.05539885358,600
32920.52283686982,750,33670.52283686982,600
33456.72170108195,785,34241.72170108195,600
37540.24934889762,785,38325.24934889762,600
37961.15264939231,775,38736.15264939231,600
37227.38311883042,805,38032.38311883042,600
34777.49142976534,730,35507.49142976534,600
30869.677777229594,620,31489.677777229594,600
27291.256823543597,570,27861.256823543597,600
23538.420933779456,560,24098.420933779456,600
23184.723649176518,545,23729.723649176518,600
23619.206177889762,460,24079.206177889762,600
23600.2683304639,460,24060.2683304639,600
24594.52358834146,615,25209.52358834146,600
27788.516388182554,1020,28808.516388182554,600
28743.438569166414,1180,29923.438569166414,600
30459.86316489002,1260,31719.86316489002,600
32884.34200832042,1400,34284.34200832042,600
33002.211333081344,1530,34532.211333081344,600
33114.48861393466,1520,34634.48861393466,600
33386.71458878636,1500,34886.71458878636,600
34535.253424674585,1490,36025.253424674585,600
34466.581907620806,1270,35736.581907620806,600
34916.17411867468,660,35576.17411867468,600
34916.17411867468,625,35541.17411867468,600
34490.001509292786,750,35240.001509292786,600
34167.09192777189,785,34952.09192777189,600
36252.97910937997,785,37037.97910937997,600
36055.13645250983,775,36830.13645250983,600
35223.8562906148,805,36028.8562906148,600
32755.706730424776,730,33485.706730424776,600
30388.38243231242,620,31008.38243231242,600
26055.455715556232,570,26625.455715556232,600
23816.0988977186,560,24376.0988977186,600
23364.336851841763,545,23909.336851841763,600
23601.99973280627,460,24061.99973280627,600
23585.308851843478,460,24045.308851843478,600
24594.52358834146,615,25209.52358834146,600
27788.516388182554,1020,28808.516388182554,600
28728.47909054599,1180,29908.47909054599,600
30615.671107682767,1260,31875.671107682767,600
32884.34200832042,1400,34284.34200832042,600
32987.824252421706,1530,34517.824252421706,600
33114.48861393466,1520,34634.48861393466,600
33573.29196664111,1500,35073.29196664111,600
34024.49582301718,1490,35514.49582301718,600
33892.58853975708,1270,35162.58853975708,600
34916.17411867468,660,35576.17411867468,600
34916.17411867468,625,35541.17411867468,600
33456.00721852098,750,34206.00721852098,600
33724.26091390725,785,34509.26091390725,600
35937.76239406957,785,36722.76239406957,600
36055.13645250983,775,36830.13645250983,600
35453.444706728274,805,36258.444706728274,600
32988.86552956313,730,33718.86552956313,600
29934.815912013124,620,30554.815912013124,600
26170.308787233047,570,26740.308787233047,600
23780.9431080706,560,24340.9431080706,600
23183.44894733477,545,23728.44894733477,600
23356.95251219168,460,23816.95251219168,600
23407.556957440775,460,23867.556957440775,600
23544.60364366791,615,24159.60364366791,600
26714.876434396603,1020,27734.876434396603,600
27781.61310639314,1180,28961.61310639314,600
30116.162546800733,1260,31376.162546800733,600
33069.496510393226,1400,34469.496510393226,600
33002.211333081344,1530,34532.211333081344,600
33114.48861393466,1520,34634.48861393466,600
34076.9453382888,1500,35576.9453382888,600
34535.253424674585,1490,36025.253424674585,600
34490.001509292786,1270,35760.001509292786,600
35110.99646290071,660,35770.99646290071,600
35110.99646290071,625,35735.99646290071,600
33610.98904085258,750,34360.98904085258,600
33966.65724183821,785,34751.65724183821,600
36285.97927266502,785,37070.97927266502,600
36403.35333110529,775,37178.35333110529,600
35453.444706728274,805,36258.444706728274,600
32988.86552956313,730,33718.86552956313,600
29966.05422625578,620,30586.05422625578,600
26055.455715556232,570,26625.455715556232,600
23565.26274453611,560,24125.26274453611,600
23049.077511151307,545,23594.077511151307,600
23437.829096402107,460,23897.829096402107,600
23418.891248976255,460,23878.891248976255,600
24660.82026279199,615,25275.82026279199,600
27758.493912161564,1020,28778.493912161564,600
28743.438569166414,1180,29923.438569166414,600
30630.630586303196,1260,31890.630586303196,600
32950.9776560314,1400,34350.9776560314,600
33054.4599001327,1530,34584.4599001327,600
33009.796620951725,1520,34529.796620951725,600
33708.694531065994,1500,35208.694531065994,600
34535.253424674585,1490,36025.253424674585,600
34490.001509292786,1270,35760.001509292786,600
34971.445028150156,660,35631.445028150156,600
34971.445028150156,625,35596.445028150156,600
33374.57650436978,750,34124.57650436978,600
33730.707495196046,785,34515.707495196046,600
35533.215060837196,785,36318.215060837196,600
35584.779592027604,775,36359.779592027604,600
35543.69684477152,805,36348.69684477152,600
33159.060553015515,730,33889.060553015515,600
30105.010935465507,620,30725.010935465507,600
26049.605889588245,570,26619.605889588245,600
23846.85412432059,560,24406.85412432059,600
23223.807063129883,545,23768.807063129883,600
23358.355090173594,460,23818.355090173594,600
23202.587742980915,460,23662.587742980915,600
23484.481559985812,615,24099.481559985812,600
26664.864684908312,1020,27684.864684908312,600
27431.908399055643,1180,28611.908399055643,600
29710.27149920653,1260,30970.27149920653,600
32884.34200832042,1400,34284.34200832042,600
32987.824252421706,1530,34517.824252421706,600
33009.796620951725,1520,34529.796620951725,600
34564.287397834225,1500,36064.287397834225,600
34838.26304304831,1490,36328.26304304831,600
34793.01112766652,1270,36063.01112766652,600
35110.99646290071,660,35770.99646290071,600
35110.99646290071,625,35735.99646290071,600
33979.24390763541,750,34729.24390763541,600
34181.06493331097,785,34966.06493331097,600
36413.94472315976,785,37198.94472315976,600
36403.35333110529,775,37178.35333110529,600
35599.23568520735,805,36404.23568520735,600
32755.706730424776,730,33485.706730424776,600
29966.05422625578,620,30586.05422625578,600
26024.217401313577,570,26594.217401313577,600
23784.166398715002,560,24344.166398715002,600
23454.268284644553,545,23999.268284644553,600
23630.191347264765,460,24090.191347264765,600
23824.983244790736,460,24284.983244790736,600
25115.77312283319,615,25730.77312283319,600
28030.750333713306,1020,29050.750333713306,600
28331.78903570434,1180,29511.78903570434,600
31082.31753031993,1260,32342.31753031993,600
33307.56128779828,1400,34707.56128779828,600
33398.91153682303,1530,34928.91153682303,600
33077.59736238429,1520,34597.59736238429,600
32937.99518313367,1500,34437.99518313367,600
32885.54363808206,1490,34375.54363808206,600
32840.29172270027,1270,34110.29172270027,600
33348.05539885358,660,34008.05539885358,600
33348.05539885358,625,33973.05539885358,600
32847.89730837065,750,33597.89730837065,600
33510.222642395005,785,34295.222642395005,600
37663.14846850542,785,38448.14846850542,600
37609.042652751545,775,38384.042652751545,600
37204.8079056396,805,38009.8079056396,600
34792.44278926575,730,35522.44278926575,600
30943.5901862505,620,31563.5901862505,600
27369.916887991,570,27939.916887991,600
23829.598964517034,560,24389.598964517034,600
23525.312614521557,545,24070.312614521557,600
23479.764351259368,460,23939.764351259368,600
23628.086465401888,460,24088.086465401888,600
23774.614254021963,615,24389.614254021963,600
26384.525679385544,1020,27404.525679385544,600
26888.424654413564,1180,28068.424654413564,600
30030.124232043254,1260,31290.124232043254,600
32580.725485725863,1400,33980.72548572587,600
33217.920113535896,1530,34747.920113535896,600
33041.09379881445,1520,34561.09379881445,600
32715.868238310366,1500,34215.868238310366,600
32885.54363808206,1490,34375.54363808206,600
32840.29172270027,1270,34110.29172270027,600
33348.05539885358,660,34008.05539885358,600
33348.05539885358,625,33973.05539885358,600
32751.896833359566,750,33501.89683335957,600
33510.222642395005,785,34295.222642395005,600
37663.14846850542,785,38448.14846850542,600
37994.063502357254,775,38769.063502357254,600
37204.8079056396,805,38009.8079056396,600
34666.11334145326,730,35396.11334145326,600
30873.806349755218,620,31493.806349755218,600
27385.18489317185,570,27955.18489317185,600
23846.85412432059,560,24406.85412432059,600
23183.44894733477,545,23728.44894733477,600
23358.355090173594,460,23818.355090173594,600
23202.587742980915,460,23662.587742980915,600
23476.33199327468,615,24091.33199327468,600
26656.715118197197,1020,27676.715118197197,600
27401.999590714804,1180,28581.999590714804,600
29680.36269086569,1260,30940.36269086569,600
32127.37818166685,1400,33527.37818166685,600
33698.048334951454,1530,35228.048334951454,600
33463.14595479072,1520,34983.14595479072,600
34718.46542728475,1500,36218.46542728475,600
35016.69694353195,1490,36506.69694353195,600
34971.445028150156,1270,36241.445028150156,600
35119.5661940724,660,35779.5661940724,600
35120.06146039308,625,35745.06146039308,600
34490.001509292786,750,35240.001509292786,600
34664.13227617055,785,35449.13227617055,600
37906.40948271757,785,38691.40948271757,600
38023.78354115783,775,38798.78354115783,600
35453.444706728274,805,36258.444706728274,600
32755.706730424776,730,33485.706730424776,600
29934.815912013124,620,30554.815912013124,600
26162.78033320277,570,26732.78033320277,600
23973.66665977374,560,24533.66665977374,600
23344.509960774685,545,23889.509960774685,600
23358.355090173594,460,23818.355090173594,600
23202.587742980915,460,23662.587742980915,600
23506.240801615524,615,24121.240801615524,600
26686.623926538028,1020,27706.623926538028,600
27460.16090691422,1180,28640.16090691422,600
29684.653645791554,1260,30944.653645791554,600
32950.9776560314,1400,34350.9776560314,600
33054.4599001327,1530,34584.4599001327,600
33009.796620951725,1520,34529.796620951725,600
34718.46542728475,1500,36218.46542728475,600
34961.42603405649,1490,36451.42603405649,600
35110.99646290071,1270,36380.99646290071,600
35120.06146039308,660,35780.06146039308,600
35207.88192199299,625,35832.88192199299,600
34466.581907620806,750,35216.581907620806,600
34640.71267449858,785,35425.71267449858,600
38509.716933381336,785,39294.716933381336,600
38650.50653393356,775,39425.50653393356,600
35524.40581562516,805,36329.40581562516,600
32755.706730424776,730,33485.706730424776,600
30242.587394273352,620,30862.587394273352,600
26115.102830717675,570,26685.102830717675,600
23816.0988977186,560,24376.0988977186,600
23286.539443895537,545,23831.539443895537,600
23463.716910557454,460,23923.716910557454,600
23467.709487822904,460,23927.709487822904,600
23944.111033153382,615,24559.111033153382,600
27061.81252181031,1020,28081.81252181031,600
28508.316972765377,1180,29688.316972765377,600
30645.693583703753,1260,31905.693583703753,600
33496.82406459671,1400,34896.82406459671,600
33479.394343712906,1530,35009.394343712906,600
33242.196282369034,1520,34762.196282369034,600
35069.15051836357,1500,36569.15051836357,600
34961.42603405649,1490,36451.42603405649,600
34916.17411867468,1270,36186.17411867468,600
35110.99646290071,660,35770.99646290071,600
35110.99646290071,625,35735.99646290071,600
34620.759937071336,750,35370.759937071336,600
34640.71267449858,785,35425.71267449858,600
35657.44571612682,785,36442.44571612682,600
35826.4573778376,775,36601.4573778376,600
35443.713941395,805,36248.713941395,600
32755.706730424776,730,33485.706730424776,600
30078.08793350875,620,30698.08793350875,600
26115.102830717675,570,26685.102830717675,600
23973.66665977374,560,24533.66665977374,600
23344.509960774685,545,23889.509960774685,600
23356.95251219168,460,23816.95251219168,600
23201.185164999,460,23661.185164999,600
23506.240801615524,615,24121.240801615524,600
26686.623926538028,1020,27706.623926538028,600
27485.896487569353,1180,28665.896487569353,600
29764.259587720244,1260,31024.259587720244,600
33188.8577234562,1400,34588.8577234562,600
33093.378901905846,1530,34623.378901905846,600
33189.624980297245,1520,34709.624980297245,600
34587.70699950619,1500,36087.70699950619,600
34666.01185245311,1490,36156.01185245311,600
34620.759937071336,1270,35890.759937071336,600
34916.17411867468,660,35576.17411867468,600
34916.17411867468,625,35541.17411867468,600
33892.58853975708,750,34642.58853975708,600
34181.06493331097,785,34966.06493331097,600
37906.40948271757,785,38691.40948271757,600
37396.224279020964,775,38171.224279020964,600
35453.444706728274,805,36258.444706728274,600
33189.08302903651,730,33919.08302903651,600
30135.033411486504,620,30755.033411486504,600
26049.605889588245,570,26619.605889588245,600
23659.947922105395,560,24219.947922105395,600
23092.746198130928,545,23637.746198130928,600
23342.04580785133,460,23802.04580785133,600
23143.565800060318,460,23603.565800060318,600
23476.33199327468,615,24091.33199327468,600
26656.715118197197,1020,27676.715118197197,600
27401.999590714804,1180,28581.999590714804,600
29680.36269086569,1260,30940.36269086569,600
32884.34200832042,1400,34284.34200832042,600
32987.824252421706,1530,34517.824252421706,600
33009.796620951725,1520,34529.796620951725,600
34587.70699950619,1500,36087.70699950619,600
34838.26304304831,1490,36328.26304304831,600
34971.445028150156,1270,36241.445028150156,600
35110.99646290071,660,35770.99646290071,600
35110.99646290071,625,35735.99646290071,600
34466.581907620806,750,35216.581907620806,600
34664.13227617055,785,35449.13227617055,600
36413.94472315976,785,37198.94472315976,600
36403.35333110529,775,37178.35333110529,600
35694.20909153703,805,36499.20909153703,600
33068.3801313917,730,33798.3801313917,600
30014.33051384169,620,30634.33051384169,600
26049.605889588245,570,26619.605889588245,600
23306.352126502592,560,23866.352126502592,600
22869.661197146324,545,23414.661197146324,600
22999.619891603776,460,23459.619891603776,600
22919.715572014673,460,23379.715572014673,600
23406.268047139016,615,24021.268047139016,600
26314.19380228951,1020,27334.19380228951,600
26650.067588688118,1180,27830.067588688118,600
29791.769196097808,1260,31051.769196097808,600
32580.725485725863,1400,33980.72548572587,600
33217.920113535896,1530,34747.920113535896,600
33077.59736238429,1520,34597.59736238429,600
32937.99518313367,1500,34437.99518313367,600
33128.43929189371,1490,34618.43929189371,600
33083.18737651192,1270,34353.18737651192,600
33348.05539885358,660,34008.05539885358,600
33348.05539885358,625,33973.05539885358,600
32961.69895400604,750,33711.69895400604,600
33537.33441389202,785,34322.33441389202,600
37540.24934889762,785,38325.24934889762,600
37961.15264939231,775,38736.15264939231,600
37204.8079056396,805,38009.8079056396,600
34792.44278926575,730,35522.44278926575,600
31009.48902382049,620,31629.48902382049,600
27385.18489317185,570,27955.18489317185,600
23739.90704575458,560,24299.90704575458,600
23370.71645039048,545,23915.71645039048,600
23016.50766122683,460,23476.50766122683,600
22970.608246024167,460,23430.608246024167,600
23406.268047139016,615,24021.268047139016,600
26314.19380228951,1020,27334.19380228951,600
27397.357483848464,1180,28577.357483848464,600
30030.124232043254,1260,31290.124232043254,600
32761.716909012986,1400,34161.71690901299,600
33398.91153682303,1530,34928.91153682303,600
33077.59736238429,1520,34597.59736238429,600
33180.89083694533,1500,34680.89083694533,600
33411.18764627977,1490,34901.18764627977,600
33365.93573089799,1270,34635.93573089799,600
33251.38712622159,660,33911.38712622159,600
33251.38712622159,625,33876.38712622159,600
32920.52283686982,750,33670.52283686982,600
33678.848645905244,785,34463.848645905244,600
38656.86786446226,785,39441.86786446226,600
38983.59749194837,775,39758.59749194837,600
37255.751324149154,805,38060.751324149154,600
34777.49142976534,730,35507.49142976534,600
30869.677777229594,620,31489.677777229594,600
27369.916887991,570,27939.916887991,600
23973.66665977374,560,24533.66665977374,600
23362.089885378697,545,23907.089885378697,600
23540.75924034265,460,24000.75924034265,600
23203.409803882034,460,23663.409803882034,600
23476.33199327468,615,24091.33199327468,600
26656.715118197197,1020,27676.715118197197,600
27410.14915742593,1180,28590.14915742593,600
29710.27149920653,1260,30970.27149920653,600
33188.8577234562,1400,34588.8577234562,600
33093.378901905846,1530,34623.378901905846,600
33189.624980297245,1520,34709.624980297245,600
35069.15051836357,1500,36569.15051836357,600
34961.42603405649,1490,36451.42603405649,600
34916.17411867468,1270,36186.17411867468,600
35120.06146039308,660,35780.06146039308,600
35119.5661940724,625,35744.5661940724,600
34466.581907620806,750,35216.581907620806,600
34640.71267449858,785,35425.71267449858,600
38533.132475493294,785,39318.132475493294,600
37396.224279020964,775,38171.224279020964,600
35453.444706728274,805,36258.444706728274,600
32755.706730424776,730,33485.706730424776,600
29966.05422625578,620,30586.05422625578,600
26024.217401313577,570,26594.217401313577,600
23583.853499581488,560,24143.853499581488,600
23134.508921687957,545,23679.508921687957,600
23584.419808202267,460,24044.419808202267,600
23519.012177392957,460,23979.012177392957,600
23587.115356045946,615,24202.115356045946,600
27525.14837326295,1020,28545.14837326295,600
28508.316972765377,1180,29688.316972765377,600
30382.325568784152,1260,31642.325568784152,600
33964.8142015957,1400,35364.8142015957,600
33431.27434918721,1530,34961.27434918721,600
33204.422076517454,1520,34724.422076517454,600
35013.87960888809,1500,36513.87960888809,600
35156.24837828249,1490,36646.24837828249,600
35110.99646290071,1270,36380.99646290071,600
35207.88192199299,660,35867.88192199299,600
35316.26811458098,625,35941.26811458098,600
34971.445028150156,750,35721.445028150156,600
34967.141894544286,785,35752.141894544286,600
39886.15134886071,785,40671.15134886071,600
40377.63821917179,775,41152.63821917179,600
35976.51495388247,805,36781.51495388247,600
32760.458445411263,730,33490.45844541126,600
30283.345376729005,620,30903.345376729005,600
26331.988883573806,570,26901.988883573806,600
23485.210251006807,560,24045.210251006807,600
23049.077511151307,545,23594.077511151307,600
23604.246699269333,460,24064.246699269333,600
23519.012177392957,460,23979.012177392957,600
24594.52358834146,615,25209.52358834146,600
27788.516388182554,1020,28808.516388182554,600
28508.316972765377,1180,29688.316972765377,600
30645.693583703753,1260,31905.693583703753,600
34096.524596195544,1400,35496.524596195544,600
33497.08387643706,1530,35027.08387643706,600
33405.38247547185,1520,34925.38247547185,600
35208.70195311411,1500,36708.70195311411,600
35178.49882667286,1490,36668.49882667286,600
35100.754193006724,1270,36370.754193006724,600
35316.26811458098,660,35976.26811458098,600
35316.26811458098,625,35941.26811458098,600
34620.759937071336,750,35370.759937071336,600
34794.89070394908,785,35579.89070394908,600
39323.58564241258,785,40108.58564241258,600
39440.95970085285,775,40215.95970085285,600
35976.51495388247,805,36781.51495388247,600
32819.792974452284,730,33549.792974452284,600
30194.31719602745,620,30814.31719602745,600
26331.988883573806,570,26901.988883573806,600
23411.206501885765,560,23971.206501885765,600
22781.47740492593,545,23326.47740492593,600
23437.829096402107,460,23897.829096402107,600
23418.891248976255,460,23878.891248976255,600
24494.40265992476,615,25109.40265992476,600
28008.67850596317,1020,29028.67850596317,600
28743.438569166414,1180,29923.438569166414,600
30630.630586303196,1260,31890.630586303196,600
34096.524596195544,1400,35496.524596195544,600
33431.27434918721,1530,34961.27434918721,600
33405.38247547185,1520,34925.38247547185,600
35208.70195311411,1500,36708.70195311411,600
35156.24837828249,1490,36646.24837828249,600
35110.99646290071,1270,36380.99646290071,600
35316.26811458098,660,35976.26811458098,600
35316.26811458098,625,35941.26811458098,600
34793.01112766652,750,35543.01112766652,600
34794.89070394908,785,35579.89070394908,600
40260.26416073153,785,41045.26416073153,600
40003.52540730097,775,40778.52540730097,600
35927.99103313623,805,36732.99103313623,600
32801.59599672743,730,33531.59599672743,600
30367.3376732437,620,30987.3376732437,600
26167.489422809194,570,26737.489422809194,600
23442.45902458843,560,24002.45902458843,600
22781.47740492593,545,23326.47740492593,600
23502.430904550318,460,23962.430904550318,600
23418.891248976255,460,23878.891248976255,600
24675.779741412418,615,25290.779741412418,600
28023.637984583595,1020,29043.637984583595,600
28562.061487678762,1180,29742.061487678762,600
30590.771796388777,1260,31850.771796388777,600
34096.524596195544,1400,35496.524596195544,600
33431.27434918721,1530,34961.27434918721,600
33204.422076517454,1520,34724.422076517454,600
35208.70195311411,1500,36708.70195311411,600
35178.49882667286,1490,36668.49882667286,600
35133.24691129108,1270,36403.24691129108,600
35515.24338869266,660,36175.24338869266,600
35399.1968063742,625,36024.1968063742,600
34916.17411867468,750,35666.17411867468,600
35090.30488555245,785,35875.30488555245,600
39886.15134886071,785,40671.15134886071,600
40003.52540730097,775,40778.52540730097,600
36107.66309942156,805,36912.66309942156,600
33049.584368566044,730,33779.584368566044,600
30424.108590141204,620,31044.108590141204,600
26372.74686602946,570,26942.74686602946,600
23932.74832469787,560,24492.74832469787,600
23514.327445146562,545,24059.327445146562,600
23484.57087030593,460,23944.57087030593,600
23933.730738219216,460,24393.730738219216,600
25450.29710552994,615,26065.29710552994,600
28588.241590154506,1020,29608.241590154506,600
28889.28029214554,1180,30069.28029214554,600
31809.965244393457,1260,33069.96524439346,600
34130.7710444023,1400,35530.7710444023,600
33766.31389600466,1530,35296.31389600466,600
33138.787110347825,1520,34658.787110347825,600
32937.99518313367,1500,34437.99518313367,600
33906.57372397618,1490,35396.57372397618,600
33892.53779525701,1270,35162.53779525701,600
33874.6574632126,660,34534.6574632126,600
33615.72045803904,625,34240.72045803904,600
33349.49857243554,750,34099.49857243554,600
33874.83811363284,785,34659.83811363284,600
38828.00673561593,785,39613.00673561593,600
39189.83125934996,775,39964.83125934996,600
37811.046358627354,805,38616.046358627354,600
34605.345787730286,730,35335.345787730286,600
30585.17772270113,620,31205.17772270113,600
26844.896022254132,570,27414.896022254132,600
23932.74832469787,560,24492.74832469787,600
23514.327445146562,545,24059.327445146562,600
23506.26515897555,460,23966.26515897555,600
23933.730738219216,460,24393.730738219216,600
25119.55054341834,615,25734.55054341834,600
28034.52775429846,1020,29054.52775429846,600
28889.28029214554,1180,30069.28029214554,600
31227.61324247831,1260,32487.61324247831,600
33416.913655667595,1400,34816.913655667595,600
34239.54289519081,1530,35769.54289519081,600
33601.771809859994,1520,35121.771809859994,600
33336.84492389827,1500,34836.84492389827,600
33536.74983725123,1490,35026.74983725123,600
33759.713051435654,1270,35029.713051435654,600
33977.155264012545,660,34637.155264012545,600
33888.102725950965,625,34513.102725950965,600
33349.49857243554,750,34099.49857243554,600
33874.83811363284,785,34659.83811363284,600
38865.642916427314,785,39650.642916427314,600
39192.37254391343,775,39967.37254391343,600
38372.06943227338,805,39177.06943227338,600
34014.005919962874,730,34744.005919962874,600
30445.711538710704,620,31065.711538710704,600
26745.81028163884,570,27315.81028163884,600
23765.7096091498,560,24325.7096091498,600
23101.112951302355,545,23646.112951302355,600
23248.19081030318,460,23708.19081030318,600
23421.688285820062,460,23881.688285820062,600
25131.388220394496,615,25746.388220394496,600
28938.498397652747,1020,29958.498397652747,600
29586.1869880771,1180,30766.1869880771,600
31097.687024500912,1260,32357.687024500912,600
34144.64256094124,1400,35544.64256094124,600
33479.394343712906,1530,35009.394343712906,600
33138.61254926759,1520,34658.61254926759,600
35069.15051836357,1500,36569.15051836357,600
34961.42603405649,1490,36451.42603405649,600
34916.17411867468,1270,36186.17411867468,600
35316.26811458098,660,35976.26811458098,600
35207.88192199299,625,35832.88192199299,600
34916.17411867468,750,35666.17411867468,600
35090.30488555245,785,35875.30488555245,600
38509.716933381336,785,39294.716933381336,600
38627.090991821584,775,39402.090991821584,600
36042.42597013248,805,36847.42597013248,600
32885.588293242115,730,33615.588293242115,600
30367.3376732437,620,30987.3376732437,600
26331.988883573806,570,26901.988883573806,600
23411.206501885765,560,23971.206501885765,600
22781.47740492593,545,23326.47740492593,600
23366.784766525107,460,23826.784766525107,600
23396.285589085386,460,23856.285589085386,600
24675.779741412418,615,25290.779741412418,600
28023.637984583595,1020,29043.637984583595,600
28562.061487678762,1180,29742.061487678762,600
30445.476084230377,1260,31705.476084230377,600
34096.524596195544,1400,35496.524596195544,600
33788.71860767526,1530,35318.71860767526,600
33591.9598533266,1520,35111.9598533266,600
35013.87960888809,1500,36513.87960888809,600
35164.818109454194,1490,36654.818109454194,600
35207.88192199299,1270,36477.88192199299,600
35522.32732090233,660,36182.32732090233,600
35508.58165072356,625,36133.58165072356,600
35110.99646290071,750,35860.99646290071,600
35090.30488555245,785,35875.30488555245,600
40260.26416073153,785,41045.26416073153,600
40377.63821917179,775,41152.63821917179,600
36042.42597013248,805,36847.42597013248,600
32819.792974452284,730,33549.792974452284,600
30194.31719602745,620,30814.31719602745,600
26372.74686602946,570,26942.74686602946,600
23533.470300352696,560,24093.470300352696,600
22839.652929585354,545,23384.652929585354,600
23077.632456230298,460,23537.632456230298,600
23192.300817926858,460,23652.300817926858,600
24821.826472171822,615,25436.826472171822,600
28392.65198908744,1020,29412.65198908744,600
29001.421577738663,1180,30181.421577738663,600
30512.921614162467,1260,31772.921614162467,600
34363.310760639804,1400,35763.310760639804,600
33755.80775471032,1530,35285.80775471032,600
33591.9598533266,1520,35111.9598533266,600
35230.95240150449,1500,36730.95240150449,600
35253.13383737476,1490,36743.13383737476,600
35207.88192199299,1270,36477.88192199299,600
35688.08321548867,660,36348.08321548867,600
35429.14824009511,625,36054.14824009511,600
35110.99646290071,750,35860.99646290071,600
35214.29602680175,785,35999.29602680175,600
40260.26416073153,785,41045.26416073153,600
40377.63821917179,775,41152.63821917179,600
36042.42597013248,805,36847.42597013248,600
33082.49522153097,730,33812.49522153097,600
30424.108590141204,620,31044.108590141204,600
26372.74686602946,570,26942.74686602946,600
23478.9828859583,560,24038.9828859583,600
22780.34275790438,545,23325.34275790438,600
23052.838693496444,460,23512.838693496444,600
23270.95885259426,460,23730.95885259426,600
24954.931325633566,615,25569.931325633566,600
28653.125537723095,1020,29673.125537723095,600
29051.069996606453,1180,30231.069996606453,600
30308.591780403473,1260,31568.591780403473,600
34249.64714004462,1400,35649.64714004462,600
34010.760301738424,1530,35540.760301738424,600
34013.53298122222,1520,35533.53298122222,600
35763.29468371136,1500,37263.29468371136,600
35785.47611958164,1490,37275.47611958164,600
35645.07623678994,1270,36915.07623678994,600
35976.93308856306,660,36636.93308856306,600
35733.50157283067,625,36358.50157283067,600
35643.33874510756,750,36393.33874510756,600
35774.38540164649,785,36559.38540164649,600
40904.5285122912,785,41689.5285122912,600
42015.05768784753,775,42790.05768784753,600
38716.11308318315,805,39521.11308318315,600
33449.12626431157,730,34179.12626431157,600
30784.751781913626,620,31404.751781913626,600
26180.44550856689,570,26750.44550856689,600
23604.731816690008,560,24164.731816690008,600
22852.099540562354,545,23397.099540562354,600
23073.552598424725,460,23533.552598424725,600
23290.52593182098,460,23750.52593182098,600
24821.826472171822,615,25436.826472171822,600
28653.125537723095,1020,29673.125537723095,600
29596.916405171753,1180,30776.916405171753,550
30854.438188968776,1260,32114.438188968776,550
34345.554245175554,1400,35745.554245175554,550
34556.59047206372,1530,36086.59047206372,550
34641.695088019915,1520,36161.695088019915,550
35742.78172700335,1500,37242.78172700335,550
35813.43430933982,1490,37303.43430933982,550
35768.18239395802,1270,37038.18239395802,550
36755.361838745914,660,37415.361838745914,550
36511.930323013534,625,37136.930323013534,550
35665.589193497945,750,36415.589193497945,550
35796.63585003688,785,36581.63585003688,550
41897.68362940727,785,42682.68362940727,550
41443.86947594763,775,42218.86947594763,550
37847.89498479768,805,38652.89498479768,550
33602.30564200073,730,34332.30564200073,550
30784.751781913626,620,31404.751781913626,550
26180.44550856689,570,26750.44550856689,550
24028.80360376902,560,24588.80360376902,550
23445.304776152312,545,23990.304776152312,550
23719.0591753461,460,24179.0591753461,550
24088.625280010703,460,24548.625280010703,550
26711.539476072056,615,27326.539476072056,550
30256.540102012405,1020,31276.540102012405,550
30469.248867622846,1180,31649.248867622846,550
32633.164852097463,1260,33893.16485209746,550
34284.83134661266,1400,35684.83134661266,550
34285.529590933606,1530,35815.529590933606,550
33824.62135636428,1520,35344.62135636428,550
33921.44186249648,1500,35421.44186249648,550
34121.34474606943,1490,35611.34474606943,550
34076.092830687645,1270,35346.092830687645,550
34295.024901786564,660,34955.024901786564,550
34051.60150517419,625,34676.60150517419,550
33987.645167066876,750,34737.645167066876,550
34512.974559364164,785,35297.974559364164,550
39725.83120512182,785,40510.83120512182,550
40014.924651796544,775,40789.924651796544,550
38960.141354236344,805,39765.141354236344,550
34416.90101227298,730,35146.90101227298,550
29852.283027320424,620,30472.283027320424,550
26618.18583418458,570,27188.18583418458,550
24036.366564059354,560,24596.366564059354,550
23407.804590601114,545,23952.804590601114,550
23719.0591753461,460,24179.0591753461,550
24032.98495057474,460,24492.98495057474,550
26919.65078997621,615,27534.65078997621,550
30207.94919852606,1020,31227.94919852606,550
30469.248867622846,1180,31649.248867622846,550
32633.164852097463,1260,33893.16485209746,550
34284.83134661266,1400,35684.83134661266,550
34285.529590933606,1530,35815.529590933606,550
33824.62135636428,1520,35344.62135636428,550
34173.80238046106,1500,35673.80238046106,550
34301.38217275524,1490,35791.38217275524,550
34256.13025737346,1270,35526.13025737346,550
34245.14508799846,660,34905.14508799846,550
34171.606158498056,625,34796.606158498056,550
33903.967486452624,750,34653.967486452624,550
34509.2722406391,785,35294.2722406391,550
39725.83120512182,785,40510.83120512182,550
40052.56083260794,775,40827.56083260794,550
38837.90394290944,805,39642.90394290944,550
34416.90101227298,730,35146.90101227298,550
29852.283027320424,620,30472.283027320424,550
26748.268345222194,570,27318.268345222194,550
23711.526661755815,560,24271.526661755815,550
22925.285288342282,545,23470.285288342282,550
23210.802262652127,460,23670.802262652127,550
23427.77762582838,460,23887.77762582838,550
25752.101034582032,615,26367.101034582032,550
29663.560172002744,1020,30683.560172002744,550
30089.822091704766,1180,31269.822091704766,550
31836.581749569803,1260,33096.5817495698,550
34883.46624371003,1400,36283.46624371003,550
35264.76447679065,1530,36794.76447679065,550
35138.71513861854,1520,36658.71513861854,550
35837.929694413266,1500,37337.929694413266,550
35833.395165887065,1490,37323.395165887065,550
35844.04745134161,1270,37114.04745134161,550
37001.46048540194,660,37661.46048540194,550
36244.81127464881,625,36869.81127464881,550
35643.33874510756,750,36393.33874510756,550
35796.63585003688,785,36581.63585003688,550
41932.7176322551,785,42717.7176322551,550
42017.598972411,775,42792.598972411,550
38692.69754107116,805,39497.69754107116,550
33135.22484644298,730,33865.22484644298,550
29637.29684854688,620,30257.29684854688,550
26537.13671867391,570,27107.13671867391,550
23711.526661755815,560,24271.526661755815,550
22925.285288342282,545,23470.285288342282,550
23210.802262652127,460,23670.802262652127,550
23427.77762582838,460,23887.77762582838,550
25673.93014711529,615,26288.93014711529,550
29707.531296202786,1020,30727.531296202786,550
30012.52400963923,1180,31192.52400963923,550
31650.00843127506,1260,32910.008431275055,550
34750.450700568406,1400,36150.450700568406,550
35679.18465995651,1530,37209.18465995651,550
35620.16677659592,1520,37140.16677659592,550
36197.95989262485,1500,37697.95989262485,550
36800.61375412772,1490,38290.61375412772,550
36755.361838745914,1270,38025.361838745914,550
36969.01242227765,660,37629.01242227765,550
36958.40073242316,625,37583.40073242316,550
35645.07623678994,750,36395.07623678994,550
35871.270860738776,785,36656.270860738776,550
41895.081451443715,785,42680.081451443715,550
42012.45550988398,775,42787.45550988398,550
39070.30969366676,805,39875.30969366676,550
33135.22484644298,730,33865.22484644298,550
29637.29684854688,620,30257.29684854688,550
26715.456951477394,570,27285.456951477394,550
23613.97543482262,560,24173.97543482262,550
22863.555618897997,545,23408.555618897997,550
23204.712922643816,460,23664.712922643816,550
23421.688285820062,460,23881.688285820062,550
25210.046255061898,615,25825.046255061898,550
29198.971946288388,1020,30218.971946288388,550
29596.916405171753,1180,30776.916405171753,550
30893.357190741925,1260,32153.357190741925,550
34883.46624371003,1400,36283.46624371003,550
35264.76447679065,1530,36794.76447679065,550
35115.29959650658,1520,36635.29959650658,550
35742.78172700335,1500,37242.78172700335,550
36022.185003944855,1490,37512.185003944855,550
36100.25440241145,1270,37370.25440241145,550
37024.275212633096,660,37684.275212633096,550
36895.46537365722,625,37520.46537365722,550
35651.90847627926,750,36401.90847627926,550
35796.63585003688,785,36581.63585003688,550
41897.68362940727,785,42682.68362940727,550
41021.902570731494,775,41796.902570731494,550
36387.9107648442,805,37192.9107648442,550
33241.36610234789,730,33971.36610234789,550
30423.812242260803,620,31043.812242260803,550
26261.173918837114,570,26831.173918837114,550
23428.473840369337,560,23988.473840369337,550
22722.167233244945,545,23267.167233244945,550
23413.03533366825,460,23873.03533366825,550
23418.891248976255,460,23878.891248976255,550
23962.66525215872,615,24577.66525215872,550
27186.28472092026,1020,28206.28472092026,550
28421.96404210747,1180,29601.96404210747,550
30441.363749944765,1260,31701.363749944765,550
33331.41323261085,1400,34731.41323261085,550
35607.98403701928,1530,37137.98403701928,550
35759.71821134647,1520,37279.71821134647,550
35807.12169353118,1500,37307.12169353118,550
36022.185003944855,1490,37512.185003944855,550
36100.25440241145,1270,37370.25440241145,550
37001.46048540194,660,37661.46048540194,550
36758.02896966956,625,37383.02896966956,550
35665.589193497945,750,36415.589193497945,550
35796.63585003688,785,36581.63585003688,550
41897.68362940727,785,42682.68362940727,550
42015.05768784753,775,42790.05768784753,550
36354.99991187928,805,37159.99991187928,550
33241.36610234789,730,33971.36610234789,550
30423.812242260803,620,31043.812242260803,550
26261.173918837114,570,26831.173918837114,550
23466.530185641295,560,24026.530185641295,550
22883.544892365288,545,23428.544892365288,550
23341.99100379125,460,23801.99100379125,550
23433.278329635898,460,23893.278329635898,550
24133.98274395264,615,24748.98274395264,550
27452.447742903685,1020,28472.447742903685,550
28421.96404210747,1180,29601.96404210747,550
30411.341273923772,1260,31671.341273923772,550
34345.554245175554,1400,35745.554245175554,550
34274.98691359921,1530,35804.98691359921,550
34641.695088019915,1520,36161.695088019915,550
35742.78172700335,1500,37242.78172700335,550
36022.185003944855,1490,37512.185003944855,550
35976.93308856306,1270,37246.93308856306,550
37001.46048540194,660,37661.46048540194,550
36758.02896966956,625,37383.02896966956,550
35665.589193497945,750,36415.589193497945,550
35796.63585003688,785,36581.63585003688,550
41897.68362940727,785,42682.68362940727,550
42015.05768784753,775,42790.05768784753,550
36387.9107648442,805,37192.9107648442,550
33162.75881218057,730,33892.75881218057,550
30423.812242260803,620,31043.812242260803,550
26261.173918837114,570,26831.173918837114,550
23759.496452561318,560,24319.496452561318,550
23223.411256029343,545,23768.411256029343,550
23652.61432695538,460,24112.61432695538,550
23805.757168604476,460,24265.757168604476,550
25170.646195428108,615,25785.646195428108,550
28282.637912937233,1020,29302.637912937233,550
28583.676614928278,1180,29763.676614928278,550
31203.0650831248,1260,32463.0650831248,550
33958.92175024766,1400,35358.92175024766,550
34063.41076523032,1530,35593.41076523032,550
33824.62135636428,1520,35344.62135636428,550
34173.80238046106,1500,35673.80238046106,550
34270.16821587264,1490,35760.16821587264,550
34256.13025737346,1270,35526.13025737346,550
34300.40787835392,660,34960.40787835392,550
34056.98042218154,625,34681.98042218154,550
34001.32588428556,750,34751.32588428556,550
34526.65527658284,785,35311.65527658284,550
39723.28992055835,785,40508.28992055835,550
40050.01954804447,775,40825.01954804447,550
37704.68182692212,805,38509.68182692212,550
35082.636376701994,730,35812.636376701994,550
31062.478460572846,620,31682.478460572846,550
27207.250318568895,570,27777.250318568895,550
23759.496452561318,560,24319.496452561318,550
23168.595017274496,545,23713.595017274496,550
23723.658656832384,460,24183.658656832384,550
23874.101891077797,460,24334.101891077797,550
25104.349520977583,615,25719.349520977583,550
27799.651761277764,1020,28819.651761277764,550
28583.676614928278,1180,29763.676614928278,550
31203.0650831248,1260,32463.0650831248,550
34284.83134661266,1400,35684.83134661266,550
34285.529590933606,1530,35815.529590933606,550
33824.62135636428,1520,35344.62135636428,550
34322.621790704245,1500,35822.621790704245,550
34301.38217275524,1490,35791.38217275524,550
34256.13025737346,1270,35526.13025737346,550
34245.14508799846,660,34905.14508799846,550
34171.606158498056,625,34796.606158498056,550
33903.967486452624,750,34653.967486452624,550
34509.2722406391,785,35294.2722406391,550
39681.224759780904,785,40466.224759780904,550
39967.77286233216,775,40742.77286233216,550
39041.29195874715,805,39846.29195874715,550
34416.90101227298,730,35146.90101227298,550
31029.567607607893,620,31649.567607607893,550
27003.12752237018,570,27573.12752237018,550
23604.731816690008,560,24164.731816690008,550
22863.555618897997,545,23408.555618897997,550
23204.712922643816,460,23664.712922643816,550
23290.52593182098,460,23750.52593182098,550
24788.64565846652,615,25403.64565846652,550
28619.94472401779,1020,29639.94472401779,550
29288.950064031258,1180,30468.950064031258,550
30854.438188968776,1260,32114.438188968776,550
34883.46624371003,1400,36283.46624371003,550
35264.76447679065,1530,36794.76447679065,550
35115.29959650658,1520,36635.29959650658,550
35948.83687376468,1500,37448.83687376468,550
36533.49470576299,1490,38023.49470576299,550
36652.72398312578,1270,37922.72398312578,550
37031.94778104357,660,37691.94778104357,550
36958.40073242316,625,37583.40073242316,550
35645.07623678994,750,36395.07623678994,550
35796.63585003688,785,36581.63585003688,550
41932.7176322551,785,42717.7176322551,550
42017.598972411,775,42792.598972411,550
38716.11308318315,805,39521.11308318315,550
33135.22484644298,730,33865.22484644298,550
29637.29684854688,620,30257.29684854688,550
26715.456951477394,570,27285.456951477394,550
23711.526661755815,560,24271.526661755815,550
22925.285288342282,545,23470.285288342282,550
23149.07259320784,460,23609.07259320784,550
23366.047956384107,460,23826.047956384107,550
25742.85741644941,615,26357.85741644941,550
29654.320613430136,1020,30674.320613430136,550
30032.058612385896,1180,31212.058612385896,550
31650.00843127506,1260,32910.008431275055,550
34883.46624371003,1400,36283.46624371003,550
35241.34893467868,1530,36771.34893467868,550
35115.29959650658,1520,36635.29959650658,550
35742.78172700335,1500,37242.78172700335,550
35889.2993667234,1490,37379.2993667234,550
35844.04745134161,1270,37114.04745134161,550
37001.46048540194,660,37661.46048540194,550
36568.70732925107,625,37193.70732925107,550
35651.90847627926,750,36401.90847627926,550
35783.45039913886,785,36568.45039913886,550
41893.74179664188,785,42678.74179664188,550
42026.29860950288,775,42801.29860950288,550
38089.39009040741,805,38894.39009040741,550
33504.068349426605,730,34234.068349426605,550
30686.51448933949,620,31306.51448933949,550
26301.931901292766,570,26871.931901292766,550
23550.73966861628,560,24110.73966861628,550
22870.781635707863,545,23415.781635707863,550
23004.919647191018,460,23464.919647191018,550
23270.95885259426,460,23730.95885259426,550
25545.199469559517,615,26160.199469559517,550
29707.531296202786,1020,30727.531296202786,550
30017.618757446184,1180,31197.618757446184,550
31454.138720567626,1260,32714.138720567626,550
34883.46624371003,1400,36283.46624371003,550
35264.76447679065,1530,36794.76447679065,550
35138.71513861854,1520,36658.71513861854,550
36074.638578776474,1500,37574.638578776474,550
36800.61375412772,1490,38290.61375412772,550
36755.361838745914,1270,38025.361838745914,550
37031.94778104357,660,37691.94778104357,550
36895.46537365722,625,37520.46537365722,550
35740.224204199854,750,36490.224204199854,550
35871.270860738776,785,36656.270860738776,550
41932.7176322551,785,42717.7176322551,550
42050.09169069537,775,42825.09169069537,550
39070.30969366676,805,39875.30969366676,550
33135.22484644298,730,33865.22484644298,550
30000.75737496316,620,30620.75737496316,550
26540.17732911807,570,27110.17732911807,550
23711.526661755815,560,24271.526661755815,550
22925.285288342282,545,23470.285288342282,550
23149.07259320784,460,23609.07259320784,550
23366.047956384107,460,23826.047956384107,550
25742.85741644941,615,26357.85741644941,550
29654.320613430136,1020,30674.320613430136,550
30032.058612385896,1180,31212.058612385896,550
31740.67870399885,1260,33000.67870399885,550
34883.46624371003,1400,36283.46624371003,550
35679.18465995651,1530,37209.18465995651,550
35564.89180756045,1520,37084.89180756045,550
35941.752941555016,1500,37441.752941555016,550
36145.50631779322,1490,37635.50631779322,550
36488.242790381206,1270,37758.242790381206,550
37001.46048540194,660,37661.46048540194,550
36958.40073242316,625,37583.40073242316,550
35856.82288667905,750,36606.82288667905,550
36067.834756207165,785,36852.834756207165,550
40904.5285122912,785,41689.5285122912,550
41021.902570731494,775,41796.902570731494,550
40438.43824937482,805,41243.43824937482,550
34531.900228110004,730,35261.900228110004,550
31033.970200433916,620,31653.970200433916,550
26555.7274737193,570,27125.7274737193,550
23794.020980628447,560,24354.020980628447,550
23013.803994263148,545,23558.803994263148,550
23210.802262652127,460,23670.802262652127,550
23427.77762582838,460,23887.77762582838,550
25804.587085893694,615,26419.587085893694,550
29630.649319037813,1020,30650.649319037813,550
30089.822091704766,1180,31269.822091704766,550
32109.94034166304,1260,33369.94034166304,550
34883.46624371003,1400,36283.46624371003,550
35241.34893467868,1530,36771.34893467868,550
35115.29959650658,1520,36635.29959650658,550
35601.49280057043,1500,37101.49280057043,550
35697.160391661055,1490,37187.160391661055,550
35740.224204199854,1270,37010.224204199854,550
35651.90847627926,660,36311.90847627926,550
35740.224204199854,625,36365.224204199854,550
35448.51234132155,750,36198.51234132155,550
35774.38540164649,785,36559.38540164649,550
40904.5285122912,785,41689.5285122912,550
42015.05768784753,775,42790.05768784753,550
40438.43824937482,805,41243.43824937482,550
33537.878394932755,730,34267.878394932755,550
29613.877246874905,620,30233.877246874905,550
26206.64387906266,570,26776.64387906266,550
24036.366564059354,560,24596.366564059354,550
23407.804590601114,545,23952.804590601114,550
23681.5589897949,460,24141.5589897949,550
23995.484765023535,460,24455.484765023535,550
26882.150604425,615,27497.150604425,550
30085.050078918255,1020,31105.050078918255,550
30346.34974801504,1180,31526.34974801504,550
32510.265732489654,1260,33770.26573248966,550
34151.81986303103,1400,35551.81986303103,550
34285.529590933606,1530,35815.529590933606,550
34067.52309951594,1520,35587.52309951594,550
33921.44186249648,1500,35421.44186249648,550
34121.34474606943,1490,35611.34474606943,550
34076.092830687645,1270,35346.092830687645,550
34295.024901786564,660,34955.024901786564,550
34056.98042218154,625,34681.98042218154,550
33988.13637382755,750,34738.13637382755,550
34513.469825684835,785,35298.469825684835,550
39688.19502431044,785,40473.19502431044,550
40052.56083260794,775,40827.56083260794,550
38837.90394290944,805,39642.90394290944,550
34416.90101227298,730,35146.90101227298,550
29852.283027320424,620,30472.283027320424,550
27066.448539336645,570,27636.448539336645,550
24036.366564059354,560,24596.366564059354,550
23407.804590601114,545,23952.804590601114,550
23719.0591753461,460,24179.0591753461,550
24032.98495057474,460,24492.98495057474,550
26850.721490862084,615,27465.721490862084,550
30213.041916553007,1020,31233.041916553007,550
30469.248867622846,1180,31649.248867622846,550
32633.164852097463,1260,33893.16485209746,550
34553.48084909948,1400,35953.48084909948,550
34528.42118518526,1530,36058.42118518526,550
34067.52309951594,1520,35587.52309951594,550
34322.621790704245,1500,35822.621790704245,550
34301.38217275524,1490,35791.38217275524,550
34256.13025737346,1270,35526.13025737346,550
34245.14508799846,660,34905.14508799846,550
34171.606158498056,625,34796.606158498056,550
34057.55282014232,750,34807.55282014232,550
34592.874819393255,785,35377.874819393255,550
39527.64348565122,785,40312.64348565122,550
39940.94323025553,775,40715.94323025553,550
38960.141354236344,805,39765.141354236344,550
34416.90101227298,730,35146.90101227298,550
29852.283027320424,620,30472.283027320424,550
26618.18583418458,570,27188.18583418458,550
23711.526661755815,560,24271.526661755815,550
22925.285288342282,545,23470.285288342282,550
23158.31621134046,460,23618.31621134046,550
23427.77762582838,460,23887.77762582838,550
25742.85741644941,615,26357.85741644941,550
29654.320613430136,1020,30674.320613430136,550
30122.73294466971,1180,31302.73294466971,550
31707.767851033917,1260,32967.76785103392,550
35015.10965556979,1400,36415.10965556979,550
35500.73858079285,1530,37030.73858079285,550
35620.16677659592,1520,37140.16677659592,550
36853.067328959325,1500,38353.067328959325,550
37069.52712801488,1490,38559.52712801488,550
37001.46048540194,1270,38271.46048540194,550
37226.00286842854,660,37886.00286842854,550
37152.455819808114,625,37777.455819808114,550
35728.00086902316,750,36478.00086902316,550
35909.21556811059,785,36694.21556811059,550
41958.08176316974,785,42743.08176316974,550
42154.178809237485,775,42929.178809237485,550
38692.69754107116,805,39497.69754107116,550
33498.68537285925,730,34228.68537285925,550
30000.75737496316,620,30620.75737496316,550
26180.44550856689,570,26750.44550856689,550
23604.731816690008,560,24164.731816690008,550
22863.555618897997,545,23408.555618897997,550
23073.552598424725,460,23533.552598424725,550
23221.892980587272,460,23681.892980587272,550
24821.826472171822,615,25436.826472171822,550
28653.125537723095,1020,29673.125537723095,550
29596.916405171753,1180,30776.916405171753,550
31346.730881940955,1260,32606.730881940955,550
35015.10965556979,1400,36415.10965556979,550
35679.18465995651,1530,37209.18465995651,550
35620.16677659592,1520,37140.16677659592,550
36853.067328959325,1500,38353.067328959325,550
37046.712400783734,1490,38536.712400783734,550
37001.46048540194,1270,38271.46048540194,550
37226.00286842854,660,37886.00286842854,550
37152.455819808114,625,37777.455819808114,550
35709.416203317785,750,36459.416203317785,550
35920.4280728459,785,36705.4280728459,550
42016.84795380997,785,42801.84795380997,550
42094.04048731538,775,42869.04048731538,550
39065.5031746202,805,39870.5031746202,550
33780.04129816342,730,34510.04129816342,550
30719.51465262455,620,31339.51465262455,550
26160.910905820212,570,26730.910905820212,550
23604.731816690008,560,24164.731816690008,550
22863.555618897997,545,23408.555618897997,550
23204.712922643816,460,23664.712922643816,550
23421.688285820062,460,23881.688285820062,550
25546.029649580654,615,26161.029649580654,550
29707.531296202786,1020,30727.531296202786,550
30065.736722191887,1180,31245.736722191887,550
31454.138720567626,1260,32714.138720567626,550
35015.61710057047,1400,36415.61710057047,550
35328.48739019767,1530,36858.48739019767,550
35620.16677659592,1520,37140.16677659592,550
36197.95989262485,1500,37697.95989262485,550
36857.390760365226,1490,38347.390760365226,550
37001.46048540194,1270,38271.46048540194,550
37226.00286842854,660,37886.00286842854,550
37152.455819808114,625,37777.455819808114,550
35728.00086902316,750,36478.00086902316,550
35939.01273855128,785,36724.01273855128,550
41958.08176316974,785,42743.08176316974,550
42011.11585508216,775,42786.11585508216,550
40064.333556624006,805,40869.333556624006,550
33537.878394932755,730,34267.878394932755,550
30039.95039703668,620,30659.95039703668,550
26206.64387906266,570,26776.64387906266,550
23711.526661755815,560,24271.526661755815,550
22925.285288342282,545,23470.285288342282,550
23210.802262652127,460,23670.802262652127,550
23366.047956384107,460,23826.047956384107,550
25673.93014711529,615,26288.93014711529,550
29659.41130167708,1020,30679.41130167708,550
30122.73294466971,1180,31302.73294466971,550
31707.767851033917,1260,32967.76785103392,550
34883.46624371003,1400,36283.46624371003,550
35679.18465995651,1530,37209.18465995651,550
35620.16677659592,1520,37140.16677659592,550
36074.638578776474,1500,37574.638578776474,550
36800.61375412772,1490,38290.61375412772,550
36755.361838745914,1270,38025.361838745914,550
37226.00286842854,660,37886.00286842854,550
37152.455819808114,625,37777.455819808114,550
35681.246916439326,750,36431.246916439326,550
35784.96867458095,785,36569.96867458095,550
41976.666428875105,785,42761.666428875105,550
42134.22201225024,775,42909.22201225024,550
40438.43824937482,805,41243.43824937482,550
33160.262182777165,730,33890.262182777165,550
29613.877246874905,620,30233.877246874905,550
26206.64387906266,570,26776.64387906266,550
23711.526661755815,560,24271.526661755815,550
22925.285288342282,545,23470.285288342282,550
23158.31621134046,460,23618.31621134046,550
23375.28751495671,460,23835.28751495671,550
25804.587085893694,615,26419.587085893694,550
29630.649319037813,1020,30650.649319037813,550
30089.822091704766,1180,31269.822091704766,550
31971.98431399468,1260,33231.984313994675,550
35243.73189640194,1400,36643.73189640194,550
35623.909690921035,1530,37153.909690921035,550
35564.89180756045,1520,37084.89180756045,550
35941.752941555016,1500,37441.752941555016,550
36145.50631779322,1490,37635.50631779322,550
36652.72398312578,1270,37922.72398312578,550
36969.01242227765,660,37629.01242227765,550
36958.40073242316,625,37583.40073242316,550
35728.00086902316,750,36478.00086902316,550
35939.01273855128,785,36724.01273855128,550
41976.666428875105,785,42761.666428875105,550
42094.04048731538,775,42869.04048731538,550
41431.60148561088,805,42236.60148561088,550
34905.99680174079,730,35635.99680174079,550
31891.345214044573,620,32511.345214044573,550
26478.806930734278,570,27048.806930734278,550
23985.037487349273,560,24545.037487349273,550
23407.804590601114,545,23952.804590601114,550
23681.5589897949,460,24141.5589897949,550
23995.484765023535,460,24455.484765023535,550
26882.150604425,615,27497.150604425,550
30085.050078918255,1020,31105.050078918255,550
30346.34974801504,1180,31526.34974801504,550
32461.323677062825,1260,33721.32367706283,550
34553.48084909948,1400,35953.48084909948,550
34811.16548001132,1530,36341.16548001132,550
34350.263334781994,1520,35870.263334781994,550
34018.798230549415,1500,35518.798230549415,550
34358.15917899278,1490,35848.15917899278,550
34312.90726361099,1270,35582.90726361099,550
34245.14508799846,660,34905.14508799846,550
34171.606158498056,625,34796.606158498056,550
34040.279392318735,750,34790.279392318735,550
34645.580086945214,785,35430.580086945214,550
39681.224759780904,785,40466.224759780904,550
40007.95438726703,775,40782.95438726703,550
39039.32713170446,805,39844.32713170446,550
34618.31608194799,730,35348.31608194799,550
30183.957198893302,620,30803.957198893302,550
26537.02305099376,570,27107.02305099376,550
24030.34420679113,560,24590.34420679113,550
23407.804590601114,545,23952.804590601114,550
23681.5589897949,460,24141.5589897949,550
23995.484765023535,460,24455.484765023535,550
26882.150604425,615,27497.150604425,550
30085.050078918255,1020,31105.050078918255,550
30346.34974801504,1180,31526.34974801504,550
32683.45062188611,1260,33943.450621886106,550
34836.22108436552,1400,36236.22108436552,550
34714.503296719326,1530,36244.503296719326,550
34253.59709193001,1520,35773.59709193001,550
34353.835747586876,1500,35853.835747586876,550
34358.15917899278,1490,35848.15917899278,550
34312.90726361099,1270,35582.90726361099,550
34439.19611582342,660,35099.19611582342,550
34365.653126763005,625,34990.653126763005,550
34092.93594515063,750,34842.93594515063,550
34667.022682894494,785,35452.022682894494,550
39463.07618376305,785,40248.07618376305,550
39726.42796044263,775,40501.42796044263,550
39039.32713170446,805,39844.32713170446,550
34618.31608194799,730,35348.31608194799,550
30183.957198893302,620,30803.957198893302,550
26593.590989891007,570,27163.590989891007,550
23789.011483581613,560,24349.011483581613,550
23160.727589983755,545,23705.727589983755,550
23299.320968572993,460,23759.320968572993,550
23427.77762582838,460,23887.77762582838,550
25804.587085893694,615,26419.587085893694,550
29630.649319037813,1020,30650.649319037813,550
30089.822091704766,1180,31269.822091704766,550
32109.94034166304,1260,33369.94034166304,550
35422.17391600559,1400,36822.17391600559,550
35623.909690921035,1530,37153.909690921035,550
35564.89180756045,1520,37084.89180756045,550
35941.752941555016,1500,37441.752941555016,550
36533.49470576299,1490,38023.49470576299,550
36488.242790381206,1270,37758.242790381206,550
37024.275212633096,660,37684.275212633096,550
36895.46537365722,625,37520.46537365722,550
35768.18239395802,750,36518.18239395802,550
35871.270860738776,785,36656.270860738776,550
41895.081451443715,785,42680.081451443715,550
42012.45550988398,775,42787.45550988398,550
40438.43824937482,805,41243.43824937482,550
33969.32843232186,730,34699.32843232186,550
30035.143877990107,620,30655.143877990107,550
26183.228336950688,570,26753.228336950688,550
23794.020980628447,560,24354.020980628447,550
23013.803994263148,545,23558.803994263148,550
23299.320968572993,460,23759.320968572993,550
23427.77762582838,460,23887.77762582838,550
25804.587085893694,615,26419.587085893694,550
29630.649319037813,1020,30650.649319037813,550
30089.822091704766,1180,31269.822091704766,550
32109.94034166304,1260,33369.94034166304,550
35071.48476536675,1400,36471.48476536675,550
35679.18465995651,1530,37209.18465995651,550
35620.16677659592,1520,37140.16677659592,550
35763.29468371136,1500,37263.29468371136,550
36145.50631779322,1490,37635.50631779322,550
36755.361838745914,1270,38025.361838745914,550
35976.93308856306,660,36636.93308856306,550
35856.82288667905,625,36481.82288667905,550
35665.589193497945,750,36415.589193497945,550
35796.63585003688,785,36581.63585003688,550
41821.1000299027,785,42606.1000299027,550
42026.29860950288,775,42801.29860950288,550
40438.43824937482,805,41243.43824937482,550
33969.32843232186,730,34699.32843232186,550
30039.95039703668,620,30659.95039703668,550
26202.068754936412,570,26772.068754936412,550
23711.526661755815,560,24271.526661755815,550
22925.285288342282,545,23470.285288342282,550
23210.802262652127,460,23670.802262652127,550
23427.77762582838,460,23887.77762582838,550
25804.587085893694,615,26419.587085893694,550
29630.649319037813,1020,30650.649319037813,550
30089.822091704766,1180,31269.822091704766,550
32109.94034166304,1260,33369.94034166304,550
35350.97329306837,1400,36750.97329306837,550
35607.98403701928,1530,37137.98403701928,550
35564.89180756045,1520,37084.89180756045,550
35941.752941555016,1500,37441.752941555016,550
36564.7086626456,1490,38054.7086626456,550
36519.45674726382,1270,37789.45674726382,550
37001.46048540194,660,37661.46048540194,550
36958.40073242316,625,37583.40073242316,550
35728.00086902316,750,36478.00086902316,550
35939.01273855128,785,36724.01273855128,550
41976.666428875105,785,42761.666428875105,550
42075.45582161,775,42850.45582161,550
41431.60148561088,805,42236.60148561088,550
34905.99680174079,730,35635.99680174079,550
31891.345214044573,620,32511.345214044573,550
26183.228336950688,570,26753.228336950688,550
23794.020980628447,560,24354.020980628447,550
23013.803994263148,545,23558.803994263148,550
23210.802262652127,460,23670.802262652127,550
23427.77762582838,460,23887.77762582838,550
25804.587085893694,615,26419.587085893694,550
29630.649319037813,1020,30650.649319037813,550
30089.822091704766,1180,31269.822091704766,550
32109.94034166304,1260,33369.94034166304,550
35350.97329306837,1400,36750.97329306837,550
35802.81044080531,1530,37332.81044080531,550
35759.71821134647,1520,37279.71821134647,550
35941.752941555016,1500,37441.752941555016,550
36857.390760365226,1490,38347.390760365226,550
37001.46048540194,1270,38271.46048540194,550
37031.94778104357,660,37691.94778104357,550
36958.40073242316,625,37583.40073242316,550
35728.00086902316,750,36478.00086902316,550
35939.01273855128,785,36724.01273855128,550
41724.82350481125,785,42509.82350481125,550
42094.04048731538,775,42869.04048731538,550
41466.63548845872,805,42271.63548845872,550
34905.99680174079,730,35635.99680174079,550
31033.970200433916,620,31653.970200433916,550
26206.64387906266,570,26776.64387906266,550
23794.020980628447,560,24354.020980628447,550
23013.803994263148,545,23558.803994263148,550
23210.802262652127,460,23670.802262652127,550
23427.77762582838,460,23887.77762582838,550
25804.587085893694,615,26419.587085893694,550
29630.649319037813,1020,30650.649319037813,550
30089.822091704766,1180,31269.822091704766,550
32109.94034166304,1260,33369.94034166304,550
35350.97329306837,1400,36750.97329306837,550
35607.98403701928,1530,37137.98403701928,550
35564.89180756045,1520,37084.89180756045,550
35885.84874071868,1500,37385.84874071868,550
36022.185003944855,1490,37512.185003944855,550
36253.20238518027,1270,37523.20238518027,550
36812.13884498345,660,37472.13884498345,550
36758.02896966956,625,37383.02896966956,550
35733.50157283067,750,36483.50157283067,550
35856.08810631804,785,36641.08810631804,550
39531.5934375366,785,40316.5934375366,550
39294.77088549324,775,40069.77088549324,550
36420.91092812926,805,37225.91092812926,550
33182.02954352688,730,33912.02954352688,550
30452.43214029988,620,31072.43214029988,550
26209.063376825965,570,26779.063376825965,550
23974.8094259153,560,24534.8094259153,550
23452.53079296218,545,23997.53079296218,550
23596.718245239055,460,24056.718245239055,550
24095.368209179916,460,24555.368209179916,550
26737.270997167187,615,27352.270997167187,550
30085.279444058564,1020,31105.279444058564,550
30346.57911315535,1180,31526.57911315535,550
31958.234584255897,1260,33218.2345842559,550
33954.42781732152,1400,35354.42781732152,550
34140.76162157594,1530,35670.76162157594,550
33602.494411540996,1520,35122.494411540996,550
34115.46244362139,1500,35615.46244362139,550
33780.26051440371,1490,35270.26051440371,550
33492.11700477027,1270,34762.11700477027,550
33999.880680923576,660,34659.880680923576,550
33889.52966129291,625,34514.52966129291,550
34097.986037797535,750,34847.986037797535,550
34536.89754647682,785,35321.89754647682,550
39723.28992055835,785,40508.28992055835,550
40050.01954804447,775,40825.01954804447,550
38399.11828059031,805,39204.11828059031,550
35009.763215042476,730,35739.763215042476,550
29852.283027320424,620,30472.283027320424,550
27144.288572662925,570,27714.288572662925,550
24667.72760414142,560,25227.72760414142,550
24138.66341663903,545,24683.66341663903,550
24597.54390098559,460,25057.54390098559,550
24962.72568084421,460,25422.72568084421,550
26658.996590920302,615,27273.996590920302,550
30137.124084889354,1020,31157.124084889354,550
30548.47930025102,1180,31728.47930025102,550
32598.222189349748,1260,33858.22218934975,550
37978.65341257621,1400,39378.65341257621,550
39006.60301849979,1530,40536.60301849979,550
38672.31043072334,1520,40192.31043072334,550
38443.684130331174,1500,39943.684130331174,550
38754.62206939572,1490,40244.62206939572,550
38709.37015401394,1270,39979.37015401394,550
38691.48779218952,660,39351.48779218952,550
38617.940743569096,625,39242.940743569096,550
38325.149037729316,750,39075.149037729316,550
38519.17164863424,785,39304.17164863424,550
44019.3517729042,785,44804.3517729042,550
44468.00216603679,775,45243.00216603679,550
43737.65484455958,805,44542.65484455958,550
37344.96015527097,730,38074.96015527097,550
30182.06138437071,620,30802.06138437071,550
26888.5992154938,570,27458.5992154938,550
24086.07181676722,560,24646.07181676722,550
23247.817330782666,545,23792.817330782666,550
23611.570145519338,460,24071.570145519338,550
23828.541449135584,460,24288.541449135584,550
25460.955480324497,615,26075.955480324497,550
29524.193447232457,1020,30544.193447232457,550
29793.829422800623,1180,30973.829422800623,470
31503.326379374783,1260,32763.326379374783,470
34740.443885154746,1400,36140.443885154746,470
35468.52191258886,1530,36998.52191258886,470
35682.34705720082,1520,37202.34705720082,470
36169.45366226593,1500,37669.45366226593,470
36141.28031582746,1490,37631.28031582746,470
36096.02840044567,1270,37366.02840044567,470
36155.48877584686,660,36815.48877584686,470
35940.38892939316,625,36565.38892939316,470
36253.697651500945,750,37003.697651500945,470
36413.274895758834,785,37198.274895758834,470
43362.202377886926,785,44147.202377886926,470
43479.57643632719,775,44254.57643632719,470
41110.68108849269,805,41915.68108849269,470
35020.85393297762,730,35750.85393297762,470
31101.2675564258,620,31721.2675564258,470
27120.402121590305,570,27690.402121590305,470
23983.222864026793,560,24543.222864026793,470
23247.817330782666,545,23792.817330782666,470
23673.29981496362,460,24133.29981496362,470
23890.27111857988,460,24350.27111857988,470
25631.668097677586,615,26246.668097677586,470
29435.62602659153,1020,30455.62602659153,470
29871.12344530616,1180,31051.12344530616,470
31689.90375722953,1260,32949.903757229535,470
35187.401441765025,1400,36587.401441765025,470
35835.16107448947,1530,37365.16107448947,470
36131.94332781471,1520,37651.94332781471,470
36047.70745769969,1500,37547.70745769969,470
37704.47072980183,1490,39194.47072980183,470
37659.218814420055,1270,38929.218814420055,470
37876.78687335713,660,38536.78687335713,470
37803.2398247367,625,38428.2398247367,470
36274.68963628961,750,37024.68963628961,470
36160.551047173765,785,36945.551047173765,470
42993.18431382307,785,43778.18431382307,470
43206.757765714676,775,43981.757765714676,470
41110.68108849269,805,41915.68108849269,470
34972.39902475146,730,35702.39902475146,470
31052.810618419633,620,31672.810618419633,470
27174.662200624392,570,27744.662200624392,470
24086.07181676722,560,24646.07181676722,470
23247.817330782666,545,23792.817330782666,470
23611.570145519338,460,24071.570145519338,470
23837.78506726821,460,24297.78506726821,470
25622.428539104967,615,26237.428539104967,470
29435.62602659153,1020,30455.62602659153,470
29904.03429827109,1180,31084.03429827109,470
31503.326379374783,1260,32763.326379374783,470
35258.602064702245,1400,36658.602064702245,470
35835.16107448947,1530,37365.16107448947,470
36131.94332781471,1520,37651.94332781471,470
36263.399999914196,1500,37763.399999914196,470
37325.47832680436,1490,38815.47832680436,470
37280.22641142258,1270,38550.22641142258,470
37774.55497373754,660,38434.55497373754,470
37701.00792511712,625,38326.00792511712,470
35940.38892939316,750,36690.38892939316,470
36067.47345536668,785,36852.47345536668,470
43078.17120253911,785,43863.17120253911,470
43070.376847328465,775,43845.376847328465,470
41484.79390036351,805,42289.79390036351,470
36397.29646757701,730,37127.29646757701,470
31478.879709021392,620,32098.879709021392,470
27186.804344600976,570,27756.804344600976,470
24086.07181676722,560,24646.07181676722,470
23247.817330782666,545,23792.817330782666,470
23673.29981496362,460,24133.29981496362,470
23890.27111857988,460,24350.27111857988,470
25631.668097677586,615,26246.668097677586,470
29444.865585164138,1020,30464.865585164138,470
29871.12344530616,1180,31051.12344530616,470
31994.338281165208,1260,33254.33828116521,470
35187.401441765025,1400,36587.401441765025,470
36029.9874782755,1530,37559.9874782755,470
36326.77379116073,1520,37846.77379116073,470
36875.27718174965,1500,38375.27718174965,470
37325.47832680436,1490,38815.47832680436,470
37280.22641142258,1270,38550.22641142258,470
37280.22641142258,660,37940.22641142258,470
37036.794895690204,625,37661.794895690204,470
36096.02840044567,750,36846.02840044567,470
36399.59417854015,785,37184.59417854015,470
43397.236380734765,785,44182.236380734765,470
43514.61043917503,775,44289.61043917503,470
39734.24667301331,805,40539.24667301331,470
34995.81456686344,730,35725.81456686344,470
31439.68668694788,620,32059.68668694788,470
27084.22332282091,570,27654.22332282091,470
24086.07181676722,560,24646.07181676722,470
23247.817330782666,545,23792.817330782666,470
23611.570145519338,460,24071.570145519338,470
23828.541449135584,460,24288.541449135584,470
25622.428539104967,615,26237.428539104967,470
29435.62602659153,1020,30455.62602659153,470
29904.03429827109,1180,31084.03429827109,470
31503.326379374783,1260,32763.326379374783,470
34740.443885154746,1400,36140.443885154746,470
35555.66442766785,1530,37085.66442766785,470
36187.22235641018,1520,37707.22235641018,470
36331.44228516711,1500,37831.44228516711,470
36169.45366226593,1490,37659.45366226593,470
36096.02840044567,1270,37366.02840044567,470
36076.76578821936,660,36736.76578821936,470
36155.48877584686,625,36780.48877584686,470
36286.19036978532,750,37036.19036978532,470
36391.02444736846,785,37176.02444736846,470
42369.039141650865,785,43154.039141650865,470
42486.41320009112,775,43261.41320009112,470
39734.24667301331,805,40539.24667301331,470
35359.2710337197,730,36089.2710337197,470
31076.22616053161,620,31696.22616053161,470
27259.498885620233,570,27829.498885620233,470
24667.72760414142,560,25227.72760414142,470
24138.66341663903,545,24683.66341663903,470
24597.54390098559,460,25057.54390098559,470
25015.213761935876,460,25475.213761935876,470
27025.089742000164,615,27640.089742000164,470
30253.176756547815,1020,31273.176756547815,470
30420.487462616264,1180,31600.487462616264,470
32680.45263682202,1260,33940.452636822025,470
37750.457425544635,1400,39150.457425544635,470
38749.94951582935,1530,40279.94951582935,470
38672.31043072334,1520,40192.31043072334,470
38443.684130331174,1500,39943.684130331174,470
38405.556742759116,1490,39895.556742759116,470
38445.29171609336,1270,39715.29171609336,470
38542.38421274594,660,39202.38421274594,470
38330.166653896165,625,38955.166653896165,470
38427.409354268944,750,39177.409354268944,470
38621.43196517386,785,39406.43196517386,470
44144.520186555106,785,44929.520186555106,470
44567.562875172734,775,45342.562875172734,470
43737.65484455958,805,44542.65484455958,470
37344.96015527097,730,38074.96015527097,470
30182.06138437071,620,30802.06138437071,470
26970.358754005432,570,27540.358754005432,470
24667.72760414142,560,25227.72760414142,470
24138.66341663903,545,24683.66341663903,470
24650.031982077257,460,25110.031982077257,470
25015.213761935876,460,25475.213761935876,470
27025.089742000164,615,27640.089742000164,470
30253.176756547815,1020,31273.176756547815,470
30420.487462616264,1180,31600.487462616264,470
32680.45263682202,1260,33940.452636822025,470
37978.65341257621,1400,39378.65341257621,470
38749.94951582935,1530,40279.94951582935,470
38415.65692805289,1520,39935.65692805289,470
38507.73180853861,1500,40007.73180853861,470
38490.54363147515,1490,39980.54363147515,470
38445.29171609336,1270,39715.29171609336,470
38573.598169628545,660,39233.598169628545,470
38386.943660133686,625,39011.943660133686,470
38325.149037729316,750,39075.149037729316,470
38621.43196517386,785,39406.43196517386,470
44144.520186555106,785,44929.520186555106,470
44756.03200799008,775,45531.03200799008,470
43740.19612912305,805,44545.19612912305,470
37505.17881000973,730,38235.17881000973,470
30472.528992107316,620,31092.528992107316,470
26855.791881309007,570,27425.791881309007,470
24168.566135639867,560,24728.566135639867,470
23336.33603670353,545,23881.33603670353,470
23673.29981496362,460,24133.29981496362,470
23890.27111857988,460,24350.27111857988,470
25684.158208549263,615,26299.158208549263,470
29411.954732199207,1020,30431.954732199207,470
29589.528005961656,1180,30769.528005961656,470
31746.33976042658,1260,33006.33976042658,470
35187.401441765025,1400,36587.401441765025,470
36029.9874782755,1530,37559.9874782755,470
36326.77379116073,1520,37846.77379116073,470
36416.34392312304,1500,37916.34392312304,470
37325.47832680436,1490,38815.47832680436,470
37280.22641142258,1270,38550.22641142258,470
37774.55497373754,660,38434.55497373754,470
37803.2398247367,625,38428.2398247367,470
35910.14520735187,750,36660.14520735187,470
35899.22499093695,785,36684.22499093695,470
42953.002788888225,785,43738.002788888225,470
43110.558372263346,775,43885.558372263346,470
42477.95713659958,805,43282.95713659958,470
36397.29646757701,730,37127.29646757701,470
32477.706031465197,620,33097.7060314652,470
28372.555137280004,570,28942.555137280004,470
24168.566135639867,560,24728.566135639867,470
23247.817330782666,545,23792.817330782666,470
23673.29981496362,460,24133.29981496362,470
23890.27111857988,460,24350.27111857988,470
25684.158208549263,615,26299.158208549263,470
29411.954732199207,1020,30431.954732199207,470
29834.526511856187,1180,31014.526511856187,470
32102.972106913534,1260,33362.972106913534,470
35080.16410465861,1400,36480.16410465861,470
35835.16107448947,1530,37365.16107448947,470
36131.94332781471,1520,37651.94332781471,470
36094.42081468347,1500,37594.42081468347,470
36198.82863846603,1490,37688.82863846603,470
36265.007585676394,1270,37535.007585676394,470
36876.884767511845,660,37536.884767511845,470
36633.453251779465,625,37258.453251779465,470
36076.76578821936,750,36826.76578821936,470
36203.85031419289,785,36988.85031419289,470
43108.64631950074,785,43893.64631950074,470
43226.02037794098,775,44001.02037794098,470
41484.79390036351,805,42289.79390036351,470
35398.4620260132,730,36128.4620260132,470
31478.879709021392,620,32098.879709021392,470
27120.402121590305,570,27690.402121590305,470
24168.566135639867,560,24728.566135639867,470
23336.33603670353,545,23881.33603670353,470
23673.29981496362,460,24133.29981496362,470
23890.27111857988,460,24350.27111857988,470
25684.158208549263,615,26299.158208549263,470
29411.954732199207,1020,30431.954732199207,470
29871.12344530616,1180,31051.12344530616,470
31994.338281165208,1260,33254.33828116521,470
35404.47829394142,1400,36804.47829394142,470
36052.237926665875,1530,37582.237926665875,470
36349.0242395511,1520,37869.0242395511,470
36275.29045117043,1500,37775.29045117043,470
36922.13668289364,1490,38412.13668289364,470
36876.884767511845,1270,38146.884767511845,470
37280.22641142258,660,37940.22641142258,470
37036.794895690204,625,37661.794895690204,470
35980.57045432802,750,36730.57045432802,470
36107.654980301544,785,36892.654980301544,470
43078.17120253911,785,43863.17120253911,470
43070.376847328465,775,43845.376847328465,470
41484.79390036351,805,42289.79390036351,470
34972.39902475146,730,35702.39902475146,470
31478.879709021392,620,32098.879709021392,470
27302.79003351934,570,27872.79003351934,470
24086.07181676722,560,24646.07181676722,470
23247.817330782666,545,23792.817330782666,470
23611.570145519338,460,24071.570145519338,470
23828.541449135584,460,24288.541449135584,470
25553.49721021086,615,26168.49721021086,470
29440.71671483848,1020,30460.71671483848,470
29904.03429827109,1180,31084.03429827109,470
31561.089858693642,1260,32821.08985869364,470
35187.401441765025,1400,36587.401441765025,470
35835.16107448947,1530,37365.16107448947,470
36131.94332781471,1520,37651.94332781471,470
36054.82792594941,1500,37554.82792594941,470
36322.14995231442,1490,37812.14995231442,470
36774.24691189171,1270,38044.24691189171,470
37722.15417318599,660,38382.15417318599,470
37701.00792511712,625,38326.00792511712,470
36155.48877584686,750,36905.48877584686,470
35957.15897177605,785,36742.15897177605,470
42953.002788888225,785,43738.002788888225,470
43070.376847328465,775,43845.376847328465,470
41906.768924699674,805,42711.768924699674,470
36397.29646757701,730,37127.29646757701,470
32477.706031465197,620,33097.7060314652,470
27091.873563651352,570,27661.873563651352,470
23979.27697170141,560,24539.27697170141,470
23186.087661338384,545,23731.087661338384,470
23611.570145519338,460,24071.570145519338,470
23828.541449135584,460,24288.541449135584,470
25622.428539104967,615,26237.428539104967,470
29435.62602659153,1020,30455.62602659153,470
29871.12344530616,1180,31051.12344530616,470
31594.000711658584,1260,32854.000711658584,470
35187.401441765025,1400,36587.401441765025,470
35835.16107448947,1530,37365.16107448947,470
36326.77379116073,1520,37846.77379116073,470
35978.96286856582,1500,37478.96286856582,470
37325.47832680436,1490,38815.47832680436,470
37714.48160477552,1270,38984.48160477552,470
37876.78687335713,660,38536.78687335713,470
37803.2398247367,625,38428.2398247367,470
35910.14520735187,750,36660.14520735187,470
36370.560205380505,785,37155.560205380505,470
42888.69935840041,785,43673.69935840041,470
42804.3254632452,775,43579.3254632452,470
42477.95713659958,805,43282.95713659958,470
36771.40521988783,730,37501.40521988783,470
33335.081045075865,620,33955.081045075865,470
28538.365835926405,570,29108.365835926405,470
24419.30282960222,560,24979.30282960222,470
24093.500811577363,545,24638.500811577363,470
24479.958745425036,460,24939.958745425036,470
24925.225495293,460,25385.225495293,470
26987.589556448973,615,27602.589556448973,470
30130.27763694,1020,31150.27763694,470
30450.921983977812,1180,31630.921983977812,470
32794.51612407777,1260,34054.51612407777,470
38369.6621131901,1400,39769.6621131901,470
39005.31207841803,1530,40535.31207841803,470
38785.01193559722,1520,40305.01193559722,470
38646.64995192829,1500,40146.64995192829,470
38754.62206939572,1490,40244.62206939572,470
38709.37015401394,1270,39979.37015401394,470
38691.48779218952,660,39351.48779218952,470
38744.84258934236,625,39369.84258934236,470
38330.166653896165,750,39080.166653896165,470
38621.43196517386,785,39406.43196517386,470
44470.18620931978,785,45255.18620931978,470
44793.668188801465,775,45568.668188801465,470
43684.563918807085,805,44489.563918807085,470
37344.96015527097,730,38074.96015527097,470
30182.06138437071,620,30802.06138437071,470
26854.890658987777,570,27424.890658987777,470
24564.878651400988,560,25124.878651400988,470
24138.66341663903,545,24683.66341663903,470
24560.04371543438,460,25020.04371543438,470
24925.225495293,460,25385.225495293,470
26987.589556448973,615,27602.589556448973,470
30130.27763694,1020,31150.27763694,470
30420.487462616264,1180,31600.487462616264,470
32826.57649922154,1260,34086.57649922154,470
38234.01597516489,1400,39634.01597516489,470
38902.51995951765,1530,40432.51995951765,470
38806.665628666786,1520,40326.665628666786,470
38646.64995192829,1500,40146.64995192829,470
38754.62206939572,1490,40244.62206939572,470
38709.37015401394,1270,39979.37015401394,470
38691.48779218952,660,39351.48779218952,470
38617.940743569096,625,39242.940743569096,470
38503.3190668126,750,39253.3190668126,470
38811.967414034014,785,39596.967414034014,470
43878.71237607218,785,44663.71237607218,470
44202.19435555387,775,44977.19435555387,470
43702.55994831166,805,44507.55994831166,470
37505.17881000973,730,38235.17881000973,470
30472.528992107316,620,31092.528992107316,470
26713.471826634686,570,27283.471826634686,470
24343.25306223838,560,24903.25306223838,470
23571.64031330482,545,24116.64031330482,470
23439.24588284405,460,23899.24588284405,470
23942.23348665082,460,24402.23348665082,470
25684.158208549263,615,26299.158208549263,470
29411.954732199207,1020,30431.954732199207,470
29834.526511856187,1180,31014.526511856187,470
31856.016893096337,1260,33116.01689309634,470
35382.824600871856,1400,36782.824600871856,470
35807.247539891374,1530,37337.247539891374,470
36163.49016861777,1520,37683.49016861777,470
37772.94738797534,1500,39272.94738797534,470
37922.038788738915,1490,39412.038788738915,470
37926.84936734547,1270,39196.84936734547,470
37946.38802965215,660,38606.38802965215,470
37872.84098103174,625,38497.84098103174,470
37578.14534154936,750,38328.14534154936,470
37729.29493923574,785,38514.29493923574,470
43995.63582335183,785,44780.63582335183,470
43564.13301168264,775,44339.13301168264,470
42224.39295909335,805,43029.39295909335,470
37761.96221860034,730,38491.96221860034,470
34363.26610547974,620,34983.26610547974,470
29532.840310044263,570,30102.840310044263,470
25105.256832638817,560,25665.256832638817,470
24333.648143265265,545,24878.648143265265,470
23439.24588284405,460,23899.24588284405,470
23942.23348665082,460,24402.23348665082,470
25684.158208549263,615,26299.158208549263,470
29411.954732199207,1020,30431.954732199207,470
29718.350023617568,1180,30898.350023617568,470
31856.016893096337,1260,33116.01689309634,470
35234.516695189355,1400,36634.516695189355,470
35882.28038747381,1530,37412.28038747381,470
36104.02979321659,1520,37624.02979321659,470
36875.27718174965,1500,38375.27718174965,470
37325.47832680436,1490,38815.47832680436,470
37280.22641142258,1270,38550.22641142258,470
36073.50596153492,660,36733.50596153492,470
36272.50965256664,625,36897.50965256664,470
36069.10945804891,750,36819.10945804891,470
36251.473012617906,785,37036.473012617906,470
41994.93444890007,785,42779.93444890007,470
41113.478125336514,775,41888.478125336514,470
39757.662215125274,805,40562.662215125274,470
35091.05184459347,730,35821.05184459347,470
31853.968845073545,620,32473.968845073545,470
27084.22332282091,570,27654.22332282091,470
24041.00664114569,560,24601.00664114569,470
23195.331279471004,545,23740.331279471004,470
23611.570145519338,460,24071.570145519338,470
23828.541449135584,460,24288.541449135584,470
25622.428539104967,615,26237.428539104967,470
29435.62602659153,1020,30455.62602659153,470
29904.03429827109,1180,31084.03429827109,470
31503.326379374783,1260,32763.326379374783,470
35080.16410465861,1400,36480.16410465861,470
35906.36169742669,1530,37436.36169742669,470
36131.94332781471,1520,37651.94332781471,470
36331.44228516711,1500,37831.44228516711,470
37325.47832680436,1490,38815.47832680436,470
37659.218814420055,1270,38929.218814420055,470
37659.218814420055,660,38319.218814420055,470
37585.671765799634,625,38210.671765799634,470
35940.38892939316,750,36690.38892939316,470
36067.47345536668,785,36852.47345536668,470
42953.002788888225,785,43738.002788888225,470
43110.558372263346,775,43885.558372263346,470
42512.98302032741,805,43317.98302032741,470
37799.598399411734,730,38529.598399411734,470
34363.26610547974,620,34983.26610547974,470
29532.840310044263,570,30102.840310044263,470
24343.25306223838,560,24903.25306223838,470
23329.698656094468,545,23874.698656094468,470
23673.29981496362,460,24133.29981496362,470
23890.27111857988,460,24350.27111857988,470
25631.668097677586,615,26246.668097677586,470
29444.865585164138,1020,30464.865585164138,470
29871.12344530616,1180,31051.12344530616,470
31689.90375722953,1260,32949.903757229535,470
35258.602064702245,1400,36658.602064702245,470
35835.16107448947,1530,37365.16107448947,470
36131.94332781471,1520,37651.94332781471,470
35978.96286856582,1500,37478.96286856582,470
36819.4988272735,1490,38309.4988272735,470
36876.884767511845,1270,38146.884767511845,470
37659.218814420055,660,38319.218814420055,470
37585.671765799634,625,38210.671765799634,470
35940.38892939316,750,36690.38892939316,470
36223.112926419184,785,37008.112926419184,470
43108.64631950074,785,43893.64631950074,470
43226.02037794098,775,44001.02037794098,470
42477.95713659958,805,43282.95713659958,470
36771.40521988783,730,37501.40521988783,470
33335.081045075865,620,33955.081045075865,470
27091.873563651352,570,27661.873563651352,470
24168.566135639867,560,24728.566135639867,470
23336.33603670353,545,23881.33603670353,470
23761.814461324484,460,24221.814461324484,470
23890.27111857988,460,24350.27111857988,470
25730.140844732043,615,26345.140844732043,470
29342.832603984825,1020,30362.832603984825,470
29834.526511856187,1180,31014.526511856187,470
31856.016893096337,1260,33116.01689309634,470
35382.824600871856,1400,36782.824600871856,470
35882.28038747381,1530,37412.28038747381,470
36104.02979321659,1520,37624.02979321659,470
37278.61882566038,1500,38778.61882566038,470
37704.47072980183,1490,39194.47072980183,470
37722.15417318599,1270,38992.15417318599,470
37774.55497373754,660,38434.55497373754,470
37701.00792511712,625,38326.00792511712,470
35940.38892939316,750,36690.38892939316,470
36067.47345536668,785,36852.47345536668,470
42993.18431382307,785,43778.18431382307,470
43070.376847328465,775,43845.376847328465,470
42512.98302032741,805,43317.98302032741,470
36771.40521988783,730,37501.40521988783,470
33335.081045075865,620,33955.081045075865,470
29532.840310044263,570,30102.840310044263,470
25385.839411761932,560,25945.839411761932,470
24968.723680752402,545,25513.723680752402,470
24491.688844061053,460,24951.688844061053,470
25344.959642506114,460,25804.959642506114,470
27314.593204235458,615,27929.593204235458,470
29988.507652646436,1020,31008.507652646436,470
30278.717478322687,1180,31458.717478322687,470
32941.48843451844,1260,34201.48843451844,470
38234.01597516489,1400,39634.01597516489,470
38902.51995951765,1530,40432.51995951765,470
38606.97181243412,1520,40126.97181243412,470
38589.87294569077,1500,40089.87294569077,470
38693.50945307228,1490,40183.50945307228,470
38591.480531452966,1270,39861.480531452966,470
38630.37517586607,660,39290.37517586607,470
38386.943660133686,625,39011.943660133686,470
38444.59753133241,750,39194.59753133241,470
38621.43196517386,785,39406.43196517386,470
44144.520186555106,785,44929.520186555106,470
44468.00216603679,775,45243.00216603679,470
43737.65484455958,805,44542.65484455958,470
37452.08788425724,730,38182.08788425724,470
30289.189113356984,620,30909.189113356984,470
26713.471826634686,570,27283.471826634686,470
24661.705246873196,560,25221.705246873196,470
24138.66341663903,545,24683.66341663903,470
24479.958745425036,460,24939.958745425036,470
24925.225495293,460,25385.225495293,470
27012.048405482357,615,27627.048405482357,470
30044.533640282938,1020,31064.533640282938,470
30315.602640533052,1180,31495.602640533052,470
32794.51612407777,1260,34054.51612407777,470
38369.6621131901,1400,39769.6621131901,470
39005.31207841803,1530,40535.31207841803,470
38671.01949064157,1520,40191.01949064157,470
38589.87294569077,1500,40089.87294569077,470
38636.73244683476,1490,40126.73244683476,470
38591.480531452966,1270,39861.480531452966,470
38691.48779218952,660,39351.48779218952,470
38617.940743569096,625,39242.940743569096,470
38437.91549556329,750,39187.91549556329,470
38776.53557430564,785,39561.53557430564,470
44467.644924756314,785,45252.644924756314,470
44793.668188801465,775,45568.668188801465,470
43684.563918807085,805,44489.563918807085,470
37344.96015527097,730,38074.96015527097,470
30182.06138437071,620,30802.06138437071,470
26854.890658987777,570,27424.890658987777,470
24168.566135639867,560,24728.566135639867,470
23336.33603670353,545,23881.33603670353,470
23673.29981496362,460,24133.29981496362,470
23890.27111857988,460,24350.27111857988,470
25684.158208549263,615,26299.158208549263,470
29411.954732199207,1020,30431.954732199207,470
29718.350023617568,1180,30898.350023617568,470
32102.972106913534,1260,33362.972106913534,470
35382.824600871856,1400,36782.824600871856,470
35882.28038747381,1530,37412.28038747381,470
36179.06264079904,1520,37699.06264079904,470
37278.61882566038,1500,38778.61882566038,470
37819.806889119325,1490,39309.806889119325,470
37774.55497373754,1270,39044.55497373754,470
37926.84936734547,660,38586.84936734547,470
37853.30231872506,625,38478.30231872506,470
37462.809182231875,750,38212.809182231875,470
37562.272461927685,785,38347.272461927685,470
43446.75895324238,785,44231.75895324238,470
43564.13301168264,775,44339.13301168264,470
42224.39295909335,805,43029.39295909335,470
37761.96221860034,730,38491.96221860034,470
34363.26610547974,620,34983.26610547974,470
30864.29480066224,570,31434.29480066224,470
26252.49254976527,560,26812.49254976527,470
25209.019186380505,545,25754.019186380505,470
23812.619854793847,460,24272.619854793847,470
24258.737082482978,460,24718.737082482978,470
25885.329704623935,615,26500.329704623935,470
29375.35779874924,1020,30395.35779874924,470
29646.39838207932,1180,30826.39838207932,470
31730.414106524844,1260,32990.41410652484,470
35234.516695189355,1400,36634.516695189355,470
35807.247539891374,1530,37337.247539891374,470
36104.02979321659,1520,37624.02979321659,470
37657.61122865786,1500,39157.61122865786,470
37819.806889119325,1490,39309.806889119325,470
37774.55497373754,1270,39044.55497373754,470
37890.84918921634,660,38550.84918921634,470
37817.30214059591,625,38442.30214059591,470
37462.809182231875,750,38212.809182231875,470
37676.89413868418,785,38461.89413868418,470
43995.63582335183,785,44780.63582335183,470
44113.00988179209,775,44888.00988179209,470
42224.39295909335,805,43029.39295909335,470
37761.96221860034,730,38491.96221860034,470
34325.629924668356,620,34945.629924668356,470
30864.29480066224,570,31434.29480066224,470
26228.480252332483,560,26788.480252332483,470
25209.019186380505,545,25754.019186380505,470
23812.619854793847,460,24272.619854793847,470
24258.737082482978,460,24718.737082482978,470
25684.158208549263,615,26299.158208549263,470
29342.832603984825,1020,30362.832603984825,470
29514.966067339865,1180,30694.966067339865,470
31671.773762244775,1260,32931.773762244775,470
35234.516695189355,1400,36634.516695189355,470
35882.28038747381,1530,37412.28038747381,470
36104.02979321659,1520,37624.02979321659,470
37657.61122865786,1500,39157.61122865786,470
37819.806889119325,1490,39309.806889119325,470
37774.55497373754,1270,39044.55497373754,470
37926.84936734547,660,38586.84936734547,470
37853.30231872506,625,38478.30231872506,470
36510.59066821172,750,37260.59066821172,470
36637.675194185234,785,37422.675194185234,470
42953.002788888225,785,43738.002788888225,470
43226.02037794098,775,44001.02037794098,470
41110.68108849269,805,41915.68108849269,470
34972.39902475146,730,35702.39902475146,470
31478.879709021392,620,32098.879709021392,470
27161.480809286397,570,27731.480809286397,470
24086.07181676722,560,24646.07181676722,470
23247.817330782666,545,23792.817330782666,470
23673.29981496362,460,24133.29981496362,470
23890.27111857988,460,24350.27111857988,470
25622.428539104967,615,26237.428539104967,470
29435.62602659153,1020,30455.62602659153,470
29871.12344530616,1180,31051.12344530616,470
31994.338281165208,1260,33254.33828116521,470
35187.401441765025,1400,36587.401441765025,470
35835.16107448947,1530,37365.16107448947,470
36131.94332781471,1520,37651.94332781471,470
36275.29045117043,1500,37775.29045117043,470
37325.47832680436,1490,38815.47832680436,470
36933.66177374937,1270,38203.66177374937,470
36876.884767511845,660,37536.884767511845,470
36633.453251779465,625,37258.453251779465,470
36021.57606994401,750,36771.57606994401,470
35899.22499093695,785,36684.22499093695,470
42824.95614719337,785,43609.95614719337,470
43009.41443472524,775,43784.41443472524,470
42477.95713659958,805,43282.95713659958,470
36771.40521988783,730,37501.40521988783,470
33335.081045075865,620,33955.081045075865,470
27096.986579478344,570,27666.986579478344,470
24168.566135639867,560,24728.566135639867,470
23336.33603670353,545,23881.33603670353,470
23673.29981496362,460,24133.29981496362,470
23890.27111857988,460,24350.27111857988,470
25622.428539104967,615,26237.428539104967,470
29435.62602659153,1020,30455.62602659153,470
29904.03429827109,1180,31084.03429827109,470
31594.000711658584,1260,32854.000711658584,470
35258.602064702245,1400,36658.602064702245,470
35906.36169742669,1530,37436.36169742669,470
36131.94332781471,1520,37651.94332781471,470
36094.42081468347,1500,37594.42081468347,470
36094.56695884367,1490,37584.56695884367,470
36153.57672308424,1270,37423.57672308424,470
37280.22641142258,660,37940.22641142258,470
36633.453251779465,625,37258.453251779465,470
35940.38892939316,750,36690.38892939316,470
36006.51510232344,785,36791.51510232344,470
42953.002788888225,785,43738.002788888225,470
43195.54526097938,775,43970.54526097938,470
41484.79390036351,805,42289.79390036351,470
36397.29646757701,730,37127.29646757701,470
32477.706031465197,620,33097.7060314652,470
27096.986579478344,570,27666.986579478344,470
24661.705246873196,560,25221.705246873196,470
24138.66341663903,545,24683.66341663903,470
24560.04371543438,460,25020.04371543438,470
24925.225495293,460,25385.225495293,470
26987.589556448973,615,27602.589556448973,470
30130.27763694,1020,31150.27763694,470
30420.487462616264,1180,31600.487462616264,470
32826.57649922154,1260,34086.57649922154,470
38369.6621131901,1400,39769.6621131901,470
39005.31207841803,1530,40535.31207841803,470
38606.97181243412,1520,40126.97181243412,470
38707.76256825175,1500,40207.76256825175,470
38754.62206939572,1490,40244.62206939572,470
38709.37015401394,1270,39979.37015401394,470
38691.48779218952,660,39351.48779218952,470
38617.940743569096,625,39242.940743569096,470
38330.166653896165,750,39080.166653896165,470
38524.1933243611,785,39309.1933243611,470
43846.28055118789,785,44631.28055118789,470
44169.762530669585,775,44944.762530669585,470
43740.19612912305,805,44545.19612912305,470
37505.17881000973,730,38235.17881000973,470
30472.528992107316,620,31092.528992107316,470
27017.5714368699,570,27587.5714368699,470
24827.122168199054,560,25387.122168199054,470
24410.006437189528,545,24955.006437189528,470
24394.214748767965,460,24854.214748767965,470
24925.225495293,460,25385.225495293,470
26987.589556448973,615,27602.589556448973,470
30130.27763694,1020,31150.27763694,470
30420.487462616264,1180,31600.487462616264,470
32826.57649922154,1260,34086.57649922154,470
38235.30285568664,1400,39635.30285568664,470
39006.60301849979,1530,40536.60301849979,470
38672.31043072334,1520,40192.31043072334,470
38645.64724060694,1500,40145.64724060694,470
38635.404970712945,1490,40125.404970712945,470
38590.15305533115,1270,39860.15305533115,470
38437.91549556329,660,39097.91549556329,470
38437.91549556329,625,39062.91549556329,470
37958.286600028405,750,38708.286600028405,470
38616.31691956688,785,39401.31691956688,470
44307.42627001754,785,45092.42627001754,470
44630.90824949923,775,45405.90824949923,470
43138.6545870617,805,43943.6545870617,470
37607.45536478938,730,38337.45536478938,470
30925.892534406343,620,31545.892534406343,470
27030.227115187186,570,27600.227115187186,470
24086.07181676722,560,24646.07181676722,470
23247.817330782666,545,23792.817330782666,470
23673.29981496362,460,24133.29981496362,470
23890.27111857988,460,24350.27111857988,470
25684.158208549263,615,26299.158208549263,470
29411.954732199207,1020,30431.954732199207,470
29871.12344530616,1180,31051.12344530616,470
31994.338281165208,1260,33254.33828116521,470
35187.401441765025,1400,36587.401441765025,470
35835.16107448947,1530,37365.16107448947,470
36131.94332781471,1520,37651.94332781471,470
36169.640402026176,1500,37669.640402026176,470
35818.93907270733,1490,37308.93907270733,470
36124.38848664439,1270,37394.38848664439,470
35619.51318743503,660,36279.51318743503,470
35619.51318743503,625,36244.51318743503,470
34542.617466524636,750,35292.617466524636,470
34782.350723091964,785,35567.350723091964,470
38896.22358194907,785,39681.22358194907,470
39013.59764038933,775,39788.59764038933,470
37880.82207600264,805,38685.82207600264,470
35117.9504891902,730,35847.9504891902,470
31815.6344199412,620,32435.6344199412,470
27047.092557230215,570,27617.092557230215,470
24614.868073309244,560,25174.868073309244,470
23997.99560288696,545,24542.99560288696,470
24741.37614176198,460,25201.37614176198,470
24958.349475158226,460,25418.349475158226,470
26379.61361177884,615,26994.61361177884,470
30012.883280699716,1020,31032.883280699716,470
29895.07281955886,1180,31075.07281955886,470
31406.298835682293,1260,32666.298835682293,470
34317.91270109782,1400,35717.91270109782,470
36246.29707361084,1530,37776.29707361084,470
37002.49161364335,1520,38522.49161364335,470
37369.54891022454,1500,38869.54891022454,470
37391.79935861492,1490,38881.79935861492,470
37532.08963328647,1270,38802.08963328647,470
38896.50369158944,660,39556.50369158944,470
38987.202381233285,625,39612.202381233285,470
37530.31966512405,750,38280.31966512405,470
37504.34660020859,785,38289.34660020859,470
41382.277831543535,785,42167.277831543535,470
41637.24661681167,775,42412.24661681167,470
40396.68567471781,805,41201.68567471781,470
37839.848936866685,730,38569.848936866685,470
33569.26488311562,620,34189.26488311562,470
29733.981359418904,570,30303.981359418904,470
24672.022618627285,560,25232.022618627285,470
24082.65569702256,545,24627.65569702256,470
24826.036235897573,460,25286.036235897573,470
24954.492893152972,460,25414.492893152972,470
26375.757029773566,615,26990.757029773566,470
29840.13682378384,1020,30860.13682378384,470
29887.248017648177,1180,31067.248017648177,470
31948.451044642545,1260,33208.45104464254,470
35111.59321822151,1400,36511.59321822151,470
36729.39689295048,1530,38259.39689295048,470
37409.38131299893,1520,38929.38131299893,470
38199.19712899734,1500,39699.19712899734,470
39332.87797526528,1490,40822.87797526528,470
39287.62605988349,1270,40557.62605988349,470
38440.31469552656,660,39100.31469552656,470
38196.883179794175,625,38821.883179794175,470
37035.37404968825,750,37785.37404968825,470
36612.94029507147,785,37397.94029507147,470
40576.520123403345,785,41361.520123403345,470
40829.718940509076,775,41604.718940509076,470
39350.59389512947,805,40155.59389512947,470
36090.43026719801,730,36820.43026719801,470
32551.12520394544,620,33171.12520394544,470
27701.505808803748,570,28271.505808803748,470
24614.868073309244,560,25174.868073309244,470
23997.99560288696,545,24542.99560288696,470
24741.37614176198,460,25201.37614176198,470
24958.349475158226,460,25418.349475158226,470
26389.082535491765,615,27004.082535491765,470
30012.883280699716,1020,31032.883280699716,470
29920.158870613115,1180,31100.158870613115,470
31456.361329670643,1260,32716.361329670643,470
34838.599986528774,1400,36238.599986528774,470
36414.257309280176,1530,37944.257309280176,470
37094.245788888635,1520,38614.245788888635,470
37996.76716932095,1500,39496.76716932095,470
39096.972883783164,1490,40586.972883783164,470
38687.63932930427,1270,39957.63932930427,470
37834.63240225956,660,38494.63240225956,470
37753.85933682927,625,38378.85933682927,470
37417.29745500973,750,38167.29745500973,470
37320.574378317666,785,38105.574378317666,470
41296.93776110701,785,42081.93776110701,470
41550.136578212725,775,42325.136578212725,470
40396.68567471781,805,41201.68567471781,470
37652.004976290205,730,38382.004976290205,470
33381.420922539124,620,34001.420922539124,470
29548.85527426613,570,30118.85527426613,470
24672.022618627285,560,25232.022618627285,470
24082.65569702256,545,24627.65569702256,470
24826.036235897573,460,25286.036235897573,470
24954.492893152972,460,25414.492893152972,470
26375.757029773566,615,26990.757029773566,470
29840.13682378384,1020,30860.13682378384,470
29887.248017648177,1180,31067.248017648177,470
32161.26129925312,1260,33421.26129925312,470
35111.59321822151,1400,36511.59321822151,470
36729.39689295048,1530,38259.39689295048,470
37409.38131299893,1520,38929.38131299893,470
37577.34154866826,1500,39077.34154866826,470
37575.571580505835,1490,39065.571580505835,470
37530.31966512405,1270,38800.31966512405,470
37324.296994842734,660,37984.296994842734,470
37346.54744323314,625,37971.54744323314,470
37035.37404968825,750,37785.37404968825,470
37009.400984772794,785,37794.400984772794,470
40972.97675354467,785,41757.97675354467,470
41226.17557065039,775,42001.17557065039,470
40145.82922373527,805,40950.82922373527,470
37394.9373984992,730,38124.9373984992,470
33124.355374528146,620,33744.355374528146,470
29361.95313161094,570,29931.95313161094,470
25295.863323799076,560,25855.863323799076,470
24978.72440682605,545,25523.72440682605,470
25663.689907001313,460,26123.689907001313,470
26028.87168685993,460,26488.87168685993,470
27718.614824447108,615,28333.614824447108,470
30656.18551653808,1020,31676.18551653808,470
30591.97951549042,1180,31771.97951549042,470
33040.87661235415,1260,34300.87661235415,470
38093.73381961335,1400,39493.73381961335,470
39343.34758051956,1530,40873.34758051956,470
39416.10707449892,1520,40936.10707449892,470
39830.819545985156,1500,41330.819545985156,470
40459.25567308324,1490,41949.25567308324,470
40619.83156910248,1270,41889.83156910248,470
40621.05755622417,660,41281.05755622417,470
40377.626040491785,625,41002.626040491785,470
39767.68526877897,750,40517.68526877897,470
39907.200167489464,785,40692.200167489464,470
44696.14537878831,785,45481.14537878831,470
44936.820453276916,775,45711.820453276916,470
44162.46750133961,805,44967.46750133961,470
40795.387241542194,730,41525.387241542194,470
34810.43069965031,620,35430.43069965031,470
31340.903383553,570,31910.903383553,470
26150.589474506127,560,26710.589474506127,470
25937.379353235003,545,26482.379353235003,470
25821.489063976776,460,26281.489063976776,470
26266.755813844742,460,26726.755813844742,470
27718.614824447108,615,28333.614824447108,470
30656.18551653808,1020,31676.18551653808,470
31079.857436956572,1180,32259.857436956572,470
33517.63336918512,1260,34777.63336918512,470
38619.12207553071,1400,40019.12207553071,470
39882.60329341586,1530,41412.60329341586,470
39994.107228088134,1520,41514.107228088134,470
40869.30776968312,1500,42369.30776968312,470
40869.30776968312,1490,42359.30776968312,470
40824.05585430135,1270,42094.05585430135,470
40682.17017254761,660,41342.17017254761,470
40608.623123927195,625,41233.623123927195,470
40259.683643650744,750,41009.683643650744,470
40332.19144490974,785,41117.19144490974,470
44810.38139734428,785,45595.38139734428,470
45059.609964764575,775,45834.609964764575,470
44129.71091165488,805,44934.71091165488,470
40886.98715350726,730,41616.98715350726,470
34902.03061161537,620,35522.03061161537,470
32067.53214806514,570,32637.53214806514,470
27589.689288011075,560,28149.689288011075,470
26789.077072177926,545,27334.077072177926,470
25638.717523627212,460,26098.717523627212,470
25733.7010788569,460,26193.7010788569,470
27348.0886338412,615,27963.0886338412,470
30048.637855448538,1020,31068.637855448538,470
30152.617395650523,1180,31332.617395650523,470
32282.552833098733,1260,33542.55283309873,470
34818.71220206161,1400,36218.71220206161,470
36707.146444560094,1530,38237.146444560094,470
37387.13086460854,1520,38907.13086460854,470
37575.571580505835,1500,39075.571580505835,470
38039.16115445883,1490,39529.16115445883,470
38022.46418415604,1270,39292.46418415604,470
39230.633896965664,660,39890.633896965664,470
38987.202381233285,625,39612.202381233285,470
37417.29745500973,750,38167.29745500973,470
37320.574378317666,785,38105.574378317666,470
41296.93776110701,785,42081.93776110701,470
41550.136578212725,775,42325.136578212725,470
40724.60069372554,805,41529.60069372554,470
38128.77188202118,730,38858.77188202118,470
34341.45408956997,620,34961.45408956997,470
30536.057046634058,570,31106.057046634058,470
27258.680884279125,560,27818.680884279125,470
26458.068668445954,545,27003.068668445954,470
25638.717523627212,460,26098.717523627212,470
25733.7010788569,460,26193.7010788569,470
27404.95698017884,615,28019.95698017884,470
30105.506201786186,1020,31125.506201786186,470
30248.492024301417,1180,31428.492024301417,470
32378.42746174965,1260,33638.42746174965,470
35309.64291265193,1400,36709.64291265193,470
36905.19613899051,1530,38435.19613899051,470
37565.91794681266,1520,39085.91794681266,470
38721.00079342983,1500,40221.00079342983,470
39803.23077618749,1490,41293.23077618749,470
39757.97886080571,1270,41027.97886080571,470
40012.96794387386,660,40672.96794387386,470
39824.79921849694,625,40449.79921849694,470
37676.91849604422,750,38426.91849604422,470
37504.34660020859,785,38289.34660020859,470
41382.277831543535,785,42167.277831543535,470
41635.47664864925,775,42410.47664864925,470
40689.5666908777,805,41494.5666908777,470
38128.77188202118,730,38858.77188202118,470
34048.57104363006,620,34668.57104363006,470
30536.057046634058,570,31106.057046634058,470
26370.59326944652,560,26930.59326944652,470
25841.845727624564,545,26386.845727624564,470
25638.717523627212,460,26098.717523627212,470
25733.7010788569,460,26193.7010788569,470
27490.587309155762,615,28105.587309155762,470
30191.136530763102,1020,31211.136530763102,470
30340.552696327115,1180,31520.552696327115,470
32423.52714363122,1260,33683.52714363122,470
35749.662681212736,1400,37149.662681212736,470
37255.284474748514,1530,38785.284474748514,470
38048.77013299195,1520,39568.77013299195,470
39332.87797526528,1500,40832.87797526528,470
39803.23077618749,1490,41293.23077618749,470
39757.97886080571,1270,41027.97886080571,470
39633.97554087639,660,40293.97554087639,470
38987.202381233285,625,39612.202381233285,470
37417.29745500973,750,38167.29745500973,470
37320.574378317666,785,38105.574378317666,470
41296.93776110701,785,42081.93776110701,470
41550.136578212725,775,42325.136578212725,470
40396.68567471781,805,41201.68567471781,470
37835.886806301285,730,38565.886806301285,470
34048.57104363006,620,34668.57104363006,470
30536.057046634058,570,31106.057046634058,470
26102.187340560034,560,26662.187340560034,470
25841.845727624564,545,26386.845727624564,470
25581.847147509558,460,26041.847147509558,470
25733.7010788569,460,26193.7010788569,470
27404.95698017884,615,28019.95698017884,470
30105.506201786186,1020,31125.506201786186,470
30152.617395650523,1180,31332.617395650523,470
32282.552833098733,1260,33542.55283309873,470
35309.64291265193,1400,36709.64291265193,470
37412.998380963865,1530,38942.998380963865,470
38048.77013299195,1520,39568.77013299195,470
37922.038788738915,1500,39422.038788738915,470
38721.00079342983,1490,40211.00079342983,470
39020.507011518755,1270,40290.507011518755,470
39163.622739954175,660,39823.622739954175,470
37530.31966512405,625,38155.31966512405,470
36847.521969991765,750,37597.521969991765,470
36612.94029507147,785,37397.94029507147,470
40576.520123403345,785,41361.520123403345,470
40971.365108222475,775,41746.365108222475,470
40145.82922373527,805,40950.82922373527,470
37244.03543397316,730,37974.03543397316,470
33124.355374528146,620,33744.355374528146,470
28307.173893610736,570,28877.173893610736,470
24656.07463714551,560,25216.07463714551,470
23994.139020881703,545,24539.139020881703,470
24737.519559756714,460,25197.519559756714,470
24954.492893152972,460,25414.492893152972,470
26375.757029773566,615,26990.757029773566,470
29840.13682378384,1020,30860.13682378384,470
29887.248017648177,1180,31067.248017648177,470
31948.451044642545,1260,33208.45104464254,470
34818.71220206161,1400,36218.71220206161,470
36707.146444560094,1530,38237.146444560094,470
37387.13086460854,1520,38907.13086460854,470
38067.71609953782,1500,39567.71609953782,470
38199.19712899734,1490,39689.19712899734,470
38022.46418415604,1270,39292.46418415604,470
37869.90591914773,660,38529.90591914773,470
37530.31966512405,625,38155.31966512405,470
37035.37404968825,750,37785.37404968825,470
37009.400984772794,785,37794.400984772794,470
40972.97675354467,785,41757.97675354467,470
41038.33161007391,775,41813.33161007391,470
39851.24319237306,805,40656.24319237306,470
36123.43043048308,730,36853.43043048308,470
32524.222499788713,620,33144.22249978871,470
28066.811405242544,570,28636.811405242544,470
25198.31209686588,560,25758.31209686588,470
24926.236325734386,545,25471.236325734386,470
25611.20182590964,460,26071.20182590964,470
25976.38360576826,460,26436.38360576826,470
27675.59566706837,615,28290.59566706837,470
30772.587310357016,1020,31792.587310357016,470
30624.890368455348,1180,31804.890368455348,470
32860.41699142775,1260,34120.41699142775,470
36813.843860185785,1400,38213.843860185785,470
38488.83861627281,1530,40018.83861627281,470
39416.10707449892,1520,40936.10707449892,470
39830.819545985156,1500,41330.819545985156,470
40283.28186596296,1490,41773.28186596296,470
40277.07885827449,1270,41547.07885827449,470
40564.280549986644,660,41224.280549986644,470
40320.84903425426,625,40945.84903425426,470
39715.069311547115,750,40465.069311547115,470
39788.56358588748,785,40573.56358588748,470
44848.50878491634,785,45633.50878491634,470
45089.18385940496,775,45864.18385940496,470
43991.84419430665,805,44796.84419430665,470
39811.45950431873,730,40541.45950431873,470
33215.45799039252,620,33835.45799039252,470
29769.336067507174,570,30339.336067507174,470
25223.29462913999,560,25783.29462913999,470
24978.72440682605,545,25523.72440682605,470
25663.689907001313,460,26123.689907001313,470
26028.87168685993,460,26488.87168685993,470
27718.614824447108,615,28333.614824447108,470
30656.18551653808,1020,31676.18551653808,470
30591.97951549042,1180,31771.97951549042,470
33464.55868167264,1260,34724.55868167264,470
38426.719229068,1400,39826.719229068,470
39820.92639825165,1530,41350.92639825165,470
39883.44362233702,1520,41403.44362233702,470
39782.93297615978,1500,41282.93297615978,470
39712.18296438317,1490,41202.18296438317,470
39666.931049001396,1270,40936.931049001396,470
39514.693489233534,660,40174.693489233534,470
39514.693489233534,625,40139.693489233534,470
38327.20317509211,750,39077.20317509211,470
39465.824505886805,785,40250.824505886805,470
44799.17295216897,785,45584.17295216897,470
44706.86667676294,775,45481.86667676294,470
43178.53976411616,805,43983.53976411616,470
39704.33177533245,730,40434.33177533245,470
33108.33026140625,620,33728.33026140625,470
29235.572939298374,570,29805.572939298374,470
24656.07463714551,560,25216.07463714551,470
23994.139020881703,545,24539.139020881703,470
24737.519559756714,460,25197.519559756714,470
24954.492893152972,460,25414.492893152972,470
26379.61361177884,615,26994.61361177884,470
29929.39233984572,1020,30949.39233984572,470
29887.248017648177,1180,31067.248017648177,470
31948.451044642545,1260,33208.45104464254,470
34838.599986528774,1400,36238.599986528774,470
36434.145093747335,1530,37964.145093747335,470
37098.20791945405,1520,38618.20791945405,470
37575.571580505835,1500,39075.571580505835,470
37846.173731355324,1490,39336.173731355324,470
37800.92181597353,1270,39070.92181597353,470
37827.51193400984,660,38487.51193400984,470
37753.85933682927,625,38378.85933682927,470
37636.736971109356,750,38386.736971109356,470
37563.802916049775,785,38348.802916049775,470
41382.277831543535,785,42167.277831543535,470
41635.47664864925,775,42410.47664864925,470
40396.68567471781,805,41201.68567471781,470
37839.848936866685,730,38569.848936866685,470
33569.26488311562,620,34189.26488311562,470
29548.85527426613,570,30118.85527426613,470
24672.022618627285,560,25232.022618627285,470
24082.65569702256,545,24627.65569702256,470
24826.036235897573,460,25286.036235897573,470
24954.492893152972,460,25414.492893152972,470
26375.757029773566,615,26990.757029773566,470
29840.13682378384,1020,30860.13682378384,470
29887.248017648177,1180,31067.248017648177,470
32161.26129925312,1260,33421.26129925312,470
35196.62070253762,1400,36596.62070253762,470
36792.17392887619,1530,38322.17392887619,470
37586.95052720136,1520,39106.95052720136,470
39399.88913227677,1500,40899.88913227677,470
39803.23077618749,1490,41293.23077618749,470
39757.97886080571,1270,41027.97886080571,470
40012.96794387386,660,40672.96794387386,470
40054.75705457093,625,40679.75705457093,470
37692.69394622576,750,38442.69394622576,470
37666.72088131029,785,38451.72088131029,470
41419.12645771384,785,42204.12645771384,470
41616.21403642294,775,42391.21403642294,470
40689.5666908777,805,41494.5666908777,470
37835.886806301285,730,38565.886806301285,470
34048.57104363006,620,34668.57104363006,470
29797.229304305267,570,30367.229304305267,470
25128.90985901112,560,25688.90985901112,470
24691.474000393842,545,25236.474000393842,470
24826.036235897573,460,25286.036235897573,470
24954.492893152972,460,25414.492893152972,470
26375.757029773566,615,26990.757029773566,470
29840.13682378384,1020,30860.13682378384,470
29887.248017648177,1180,31067.248017648177,470
31948.451044642545,1260,33208.45104464254,470
34317.91270109782,1400,35717.91270109782,470
36104.715858857526,1530,37634.715858857526,470
36843.38527834612,1520,38363.38527834612,470
37076.66383450464,1500,38576.66383450464,470
37080.625965070045,1490,38570.625965070045,470
37035.37404968825,1270,38305.37404968825,470
37031.41191912284,660,37691.41191912284,470
37035.37404968825,625,37660.37404968825,470
36780.551408580315,750,37530.551408580315,470
36612.94029507147,785,37397.94029507147,470
40718.16629111676,785,41503.16629111676,470
40971.365108222475,775,41746.365108222475,470
40145.82922373527,805,40950.82922373527,470
36188.66755977216,730,36918.66755977216,470
32524.222499788713,620,33144.22249978871,470
28099.807508967595,570,28669.807508967595,470
24558.52341021231,560,25118.52341021231,470
23941.65093979003,545,24486.65093979003,470
24741.37614176198,460,25201.37614176198,470
24902.0048120613,460,25362.0048120613,470
26375.757029773566,615,26990.757029773566,470
29873.047676748778,1020,30893.047676748778,470
29887.248017648177,1180,31067.248017648177,470
31448.53652775996,1260,32708.53652775996,470
34742.887740278085,1400,36142.887740278085,470
36434.145093747335,1530,37964.145093747335,470
37098.20791945405,1520,38618.20791945405,470
37462.54937039152,1500,38962.54937039152,470
37575.571580505835,1490,39065.571580505835,470
37800.92181597353,1270,39070.92181597353,470
38440.31469552656,660,39100.31469552656,470
37657.62746689789,625,38282.62746689789,470
37589.775980965234,750,38339.775980965234,470
37504.34660020859,785,38289.34660020859,470
41382.277831543535,785,42167.277831543535,470
41637.24661681167,775,42412.24661681167,470
40396.68567471781,805,41201.68567471781,470
37839.848936866685,730,38569.848936866685,470
33569.26488311562,620,34189.26488311562,470
29733.981359418904,570,30303.981359418904,470
24770.5420506218,560,25330.5420506218,470
24256.350061199722,545,24801.350061199722,470
24826.036235897573,460,25286.036235897573,470
24954.492893152972,460,25414.492893152972,470
26375.757029773566,615,26990.757029773566,470
29840.13682378384,1020,30860.13682378384,470
29887.248017648177,1180,31067.248017648177,470
31948.451044642545,1260,33208.45104464254,470
34834.63785596336,1400,36234.63785596336,470
36414.257309280176,1530,37944.257309280176,470
37094.245788888635,1520,38614.245788888635,470
37369.54891022454,1500,38869.54891022454,470
37462.54937039152,1490,38952.54937039152,470
37417.29745500973,1270,38687.29745500973,470
37324.296994842734,660,37984.296994842734,470
37031.41191912284,625,37656.41191912284,470
37031.41191912284,750,37781.41191912284,470
37005.43885420737,785,37790.43885420737,470
40972.97675354467,785,41757.97675354467,470
41226.17557065039,775,42001.17557065039,470
40145.82922373527,805,40950.82922373527,470
37394.9373984992,730,38124.9373984992,470
33124.355374528146,620,33744.355374528146,470
28307.173893610736,570,28877.173893610736,470
25295.863323799076,560,25855.863323799076,470
24978.72440682605,545,25523.72440682605,470
25663.689907001313,460,26123.689907001313,470
25976.38360576826,460,26436.38360576826,470
27718.614824447108,615,28333.614824447108,470
30689.09636950302,1020,31709.09636950302,470
30591.97951549042,1180,31771.97951549042,470
32772.710197508,1260,34032.710197508,470
36813.843860185785,1400,38213.843860185785,470
38488.83861627281,1530,40018.83861627281,470
39416.10707449892,1520,40936.10707449892,470
39577.82776643973,1500,41077.82776643973,470
39830.819545985156,1490,41320.819545985156,470
39785.56763060337,1270,41055.56763060337,470
40564.280549986644,660,41224.280549986644,470
40222.62392036014,625,40847.62392036014,470
39944.75921666073,750,40694.75921666073,470
39907.200167489464,785,40692.200167489464,470
44763.46912192023,785,45548.46912192023,470
44936.820453276916,775,45711.820453276916,470
44211.80333408698,805,45016.80333408698,470
40795.387241542194,730,41525.387241542194,470
34477.45340931566,620,35097.45340931566,470
30009.298689214815,570,30579.298689214815,470
26076.023476324317,560,26636.023476324317,470
25549.017485744742,545,26094.017485744742,470
25821.489063976776,460,26281.489063976776,470
26266.755813844742,460,26726.755813844742,470
27718.614824447108,615,28333.614824447108,470
30656.18551653808,1020,31676.18551653808,470
30938.887185984087,1180,32118.887185984087,470
33517.63336918512,1260,34777.63336918512,470
37239.2289149266,1400,38639.2289149266,470
38265.85916384836,1530,39795.85916384836,470
38338.618657827705,1520,39858.618657827705,470
39577.82776643973,1500,41077.82776643973,470
39712.18296438317,1490,41202.18296438317,470
39785.56763060337,1270,41055.56763060337,470
40497.26939297515,660,41157.26939297515,470
40377.626040491785,625,41002.626040491785,470
39944.75921666073,750,40694.75921666073,470
40044.092590436376,785,40829.092590436376,470
44763.46912192023,785,45548.46912192023,470
44936.820453276916,775,45711.820453276916,470
44211.80333408698,805,45016.80333408698,470
40462.40589164753,730,41192.40589164753,470
34477.45340931566,620,35097.45340931566,470
29845.897339431704,570,30415.897339431704,470
25489.27700070316,560,26049.27700070316,470
24691.474000393842,545,25236.474000393842,470
24760.7991066085,460,25220.7991066085,470
24954.492893152972,460,25414.492893152972,470
26375.757029773566,615,26990.757029773566,470
29840.13682378384,1020,30860.13682378384,470
29887.248017648177,1180,31067.248017648177,470
32161.26129925312,1260,33421.26129925312,470
34650.74790683227,1400,36050.74790683227,470
36430.18296318193,1530,37960.18296318193,470
37094.245788888635,1520,38614.245788888635,470
37391.79935861492,1500,38891.79935861492,470
37635.027896347034,1490,39125.027896347034,470
37609.5947529123,1270,38879.5947529123,470
38234.48688412552,660,38894.48688412552,470
38684.28613273968,625,39309.28613273968,470
37511.05705289775,750,38261.05705289775,470
37506.11656837101,785,38291.11656837101,470
41384.04779970596,785,42169.04779970596,470
41637.24661681167,775,42412.24661681167,470
40771.39524190944,805,41576.39524190944,470
37835.886806301285,730,38565.886806301285,470
34048.57104363006,620,34668.57104363006,470
30536.057046634058,570,31106.057046634058,470
26370.59326944652,560,26930.59326944652,470
25841.845727624564,545,26386.845727624564,470
25581.847147509558,460,26041.847147509558,470
25602.26876411744,460,26062.26876411744,470
26885.16076816911,615,27500.16076816911,470
30260.983290438475,1020,31280.983290438475,470
30248.492024301417,1180,31428.492024301417,470
32368.183162075653,1260,33628.18316207566,470
35311.41288081435,1400,36711.41288081435,470
36905.19613899051,1530,38435.19613899051,470
37644.63687488014,1520,39164.63687488014,470
38721.00079342983,1500,40221.00079342983,470
39803.23077618749,1490,41293.23077618749,470
39411.41422313251,1270,40681.41422313251,470
39230.633896965664,660,39890.633896965664,470
38196.883179794175,625,38821.883179794175,470
37346.54744323314,750,38096.54744323314,470
37298.32392992729,785,38083.32392992729,470
41296.93776110701,785,42081.93776110701,470
41550.136578212725,775,42325.136578212725,470
40724.60069372554,805,41529.60069372554,470
37835.886806301285,730,38565.886806301285,470
34048.57104363006,620,34668.57104363006,470
30536.057046634058,570,31106.057046634058,470
25608.587469266073,560,26168.587469266073,470
24691.474000393842,545,25236.474000393842,470
24946.245897001707,460,25406.245897001707,470
24943.554408718035,460,25403.554408718035,470
26885.16076816911,615,27500.16076816911,470
30120.013039465986,1020,31140.013039465986,470
30152.617395650523,1180,31332.617395650523,470
32282.552833098733,1260,33542.55283309873,470
35309.64291265193,1400,36709.64291265193,470
37044.13863974022,1530,38574.13863974022,470
37585.180559038956,1520,39105.180559038956,470
37846.173731355324,1500,39346.173731355324,470
38721.00079342983,1490,40211.00079342983,470
38153.94521361555,1270,39423.94521361555,470
37530.31966512405,660,38190.31966512405,470
37532.08963328647,625,38157.08963328647,470
37324.296994842734,750,38074.296994842734,470
37005.43885420737,785,37790.43885420737,470
41010.65758951612,785,41795.65758951612,470
41222.21344008498,775,41997.21344008498,470
40396.68567471781,805,41201.68567471781,470
37839.848936866685,730,38569.848936866685,470
33569.26488311562,620,34189.26488311562,470
29797.229304305267,570,30367.229304305267,470
25128.90985901112,560,25688.90985901112,470
24691.474000393842,545,25236.474000393842,470
24848.57085348834,460,25308.57085348834,470
24943.554408718035,460,25403.554408718035,470
26885.16076816911,615,27500.16076816911,470
30120.013039465986,1020,31140.013039465986,470
30224.402595228534,1180,31404.402595228534,470
32427.130003136128,1260,33687.13000313613,470
34838.599986528774,1400,36238.599986528774,470
36905.19613899051,1530,38435.19613899051,470
37585.180559038956,1520,39105.180559038956,470
37846.173731355324,1500,39346.173731355324,470
38003.88763757066,1490,39493.88763757066,470
37800.92181597353,1270,39070.92181597353,470
37532.08963328647,660,38192.08963328647,470
37532.08963328647,625,38157.08963328647,470
37532.08963328647,750,38282.08963328647,470
37504.34660020859,785,38289.34660020859,470
41382.277831543535,785,42167.277831543535,470
41635.47664864925,775,42410.47664864925,470
40724.60069372554,805,41529.60069372554,470
38128.77188202118,730,38858.77188202118,470
34203.83094582206,620,34823.83094582206,470
30536.057046634058,570,31106.057046634058,470
26370.59326944652,560,26930.59326944652,470
25841.845727624564,545,26386.845727624564,470
25638.717523627212,460,26098.717523627212,470
25676.83070273925,460,26136.83070273925,470
27348.0886338412,615,27963.0886338412,470
30048.637855448538,1020,31068.637855448538,470
30152.617395650523,1180,31332.617395650523,470
32282.552833098733,1260,33542.55283309873,470
35309.64291265193,1400,36709.64291265193,470
37255.284474748514,1530,38785.284474748514,470
37855.782709888445,1520,39375.782709888445,470
39803.23077618749,1500,41303.23077618749,470
40182.223179184984,1490,41672.223179184984,470
39757.97886080571,1270,41027.97886080571,470
39633.97554087639,660,40293.97554087639,470
39390.54402514401,625,40015.54402514401,470
38803.17440706201,750,39553.17440706201,470
38572.65635170726,785,39357.65635170726,470
41890.35206403725,785,42675.35206403725,470
41772.82374231679,775,42547.82374231679,470
40811.71073232448,805,41616.71073232448,470
38128.77188202118,730,38858.77188202118,470
34376.4880924178,620,34996.4880924178,470
30536.057046634058,570,31106.057046634058,470
27352.444541727138,560,27912.444541727138,470
26941.935744626633,545,27486.935744626633,470
26357.212959668253,460,26817.212959668253,470
26802.479709536223,460,27262.479709536223,470
28742.214611824747,615,29357.214611824747,470
31004.51200325369,1020,32024.51200325369,470
31253.917161534224,1180,32433.917161534224,470
34091.839863949135,1260,35351.839863949135,470
39050.18239515928,1400,40450.18239515928,470
40440.090490297065,1530,41970.090490297065,470
40622.5433551862,1520,42142.5433551862,470
40924.57056003858,1500,42424.57056003858,470
40869.30776968312,1490,42359.30776968312,470
40824.05585430135,1270,42094.05585430135,470
40682.17017254761,660,41342.17017254761,470
40735.524969700455,625,41360.524969700455,470
40316.46064988825,750,41066.46064988825,470
40455.97960815876,785,41240.97960815876,470
44842.81322222857,785,45627.81322222857,470
45092.04178964886,775,45867.04178964886,470
44121.57555340378,805,44926.57555340378,470
40884.10080634332,730,41614.10080634332,470
34958.08501617191,620,35578.08501617191,470
32139.908013623965,570,32709.908013623965,470
27438.07487070406,560,27998.07487070406,470
27027.56607360355,545,27572.56607360355,470
26357.212959668253,460,26817.212959668253,470
26802.479709536223,460,27262.479709536223,470
28742.214611824747,615,29357.214611824747,470
31004.51200325369,1020,32024.51200325369,470
30940.306002206024,1180,32120.306002206024,470
33998.13304034119,1260,35258.13304034119,470
39041.66949782766,1400,40441.66949782766,470
40495.211196052325,1530,42025.211196052325,470
40914.70582922512,1520,42434.70582922512,470
40869.30776968312,1500,42369.30776968312,470
40869.30776968312,1490,42359.30776968312,470
40824.05585430135,1270,42094.05585430135,470
40864.610858756714,660,41524.610858756714,470
40791.063810136286,625,41416.063810136286,470
40547.45773332366,750,41297.45773332366,470
40686.97669159418,785,41471.97669159418,470
45073.81030566396,785,45858.81030566396,470
45323.03887308426,775,46098.03887308426,470
44121.57555340378,805,44926.57555340378,470
40884.10080634332,730,41614.10080634332,470
34958.08501617191,620,35578.08501617191,470
32067.53214806514,570,32637.53214806514,470
27730.355071983144,560,28290.355071983144,470
26929.742856149984,545,27474.742856149984,470
25734.592152278114,460,26194.592152278114,470
25733.7010788569,460,26193.7010788569,470
27404.95698017884,615,28019.95698017884,470
30105.506201786186,1020,31125.506201786186,470
30152.617395650523,1180,31332.617395650523,470
32378.42746174965,1260,33638.42746174965,470
35749.662681212736,1400,37149.662681212736,470
37591.58654472771,1530,39121.58654472771,470
38730.609771962925,1520,40250.609771962925,470
40297.55933850246,1500,41797.55933850246,470
40449.85373211041,1490,41939.85373211041,470
40404.60181672862,1270,41674.60181672862,470
40300.13715910598,660,40960.13715910598,470
40226.59011048555,625,40851.59011048555,470
39870.72908039965,750,40620.72908039965,470
39664.27609675777,785,40449.27609675777,470
42798.66237703747,785,43583.66237703747,470
42943.503418475244,775,43718.503418475244,470
40966.55858917591,805,41771.55858917591,470
38386.54988281315,730,39116.54988281315,470
34599.223971241925,620,35219.223971241925,470
31864.919508188494,570,32434.919508188494,470
27681.745900476773,560,28241.745900476773,470
26929.742856149984,545,27474.742856149984,470
25638.717523627212,460,26098.717523627212,470
25733.7010788569,460,26193.7010788569,470
26885.16076816911,615,27500.16076816911,470
30260.983290438475,1020,31280.983290438475,470
30152.617395650523,1180,31332.617395650523,470
32282.552833098733,1260,33542.55283309873,470
35196.62070253762,1400,36596.62070253762,470
36787.44454146973,1530,38317.44454146973,470
37472.15834892464,1520,38992.15834892464,470
39399.88913227677,1500,40899.88913227677,470
40182.223179184984,1490,41672.223179184984,470
40136.97126380319,1270,41406.97126380319,470
40230.536002810935,660,40890.536002810935,470
40156.988954190514,625,40781.988954190514,470
39640.771244325675,750,40390.771244325675,470
39497.253619449715,785,40282.253619449715,470
41919.666146837284,785,42704.666146837284,470
42087.59390602658,775,42862.59390602658,470
40809.940764162064,805,41614.940764162064,470
38210.60043305292,730,38940.60043305292,470
34423.28264060169,620,35043.28264060169,470
31750.27956341197,570,32320.27956341197,470
27589.689288011075,560,28149.689288011075,470
26789.077072177926,545,27334.077072177926,470
25638.717523627212,460,26098.717523627212,470
25733.7010788569,460,26193.7010788569,470
27404.95698017884,615,28019.95698017884,470
30105.506201786186,1020,31125.506201786186,470
30152.617395650523,1180,31332.617395650523,470
32378.42746174965,1260,33638.42746174965,470
36615.22582735459,1400,38015.22582735459,470
38555.23677972347,1530,40085.23677972347,470
39239.849098178245,1520,40759.849098178245,470
40399.79123812204,1500,41899.79123812204,470
40449.85373211041,1490,41939.85373211041,470
40368.60163859945,1270,41638.60163859945,470
40300.13715910598,660,40960.13715910598,470
40226.59011048555,625,40851.59011048555,470
39755.39292108218,750,40505.39292108218,470
39611.875296206206,785,40396.875296206206,470
42197.38470637648,785,42982.38470637648,470
42394.62654836579,775,43169.62654836579,470
40809.940764162064,805,41614.940764162064,470
38210.60043305292,730,38940.60043305292,470
34423.28264060169,620,35043.28264060169,470
31750.27956341197,570,32320.27956341197,470
27589.689288011075,560,28149.689288011075,470
26458.068668445954,545,27003.068668445954,470
25638.717523627212,460,26098.717523627212,470
25733.7010788569,460,26193.7010788569,470
27404.95698017884,615,28019.95698017884,470
30105.506201786186,1020,31125.506201786186,470
30152.617395650523,1180,31332.617395650523,470
32282.552833098733,1260,33542.55283309873,470
35133.8436666119,1400,36533.8436666119,470
36792.17392887619,1530,38322.17392887619,470
37472.15834892464,1520,38992.15834892464,470
37369.54891022454,1500,38869.54891022454,470
37369.54891022454,1490,38859.54891022454,470
37031.41191912284,1270,38301.41191912284,470
37031.41191912284,660,37691.41191912284,470
37324.296994842734,625,37949.296994842734,470
37031.41191912284,750,37781.41191912284,470
37009.400984772794,785,37794.400984772794,470
40972.97675354467,785,41757.97675354467,470
41222.21344008498,775,41997.21344008498,470
40400.64780528321,805,41205.64780528321,470
37652.004976290205,730,38382.004976290205,470
33473.55263686494,620,34093.55263686494,470
29733.981359418904,570,30303.981359418904,470
33686.62676287585,560,34246.62676287585,470
32510.750849910313,545,33055.75084991031,470
30994.842131320485,460,31454.842131320485,470
30688.087568841638,460,31148.087568841638,470
31752.451428014934,615,32367.451428014934,470
33994.50379369623,1020,35014.50379369623,470
35675.83958251194,1180,36855.83958251194,470
35706.5704517539,1260,36966.5704517539,470
37237.89737924478,1400,38637.89737924478,470
39382.132616812516,1530,40912.132616812516,470
39817.102292726435,1520,41337.102292726435,470
41035.27070182973,1500,42535.27070182973,470
41035.27070182973,1490,42525.27070182973,470
40613.14141421335,1270,41883.14141421335,470
39619.669651416865,660,40279.669651416865,470
39619.669651416865,625,40244.669651416865,470
39381.901221892214,750,40131.901221892214,470
39420.7106155452,785,40205.7106155452,470
43340.22797957692,785,44125.22797957692,470
43593.426796682645,775,44368.426796682645,470
42626.89427408294,805,43431.89427408294,470
38733.52453604692,730,39463.52453604692,470
35225.17564761659,620,35845.17564761659,470
30334.780001999236,570,30904.780001999236,470
32443.382451618327,560,33003.38245161832,470
30242.818789193676,545,30787.818789193676,470
30565.070721993678,460,31025.070721993678,470
30607.40990307148,460,31067.40990307148,470
32391.13794412699,615,33006.13794412699,470
34987.75228069242,1020,36007.75228069242,470
36227.81795646561,1180,37407.81795646561,150
36277.36488633326,1260,37537.36488633326,150
39264.71390321221,1400,40664.71390321221,150
41263.44233150128,1530,42793.44233150128,150
41257.47883785313,1520,42777.47883785313,150
41281.72253020623,1500,42781.72253020623,150
41410.33751030184,1490,42900.33751030184,150
41365.085594920056,1270,42635.085594920056,150
41218.58825300004,660,41878.58825300004,150
41244.71152163569,625,41869.71152163569,150
40795.92716302292,750,41545.92716302292,150
40909.61514097816,785,41694.61514097816,150
46407.00228796432,785,47192.00228796432,150
46656.2308553846,775,47431.2308553846,150
45400.66983907026,805,46205.66983907026,150
41117.180444061574,730,41847.180444061574,150
35907.49431466824,620,36527.49431466824,150
31536.407733859938,570,32106.407733859938,150
36295.35685627783,560,36855.35685627783,150
35300.49672395943,545,35845.49672395943,150
34692.28126524899,460,35152.28126524899,150
34244.52397531763,460,34704.52397531763,150
35655.52148468421,615,36270.52148468421,150
36630.05134049482,1020,37650.05134049482,150
36887.33813452612,1180,38067.33813452612,150
37580.4389929525,1260,38840.4389929525,150
39030.664030652624,1400,40430.664030652624,150
41047.66859808665,1530,42577.66859808665,150
41388.639162072206,1520,42908.639162072206,150
41541.29485652067,1500,43041.29485652067,150
41541.29485652067,1490,43031.29485652067,150
41496.04294113887,1270,42766.04294113887,150
41478.16057931444,660,42138.16057931444,150
41399.71364176735,625,42024.71364176735,150
40828.046401786785,750,41578.046401786785,150
41079.499608090126,785,41864.499608090126,150
46672.95218304743,785,47457.95218304743,150
46913.627257536056,775,47688.627257536056,150
45400.66983907026,805,46205.66983907026,150
41117.180444061574,730,41847.180444061574,150
35907.49431466824,620,36527.49431466824,150
31365.786456606966,570,31935.786456606966,150
35770.32990120096,560,36330.32990120096,150
34833.26978424149,545,35378.26978424149,150
34274.763637798904,460,34734.763637798904,150
33455.972712260926,460,33915.972712260926,150
34306.9843655629,615,34921.9843655629,150
35667.58243746067,1020,36687.58243746067,150
35839.17597933496,1180,37019.17597933496,150
35869.906848576924,1260,37129.906848576924,150
37511.68222513861,1400,38911.68222513861,150
40304.0383962713,1530,41834.0383962713,150
41021.07848005034,1520,42541.07848005034,150
42084.995787623026,1500,43584.995787623026,150
42187.22768724261,1490,43677.22768724261,150
42141.97577186084,1270,43411.97577186084,150
41924.40771292376,660,42584.40771292376,150
41375.53084281431,625,42000.53084281431,150
40449.484312149885,750,41199.484312149885,150
40492.25177680829,785,41277.25177680829,150
44605.775513504916,785,45390.775513504916,150
44588.14078484082,775,45363.14078484082,150
43235.35736595373,805,44040.35736595373,150
40192.85110727949,730,40922.85110727949,150
37167.77253970905,620,37787.77253970905,150
32939.870699856234,570,33509.870699856234,150
36811.611102182724,560,37371.611102182724,150
35602.68631121205,545,36147.68631121205,150
34066.75584267488,460,34526.75584267488,150
33411.30131395993,460,33871.30131395993,150
34306.9843655629,615,34921.9843655629,150
35667.58243746067,1020,36687.58243746067,150
35675.83958251194,1180,36855.83958251194,150
35869.906848576924,1260,37129.906848576924,150
37212.43581889001,1400,38612.43581889001,150
39426.06111563252,1530,40956.06111563252,150
39705.163985133586,1520,41225.163985133586,150
41523.27446965604,1500,43023.27446965604,150
41523.27446965604,1490,43013.27446965604,150
41478.022554274256,1270,42748.022554274256,150
42039.74387224124,660,42699.74387224124,150
41987.3430716897,625,42612.3430716897,150
40826.36168438448,750,41576.36168438448,150
40971.76700466303,785,41756.76700466303,150
44784.14852058846,785,45569.14852058846,150
44981.390362577775,775,45756.390362577775,150
43677.09026883687,805,44482.09026883687,150
40510.893276353745,730,41240.893276353745,150
37485.81470878329,620,38105.81470878329,150
33449.499743832086,570,34019.499743832086,150
36801.36883228874,560,37361.36883228874,150
35592.44404131807,545,36137.44404131807,150
34066.75584267488,460,34526.75584267488,150
33411.30131395993,460,33871.30131395993,150
34470.320762385934,615,35085.320762385934,150
35830.91883428368,1020,36850.91883428368,150
35620.92591431697,1180,36800.92591431697,150
35651.656783558916,1260,36911.656783558916,150
37511.68222513861,1400,38911.68222513861,150
40009.68375982939,1530,41539.68375982939,150
40589.9613265817,1520,42109.9613265817,150
41957.52966300899,1500,43457.52966300899,150
42032.59498707148,1490,43522.59498707148,150
42039.74387224124,1270,43309.74387224124,150
42141.97577186084,660,42801.97577186084,150
42141.97577186084,625,42766.97577186084,150
41863.24232232025,750,42613.24232232025,150
41993.01021745742,785,42778.01021745742,150
45009.3120162959,785,45794.3120162959,150
45640.809051638156,775,46415.809051638156,150
43636.908743902015,805,44441.908743902015,150
40913.561033303544,730,41643.561033303544,150
37537.326465693615,620,38157.326465693615,150
33516.8924994841,570,34086.8924994841,150
36801.36883228874,560,37361.36883228874,150
35592.44404131807,545,36137.44404131807,150
34066.75584267488,460,34526.75584267488,150
33411.30131395993,460,33871.30131395993,150
34262.31296726191,615,34877.31296726191,150
35622.91103915968,1020,36642.91103915968,150
35620.92591431697,1180,36800.92591431697,150
35651.656783558916,1260,36911.656783558916,150
38259.61556055983,1400,39659.61556055983,150
40819.35082425491,1530,42349.35082425491,150
41221.941449564605,1520,42741.941449564605,150
42084.995787623026,1500,43584.995787623026,150
42187.22768724261,1490,43677.22768724261,150
42141.97577186084,1270,43411.97577186084,150
42041.57879336374,660,42701.57879336374,150
42090.56550395063,625,42715.56550395063,150
41978.57848163771,750,42728.57848163771,150
42045.41101800897,785,42830.41101800897,150
45610.58968695689,785,46395.58968695689,150
45755.43072839466,775,46530.43072839466,150
43839.448311698565,805,44644.448311698565,150
41072.15180448008,730,41802.15180448008,150
37842.54854427037,620,38462.54854427037,150
33954.456234241545,570,34524.456234241545,150
36831.77899629026,560,37391.77899629026,150
35622.85420531959,545,36167.85420531959,150
34056.51357278091,460,34516.51357278091,150
33401.057014285936,460,33861.057014285936,150
34262.31296726191,615,34877.31296726191,150
35622.91103915968,1020,36642.91103915968,150
35620.92591431697,1180,36800.92591431697,150
35651.656783558916,1260,36911.656783558916,150
37913.95214520786,1400,39313.95214520786,150
40304.0383962713,1530,41834.0383962713,150
40847.6175405735,1520,42367.6175405735,150
41969.65962830554,1500,43469.65962830554,150
42084.995787623026,1490,43574.995787623026,150
42039.74387224124,1270,43309.74387224124,150
42041.57879336374,660,42701.57879336374,150
42039.74387224124,625,42664.74387224124,150
41314.36545221081,750,42064.36545221081,150
41444.133347348004,785,42229.133347348004,150
45009.3120162959,785,45794.3120162959,150
45206.553858285224,775,45981.553858285224,150
43636.908743902015,805,44441.908743902015,150
40562.405033264076,730,41292.405033264076,150
37649.264773286464,620,38269.264773286464,150
33449.499743832086,570,34019.499743832086,150
36285.11458638385,560,36845.11458638385,150
35290.254454065456,545,35835.254454065456,150
34419.15812763606,460,34879.15812763606,150
34093.21199523102,460,34553.21199523102,150
35504.20544503758,615,36119.20544503758,150
36478.735300848224,1020,37498.735300848224,150
36887.33813452612,1180,38067.33813452612,150
37580.4389929525,1260,38840.4389929525,150
39030.664030652624,1400,40430.664030652624,150
41071.315535118934,1530,42601.315535118934,150
41166.03724872827,1520,42686.03724872827,150
41541.29485652067,1500,43041.29485652067,150
41541.29485652067,1490,43031.29485652067,150
41496.04294113887,1270,42766.04294113887,150
41478.16057931444,660,42138.16057931444,150
41478.16057931444,625,42103.16057931444,150
41202.27288133776,750,41952.27288133776,150
41217.99961679923,785,42002.99961679923,150
46537.29386634222,785,47322.29386634222,150
46786.52243376251,775,47561.52243376251,150
45400.66983907026,805,46205.66983907026,150
41117.180444061574,730,41847.180444061574,150
35907.49431466824,620,36527.49431466824,150
31203.42638396529,570,31773.42638396529,150
35864.028605688894,560,36424.028605688894,150
35141.025028261705,545,35686.025028261705,150
34692.28126524899,460,35152.28126524899,150
34244.52397531763,460,34704.52397531763,150
33826.91906732742,615,34441.91906732742,150
35916.551193040614,1020,36936.551193040614,150
37038.654174172734,1180,38218.654174172734,150
37731.750973039096,1260,38991.750973039096,150
39130.35464570875,1400,40530.35464570875,150
41171.01020973506,1530,42701.01020973506,150
41259.10672141536,1520,42779.10672141536,150
41139.3943564119,1500,42639.3943564119,150
41027.456048819055,1490,42517.456048819055,150
40982.20413343727,1270,42252.20413343727,150
41016.19482936368,660,41676.19482936368,150
41110.80287529286,625,41735.80287529286,150
40915.65982582642,750,41665.65982582642,150
41055.174724536904,785,41840.174724536904,150
46434.56670040195,785,47219.56670040195,150
46675.24177489057,775,47450.24177489057,150
45398.12855450679,805,46203.12855450679,150
41117.180444061574,730,41847.180444061574,150
35907.49431466824,620,36527.49431466824,150
31203.42638396529,570,31773.42638396529,150
35978.33769632497,560,36538.33769632497,150
35041.2775793655,545,35586.2775793655,150
34233.238398502195,460,34693.238398502195,150
33455.972712260926,460,33915.972712260926,150
34413.62494734851,615,35028.62494734851,150
35774.22301924628,1020,36794.22301924628,150
35631.16818421095,1180,36811.16818421095,150
35661.8990534529,1260,36921.8990534529,150
37305.51341069711,1400,38705.51341069711,150
39449.74864826484,1530,40979.74864826484,150
39840.78982535878,1520,41360.78982535878,150
39688.142250030345,1500,41188.142250030345,150
40020.03563784353,1490,41510.03563784353,150
39642.89033464856,1270,40912.89033464856,150
40133.37449363827,660,40793.37449363827,150
40210.31533442332,625,40835.31533442332,150
39685.43858306666,750,40435.43858306666,150
39753.66760807982,785,40538.66760807982,150
43636.55150262152,785,44421.55150262152,150
43847.93685167016,775,44622.93685167016,150
42915.82127879743,805,43720.82127879743,150
40189.40860039479,730,40919.40860039479,150
37164.330032824335,620,37784.330032824335,150
32308.686250634415,570,32878.68625063442,150
36576.481386661675,560,37136.481386661675,150
35367.55659569101,545,35912.55659569101,150
34066.75584267488,460,34526.75584267488,150
33619.30910908395,460,34079.30910908395,150
34413.62494734851,615,35028.62494734851,150
35830.91883428368,1020,36850.91883428368,150
35631.16818421095,1180,36811.16818421095,150
35661.8990534529,1260,36921.8990534529,150
37305.51341069711,1400,38705.51341069711,150
39449.74864826484,1530,40979.74864826484,150
39830.54755546479,1520,41350.54755546479,150
39688.142250030345,1500,41188.142250030345,150
40178.62640902008,1490,41668.62640902008,150
40397.57877791902,1270,41667.57877791902,150
40598.63660631355,660,41258.63660631355,150
39974.783722461725,625,40599.783722461725,150
39377.9431508868,750,40127.9431508868,150
39420.7106155452,785,40205.7106155452,150
43340.22797957692,785,44125.22797957692,150
43593.426796682645,775,44368.426796682645,150
42622.94026263753,805,43427.94026263753,150
39896.52758423488,730,40626.52758423488,150
36871.449016664425,620,37491.449016664425,150
32208.18372357719,570,32778.18372357719,150
35793.55870355267,560,36353.55870355267,150
34856.4945270332,545,35401.4945270332,150
34233.238398502195,460,34693.238398502195,150
33455.972712260926,460,33915.972712260926,150
34306.9843655629,615,34921.9843655629,150
35667.58243746067,1020,36687.58243746067,150
35782.48016429755,1180,36962.48016429755,150
35706.5704517539,1260,36966.5704517539,150
37305.51341069711,1400,38705.51341069711,150
39449.74864826484,1530,40979.74864826484,150
39789.63530972894,1520,41309.63530972894,150
40187.098710751634,1500,41687.098710751634,150
40658.39332959514,1490,42148.39332959514,150
40613.14141421335,1270,41883.14141421335,150
41478.022554274256,660,42138.022554274256,150
41375.53084281431,625,42000.53084281431,150
40449.484312149885,750,41199.484312149885,150
40759.98381873385,785,41544.98381873385,150
44813.47478206851,785,45598.47478206851,150
44984.50810466203,775,45759.50810466203,150
43636.908743902015,805,44441.908743902015,150
40913.561033303544,730,41643.561033303544,150
37649.264773286464,620,38269.264773286464,150
33516.8924994841,570,34086.8924994841,150
36831.77899629026,560,37391.77899629026,150
35622.85420531959,545,36167.85420531959,150
34056.51357278091,460,34516.51357278091,150
33401.057014285936,460,33861.057014285936,150
34252.070697367926,615,34867.070697367926,150
35612.66876926569,1020,36632.66876926569,150
35579.00283813972,1180,36759.00283813972,150
35609.73370738168,1260,36869.73370738168,150
37913.95214520786,1400,39313.95214520786,150
40304.0383962713,1530,41834.0383962713,150
40589.9613265817,1520,42109.9613265817,150
41523.27446965604,1500,43023.27446965604,150
41969.65962830554,1490,43459.65962830554,150
41924.40771292376,1270,43194.40771292376,150
42039.74387224124,660,42699.74387224124,150
41924.40771292376,625,42549.40771292376,150
40996.010697016136,750,41746.010697016136,150
40837.915192160246,785,41622.915192160246,150
44717.94521601807,785,45502.94521601807,150
44790.672233517376,775,45565.672233517376,150
43167.347557180874,805,43972.347557180874,150
40630.41484203693,730,41360.41484203693,150
37605.33627446648,620,38225.33627446648,150
33449.499743832086,570,34019.499743832086,150
36801.36883228874,560,37361.36883228874,150
35592.44404131807,545,36137.44404131807,150
34066.75584267488,460,34526.75584267488,150
33411.30131395993,460,33871.30131395993,150
34262.31296726191,615,34877.31296726191,150
35622.91103915968,1020,36642.91103915968,150
35620.92591431697,1180,36800.92591431697,150
35651.656783558916,1260,36911.656783558916,150
37169.887570471925,1400,38569.887570471925,150
39314.12280803967,1530,40844.12280803967,150
39817.102292726435,1520,41337.102292726435,150
40701.98082537465,1500,42201.98082537465,150
41204.91971446137,1490,42694.91971446137,150
41478.022554274256,1270,42748.022554274256,150
41924.40771292376,660,42584.40771292376,150
41924.40771292376,625,42549.40771292376,150
40996.010697016136,750,41746.010697016136,150
41038.778161674505,785,41823.778161674505,150
44784.14852058846,785,45569.14852058846,150
44981.390362577775,775,45756.390362577775,150
43518.49949766034,805,44323.49949766034,150
40630.41484203693,730,41360.41484203693,150
37167.77253970905,620,37787.77253970905,150
32939.870699856234,570,33509.870699856234,150
36295.35685627783,560,36855.35685627783,150
35300.49672395943,545,35845.49672395943,150
34419.15812763606,460,34879.15812763606,150
34093.21199523102,460,34553.21199523102,150
35712.21324016161,615,36327.21324016161,150
36686.74715553224,1020,37706.74715553224,150
36887.33813452612,1180,38067.33813452612,150
37580.4389929525,1260,38840.4389929525,150
39128.73082170652,1400,40528.73082170652,150
41183.2538427118,1530,42713.2538427118,150
41198.15648749213,1520,42718.15648749213,150
41565.33963043349,1500,43065.33963043349,150
41529.1648912241,1490,43019.1648912241,150
41496.04294113887,1270,42766.04294113887,150
41478.16057931444,660,42138.16057931444,150
41478.16057931444,625,42103.16057931444,150
40795.92716302292,750,41545.92716302292,150
40967.56130049728,785,41752.56130049728,150
46487.85654459471,785,47272.85654459471,150
46728.53161908333,775,47503.53161908333,150
45400.66983907026,805,46205.66983907026,150
41117.180444061574,730,41847.180444061574,150
35907.49431466824,620,36527.49431466824,150
31536.407733859938,570,32106.407733859938,150
36295.35685627783,560,36855.35685627783,150
35300.49672395943,545,35845.49672395943,150
34419.15812763606,460,34879.15812763606,150
34093.21199523102,460,34553.21199523102,150
35504.20544503758,615,36119.20544503758,150
36478.735300848224,1020,37498.735300848224,150
36877.09586463214,1180,38057.09586463214,150
37714.79419089593,1260,38974.79419089593,150
39030.664030652624,1400,40430.664030652624,150
41039.19629635509,1530,42569.19629635509,150
41166.03724872827,1520,42686.03724872827,150
41541.29485652067,1500,43041.29485652067,150
41541.29485652067,1490,43031.29485652067,150
41496.04294113887,1270,42766.04294113887,150
41478.16057931444,660,42138.16057931444,150
41478.16057931444,625,42103.16057931444,150
41047.27076120611,750,41797.27076120611,150
41186.785659916604,785,41971.785659916604,150
46537.29386634222,785,47322.29386634222,150
46786.52243376251,775,47561.52243376251,150
45524.230666958974,805,46329.230666958974,150
41476.69101859246,730,42206.69101859246,150
36325.94564091961,620,36945.94564091961,150
31930.055148477433,570,32500.055148477433,150
36801.36883228874,560,37361.36883228874,150
35592.44404131807,545,36137.44404131807,150
34066.75584267488,460,34526.75584267488,150
33411.30131395993,460,33871.30131395993,150
34262.31296726191,615,34877.31296726191,150
35622.91103915968,1020,36642.91103915968,150
35620.92591431697,1180,36800.92591431697,150
35651.656783558916,1260,36911.656783558916,150
37913.95214520786,1400,39313.95214520786,150
40649.701811623265,1530,42179.701811623265,150
41154.930292553116,1520,42674.930292553116,150
42187.22768724261,1500,43687.22768724261,150
42135.817419332416,1490,43625.817419332416,150
42090.56550395063,1270,43360.56550395063,150
42296.56381687191,660,42956.56381687191,150
42296.56381687191,625,42921.56381687191,150
42080.81038125731,750,42830.81038125731,150
42045.41101800897,785,42830.41101800897,150
45610.58968695689,785,46395.58968695689,150
45807.8315289462,775,46582.8315289462,150
44030.16644075897,805,44835.16644075897,150
41234.50578778176,730,41964.50578778176,150
38209.42722021131,620,38829.42722021131,150
34673.595110543465,570,35243.595110543465,150
36713.48341772874,560,37273.48341772874,150
35504.55862675807,545,36049.55862675807,150
34056.51357278091,460,34516.51357278091,150
33401.057014285936,460,33861.057014285936,150
34252.070697367926,615,34867.070697367926,150
35612.66876926569,1020,36632.66876926569,150
35579.00283813972,1180,36759.00283813972,150
35651.656783558916,1260,36911.656783558916,150
37169.887570471925,1400,38569.887570471925,150
39665.278808079136,1530,41195.278808079136,150
39991.12345148405,1520,41511.12345148405,150
40020.03563784353,1500,41520.03563784353,150
40020.03563784353,1490,41510.03563784353,150
40607.84774796613,1270,41877.84774796613,150
40785.34389008847,660,41445.34389008847,150
41924.40771292376,625,42549.40771292376,150
39685.43858306666,750,40435.43858306666,150
39662.437116075256,785,40447.437116075256,150
43594.73803456444,785,44379.73803456444,150
43847.93685167016,775,44622.93685167016,150
42915.82127879743,805,43720.82127879743,150
39896.52758423488,730,40626.52758423488,150
36871.449016664425,620,37491.449016664425,150
32208.18372357719,570,32778.18372357719,150
35793.55870355267,560,36353.55870355267,150
34856.4945270332,545,35401.4945270332,150
34233.238398502195,460,34693.238398502195,150
33455.972712260926,460,33915.972712260926,150
34413.62494734851,615,35028.62494734851,150
35830.91883428368,1020,36850.91883428368,150
35631.16818421095,1180,36811.16818421095,150
35661.8990534529,1260,36921.8990534529,150
37957.53964098738,1400,39357.53964098738,150
40819.35082425491,1530,42349.35082425491,150
41052.29243693298,1520,42572.29243693298,150
42032.59498707148,1500,43532.59498707148,150
42084.995787623026,1490,43574.995787623026,150
41987.3430716897,1270,43257.3430716897,150
41912.277747627195,660,42572.277747627195,150
41924.40771292376,625,42549.40771292376,150
40621.68678802502,750,41371.68678802502,150
40191.917408478206,785,40976.917408478206,150
44390.89894285153,785,45175.89894285153,150
44726.75040167009,775,45501.75040167009,150
43235.35736595373,805,44040.35736595373,150
40151.037639222406,730,40881.037639222406,150
37167.77253970905,620,37787.77253970905,150
33449.499743832086,570,34019.499743832086,150
36801.36883228874,560,37361.36883228874,150
35592.44404131807,545,36137.44404131807,150
34066.75584267488,460,34526.75584267488,150
33411.30131395993,460,33871.30131395993,150
34262.31296726191,615,34877.31296726191,150
35622.91103915968,1020,36642.91103915968,150
35631.16818421095,1180,36811.16818421095,150
35661.8990534529,1260,36921.8990534529,150
37767.41826724779,1400,39167.41826724779,150
40347.62589205081,1530,41877.62589205081,150
40675.41506469838,1520,42195.41506469838,150
41969.65962830554,1500,43469.65962830554,150
41969.65962830554,1490,43459.65962830554,150
41987.3430716897,1270,43257.3430716897,150
41924.40771292376,660,42584.40771292376,150
41375.53084281431,625,42000.53084281431,150
40996.010697016136,750,41746.010697016136,150
41095.55516791204,785,41880.55516791204,150
44784.14852058846,785,45569.14852058846,150
44981.390362577775,775,45756.390362577775,150
43518.49949766034,805,44323.49949766034,150
40630.41484203693,730,41360.41484203693,150
37605.33627446648,620,38225.33627446648,150
33449.499743832086,570,34019.499743832086,150
36801.36883228874,560,37361.36883228874,150
35592.44404131807,545,36137.44404131807,150
34066.75584267488,460,34526.75584267488,150
33411.30131395993,460,33871.30131395993,150
34262.31296726191,615,34877.31296726191,150
35622.91103915968,1020,36642.91103915968,150
35631.16818421095,1180,36811.16818421095,150
35661.8990534529,1260,36921.8990534529,150
37521.043570511385,1400,38921.043570511385,150
40304.0383962713,1530,41834.0383962713,150
40675.41506469838,1520,42195.41506469838,150
41969.65962830554,1500,43469.65962830554,150
42032.59498707148,1490,43522.59498707148,150
41924.40771292376,1270,43194.40771292376,150
41924.40771292376,660,42584.40771292376,150
41924.40771292376,625,42549.40771292376,150
40621.68678802502,750,41371.68678802502,150
40492.25177680829,785,41277.25177680829,150
44588.13672528083,785,45373.13672528083,150
44785.37856727014,775,45560.37856727014,150
43235.35736595373,805,44040.35736595373,150
40192.85110727949,730,40922.85110727949,150
37167.77253970905,620,37787.77253970905,150
33449.499743832086,570,34019.499743832086,150
36295.35685627783,560,36855.35685627783,150
35300.49672395943,545,35845.49672395943,150
34419.15812763606,460,34879.15812763606,150
34093.21199523102,460,34553.21199523102,150
35504.20544503758,615,36119.20544503758,150
36686.74715553224,1020,37706.74715553224,150
36887.33813452612,1180,38067.33813452612,150
37580.4389929525,1260,38840.4389929525,150
39264.71390321221,1400,40664.71390321221,150
41305.36540767852,1530,42835.36540767852,150
41351.53884318156,1520,42871.53884318156,150
40980.71427491524,1500,42480.71427491524,150
40980.71427491524,1490,42470.71427491524,150
41080.05982737089,1270,42350.05982737089,150
41062.17746554646,660,41722.17746554646,150
41117.70412730229,625,41742.70412730229,150
40915.65982582642,750,41665.65982582642,150
41055.174724536904,785,41840.174724536904,150
46434.56670040195,785,47219.56670040195,150
46675.24177489057,775,47450.24177489057,150
45398.12855450679,805,46203.12855450679,150
41117.180444061574,730,41847.180444061574,150
35907.49431466824,620,36527.49431466824,150
31536.407733859938,570,32106.407733859938,150
35734.15516199157,560,36294.15516199157,150
35011.15970368439,545,35556.15970368439,150
34692.28126524899,460,35152.28126524899,150
34244.52397531763,460,34704.52397531763,150
35655.52148468421,615,36270.52148468421,150
36630.05134049482,1020,37650.05134049482,150
37038.654174172734,1180,38218.654174172734,150
37731.750973039096,1260,38991.750973039096,150
39130.35464570875,1400,40530.35464570875,150
41171.01020973506,1530,42701.01020973506,150
41259.10672141536,1520,42779.10672141536,150
41086.77839918006,1500,42586.77839918006,150
41086.77839918006,1490,42576.77839918006,150
41094.14244103011,1270,42364.14244103011,150
40964.32177161285,660,41624.32177161285,150
40892.02100791414,625,41517.02100791414,150
40915.65982582642,750,41665.65982582642,150
41055.174724536904,785,41840.174724536904,150
46434.56670040195,785,47219.56670040195,150
46675.24177489057,775,47450.24177489057,150
45398.12855450679,805,46203.12855450679,150
41117.180444061574,730,41847.180444061574,150
35907.49431466824,620,36527.49431466824,150
31365.786456606966,570,31935.786456606966,150
35978.33769632497,560,36538.33769632497,150
35041.2775793655,545,35586.2775793655,150
34233.238398502195,460,34693.238398502195,150
33455.972712260926,460,33915.972712260926,150
32575.722078019022,615,33190.722078019026,150
34954.09446868647,1020,35974.09446868647,150
34962.35567329775,1180,36142.35567329775,150
35151.77068359638,1260,36411.77068359638,150
37220.64018966122,1400,38620.64018966122,150
39156.86763210495,1530,40686.86763210495,150
39547.90880919888,1520,41067.90880919888,150
39423.19506626859,1500,40923.19506626859,150
39716.076082428495,1490,41206.076082428495,150
39670.82416704671,1270,40940.82416704671,150
39670.82416704671,660,40330.82416704671,150
39619.669651416865,625,40244.669651416865,150
39670.82416704671,750,40420.82416704671,150
39713.5916317051,785,40498.5916317051,150
43340.22797957692,785,44125.22797957692,150
43593.426796682645,775,44368.426796682645,150
42622.94026263753,805,43427.94026263753,150
39900.48565524029,730,40630.48565524029,150
36392.13676680997,620,37012.13676680997,150
31418.802280499367,570,31988.802280499367,150
35648.90440187515,560,36208.90440187515,150
34711.84022535569,545,35256.84022535569,150
32114.39773854913,460,32574.39773854913,150
30522.356031615353,460,30982.356031615353,150
32478.383977986115,615,33093.383977986115,150
34644.553018263825,1020,35664.553018263825,150
35675.83958251194,1180,36855.83958251194,150
35706.5704517539,1260,36966.5704517539,150
37305.51341069711,1400,38705.51341069711,150
39449.74864826484,1530,40979.74864826484,150
39789.63530972894,1520,41309.63530972894,150
40830.595805470264,1500,42330.595805470264,150
41035.27070182973,1490,42525.27070182973,150
40958.80482956532,1270,42228.80482956532,150
41478.022554274256,660,42138.022554274256,150
41375.53084281431,625,42000.53084281431,150
39994.046334688035,750,40744.046334688035,150
40017.55118712012,785,40802.55118712012,150
44216.53272149343,785,45001.53272149343,150
44469.73153859917,775,45244.73153859917,150
42918.36256336091,805,43723.36256336091,150
40189.40860039479,730,40919.40860039479,150
37164.330032824335,620,37784.330032824335,150
32308.686250634415,570,32878.68625063442,150
35978.33769632497,560,36538.33769632497,150
35041.2775793655,545,35586.2775793655,150
34233.238398502195,460,34693.238398502195,150
33455.972712260926,460,33915.972712260926,150
34306.9843655629,615,34921.9843655629,150
35667.58243746067,1020,36687.58243746067,150
35675.83958251194,1180,36855.83958251194,150
35706.5704517539,1260,36966.5704517539,150
37254.35889506725,1400,38654.35889506725,150
39356.67105645776,1530,40886.67105645776,150
39747.7122335517,1520,41267.7122335517,150
39974.10171638081,1500,41474.10171638081,150
40178.62640902008,1490,41668.62640902008,150
40133.37449363827,1270,41403.37449363827,150
40785.34389008847,660,41445.34389008847,150
40887.527074988,625,41512.527074988,150
39710.90014342144,750,40460.90014342144,150
39753.66760807982,785,40538.66760807982,150
43636.55150262152,785,44421.55150262152,150
43889.750319727245,775,44664.750319727245,150
42915.82127879743,805,43720.82127879743,150
39896.52758423488,730,40626.52758423488,150
36871.449016664425,620,37491.449016664425,150
32308.686250634415,570,32878.68625063442,150
35978.33769632497,560,36538.33769632497,150
34963.139168378824,545,35508.139168378824,150
34233.238398502195,460,34693.238398502195,150
31724.722603397062,460,32184.722603397062,150
32478.383977986115,615,33093.383977986115,150
34954.09446868647,1020,35974.09446868647,150
35675.83958251194,1180,36855.83958251194,150
35706.5704517539,1260,36966.5704517539,150
37220.64018966122,1400,38620.64018966122,150
40148.29337665865,1530,41678.29337665865,150
40675.41506469838,1520,42195.41506469838,150
40653.09966334791,1500,42153.09966334791,150
40658.39332959514,1490,42148.39332959514,150
40613.14141421335,1270,41883.14141421335,150
40607.84774796613,660,41267.84774796613,150
40133.37449363827,625,40758.37449363827,150
39685.43858306666,750,40435.43858306666,150
39728.206047725056,785,40513.206047725056,150
43636.55150262152,785,44421.55150262152,150
43889.750319727245,775,44664.750319727245,150
42877.45031762504,805,43682.45031762504,150
39896.52758423488,730,40626.52758423488,150
36871.449016664425,620,37491.449016664425,150
32308.686250634415,570,32878.68625063442,150
35978.33769632497,560,36538.33769632497,150
35041.2775793655,545,35586.2775793655,150
34233.238398502195,460,34693.238398502195,150
33455.972712260926,460,33915.972712260926,150
32575.722078019022,615,33190.722078019026,150
35667.58243746067,1020,36687.58243746067,150
35675.83958251194,1180,36855.83958251194,150
35813.2110335395,1260,37073.2110335395,150
37212.43581889001,1400,38612.43581889001,150
39665.278808079136,1530,41195.278808079136,150
39991.12345148405,1520,41511.12345148405,150
41204.91971446137,1500,42704.91971446137,150
41035.27070182973,1490,42525.27070182973,150
41159.66779907959,1270,42429.66779907959,150
40613.14141421335,660,41273.14141421335,150
40210.31533442332,625,40835.31533442332,150
39974.783722461725,750,40724.783722461725,150
40017.55118712012,785,40802.55118712012,150
44235.79533371973,785,45020.79533371973,150
44488.99415082547,775,45263.99415082547,150
43235.35736595373,805,44040.35736595373,150
40189.40860039479,730,40919.40860039479,150
37164.330032824335,620,37784.330032824335,150
32802.24755610833,570,33372.24755610833,150
36295.35685627783,560,36855.35685627783,150
35300.49672395943,545,35845.49672395943,150
34627.16592276008,460,35087.16592276008,150
34301.21573079503,460,34761.21573079503,150
35655.52148468421,615,36270.52148468421,150
36630.05134049482,1020,37650.05134049482,150
36887.33813452612,1180,38067.33813452612,150
37725.03646078992,1260,38985.03646078992,150
39222.79082703496,1400,40622.79082703496,150
41249.339420042015,1530,42779.339420042015,150
41447.129302632085,1520,42967.129302632085,150
41441.551467184465,1500,42941.551467184465,150
41441.551467184465,1490,42931.551467184465,150
41463.310708814184,1270,42733.310708814184,150
41378.41718997826,660,42038.41718997826,150
41244.71152163569,625,41869.71152163569,150
40828.046401786785,750,41578.046401786785,150
40967.56130049728,785,41752.56130049728,150
46487.85654459471,785,47272.85654459471,150
46728.53161908333,775,47503.53161908333,150
45442.48330712735,805,46247.48330712735,150
41119.721728625045,730,41849.721728625045,150
35910.03559923172,620,36530.03559923172,150
31930.055148477433,570,32500.055148477433,150
35646.63916739207,560,36206.63916739207,150
34720.39371828736,545,35265.39371828736,150
34040.39305999889,460,34500.39305999889,150
34038.022276955664,460,34498.022276955664,150
35449.01978632224,615,36064.01978632224,150
36402.15576090366,1020,37422.15576090366,150
36810.758594581566,1180,37990.758594581566,150
37715.748187497236,1260,38975.748187497236,150
39152.83242945944,1400,40552.83242945944,150
40713.42066547028,1530,42243.42066547028,150
40875.60008769172,1520,42395.60008769172,150
40699.49637465125,1500,42199.49637465125,150
40699.49637465125,1490,42189.49637465125,150
40721.25561628096,1270,41991.25561628096,150
40703.37325445655,660,41363.37325445655,150
40657.65854923414,625,41282.65854923414,150
40305.21566867292,750,41055.21566867292,150
40475.940464706015,785,41260.940464706015,150
46270.576714418035,785,47055.576714418035,150
46511.25178890665,775,47286.25178890665,150
45040.10783849795,805,45845.10783849795,150
40778.012324718475,730,41508.012324718475,150
35092.44021411536,620,35712.44021411536,150
30718.812348743588,570,31288.812348743588,150
35815.703603382906,560,36375.703603382906,150
34675.39755518593,545,35220.39755518593,150
33783.93441620872,460,34243.93441620872,150
33337.49242371915,460,33797.49242371915,150
34075.09011936627,615,34690.09011936627,150
35805.33954668876,1020,36825.33954668876,150
35662.284711653425,1180,36842.284711653425,150
35827.76049659937,1260,37087.76049659937,150
37343.09275766841,1400,38743.09275766841,150
39454.875872551864,1530,40984.875872551864,150
39943.73214797934,1520,41463.73214797934,150
40580.547206928844,1500,42080.547206928844,150
40991.86182669046,1490,42481.86182669046,150
40572.286002317574,1270,41842.286002317574,150
40584.1764535738,660,41244.1764535738,150
40469.79429085763,625,41094.79429085763,150
39913.91062017862,750,40663.91062017862,150
39931.21652448226,785,40716.21652448226,150
44026.525015433996,785,44811.525015433996,150
44279.72383253973,775,45054.72383253973,150
43012.000374448755,805,43817.000374448755,150
40323.9586572185,730,41053.9586572185,150
37298.880089648046,620,37918.880089648046,150
32443.240367018137,570,33013.24036701814,150
35009.55211792219,560,35569.55211792219,150
34141.10668417641,545,34686.10668417641,150
33742.40917691202,460,34202.40917691202,150
33174.156026896126,460,33634.156026896126,150
32428.500104638006,615,33043.500104638006,150
34968.09183158559,1020,35988.09183158559,150
35706.95610995442,1180,36886.95610995442,150
35872.431894900365,1260,37132.431894900365,150
37178.497897243666,1400,38578.497897243666,150
39322.733134811424,1530,40852.733134811424,150
39811.589410238914,1520,41331.589410238914,150
39928.602167838675,1500,41428.602167838675,150
39933.70097520564,1490,41423.70097520564,150
39913.91062017862,1270,41183.91062017862,150
39883.3502524569,660,40543.3502524569,150
39934.504768086736,625,40559.504768086736,150
39641.62375192684,750,40391.62375192684,150
39684.39121658523,785,40469.39121658523,150
43767.65905256055,785,44552.65905256055,150
44020.85786966627,775,44795.85786966627,150
42757.49031946126,805,43562.49031946126,150
40031.077641058604,730,40761.077641058604,150
37005.99907348814,620,37625.99907348814,150
32443.240367018137,570,33013.24036701814,150
35217.5599130462,560,35777.5599130462,150
34270.976068313736,545,34815.976068313736,150
33849.05178847763,460,34309.05178847763,150
33337.49242371915,460,33797.49242371915,150
34181.73882027189,615,34796.73882027189,150
35862.03130216616,1020,36882.03130216616,150
35662.284711653425,1180,36842.284711653425,150
35827.76049659937,1260,37087.76049659937,150
37471.37891340358,1400,38871.37891340358,150
39615.61415097131,1530,41145.61415097131,150
40104.47042639882,1520,41624.47042639882,150
39933.70097520564,1500,41433.70097520564,150
39959.16253556041,1490,41449.16253556041,150
39888.449059823855,1270,41158.449059823855,150
39913.91062017862,660,40573.91062017862,150
39888.449059823855,625,40513.449059823855,150
39934.504768086736,750,40684.504768086736,150
39977.27223274514,785,40762.27223274514,150
43767.65905256055,785,44552.65905256055,150
44020.85786966627,775,44795.85786966627,150
42757.49031946126,805,43562.49031946126,150
40031.077641058604,730,40761.077641058604,150
36526.686823633696,620,37146.686823633696,150
31553.35639688309,570,32123.35639688309,150
34888.12255903638,560,35448.12255903638,150
34019.67712529061,545,34564.67712529061,150
32759.53692529,460,33219.53692529,150
33174.156026896126,460,33634.156026896126,150
34075.09011936627,615,34690.09011936627,150
35241.23526699852,1020,36261.23526699852,150
35706.95610995442,1180,36886.95610995442,150
35872.431894900365,1260,37132.431894900365,150
37178.497897243666,1400,38578.497897243666,150
39322.733134811424,1530,40852.733134811424,150
40104.47042639882,1520,41624.47042639882,150
39926.7104128761,1500,41426.7104128761,150
39926.7104128761,1490,41416.7104128761,150
39881.458497494306,1270,41151.458497494306,150
40213.35188530747,660,40873.35188530747,150
40448.88349726908,625,41073.88349726908,150
40232.614497533774,750,40982.614497533774,150
40210.18542850315,785,40995.18542850315,150
44484.5611112994,785,45269.5611112994,150
44737.759928405125,775,45512.759928405125,150
42993.14371822303,805,43798.14371822303,150
40323.9586572185,730,41053.9586572185,150
37298.880089648046,620,37918.880089648046,150
33074.42481623997,570,33644.42481623997,150
35815.703603382906,560,36375.703603382906,150
34675.39755518593,545,35220.39755518593,150
33575.92662108471,460,34035.92662108471,150
33337.49242371915,460,33797.49242371915,150
34075.09011936627,615,34690.09011936627,150
35698.69896490315,1020,36718.69896490315,150
35662.284711653425,1180,36842.284711653425,150
35827.76049659937,1260,37087.76049659937,150
37310.6406349841,1400,38710.6406349841,150
39806.031872591324,1530,41336.031872591324,150
40275.625535792504,1520,41795.625535792504,150
40991.86182669046,1500,42491.86182669046,150
41310.216581885135,1490,42800.216581885135,150
41264.96466650335,1270,42534.96466650335,150
41711.34982515286,660,42371.34982515286,150
41711.34982515286,625,42336.34982515286,150
40782.95280924522,750,41532.95280924522,150
40825.72027390361,785,41610.72027390361,150
44441.960088601234,785,45226.960088601234,150
44639.201930590556,775,45414.201930590556,150
43627.93711628978,805,44432.93711628978,150
40266.73103982035,730,40996.73103982035,150
37260.509128475656,620,37880.509128475656,150
33074.42481623997,570,33644.42481623997,150
35646.63916739207,560,36206.63916739207,150
34720.39371828736,545,35265.39371828736,150
34040.39305999889,460,34500.39305999889,150
33830.00636271165,460,34290.00636271165,150
35449.01978632224,615,36064.01978632224,150
36610.16761558768,1020,37630.16761558768,150
36810.758594581566,1180,37990.758594581566,150
37571.1507196598,1260,38831.1507196598,150
39048.99700363766,1400,40448.99700363766,150
40580.33205024856,1530,42110.33205024856,150
40850.87330769795,1520,42370.87330769795,150
40766.50753166276,1500,42266.50753166276,150
40799.23976398745,1490,42289.23976398745,150
40753.98784860567,1270,42023.98784860567,150
40736.10548678125,660,41396.10548678125,150
40736.10548678125,625,41361.10548678125,150
40336.42962555552,750,41086.42962555552,150
40475.940464706015,785,41260.940464706015,150
45795.23065468901,785,46580.23065468901,150
46044.4592221093,775,46819.4592221093,150
45233.79350592242,805,46038.79350592242,150
40778.012324718475,730,41508.012324718475,150
35092.44021411536,620,35712.44021411536,150
30718.812348743588,570,31288.812348743588,150
35646.63916739207,560,36206.63916739207,150
34720.39371828736,545,35265.39371828736,150
34040.39305999889,460,34500.39305999889,150
33830.00636271165,460,34290.00636271165,150
35241.00793163822,615,35856.00793163822,150
36402.15576090366,1020,37422.15576090366,150
36810.758594581566,1180,37990.758594581566,150
37571.1507196598,1260,38831.1507196598,150
39121.06637241608,1400,40521.06637241608,150
40730.02020633294,1530,42260.02020633294,150
40850.87330769795,1520,42370.87330769795,150
40766.50753166276,1500,42266.50753166276,150
40766.50753166276,1490,42256.50753166276,150
40654.24445926948,1270,41924.24445926948,150
40636.36209744505,660,41296.36209744505,150
40600.88154299662,625,41225.88154299662,150
40505.490001986356,750,41255.490001986356,150
40645.00490069686,785,41430.00490069686,150
46197.419383558154,785,46982.419383558154,150
46438.09445804677,775,47213.09445804677,150
45040.10783849795,805,45845.10783849795,150
40778.012324718475,730,41508.012324718475,150
35092.44021411536,620,35712.44021411536,150
30718.812348743588,570,31288.812348743588,150
36050.833318903955,560,36610.833318903955,150
34910.52727070698,545,35455.52727070698,150
33575.92662108471,460,34035.92662108471,150
33129.48462859514,460,33589.48462859514,150
34030.416691285274,615,34645.416691285274,150
35654.02756660216,1020,36674.02756660216,150
35662.284711653425,1180,36842.284711653425,150
35827.76049659937,1260,37087.76049659937,150
37310.6406349841,1400,38710.6406349841,150
39454.875872551864,1530,40984.875872551864,150
40294.88814801881,1520,41814.88814801881,150
40822.21281405882,1500,42322.21281405882,150
40991.86182669046,1490,42481.86182669046,150
40946.60991130868,1270,42216.60991130868,150
40745.74694179441,660,41405.74694179441,150
40423.59243843455,625,41048.59243843455,150
40167.417963844746,750,40917.417963844746,150
40275.38196219219,785,41060.38196219219,150
44345.23295234917,785,45130.23295234917,150
44598.431769454895,775,45373.431769454895,150
43012.000374448755,805,43817.000374448755,150
40323.9586572185,730,41053.9586572185,150
37298.880089648046,620,37918.880089648046,150
33074.42481623997,570,33644.42481623997,150
36050.833318903955,560,36610.833318903955,150
34910.52727070698,545,35455.52727070698,150
33575.92662108471,460,34035.92662108471,150
33129.48462859514,460,33589.48462859514,150
34238.44275442932,615,34853.44275442932,150
35654.02756660216,1020,36674.02756660216,150
35662.284711653425,1180,36842.284711653425,150
35827.76049659937,1260,37087.76049659937,150
37317.63119731365,1400,38717.63119731365,150
39487.327995236155,1530,41017.327995236155,150
39943.73214797934,1520,41463.73214797934,150
40617.53791769936,1500,42117.53791769936,150
40822.21281405882,1490,42312.21281405882,150
40540.58895779429,1270,41810.58895779429,150
40380.414958215595,660,41040.414958215595,150
40469.79429085763,625,41094.79429085763,150
40213.35188530747,750,40963.35188530747,150
40414.710121142416,785,41199.710121142416,150
44484.5611112994,785,45269.5611112994,150
44579.16915722858,775,45354.16915722858,150
43012.000374448755,805,43817.000374448755,150
40285.58769604611,730,41015.58769604611,150
37260.509128475656,620,37880.509128475656,150
33074.42481623997,570,33644.42481623997,150
35815.703603382906,560,36375.703603382906,150
34675.39755518593,545,35220.39755518593,150
33575.92662108471,460,34035.92662108471,150
33129.48462859514,460,33589.48462859514,150
34238.44275442932,615,34853.44275442932,150
35862.03130216616,1020,36882.03130216616,150
35662.284711653425,1180,36842.284711653425,150
35827.76049659937,1260,37087.76049659937,150
37310.6406349841,1400,38710.6406349841,150
40033.31445862166,1530,41563.31445862166,150
40559.81097442053,1520,42079.81097442053,150
40991.86182669046,1500,42491.86182669046,150
41310.216581885135,1490,42800.216581885135,150
41264.96466650335,1270,42534.96466650335,150
41699.21985985628,660,42359.21985985628,150
41162.47295504341,625,41787.47295504341,150
40613.30379661357,750,41363.30379661357,150
40624.857304389356,785,41409.857304389356,150
44375.75678403084,785,45160.75678403084,150
44632.5767286615,775,45407.5767286615,150
43309.23729849461,805,44114.23729849461,150
40266.73103982035,730,40996.73103982035,150
37260.509128475656,620,37880.509128475656,150
33074.42481623997,570,33644.42481623997,150
36050.833318903955,560,36610.833318903955,150
34910.52727070698,545,35455.52727070698,150
33575.92662108471,460,34035.92662108471,150
33129.48462859514,460,33589.48462859514,150
34030.416691285274,615,34645.416691285274,150
35654.02756660216,1020,36674.02756660216,150
35662.284711653425,1180,36842.284711653425,150
35827.76049659937,1260,37087.76049659937,150
37661.79663502357,1400,39061.79663502357,150
40024.84215689009,1530,41554.84215689009,150
40442.68860870062,1520,41962.68860870062,150
40542.7892393173,1500,42042.7892393173,150
40585.84087317608,1490,42075.84087317608,150
40462.259747487326,1270,41732.259747487326,150
40584.1764535738,660,41244.1764535738,150
41596.72814839635,625,42221.72814839635,150
40376.93185573083,750,41126.93185573083,150
40656.07126127197,785,41441.07126127197,150
44441.960088601234,785,45226.960088601234,150
44642.31967267481,775,45417.31967267481,150
43627.93711628978,805,44432.93711628978,150
40704.294774577815,730,41434.294774577815,150
37559.69464132417,620,38179.69464132417,150
33584.05386021581,570,34154.05386021581,150
36040.59104900998,560,36600.59104900998,150
34900.28500081301,545,35445.28500081301,150
33575.92662108471,460,34035.92662108471,150
33129.48462859514,460,33589.48462859514,150
34030.416691285274,615,34645.416691285274,150
35654.02756660216,1020,36674.02756660216,150
35662.284711653425,1180,36842.284711653425,150
35827.76049659937,1260,37087.76049659937,150
37652.43528965079,1400,39052.43528965079,150
40115.1592478934,1530,41645.1592478934,150
40588.35780037951,1520,42108.35780037951,150
41310.216581885135,1500,42810.216581885135,150
41310.216581885135,1490,42800.216581885135,150
41264.96466650335,1270,42534.96466650335,150
41264.96466650335,660,41924.96466650335,150
41162.47295504341,625,41787.47295504341,150
40376.93185573083,750,41126.93185573083,150
40419.69932038923,785,41204.69932038923,150
44375.75678403084,785,45160.75678403084,150
44632.5767286615,775,45407.5767286615,150
43276.7851758103,805,44081.7851758103,150
40266.73103982035,730,40996.73103982035,150
37241.6524722499,620,37861.6524722499,150
33584.05386021581,570,34154.05386021581,150
35646.63916739207,560,36206.63916739207,150
34720.39371828736,545,35265.39371828736,150
34040.39305999889,460,34500.39305999889,150
33830.00636271165,460,34290.00636271165,150
35241.00793163822,615,35856.00793163822,150
36402.15576090366,1020,37422.15576090366,150
36810.758594581566,1180,37990.758594581566,150
37571.1507196598,1260,38831.1507196598,150
39040.5247019061,1400,40440.5247019061,150
40765.293723221104,1530,42295.293723221104,150
40838.98285644171,1520,42358.98285644171,150
40799.23976398745,1500,42299.23976398745,150
40799.23976398745,1490,42289.23976398745,150
40753.98784860567,1270,42023.98784860567,150
40736.10548678125,660,41396.10548678125,150
40736.10548678125,625,41361.10548678125,150
40424.04304959515,750,41174.04304959515,150
40599.72862795504,785,41384.72862795504,150
45827.662479573286,785,46612.662479573286,150
46040.71630778418,775,46815.71630778418,150
45161.49274222369,805,45966.49274222369,150
41074.31149040303,730,41804.31149040303,150
35447.68013152041,620,36067.68013152041,150
31119.18239473026,570,31689.18239473026,150
35636.39689749809,560,36196.39689749809,150
34710.15144839338,545,35255.15144839338,150
34040.39305999889,460,34500.39305999889,150
33830.00636271165,460,34290.00636271165,150
35241.00793163822,615,35856.00793163822,150
36402.15576090366,1020,37422.15576090366,150
36810.758594581566,1180,37990.758594581566,150
37571.1507196598,1260,38831.1507196598,150
39040.5247019061,1400,40440.5247019061,150
40765.293723221104,1530,42295.293723221104,150
40924.31886731824,1520,42444.31886731824,150
40823.284537900276,1500,42323.284537900276,150
40799.23976398745,1490,42289.23976398745,150
40778.03262251849,1270,42048.03262251849,150
40703.37325445655,660,41363.37325445655,150
40600.88154299662,625,41225.88154299662,150
40465.3084770515,750,41215.3084770515,150
40677.12413946071,785,41462.12413946071,150
46197.419383558154,785,46982.419383558154,150
46438.09445804677,775,47213.09445804677,150
45058.964494723696,805,45863.964494723696,150
40775.471040155,730,41505.471040155,150
35089.89892955189,620,35709.89892955189,150
30718.812348743588,570,31288.812348743588,150
36050.833318903955,560,36610.833318903955,150
34675.39755518593,545,35220.39755518593,150
33575.92662108471,460,34035.92662108471,150
33129.48462859514,460,33589.48462859514,150
34238.44275442932,615,34853.44275442932,150
35862.03130216616,1020,36882.03130216616,150
35662.284711653425,1180,36842.284711653425,150
35827.76049659937,1260,37087.76049659937,150
37317.63119731365,1400,38717.63119731365,150
39487.327995236155,1530,41017.327995236155,150
39943.73214797934,1520,41463.73214797934,150
40924.85066967896,1500,42424.85066967896,150
40790.9988571762,1490,42280.9988571762,150
40526.08414989449,1270,41796.08414989449,150
40776.96089867703,660,41436.96089867703,150
40777.10704283724,625,41402.10704283724,150
39881.458497494306,750,40631.458497494306,150
39956.67808483701,785,40741.67808483701,150
43994.07289274968,785,44779.07289274968,150
44279.72383253973,775,45054.72383253973,150
43050.37133562115,805,43855.37133562115,150
40323.9586572185,730,41053.9586572185,150
37298.880089648046,620,37918.880089648046,150
32443.240367018137,570,33013.24036701814,150
35009.55211792219,560,35569.55211792219,150
34141.10668417641,545,34686.10668417641,150
33783.93441620872,460,34243.93441620872,150
33337.49242371915,460,33797.49242371915,150
34075.09011936627,615,34690.09011936627,150
35698.69896490315,1020,36718.69896490315,150
35870.288447217456,1180,37050.288447217456,150
36035.77235128338,1260,37295.77235128338,150
37420.22439777372,1400,38820.22439777372,150
39564.459635341474,1530,41094.459635341474,150
39856.662704980445,1520,41376.662704980445,150
40542.7892393173,1500,42042.7892393173,150
40507.51166286912,1490,41997.51166286912,150
40380.414958215595,1270,41650.414958215595,150
40380.414958215595,660,41040.414958215595,150
40413.605920820904,625,41038.605920820904,150
40213.35188530747,750,40963.35188530747,150
40256.11934996588,785,41041.11934996588,150
44280.03235910014,785,45065.03235910014,150
44533.23117620587,775,45308.23117620587,150
43189.71573281141,805,43994.71573281141,150
40285.58769604611,730,41015.58769604611,150
37260.509128475656,620,37880.509128475656,150
33074.42481623997,570,33644.42481623997,150
36050.833318903955,560,36610.833318903955,150
34910.52727070698,545,35455.52727070698,150
33575.92662108471,460,34035.92662108471,150
33129.48462859514,460,33589.48462859514,150
34181.73882027189,615,34796.73882027189,150
35805.33954668876,1020,36825.33954668876,150
35652.04244175945,1180,36832.04244175945,150
35817.51822670538,1260,37077.51822670538,150
37661.79663502357,1400,39061.79663502357,150
40033.31445862166,1530,41563.31445862166,150
40559.81097442053,1520,42079.81097442053,150
41310.216581885135,1500,42810.216581885135,150
41756.601740534636,1490,43246.601740534636,150
41711.34982515286,1270,42981.34982515286,150
41774.285183918786,660,42434.285183918786,150
41826.685984470336,625,42451.685984470336,150
41101.307564439885,750,41851.307564439885,150
40825.72027390361,785,41610.72027390361,150
44441.960088601234,785,45226.960088601234,150
44639.201930590556,775,45414.201930590556,150
43786.52788746632,805,44591.52788746632,150
40671.8426518935,730,41401.8426518935,150
37646.764084323055,620,38266.764084323055,150
33584.05386021581,570,34154.05386021581,150
36040.59104900998,560,36600.59104900998,150
34900.28500081301,545,35445.28500081301,150
33575.92662108471,460,34035.92662108471,150
33129.48462859514,460,33589.48462859514,150
34030.416691285274,615,34645.416691285274,150
35654.02756660216,1020,36674.02756660216,150
35662.284711653425,1180,36842.284711653425,150
35817.51822670538,1260,37077.51822670538,150
37948.74257445538,1400,39348.74257445538,150
40770.05558710761,1530,42300.05558710761,150
41327.23831698839,1520,42847.23831698839,150
41873.77282097462,1500,43373.77282097462,150
42128.75784448279,1490,43618.75784448279,150
41877.50761617972,1270,43147.50761617972,150
42083.505929100975,660,42743.505929100975,150
42083.505929100975,625,42708.505929100975,150
42022.34053849748,750,42772.34053849748,150
42089.17307486874,785,42874.17307486874,150
45525.22119960032,785,46310.22119960032,150
45722.46304158963,775,46497.46304158963,150
44603.920294582385,805,45408.920294582385,150
41156.13192231476,730,41886.13192231476,150
38163.48923918859,620,38783.48923918859,150
35021.01225581783,570,35591.01225581783,150
36176.639083475726,560,36736.639083475726,150
35012.82412328666,545,35557.82412328666,150
33529.06306038072,460,33989.06306038072,150
33113.6401658935,460,33573.6401658935,150
33989.91446110997,615,34604.91446110997,150
35541.19209624809,1020,36561.19209624809,150
35549.449241299364,1180,36729.449241299364,150
35620.865020916885,1260,36880.865020916885,150
37948.74257445538,1400,39348.74257445538,150
40508.477838150444,1530,42038.477838150444,150
41065.66056803123,1520,42585.66056803123,150
41048.63883292797,1500,42548.63883292797,150
41756.601740534636,1490,43246.601740534636,150
41264.96466650335,1270,42534.96466650335,150
41711.34982515286,660,42371.34982515286,150
41826.685984470336,625,42451.685984470336,150
40782.95280924522,750,41532.95280924522,150
40656.07126127197,785,41441.07126127197,150
44445.077830685506,785,45230.077830685506,150
44572.998626020155,775,45347.998626020155,150
43276.7851758103,805,44081.7851758103,150
40266.73103982035,730,40996.73103982035,150
37241.6524722499,620,37861.6524722499,150
33584.05386021581,570,34154.05386021581,150
35636.39689749809,560,36196.39689749809,150
34720.39371828736,545,35265.39371828736,150
34030.150790104904,460,34490.150790104904,150
33830.00636271165,460,34290.00636271165,150
35241.00793163822,615,35856.00793163822,150
36402.15576090366,1020,37422.15576090366,150
36800.51632468758,1180,37980.51632468758,150
37705.50591760325,1260,38965.50591760325,150
39152.83242945944,1400,40552.83242945944,150
40793.60915425975,1530,42323.60915425975,150
40949.16337455215,1520,42469.16337455215,150
40684.40293055066,1500,42184.40293055066,150
40737.01888778249,1490,42227.01888778249,150
40691.766972400714,1270,41961.766972400714,150
40764.81063558044,660,41424.81063558044,150
40591.36999390363,625,41216.36999390363,150
40484.993283518386,750,41234.993283518386,150
40624.50818222887,785,41409.50818222887,150
46074.00469982963,785,46859.00469982963,150
46314.679774318254,775,47089.679774318254,150
45058.964494723696,805,45863.964494723696,150
40775.471040155,730,41505.471040155,150
35089.89892955189,620,35709.89892955189,150
30718.812348743588,570,31288.812348743588,150
35646.63916739207,560,36206.63916739207,150
34720.39371828736,545,35265.39371828736,150
34248.40491468292,460,34708.40491468292,150
34038.022276955664,460,34498.022276955664,150
35392.32397128482,615,36007.32397128482,150
36553.471800550265,1020,37573.471800550265,150
37018.766389705575,1180,38198.766389705575,150
37779.15851478382,1260,39039.15851478382,150
39255.42562991952,1400,40655.42562991952,150
40793.60915425975,1530,42323.60915425975,150
40949.16337455215,1520,42469.16337455215,150
40704.89964901863,1500,42204.89964901863,150
40704.89964901863,1490,42194.89964901863,150
40668.12003536842,1270,41938.12003536842,150
40673.88461057629,660,41333.88461057629,150
40673.88461057629,625,41298.88461057629,150
40579.0532888468,750,41329.0532888468,150
40624.50818222887,785,41409.50818222887,150
46074.00469982963,785,46859.00469982963,150
46314.679774318254,775,47089.679774318254,150
45056.42321016023,805,45861.42321016023,150
40775.471040155,730,41505.471040155,150
35089.89892955189,620,35709.89892955189,150
30718.812348743588,570,31288.812348743588,150
36050.833318903955,560,36610.833318903955,150
34910.52727070698,545,35455.52727070698,150
33575.92662108471,460,34035.92662108471,150
33129.48462859514,460,33589.48462859514,150
34181.73882027189,615,34796.73882027189,150
35698.69896490315,1020,36718.69896490315,150
35662.284711653425,1180,36842.284711653425,150
36035.77235128338,1260,37295.77235128338,150
37471.37891340358,1400,38871.37891340358,150
39615.61415097131,1530,41145.61415097131,150
40053.315910768964,1520,41573.315910768964,150
39959.16253556041,1500,41459.16253556041,150
39933.70097520564,1490,41423.70097520564,150
39883.3502524569,1270,41153.3502524569,150
39934.504768086736,660,40594.504768086736,150
39934.504768086736,625,40559.504768086736,150
39934.504768086736,750,40684.504768086736,150
39977.27223274514,785,40762.27223274514,150
43630.039968372635,785,44415.039968372635,150
43727.97685350636,775,44502.97685350636,150
42757.49031946126,805,43562.49031946126,150
40031.077641058604,730,40761.077641058604,150
37005.99907348814,620,37625.99907348814,150
32443.240367018137,570,33013.24036701814,150
35217.5599130462,560,35777.5599130462,150
34349.11853886043,545,34894.11853886043,150
33783.93441620872,460,34243.93441620872,150
33337.49242371915,460,33797.49242371915,150
34238.44275442932,615,34853.44275442932,150
35862.03130216616,1020,36882.03130216616,150
35662.284711653425,1180,36842.284711653425,150
35827.76049659937,1260,37087.76049659937,150
37461.13664350959,1400,38861.13664350959,150
39564.459635341474,1530,41094.459635341474,150
40053.315910768964,1520,41573.315910768964,150
39933.70097520564,1500,41433.70097520564,150
39933.70097520564,1490,41423.70097520564,150
39888.449059823855,1270,41158.449059823855,150
39934.504768086736,660,40594.504768086736,150
39934.504768086736,625,40559.504768086736,150
39641.62375192684,750,40391.62375192684,150
39684.39121658523,785,40469.39121658523,150
43474.77803640065,785,44259.77803640065,150
43727.97685350636,775,44502.97685350636,150
42757.49031946126,805,43562.49031946126,150
40031.077641058604,730,40761.077641058604,150
37005.99907348814,620,37625.99907348814,150
32443.240367018137,570,33013.24036701814,150
35032.77686071389,560,35592.77686071389,150
34270.976068313736,545,34815.976068313736,150
33849.05178847763,460,34309.05178847763,150
33174.156026896126,460,33634.156026896126,150
34075.09011936627,615,34690.09011936627,150
35698.69896490315,1020,36718.69896490315,150
35706.95610995442,1180,36886.95610995442,150
35872.431894900365,1260,37132.431894900365,150
37178.497897243666,1400,38578.497897243666,150
39322.733134811424,1530,40852.733134811424,150
39811.589410238914,1520,41331.589410238914,150
39979.75668346853,1500,41479.75668346853,150
39928.602167838675,1490,41418.602167838675,150
39934.504768086736,1270,41204.504768086736,150
39934.504768086736,660,40594.504768086736,150
39883.3502524569,625,40508.3502524569,150
39934.504768086736,750,40684.504768086736,150
39977.27223274514,785,40762.27223274514,150
43767.65905256055,785,44552.65905256055,150
44020.85786966627,775,44795.85786966627,150
43050.37133562115,805,43855.37133562115,150
40031.077641058604,730,40761.077641058604,150
37005.99907348814,620,37625.99907348814,150
32342.73783996091,570,32912.737839960915,150
35032.77686071389,560,35592.77686071389,150
34164.33548652813,545,34709.33548652813,150
33742.40917691202,460,34202.40917691202,150
33174.156026896126,460,33634.156026896126,150
32216.29066490826,615,32831.29066490826,150
34755.882391855834,1020,35775.882391855834,150
35073.685046889754,1180,36253.685046889754,150
35414.972256555746,1260,36674.972256555746,150
37386.50569236769,1400,38786.50569236769,150
39322.733134811424,1530,40852.733134811424,150
39811.589410238914,1520,41331.589410238914,150
39979.75668346853,1500,41479.75668346853,150
39979.75668346853,1490,41469.75668346853,150
39934.504768086736,1270,41204.504768086736,150
39883.3502524569,660,40543.3502524569,150
39934.504768086736,625,40559.504768086736,150
39934.504768086736,750,40684.504768086736,150
39977.27223274514,785,40762.27223274514,150
43767.65905256055,785,44552.65905256055,150
44020.85786966627,775,44795.85786966627,150
42757.49031946126,805,43562.49031946126,150
40031.077641058604,730,40761.077641058604,150
37005.99907348814,620,37625.99907348814,150
32342.73783996091,570,32912.737839960915,150
35032.77686071389,560,35592.77686071389,150
34164.33548652813,545,34709.33548652813,150
32149.624570497228,460,32609.624570497228,150
31624.90817176078,460,32084.90817176078,150
32525.838204670916,615,33140.838204670916,150
35065.427901838484,1020,36085.427901838484,150
35073.685046889754,1180,36253.685046889754,150
35414.972256555746,1260,36674.972256555746,150
37386.50569236769,1400,38786.50569236769,150
39322.733134811424,1530,40852.733134811424,150
39811.589410238914,1520,41331.589410238914,150
39928.602167838675,1500,41428.602167838675,150
39928.602167838675,1490,41418.602167838675,150
39883.3502524569,1270,41153.3502524569,150
39881.458497494306,660,40541.458497494306,150
39913.91062017862,625,40538.91062017862,150
39883.3502524569,750,40633.3502524569,150
39926.11771711529,785,40711.11771711529,150
43729.288091388145,785,44514.288091388145,150
43982.486908493884,775,44757.486908493884,150
42757.49031946126,805,43562.49031946126,150
40031.077641058604,730,40761.077641058604,150
37005.99907348814,620,37625.99907348814,150
32342.73783996091,570,32912.737839960915,150
35215.30685724312,560,35775.30685724312,150
34560.926082149635,545,35105.926082149635,150
34313.524316731826,460,34773.524316731826,150
33981.330521478245,460,34441.330521478245,150
33843.06393746947,615,34458.06393746947,150
35920.188558805574,1020,36940.188558805574,150
36962.07463422817,1180,38142.07463422817,150
37465.813256635985,1260,38725.813256635985,150
39121.06637241608,1400,40521.06637241608,150
40761.8471567764,1530,42291.8471567764,150
41051.75657501224,1520,42571.75657501224,150
40684.40293055066,1500,42184.40293055066,150
40684.40293055066,1490,42174.40293055066,150
40691.766972400714,1270,41961.766972400714,150
40673.88461057629,660,41333.88461057629,150
40673.88461057629,625,41298.88461057629,150
40573.95448147984,750,41323.95448147984,150
40713.469380190334,785,41498.469380190334,150
46074.00469982963,785,46859.00469982963,150
46314.679774318254,775,47089.679774318254,150
45056.42321016023,805,45861.42321016023,150
40775.471040155,730,41505.471040155,150
35089.89892955189,620,35709.89892955189,150
30548.191071490626,570,31118.191071490626,150
35085.437473105805,560,35645.437473105805,150
34639.06449313632,545,35184.06449313632,150
34313.524316731826,460,34773.524316731826,150
33981.330521478245,460,34441.330521478245,150
35392.32397128482,615,36007.32397128482,150
36553.471800550265,1020,37573.471800550265,150
36962.07463422817,1180,38142.07463422817,150
37722.46269974641,1260,38982.46269974641,150
39121.06637241608,1400,40521.06637241608,150
40896.20235471985,1530,42426.20235471985,150
41051.75657501224,1520,42571.75657501224,150
40737.01888778249,1500,42237.01888778249,150
40737.01888778249,1490,42227.01888778249,150
40691.766972400714,1270,41961.766972400714,150
40650.237673544,660,41310.237673544,150
40673.88461057629,625,41298.88461057629,150
40537.60924075022,750,41287.60924075022,150
40677.12413946071,785,41462.12413946071,150
46197.419383558154,785,46982.419383558154,150
46438.09445804677,775,47213.09445804677,150
45058.964494723696,805,45863.964494723696,150
40775.471040155,730,41505.471040155,150
35089.89892955189,620,35709.89892955189,150
30718.812348743588,570,31288.812348743588,150
35815.703603382906,560,36375.703603382906,150
34141.10668417641,545,34686.10668417641,150
33783.93441620872,460,34243.93441620872,150
33337.49242371915,460,33797.49242371915,150
34075.09011936627,615,34690.09011936627,150
35698.69896490315,1020,36718.69896490315,150
35870.288447217456,1180,37050.288447217456,150
36035.77235128338,1260,37295.77235128338,150
37420.22439777372,1400,38820.22439777372,150
39461.86643488139,1530,40991.86643488139,150
39976.18427066365,1520,41496.18427066365,150
40542.7892393173,1500,42042.7892393173,150
40542.7892393173,1490,42032.7892393173,150
40213.35188530747,1270,41483.35188530747,150
40380.414958215595,660,41040.414958215595,150
40331.76113154916,625,40956.76113154916,150
39883.3502524569,750,40633.3502524569,150
39931.21652448226,785,40716.21652448226,150
43710.431435162405,785,44495.431435162405,150
43963.63025226812,775,44738.63025226812,150
43050.37133562115,805,43855.37133562115,150
40323.9586572185,730,41053.9586572185,150
37298.880089648046,620,37918.880089648046,150
32443.240367018137,570,33013.24036701814,150
35009.55211792219,560,35569.55211792219,150
34141.10668417641,545,34686.10668417641,150
33849.05178847763,460,34309.05178847763,150
33174.156026896126,460,33634.156026896126,150
32525.838204670916,615,33140.838204670916,150
35065.427901838484,1020,36085.427901838484,150
35706.95610995442,1180,36886.95610995442,150
35979.07653624599,1260,37239.07653624599,150
37420.22439777372,1400,38820.22439777372,150
39461.86643488139,1530,40991.86643488139,150
39950.722710308895,1520,41470.722710308895,150
40617.53791769936,1500,42117.53791769936,150
40500.3871350594,1490,41990.3871350594,150
40540.58895779429,1270,41810.58895779429,150
40462.259747487326,660,41122.259747487326,150
40448.88349726908,625,41073.88349726908,150
39881.458497494306,750,40631.458497494306,150
39924.225962152705,785,40709.225962152705,150
43994.07289274968,785,44779.07289274968,150
44247.27170985541,775,45022.27170985541,150
43050.37133562115,805,43855.37133562115,150
40323.9586572185,730,41053.9586572185,150
37005.99907348814,620,37625.99907348814,150
32443.240367018137,570,33013.24036701814,150
36651.62790192428,560,37211.62790192428,150
35685.04666460451,545,36230.04666460451,150
34865.84775328596,460,35325.84775328596,150
33866.2379357611,460,34326.2379357611,150
32793.5174723164,615,33408.5174723164,150
35171.89392254385,1020,36191.89392254385,150
35837.50344061267,1180,37017.50344061267,150
35923.46462373005,1260,37183.46462373005,150
37229.526566513334,1400,38629.526566513334,150
39373.7618040811,1530,40903.7618040811,150
39586.3771998114,1520,41106.3771998114,150
39754.54447304103,1500,41254.54447304103,150
39754.54447304103,1490,41244.54447304103,150
39709.292557659224,1270,40979.292557659224,150
39709.292557659224,660,40369.292557659224,150
39709.292557659224,625,40334.292557659224,150
39416.411541499336,750,40166.411541499336,150
39416.24915909911,785,40201.24915909911,150
43335.77058269085,785,44120.77058269085,150
43669.40552174639,775,44444.40552174639,150
42698.91086858127,805,43503.91086858127,150
39976.46032074402,730,40706.46032074402,150
36468.111432313715,620,37088.111432313715,150
31643.139655745676,570,32213.139655745676,150
36400.33301846116,560,36960.33301846116,150
35433.75178114139,545,35978.75178114139,150
34251.145117686654,460,34711.145117686654,150
32134.985797117242,460,32594.985797117242,150
33585.43208083769,615,34200.43208083769,150
35427.91007429342,1020,36447.91007429342,150
35837.50344061267,1180,37017.50344061267,150
35923.46462373005,1260,37183.46462373005,150
37229.526566513334,1400,38629.526566513334,150
39373.7618040811,1530,40903.7618040811,150
39879.258215971306,1520,41399.258215971306,150
39703.38995741118,1500,41203.38995741118,150
39703.38995741118,1490,41193.38995741118,150
39658.138042029386,1270,40928.138042029386,150
39658.138042029386,660,40318.138042029386,150
39709.292557659224,625,40334.292557659224,150
39709.292557659224,750,40459.292557659224,150
39709.130175259015,785,40494.130175259015,150
43335.77058269085,785,44120.77058269085,150
43669.40552174639,775,44444.40552174639,150
42698.91086858127,805,43503.91086858127,150
39976.46032074402,730,40706.46032074402,150
36468.111432313715,620,37088.111432313715,150
31643.139655745676,570,32213.139655745676,150
33453.41924901744,560,34013.41924901744,150
32113.472158867866,545,32658.472158867866,150
31434.987746241466,460,31894.987746241466,150
30938.92778158414,460,31398.92778158414,150
32017.86749095733,615,32632.86749095733,150
34396.245970964774,1020,35416.245970964774,150
35124.01953139848,1180,36304.01953139848,150
35466.00092582542,1260,36726.00092582542,150
37229.526566513334,1400,38629.526566513334,150
39373.7618040811,1530,40903.7618040811,150
39628.01610678825,1520,41148.01610678825,150
39769.15888906098,1500,41269.15888906098,150
39794.620449415735,1490,41284.620449415735,150
39723.90697367919,1270,40993.90697367919,150
39723.90697367919,660,40383.90697367919,150
39793.29703285394,625,40418.29703285394,150
39723.90697367919,750,40473.90697367919,150
39723.74459127896,785,40508.74459127896,150
43632.094105735436,785,44417.094105735436,150
43965.729044791,775,44740.729044791,150
42991.791884741164,805,43796.791884741164,150
40265.38326589851,730,40995.38326589851,150
37240.304698328066,620,37860.304698328066,150
32384.652797018138,570,32954.652797018134,150
37373.75461439029,560,37933.75461439029,150
36060.03634143652,545,36605.03634143652,150
35586.74847863029,460,36046.74847863029,150
35038.45212560165,460,35498.45212560165,150
36040.62758505002,615,36655.62758505002,150
37198.70638695127,1020,38218.70638695127,150
37464.10418187364,1180,38644.10418187364,150
38308.2166129462,1260,39568.2166129462,150
39841.17548355931,1400,41241.17548355931,150
41881.82698802562,1530,43411.82698802562,150
41829.21914991379,1520,43349.21914991379,150
41616.52662254338,1500,43116.52662254338,150
41843.3667165331,1490,43333.3667165331,150
41798.11480115132,1270,43068.11480115132,150
41945.26167267224,660,42605.26167267224,150
41921.21689875941,625,42546.21689875941,150
41401.23191720942,750,42151.23191720942,150
41299.64954719071,785,42084.64954719071,150
46768.579178538006,785,47553.579178538006,150
47017.8077459583,775,47792.8077459583,150
45891.18647454002,805,46696.18647454002,150
41486.67347664608,730,42216.67347664608,150
36276.991406812755,620,36896.991406812755,150
31903.36151166098,570,32473.36151166098,150
37373.75461439029,560,37933.75461439029,150
36349.37336171159,545,36894.37336171159,150
35378.73662394628,460,35838.73662394628,150
34830.44027091762,460,35290.44027091762,150
36048.96592130141,615,36663.96592130141,150
37207.044723202656,1020,38227.044723202656,150
37472.44251812503,1180,38652.44251812503,150
38316.554949197576,1260,39576.554949197576,150
39841.17548355931,1400,41241.17548355931,150
41839.903911848385,1530,43369.903911848385,150
41693.23606840812,1520,43213.23606840812,150
41745.141602639,1500,43245.141602639,150
41776.35555952162,1490,43266.35555952162,150
41731.103644139825,1270,43001.103644139825,150
41888.484666434706,660,42548.484666434706,150
41842.769961212296,625,42467.769961212296,150
41253.45987344764,750,42003.45987344764,150
41521.593811813764,785,42306.593811813764,150
46768.579178538006,785,47553.579178538006,150
47017.8077459583,775,47792.8077459583,150
45809.4391147084,805,46614.4391147084,150
41486.67347664608,730,42216.67347664608,150
36276.991406812755,620,36896.991406812755,150
31903.36151166098,570,32473.36151166098,150
37722.69409466672,560,38282.69409466672,150
36484.248183335745,545,37029.248183335745,150
34859.01957335665,460,35319.01957335665,150
33981.227002698106,460,34441.227002698106,150
34847.762413461285,615,35462.762413461285,150
36000.35269023503,1020,37020.35269023503,150
35952.48235864968,1180,37132.48235864968,150
36038.44354176704,1260,37298.44354176704,150
37471.2530670434,1400,38871.2530670434,150
39573.56522843392,1530,41103.56522843392,150
39811.64218451899,1520,41331.64218451899,150
41182.77887419114,1500,42682.77887419114,150
41291.03110129895,1490,42781.03110129895,150
41137.52695880936,1270,42407.52695880936,150
41137.52695880936,660,41797.52695880936,150
40834.17227783515,625,41459.17227783515,150
40190.707659596555,750,40940.707659596555,150
40190.54527719635,785,40975.54527719635,150
44212.067205487336,785,44997.067205487336,150
44564.964756769186,775,45339.964756769186,150
42953.42092356878,805,43758.42092356878,150
40265.38326589851,730,40995.38326589851,150
37240.304698328066,620,37860.304698328066,150
32384.652797018138,570,32954.652797018134,150
37487.56437914567,560,38047.56437914567,150
36249.11846781469,545,36794.11846781469,150
34865.84775328596,460,35325.84775328596,150
33866.2379357611,460,34326.2379357611,150
34524.77975986028,615,35139.77975986028,150
35885.373772198036,1020,36905.373772198036,150
35837.50344061267,1180,37017.50344061267,150
36246.451336891056,1260,37506.451336891056,150
37429.32999086616,1400,38829.32999086616,150
39599.02678878868,1530,41129.02678878868,150
39855.57068333896,1520,41375.57068333896,150
40337.310550076734,1500,41837.310550076734,150
41423.59603327995,1490,42913.59603327995,150
41538.1040423563,1270,42808.1040423563,150
41378.34411789816,660,42038.34411789816,150
41035.03524734941,625,41660.03524734941,150
40182.23941742499,750,40932.23941742499,150
40182.07703502477,785,40967.07703502477,150
44381.05450983807,785,45166.05450983807,150
44658.732473777214,775,45433.732473777214,150
43771.933769246374,805,44576.933769246374,150
40014.14115671547,730,40744.14115671547,150
36947.42368216815,620,37567.42368216815,150
32384.652797018138,570,32954.652797018134,150
37487.56437914567,560,38047.56437914567,150
35714.83165636518,545,36259.83165636518,150
34972.49239463158,460,35432.49239463158,150
33866.2379357611,460,34326.2379357611,150
34524.77975986028,615,35139.77975986028,150
35885.373772198036,1020,36905.373772198036,150
36160.49015377369,1180,37340.49015377369,150
36038.44354176704,1260,37298.44354176704,150
37386.781742448075,1400,38786.781742448075,150
39882.172980055286,1530,41412.172980055286,150
40029.591842096575,1520,41549.591842096575,150
41182.77887419114,1500,42682.77887419114,150
41291.03110129895,1490,42781.03110129895,150
41302.55619215468,1270,42572.55619215468,150
41378.34411789816,660,42038.34411789816,150
41200.06448069474,625,41825.06448069474,150
40470.93096765918,750,41220.93096765918,150
40427.18108947944,785,41212.18108947944,150
44519.66412666733,785,45304.66412666733,150
44658.732473777214,775,45433.732473777214,150
43311.32797189747,805,44116.32797189747,150
40227.01230472614,730,40957.01230472614,150
37201.933737155676,620,37821.933737155676,150
33015.837246239964,570,33585.837246239964,150
37487.56437914567,560,38047.56437914567,150
36249.11846781469,545,36794.11846781469,150
34859.01957335665,460,35319.01957335665,150
33981.227002698106,460,34441.227002698106,150
34847.762413461285,615,35462.762413461285,150
35992.01435398365,1020,37012.01435398365,150
35952.48235864968,1180,37132.48235864968,150
36038.44354176704,1260,37298.44354176704,150
37386.781742448075,1400,38786.781742448075,150
39531.01698001582,1530,41061.01698001582,150
40075.525763559286,1520,41595.525763559286,150
41291.03110129895,1500,42791.03110129895,150
41423.59603327995,1490,42913.59603327995,150
41378.34411789816,1270,42648.34411789816,150
41538.1040423563,660,42198.1040423563,150
41538.1040423563,625,42163.1040423563,150
40427.343471879656,750,41177.343471879656,150
40341.72735136275,785,41126.72735136275,150
44519.66412666733,785,45304.66412666733,150
44865.13674269905,775,45640.13674269905,150
43355.25647071745,805,44160.25647071745,150
40227.01230472614,730,40957.01230472614,150
37201.933737155676,620,37821.933737155676,150
33015.837246239964,570,33585.837246239964,150
37722.69409466672,560,38282.69409466672,150
36484.248183335745,545,37029.248183335745,150
34859.01957335665,460,35319.01957335665,150
33981.227002698106,460,34441.227002698106,150
34847.762413461285,615,35462.762413461285,150
36208.360485359044,1020,37228.360485359044,150
35952.48235864968,1180,37132.48235864968,150
36038.44354176704,1260,37298.44354176704,150
37386.781742448075,1400,38786.781742448075,150
40119.848039699806,1530,41649.848039699806,150
40237.20991946005,1520,41757.20991946005,150
41423.59603327995,1500,42923.59603327995,150
41583.35595773809,1490,43073.35595773809,150
41538.1040423563,1270,42808.1040423563,150
41938.5633986631,660,42598.5633986631,150
41938.5633986631,625,42563.5633986631,150
41214.6870158347,750,41964.6870158347,150
41301.525063913265,785,42086.525063913265,150
44859.76188525171,785,45644.76188525171,150
44996.75579719877,775,45771.75579719877,150
43594.47822272409,805,44399.47822272409,150
40706.38950754067,730,41436.38950754067,150
37681.31093997021,620,38301.31093997021,150
33525.46629021581,570,34095.46629021581,150
37363.512344496296,560,37923.512344496296,150
36339.1310918176,545,36884.1310918176,150
35378.73662394628,460,35838.73662394628,150
34830.44027091762,460,35290.44027091762,150
36048.96592130141,615,36663.96592130141,150
37207.044723202656,1020,38227.044723202656,150
37472.44251812503,1180,38652.44251812503,150
38316.554949197576,1260,39576.554949197576,150
39607.12561099974,1400,41007.12561099974,150
41634.522652047955,1530,43164.522652047955,150
41604.88786400748,1520,43124.88786400748,150
42008.39594987844,1500,43508.39594987844,150
42008.39594987844,1490,43498.39594987844,150
41939.099260583826,1270,43209.099260583826,150
41921.21689875941,660,42581.21689875941,150
41921.21689875941,625,42546.21689875941,150
41382.07485354325,750,42132.07485354325,150
41392.97883171815,785,42177.97883171815,150
46764.1055434119,785,47549.1055434119,150
47008.04044458498,775,47783.04044458498,150
46003.124782132865,805,46808.124782132865,150
41528.48694470317,730,42258.48694470317,150
36318.80487486986,620,36938.80487486986,150
32297.008926278464,570,32867.00892627846,150
37373.75461439029,560,37933.75461439029,150
36349.37336171159,545,36894.37336171159,150
35378.73662394628,460,35838.73662394628,150
34830.44027091762,460,35290.44027091762,150
36048.96592130141,615,36663.96592130141,150
37207.044723202656,1020,38227.044723202656,150
37472.44251812503,1180,38652.44251812503,150
38316.554949197576,1260,39576.554949197576,150
39705.19240205363,1400,41105.19240205363,150
41647.777115466044,1530,43177.777115466044,150
41633.913718047115,1520,43153.913718047115,150
42008.39594987844,1500,43508.39594987844,150
41972.22121066905,1490,43462.22121066905,150
41906.36702825913,1270,43176.36702825913,150
41945.26167267224,660,42605.26167267224,150
41921.21689875941,625,42546.21689875941,150
41330.28298699254,750,42080.28298699254,150
41299.64954719071,785,42084.64954719071,150
46907.18879536726,785,47692.18879536726,150
47156.417362787564,775,47931.417362787564,150
46006.011129296814,805,46811.011129296814,150
41486.67347664608,730,42216.67347664608,150
36276.991406812755,620,36896.991406812755,150
31903.36151166098,570,32473.36151166098,150
37722.69409466672,560,38282.69409466672,150
36484.248183335745,545,37029.248183335745,150
34859.01957335665,460,35319.01957335665,150
33981.227002698106,460,34441.227002698106,150
34639.762737457284,615,35254.762737457284,150
36000.35269023503,1020,37020.35269023503,150
35952.48235864968,1180,37132.48235864968,150
36038.44354176704,1260,37298.44354176704,150
37737.93774248754,1400,39137.93774248754,150
39896.4585717148,1530,41426.4585717148,150
40252.981310081595,1520,41772.981310081595,150
40337.310550076734,1500,41837.310550076734,150
41182.77887419114,1490,42672.77887419114,150
41137.52695880936,1270,42407.52695880936,150
41302.55619215468,660,41962.55619215468,150
41143.28747445722,625,41768.28747445722,150
41214.6870158347,750,41964.6870158347,150
41301.525063913265,785,42086.525063913265,150
44719.07783325961,785,45504.07783325961,150
44996.75579719877,775,45771.75579719877,150
43854.813746319545,805,44659.813746319545,150
40706.38950754067,730,41436.38950754067,150
37243.74720521278,620,37863.74720521278,150
33525.46629021581,570,34095.46629021581,150
37712.45182477273,560,38272.45182477273,150
36484.248183335745,545,37029.248183335745,150
34859.01957335665,460,35319.01957335665,150
33981.227002698106,460,34441.227002698106,150
34639.762737457284,615,35254.762737457284,150
36000.35269023503,1020,37020.35269023503,150
35952.48235864968,1180,37132.48235864968,150
36038.44354176704,1260,37298.44354176704,150
37386.781742448075,1400,38786.781742448075,150
40119.848039699806,1530,41649.848039699806,150
40354.33228517998,1520,41874.33228517998,150
41583.35595773809,1500,43083.35595773809,150
41983.81531404487,1490,43473.81531404487,150
41700.372774897856,1270,42970.372774897856,150
42115.32476042443,660,42775.32476042443,150
41938.5633986631,625,42563.5633986631,150
41362.316974996276,750,42112.316974996276,150
41301.525063913265,785,42086.525063913265,150
44866.703732861184,785,45651.703732861184,150
45144.381696800316,775,45919.381696800316,150
43771.933769246374,805,44576.933769246374,150
40750.318006360656,730,41480.318006360656,150
37681.31093997021,620,38301.31093997021,150
33525.46629021581,570,34095.46629021581,150
37712.45182477273,560,38272.45182477273,150
36474.00591344175,545,37019.00591344175,150
34859.01957335665,460,35319.01957335665,150
33981.227002698106,460,34441.227002698106,150
34639.762737457284,615,35254.762737457284,150
36000.35269023503,1020,37020.35269023503,150
35952.48235864968,1180,37132.48235864968,150
36038.44354176704,1260,37298.44354176704,150
37723.19748010742,1400,39123.19748010742,150
40221.19901479819,1530,41751.19901479819,150
40492.941902009225,1520,42012.941902009225,150
41423.59603327995,1500,42923.59603327995,150
41423.59603327995,1490,42913.59603327995,150
41538.1040423563,1270,42808.1040423563,150
41538.1040423563,660,42198.1040423563,150
41538.1040423563,625,42163.1040423563,150
40599.545947754785,750,41349.545947754785,150
40427.18108947944,785,41212.18108947944,150
44540.704826176065,785,45325.704826176065,150
44658.732473777214,775,45433.732473777214,150
43311.32797189747,805,44116.32797189747,150
40268.82577278322,730,40998.82577278322,150
37201.933737155676,620,37821.933737155676,150
33525.46629021581,570,34095.46629021581,150
37722.69409466672,560,38282.69409466672,150
36484.248183335745,545,37029.248183335745,150
34859.01957335665,460,35319.01957335665,150
33981.227002698106,460,34441.227002698106,150
34639.762737457284,615,35254.762737457284,150
36000.35269023503,1020,37020.35269023503,150
35952.48235864968,1180,37132.48235864968,150
36038.44354176704,1260,37298.44354176704,150
37840.319845827325,1400,39240.319845827325,150
40221.19901479819,1530,41751.19901479819,150
40647.98055818092,1520,42167.98055818092,150
41423.59603327995,1500,42923.59603327995,150
41571.22599244153,1490,43061.22599244153,150
41378.34411789816,1270,42648.34411789816,150
41938.5633986631,660,42598.5633986631,150
41938.5633986631,625,42563.5633986631,150
41138.89909009123,750,41888.89909009123,150
41138.736707691,785,41923.736707691,150
44719.07783325961,785,45504.07783325961,150
44996.75579719877,775,45771.75579719877,150
43243.31816312461,805,44048.31816312461,150
40268.82577278322,730,40998.82577278322,150
37243.74720521278,620,37863.74720521278,150
33015.837246239964,570,33585.837246239964,150
37722.69409466672,560,38282.69409466672,150
36484.248183335745,545,37029.248183335745,150
34859.01957335665,460,35319.01957335665,150
33981.227002698106,460,34441.227002698106,150
34639.762737457284,615,35254.762737457284,150
36000.35269023503,1020,37020.35269023503,150
35952.48235864968,1180,37132.48235864968,150
36038.44354176704,1260,37298.44354176704,150
37737.93774248754,1400,39137.93774248754,150
40119.848039699806,1530,41649.848039699806,150
40252.981310081595,1520,41772.981310081595,150
41423.59603327995,1500,42923.59603327995,150
41423.59603327995,1490,42913.59603327995,150
41378.34411789816,1270,42648.34411789816,150
41938.5633986631,660,42598.5633986631,150
41601.03940112223,625,42226.03940112223,150
41214.6870158347,750,41964.6870158347,150
41081.959701453474,785,41866.959701453474,150
44719.07783325961,785,45504.07783325961,150
44996.75579719877,775,45771.75579719877,150
43771.933769246374,805,44576.933769246374,150
40638.379698767814,730,41368.379698767814,150
37613.30113119736,620,38233.30113119736,150
33592.85904586783,570,34162.85904586783,150
37363.512344496296,560,37923.512344496296,150
36339.1310918176,545,36884.1310918176,150
35378.73662394628,460,35838.73662394628,150
34830.44027091762,460,35290.44027091762,150
36048.96592130141,615,36663.96592130141,150
37207.044723202656,1020,38227.044723202656,150
37472.44251812503,1180,38652.44251812503,150
38461.152417035024,1260,39721.152417035024,150
39792.23342813249,1400,41192.23342813249,150
41765.19176950637,1530,43295.19176950637,150
41956.185948647144,1520,43476.185948647144,150
41984.3511759656,1500,43484.3511759656,150
41984.3511759656,1490,43474.3511759656,150
41939.099260583826,1270,43209.099260583826,150
42050.209417935526,660,42710.209417935526,150
42050.209417935526,625,42675.209417935526,150
41723.77613832982,750,42473.77613832982,150
41863.29509660032,785,42648.29509660032,150
47062.77143257971,785,47847.77143257971,150
47312.0,775,48087.0,150
45889.95642785834,805,46694.95642785834,150
41792.63845470385,730,42522.63845470385,150
36641.897136591004,620,37261.897136591004,150
32626.561977748435,570,33196.56197774844,150
37407.794025036754,560,37967.794025036754,150
36369.54125581912,545,36914.54125581912,150
35398.90451805381,460,35858.90451805381,150
34820.19800102364,460,35280.19800102364,150
36048.96592130141,615,36663.96592130141,150
37207.044723202656,1020,38227.044723202656,150
37462.20024823105,1180,38642.20024823105,150
38450.91014714103,1260,39710.91014714103,150
39841.17548355931,1400,41241.17548355931,150
41881.82698802562,1530,43411.82698802562,150
41829.21914991379,1520,43349.21914991379,150
41469.36351278243,1500,42969.36351278243,150
41693.349736088276,1490,43183.349736088276,150
41348.59160261753,1270,42618.59160261753,150
41346.480631414655,660,42006.480631414655,150
41282.055414126684,625,41907.055414126684,150
41223.45972500668,750,41973.45972500668,150
41362.974623717186,785,42147.974623717186,150
46841.55788875768,785,47626.55788875768,150
47095.48742666437,775,47870.48742666437,150
46006.011129296814,805,46811.011129296814,150
41528.48694470317,730,42258.48694470317,150
36318.80487486986,620,36938.80487486986,150
32297.008926278464,570,32867.00892627846,150
37722.69409466672,560,38282.69409466672,150
36484.248183335745,545,37029.248183335745,150
34859.01957335665,460,35319.01957335665,150
33981.227002698106,460,34441.227002698106,150
34639.762737457284,615,35254.762737457284,150
36000.35269023503,1020,37020.35269023503,150
35952.48235864968,1180,37132.48235864968,150
36028.20127187305,1260,37288.20127187305,150
37454.79155122093,1400,38854.79155122093,150
40359.80863162745,1530,41889.80863162745,150
40647.98055818092,1520,42167.98055818092,150
40808.454965200035,1500,42308.454965200035,150
40808.454965200035,1490,42298.454965200035,150
41137.52695880936,1270,42407.52695880936,150
40505.54683582643,660,41165.54683582643,150
40203.96212301465,625,40828.96212301465,150
39749.36853403394,750,40499.36853403394,150
39749.206151633734,785,40534.206151633734,150
43948.18768600704,785,44733.18768600704,150
43965.729044791,775,44740.729044791,150
42953.42092356878,805,43758.42092356878,150
40267.92455046198,730,40997.92455046198,150
37240.304698328066,620,37860.304698328066,150
33015.837246239964,570,33585.837246239964,150
37722.69409466672,560,38282.69409466672,150
36484.248183335745,545,37029.248183335745,150
34859.01957335665,460,35319.01957335665,150
33981.227002698106,460,34441.227002698106,150
34639.762737457284,615,35254.762737457284,150
36208.360485359044,1020,37228.360485359044,150
35952.48235864968,1180,37132.48235864968,150
36038.44354176704,1260,37298.44354176704,150
37471.2530670434,1400,38871.2530670434,150
39573.56522843392,1530,41103.56522843392,150
39786.18062416421,1520,41306.18062416421,150
40636.252489324914,1500,42136.252489324914,150
40235.95957497834,1490,41725.95957497834,150
40505.54683582643,1270,41775.54683582643,150
40763.20304981825,660,41423.20304981825,150
40382.01442485776,625,41007.01442485776,150
39749.36853403394,750,40499.36853403394,150
39749.206151633734,785,40534.206151633734,150
43632.094105735436,785,44417.094105735436,150
43965.729044791,775,44740.729044791,150
42953.42092356878,805,43758.42092356878,150
40265.38326589851,730,40995.38326589851,150
37240.304698328066,620,37860.304698328066,150
33015.837246239964,570,33585.837246239964,150
37722.69409466672,560,38282.69409466672,150
36484.248183335745,545,37029.248183335745,150
34859.01957335665,460,35319.01957335665,150
33981.227002698106,460,34441.227002698106,150
34847.762413461285,615,35462.762413461285,150
36208.360485359044,1020,37228.360485359044,150
35952.48235864968,1180,37132.48235864968,150
36038.44354176704,1260,37298.44354176704,150
37471.2530670434,1400,38871.2530670434,150
39573.56522843392,1530,41103.56522843392,150
39786.18062416421,1520,41306.18062416421,150
40981.915904676884,1500,42481.915904676884,150
41182.77887419114,1490,42672.77887419114,150
40763.20304981825,1270,42033.20304981825,150
41302.55619215468,660,41962.55619215468,150
41143.28747445722,625,41768.28747445722,150
40427.343471879656,750,41177.343471879656,150
40427.18108947944,785,41212.18108947944,150
44523.066037951976,785,45308.066037951976,150
44658.732473777214,775,45433.732473777214,150
43355.25647071745,805,44160.25647071745,150
40268.82577278322,730,40998.82577278322,150
37243.74720521278,620,37863.74720521278,150
33525.46629021581,570,34095.46629021581,150
37722.69409466672,560,38282.69409466672,150
36484.248183335745,545,37029.248183335745,150
34859.01957335665,460,35319.01957335665,150
33981.227002698106,460,34441.227002698106,150
34639.762737457284,615,35254.762737457284,150
36208.360485359044,1020,37228.360485359044,150
35952.48235864968,1180,37132.48235864968,150
36038.44354176704,1260,37298.44354176704,150
37471.2530670434,1400,38871.2530670434,150
39615.48830461116,1530,41145.48830461116,150
39786.18062416421,1520,41306.18062416421,150
41013.12986155951,1500,42513.12986155951,150
41423.59603327995,1490,42913.59603327995,150
41378.34411789816,1270,42648.34411789816,150
41302.55619215468,660,41962.55619215468,150
41035.03524734941,625,41660.03524734941,150
40126.28244230859,750,40876.28244230859,150
40013.08973067403,785,40798.08973067403,150
44389.522752009645,785,45174.522752009645,150
44723.157691065186,775,45498.157691065186,150
43311.32797189747,805,44116.32797189747,150
40268.82577278322,730,40998.82577278322,150
37243.74720521278,620,37863.74720521278,150
33525.46629021581,570,34095.46629021581,150
37712.45182477273,560,38272.45182477273,150
36484.248183335745,545,37029.248183335745,150
34859.01957335665,460,35319.01957335665,150
33981.227002698106,460,34441.227002698106,150
34639.762737457284,615,35254.762737457284,150
36000.35269023503,1020,37020.35269023503,150
35952.48235864968,1180,37132.48235864968,150
36038.44354176704,1260,37298.44354176704,150
37471.2530670434,1400,38871.2530670434,150
39615.48830461116,1530,41145.48830461116,150
39828.10370034145,1520,41348.10370034145,150
40337.310550076734,1500,41837.310550076734,150
40235.95957497834,1490,41725.95957497834,150
40430.6682515242,1270,41700.6682515242,150
40763.20304981825,660,41423.20304981825,150
40660.7113383583,625,41285.7113383583,150
40182.23941742499,750,40932.23941742499,150
40182.07703502477,785,40967.07703502477,150
44389.522752009645,785,45174.522752009645,150
44545.70214454288,775,45320.70214454288,150
43355.25647071745,805,44160.25647071745,150
40227.01230472614,730,40957.01230472614,150
37201.933737155676,620,37821.933737155676,150
33015.837246239964,570,33585.837246239964,150
37373.75461439029,560,37933.75461439029,150
36349.37336171159,545,36894.37336171159,150
35378.73662394628,460,35838.73662394628,150
34830.44027091762,460,35290.44027091762,150
36040.62758505002,615,36655.62758505002,150
37198.70638695127,1020,38218.70638695127,150
37462.20024823105,1180,38642.20024823105,150
38450.91014714103,1260,39710.91014714103,150
39607.12561099974,1400,41007.12561099974,150
41647.777115466044,1530,43177.777115466044,150
41620.65925462901,1520,43140.65925462901,150
42008.39594987844,1500,43508.39594987844,150
42008.39594987844,1490,43498.39594987844,150
41906.36702825913,1270,43176.36702825913,150
41909.08693346284,660,42569.08693346284,150
41842.769961212296,625,42467.769961212296,150
41298.74426530947,750,42048.74426530947,150
41540.75087547991,785,42325.75087547991,150
46768.579178538006,785,47553.579178538006,150
47017.8077459583,775,47792.8077459583,150
46006.011129296814,805,46811.011129296814,150
41486.67347664608,730,42216.67347664608,150
36276.991406812755,620,36896.991406812755,150
31903.36151166098,570,32473.36151166098,150
37373.75461439029,560,37933.75461439029,150
36349.37336171159,545,36894.37336171159,150
35378.73662394628,460,35838.73662394628,150
35038.45212560165,460,35498.45212560165,150
36040.62758505002,615,36655.62758505002,150
37198.70638695127,1020,38218.70638695127,150
37472.44251812503,1180,38652.44251812503,150
38316.554949197576,1260,39576.554949197576,150
39841.17548355931,1400,41241.17548355931,150
41765.19176950637,1530,43295.19176950637,150
41987.39990552977,1520,43507.39990552977,150
42008.39594987844,1500,43508.39594987844,150
41984.3511759656,1490,43474.3511759656,150
41926.96929528725,1270,43196.96929528725,150
41909.08693346284,660,42569.08693346284,150
41842.769961212296,625,42467.769961212296,150
41253.45987344764,750,42003.45987344764,150
41469.80194526304,785,42254.80194526304,150
46907.18879536726,785,47692.18879536726,150
47017.8077459583,775,47792.8077459583,150
46006.011129296814,805,46811.011129296814,150
41486.67347664608,730,42216.67347664608,150
36276.991406812755,620,36896.991406812755,150
32297.008926278464,570,32867.00892627846,150
37722.69409466672,560,38282.69409466672,150
36484.248183335745,545,37029.248183335745,150
34859.01957335665,460,35319.01957335665,150
33981.227002698106,460,34441.227002698106,150
34639.762737457284,615,35254.762737457284,150
36000.35269023503,1020,37020.35269023503,150
35952.48235864968,1180,37132.48235864968,150
36038.44354176704,1260,37298.44354176704,150
37454.79155122093,1400,38854.79155122093,150
39642.955287608645,1530,41172.955287608645,150
39743.63237574613,1520,41263.63237574613,150
40808.454965200035,1500,42308.454965200035,150
41013.12986155951,1490,42503.12986155951,150
41137.52695880936,1270,42407.52695880936,150
41137.52695880936,660,41797.52695880936,150
40756.24090440874,625,41381.24090440874,150
40013.25211307426,750,40763.25211307426,150
40013.08973067403,785,40798.08973067403,150
43880.17787723417,785,44665.17787723417,150
44213.812816289734,775,44988.812816289734,150
42953.42092356878,805,43758.42092356878,150
40227.01230472614,730,40957.01230472614,150
37201.933737155676,620,37821.933737155676,150
33015.837246239964,570,33585.837246239964,150
37722.69409466672,560,38282.69409466672,150
36484.248183335745,545,37029.248183335745,150
34859.01957335665,460,35319.01957335665,150
33981.227002698106,460,34441.227002698106,150
34847.762413461285,615,35462.762413461285,150
36208.360485359044,1020,37228.360485359044,150
35952.48235864968,1180,37132.48235864968,150
36038.44354176704,1260,37298.44354176704,150
37498.72005004091,1400,38898.72005004091,150
39882.172980055286,1530,41412.172980055286,150
40075.525763559286,1520,41595.525763559286,150
40808.454965200035,1500,42308.454965200035,150
41182.77887419114,1490,42672.77887419114,150
40763.20304981825,1270,42033.20304981825,150
40763.20304981825,660,41423.20304981825,150
40532.096358262694,625,41157.096358262694,150
39681.358725261096,750,40431.358725261096,150
40013.08973067403,785,40798.08973067403,150
44212.067205487336,785,44997.067205487336,150
44213.812816289734,775,44988.812816289734,150
42953.42092356878,805,43758.42092356878,150
40265.38326589851,730,40995.38326589851,150
37240.304698328066,620,37860.304698328066,150
32384.652797018138,570,32954.652797018134,150
37487.56437914567,560,38047.56437914567,150
35714.83165636518,545,36259.83165636518,150
35067.02330892066,460,35527.02330892066,150
34189.24088716213,460,34649.24088716213,150
34524.77975986028,615,35139.77975986028,150
35885.373772198036,1020,36905.373772198036,150
35837.50344061267,1180,37017.50344061267,150
36246.451336891056,1260,37506.451336891056,150
37471.2530670434,1400,38871.2530670434,150
39599.02678878868,1530,41129.02678878868,150
39855.57068333896,1520,41375.57068333896,150
41013.12986155951,1500,42513.12986155951,150
41182.77887419114,1490,42672.77887419114,150
40967.8779461777,1270,42237.8779461777,150
41137.52695880936,660,41797.52695880936,150
41035.03524734941,625,41660.03524734941,150
39681.358725261096,750,40431.358725261096,150
40013.08973067403,785,40798.08973067403,150
44231.32981771364,785,45016.32981771364,150
44213.812816289734,775,44988.812816289734,150
42995.23439162586,805,43800.23439162586,150
40265.38326589851,730,40995.38326589851,150
37240.304698328066,620,37860.304698328066,150
33015.837246239964,570,33585.837246239964,150
37487.56437914567,560,38047.56437914567,150
35714.83165636518,545,36259.83165636518,150
35067.02330892066,460,35527.02330892066,150
34189.24088716213,460,34649.24088716213,150
34847.762413461285,615,35462.762413461285,150
36208.360485359044,1020,37228.360485359044,150
35952.48235864968,1180,37132.48235864968,150
36038.44354176704,1260,37298.44354176704,150
37429.32999086616,1400,38829.32999086616,150
39573.56522843392,1530,41103.56522843392,150
39786.18062416421,1520,41306.18062416421,150
40475.920166905984,1500,41975.920166905984,150
40808.454965200035,1490,42298.454965200035,150
40634.58806972264,1270,41904.58806972264,150
40967.8779461777,660,41627.8779461777,150
41035.03524734941,625,41660.03524734941,150
40190.707659596555,750,40940.707659596555,150
40190.54527719635,785,40975.54527719635,150
44166.137343584625,785,44951.137343584625,150
44499.77228264017,775,45274.77228264017,150
42995.23439162586,805,43800.23439162586,150
40267.92455046198,730,40997.92455046198,150
37242.84598289154,620,37862.84598289154,150
33015.837246239964,570,33585.837246239964,150
37722.69409466672,560,38282.69409466672,150
36249.11846781469,545,36794.11846781469,150
34859.01957335665,460,35319.01957335665,150
33866.2379357611,460,34326.2379357611,150
34524.77975986028,615,35139.77975986028,150
35885.373772198036,1020,36905.373772198036,150
35952.48235864968,1180,37132.48235864968,150
36028.20127187305,1260,37288.20127187305,150
37454.79155122093,1400,38854.79155122093,150
40460.32333736469,1530,41990.32333736469,150
40825.476700303276,1520,42345.476700303276,150
41347.808107536475,1500,42847.808107536475,150
41182.77887419114,1490,42672.77887419114,150
41302.55619215468,1270,42572.55619215468,150
41538.1040423563,660,42198.1040423563,150
41538.1040423563,625,42163.1040423563,150
40427.343471879656,750,41177.343471879656,150
40470.76858525896,785,41255.76858525896,150
44528.3597041992,785,45313.3597041992,150
44800.74400189113,775,45575.74400189113,150
43191.80640621427,805,43996.80640621427,150
40227.01230472614,730,40957.01230472614,150
37201.933737155676,620,37821.933737155676,150
33015.837246239964,570,33585.837246239964,150
36694.61864238297,560,37254.61864238297,150
35652.61483972023,545,36197.61483972023,150
34979.28809808087,460,35439.28809808087,150
34436.99583430042,460,34896.99583430042,150
35655.52148468421,615,36270.52148468421,150
36813.600286585446,1020,37833.600286585446,150
37295.34421288322,1180,38475.34421288322,150
37780.43321662556,1260,39040.43321662556,150
39182.94624558056,1400,40582.94624558056,150
41111.65944245403,1530,42641.65944245403,150
41238.50039482723,1520,42758.50039482723,150
41441.551467184465,1500,42941.551467184465,150
41441.551467184465,1490,42931.551467184465,150
41236.47061482445,1270,42506.47061482445,150
41213.294586752796,660,41873.294586752796,150
41110.80287529286,625,41735.80287529286,150
40887.368752147784,750,41637.368752147784,150
41026.88365085827,785,41811.88365085827,150
46476.380168459036,785,47261.380168459036,150
46675.24177489057,775,47450.24177489057,150
45398.12855450679,805,46203.12855450679,150
41117.180444061574,730,41847.180444061574,150
35907.49431466824,620,36527.49431466824,150
31203.42638396529,570,31773.42638396529,150
36341.42068366072,560,36901.42068366072,150
35476.754700280115,545,36021.754700280115,150
34884.753124231785,460,35344.753124231785,150
34436.99583430042,460,34896.99583430042,150
33924.25716736032,615,34539.25716736032,150
36100.10013913124,1020,37120.10013913124,150
37078.998081507816,1180,38258.998081507816,200
37772.094880374185,1260,39032.094880374185,200
39170.69855304384,1400,40570.69855304384,200
41355.95158490759,1530,42885.95158490759,200
41433.80582669389,1520,42953.80582669389,200
41027.456048819055,1500,42527.456048819055,200
41003.809111786766,1490,42493.809111786766,200
40982.20413343727,1270,42252.20413343727,200
41076.2600792057,660,41736.2600792057,200
41023.644121973855,625,41648.644121973855,200
40915.65982582642,750,41665.65982582642,200
41055.174724536904,785,41840.174724536904,200
46434.56670040195,785,47219.56670040195,200
46672.70049032711,775,47447.70049032711,200
45398.12855450679,805,46203.12855450679,200
40946.5571370286,730,41676.5571370286,200
35736.87506719528,620,36356.87506719528,200
31203.42638396529,570,31773.42638396529,200
36182.73248304405,560,36742.73248304405,200
35198.53275530021,545,35743.53275530021,200
34468.636044983614,460,34928.636044983614,200
33691.376448082345,460,34151.376448082345,200
34349.91421262152,615,34964.91421262152,200
35710.51228451928,1020,36730.51228451928,200
35833.74834760755,1180,37013.74834760755,200
35864.479216849504,1260,37124.479216849504,200
37161.3056606202,1400,38561.3056606202,200
39468.99096269113,1530,40998.99096269113,200
39860.03213978505,1520,41380.03213978505,200
40701.32317665376,1500,42201.32317665376,200
41046.98659200573,1490,42536.98659200573,200
40656.07126127197,1270,41926.07126127197,200
41135.5864891267,660,41795.5864891267,200
41232.67086665926,625,41857.67086665926,200
40017.713569520354,750,40767.713569520354,200
40176.14195829668,785,40961.14195829668,200
44407.24273143384,785,45192.24273143384,200
44137.834091225974,775,44912.834091225974,200
42877.45031762504,805,43682.45031762504,200
40189.40860039479,730,40919.40860039479,200
37164.330032824335,620,37784.330032824335,200
32939.870699856234,570,33509.870699856234,200
37018.668960265444,560,37578.668960265444,200
35762.608618070415,545,36307.608618070415,200
34669.81566017831,460,35129.81566017831,200
33691.376448082345,460,34151.376448082345,200
34349.91421262152,615,34964.91421262152,200
35710.51228451928,1020,36730.51228451928,200
35833.74834760755,1180,37013.74834760755,200
35864.479216849504,1260,37124.479216849504,200
37255.36566594864,1400,38655.36566594864,200
39425.06246387115,1530,40955.06246387115,200
39816.10364096508,1520,41336.10364096508,200
41247.849561519986,1500,42747.849561519986,200
41380.41449350099,1490,42870.41449350099,200
41482.79253728077,1270,42752.79253728077,200
41135.5864891267,660,41795.5864891267,200
40136.122815762035,625,40761.122815762035,200
39728.36843012529,750,40478.36843012529,200
39634.14604239663,785,40419.14604239663,200
43952.64508289312,785,44737.64508289312,200
44205.84389999884,775,44980.84389999884,200
42919.26378568214,805,43724.26378568214,200
39896.52758423488,730,40626.52758423488,200
36871.449016664425,620,37491.449016664425,200
32308.686250634415,570,32878.68625063442,200
36420.52526992874,560,36980.52526992874,200
35091.89217351462,545,35636.89217351462,200
34468.636044983614,460,34928.636044983614,200
33691.376448082345,460,34151.376448082345,200
34349.91421262152,615,34964.91421262152,200
35710.51228451928,1020,36730.51228451928,200
35718.76942957056,1180,36898.76942957056,200
36072.48701197353,1260,37332.48701197353,200
37280.82722630339,1400,38680.82722630339,200
39357.05265509829,1530,40887.05265509829,200
40099.24983223169,1520,41619.24983223169,200
40873.52565252889,1500,42373.52565252889,200
41540.174417959126,1490,43030.174417959126,200
41335.16257811921,1270,42605.16257811921,200
41335.16257811921,660,41995.16257811921,200
41232.67086665926,625,41857.67086665926,200
40536.001654988024,750,41286.001654988024,200
40535.8392725878,785,41320.8392725878,200
44593.430391528054,785,45378.430391528054,200
44785.37856727014,775,45560.37856727014,200
43235.35736595373,805,44040.35736595373,200
40151.037639222406,730,40881.037639222406,200
37125.959071651945,620,37745.959071651945,200
32939.870699856234,570,33509.870699856234,200
37253.798675786486,560,37813.798675786486,200
35762.608618070415,545,36307.608618070415,200
34669.81566017831,460,35129.81566017831,200
33691.376448082345,460,34151.376448082345,200
34349.91421262152,615,34964.91421262152,200
35710.51228451928,1020,36730.51228451928,200
35718.76942957056,1180,36898.76942957056,200
35749.50029881252,1260,37009.50029881252,200
37297.28874212588,1400,38697.28874212588,200
39399.60090351638,1530,40929.60090351638,200
39790.642080610305,1520,41310.642080610305,200
39843.0104046818,1500,41343.0104046818,200
40062.965484902146,1490,41552.965484902146,200
40036.97618174665,1270,41306.97618174665,200
39685.82018170718,660,40345.82018170718,200
39753.829990480044,625,40378.829990480044,200
39662.59949847548,750,40412.59949847548,200
39713.5916317051,785,40498.5916317051,200
43633.108995736824,785,44418.108995736824,200
43886.30781284254,775,44661.30781284254,200
42622.94026263753,805,43427.94026263753,200
39896.52758423488,730,40626.52758423488,200
36871.449016664425,620,37491.449016664425,200
31545.407778392226,570,32115.407778392226,200
35931.43759958093,560,36491.43759958093,200
34947.2378718371,545,35492.2378718371,200
32578.28569016252,460,33038.28569016252,200
32752.036888179766,460,33212.03688817976,200
32521.31585482474,615,33136.315854824745,200
34997.024315745075,1020,36017.024315745075,200
35718.76942957056,1180,36898.76942957056,200
35749.50029881252,1260,37009.50029881252,200
37297.28874212588,1400,38697.28874212588,200
39399.60090351638,1530,40929.60090351638,200
39816.10364096508,1520,41336.10364096508,200
40347.15092353017,1500,41847.15092353017,200
40696.02951040652,1490,42186.02951040652,200
40301.89900814838,1270,41571.89900814838,200
41202.5976461382,660,41862.5976461382,200
41156.88294091576,625,41781.88294091576,200
40176.3043406969,750,40926.3043406969,200
40036.81379934642,785,40821.81379934642,200
43996.57358171311,785,44781.57358171311,200
44249.77239881882,775,45024.77239881882,200
42877.45031762504,805,43682.45031762504,200
40189.40860039479,730,40919.40860039479,200
37164.330032824335,620,37784.330032824335,200
32308.686250634415,570,32878.68625063442,200
36133.416948096725,560,36693.416948096725,200
35363.27781944516,545,35908.27781944516,200
34884.753124231785,460,35344.753124231785,200
34436.99583430042,460,34896.99583430042,200
35655.52148468421,615,36270.52148468421,200
36813.600286585446,1020,37833.600286585446,200
37078.998081507816,1180,38258.998081507816,200
37988.44101174958,1260,39248.44101174958,200
39182.94624558056,1400,40582.94624558056,200
41111.65944245403,1530,42641.65944245403,200
41238.50039482723,1520,42758.50039482723,200
41565.33963043349,1500,43065.33963043349,200
41565.33963043349,1490,43055.33963043349,200
41520.08771505171,1270,42790.08771505171,200
41466.03061401789,660,42126.03061401789,200
41478.16057931444,625,42103.16057931444,200
41145.495875100234,750,41895.495875100234,200
41285.010773810725,785,42070.010773810725,200
46672.95218304743,785,47457.95218304743,200
46913.627257536056,775,47688.627257536056,200
45442.48330712735,805,46247.48330712735,200
41119.721728625045,730,41849.721728625045,200
35910.03559923172,620,36530.03559923172,200
31536.407733859938,570,32106.407733859938,200
36694.61864238297,560,37254.61864238297,200
35652.61483972023,545,36197.61483972023,200
34979.28809808087,460,35439.28809808087,200
34653.34602523583,460,35113.34602523583,200
35655.52148468421,615,36270.52148468421,200
36813.600286585446,1020,37833.600286585446,200
37087.33641775921,1180,38267.33641775921,200
37780.43321662556,1260,39040.43321662556,200
39182.94624558056,1400,40582.94624558056,200
41111.65944245403,1530,42641.65944245403,200
41238.50039482723,1520,42758.50039482723,200
41565.33963043349,1500,43065.33963043349,200
41529.1648912241,1490,43019.1648912241,200
41483.912975842315,1270,42753.912975842315,200
41478.16057931444,660,42138.16057931444,200
41478.16057931444,625,42103.16057931444,200
40913.36211486327,750,41663.36211486327,200
41205.94272358277,785,41990.94272358277,200
46545.61190479357,785,47330.61190479357,200
46656.2308553846,775,47431.2308553846,200
45639.05532171576,805,46444.05532171576,200
41119.721728625045,730,41849.721728625045,200
35910.03559923172,620,36530.03559923172,200
31536.407733859938,570,32106.407733859938,200
37253.798675786486,560,37813.798675786486,200
35997.73833359147,545,36542.73833359147,200
34461.803805494295,460,34921.803805494295,200
33806.35739589934,460,34266.35739589934,200
34464.89313065851,615,35079.89313065851,200
35825.49120255628,1020,36845.49120255628,200
35833.74834760755,1180,37013.74834760755,200
35864.479216849504,1260,37124.479216849504,200
37255.36566594864,1400,38655.36566594864,200
39399.60090351638,1530,40929.60090351638,200
39832.565156787554,1520,41352.565156787554,200
40253.67549484253,1500,41753.67549484253,200
40221.556256078686,1490,41711.556256078686,200
40184.776642428464,1270,41454.776642428464,200
40301.89900814838,660,40961.89900814838,200
40176.3043406969,625,40801.3043406969,200
40036.97618174665,750,40786.97618174665,200
39685.657799306966,785,40470.657799306966,200
43996.57358171311,785,44781.57358171311,200
44205.84389999884,775,44980.84389999884,200
42877.45031762504,805,43682.45031762504,200
40189.40860039479,730,40919.40860039479,200
37164.330032824335,620,37784.330032824335,200
32308.686250634415,570,32878.68625063442,200
37018.668960265444,560,37578.668960265444,200
35762.608618070415,545,36307.608618070415,200
34575.280686329235,460,35035.280686329235,200
33691.376448082345,460,34151.376448082345,200
34349.91421262152,615,34964.91421262152,200
35710.51228451928,1020,36730.51228451928,200
35718.76942957056,1180,36898.76942957056,200
36072.48701197353,1260,37332.48701197353,200
37255.36566594864,1400,38655.36566594864,200
39425.06246387115,1530,40955.06246387115,200
39860.03213978505,1520,41380.03213978505,200
40347.15092353017,1500,41847.15092353017,200
40744.91067243327,1490,42234.91067243327,200
40828.273737147094,1270,42098.273737147094,200
40301.89900814838,660,40961.89900814838,200
39797.75848930003,625,40422.75848930003,200
39713.754014105325,750,40463.754014105325,200
39703.349361811124,785,40488.349361811124,200
43594.73803456444,785,44379.73803456444,200
43847.93685167016,775,44622.93685167016,200
42915.82127879743,805,43720.82127879743,200
39896.52758423488,730,40626.52758423488,200
36871.449016664425,620,37491.449016664425,200
32308.686250634415,570,32878.68625063442,200
36182.73248304405,560,36742.73248304405,200
35198.53275530021,545,35743.53275530021,200
34575.280686329235,460,35035.280686329235,200
33691.376448082345,460,34151.376448082345,200
34456.55479440713,615,35071.55479440713,200
36033.4989976803,1020,37053.4989976803,200
35833.74834760755,1180,37013.74834760755,200
36072.48701197353,1260,37332.48701197353,200
37297.28874212588,1400,38697.28874212588,200
39441.523979693615,1530,40971.523979693615,200
39832.565156787554,1520,41352.565156787554,200
39731.072097088974,1500,41231.072097088974,200
39731.072097088974,1490,41221.072097088974,200
39971.77964805763,1270,41241.77964805763,200
40570.61752315529,660,41230.61752315529,200
40391.85479831121,625,41016.85479831121,200
39713.754014105325,750,40463.754014105325,200
39713.5916317051,785,40498.5916317051,200
43633.108995736824,785,44418.108995736824,200
43886.30781284254,775,44661.30781284254,200
42915.82127879743,805,43720.82127879743,200
39896.52758423488,730,40626.52758423488,200
36871.449016664425,620,37491.449016664425,200
32308.686250634415,570,32878.68625063442,200
36325.99029607966,560,36885.99029607966,200
35341.790568335826,545,35886.790568335826,200
34575.280686329235,460,35035.280686329235,200
33798.01905964795,460,34258.01905964795,200
34349.91421262152,615,34964.91421262152,200
35710.51228451928,1020,36730.51228451928,200
35825.41001135617,1180,37005.41001135617,200
35856.14088059813,1260,37116.14088059813,200
37297.28874212588,1400,38697.28874212588,200
39441.523979693615,1530,40971.523979693615,200
39832.565156787554,1520,41352.565156787554,200
40873.52565252889,1500,42373.52565252889,200
40873.52565252889,1490,42363.52565252889,200
41335.16257811921,1270,42605.16257811921,200
41032.94863350655,660,41692.94863350655,200
40548.2858835648,625,41173.2858835648,200
39753.829990480044,750,40503.829990480044,200
39797.59610689981,785,40582.59610689981,200
43952.64508289312,785,44737.64508289312,200
44205.84389999884,775,44980.84389999884,200
42877.45031762504,805,43682.45031762504,200
40189.40860039479,730,40919.40860039479,200
37164.330032824335,620,37784.330032824335,200
32939.870699856234,570,33509.870699856234,200
37253.798675786486,560,37813.798675786486,200
35997.73833359147,545,36542.73833359147,200
34461.803805494295,460,34921.803805494295,200
33806.35739589934,460,34266.35739589934,200
34464.89313065851,615,35079.89313065851,200
36033.4989976803,1020,37053.4989976803,200
35833.74834760755,1180,37013.74834760755,200
35864.479216849504,1260,37124.479216849504,200
37324.755725123374,1400,38724.755725123374,200
39708.20865513775,1530,41238.20865513775,200
40079.98722000537,1520,41599.98722000537,200
41247.849561519986,1500,42747.849561519986,200
41380.41449350099,1490,42870.41449350099,200
41335.16257811921,1270,42605.16257811921,200
41202.5976461382,660,41862.5976461382,200
41100.10593467826,625,41725.10593467826,200
40017.713569520354,750,40767.713569520354,200
40036.81379934642,785,40821.81379934642,200
43952.64508289312,785,44737.64508289312,200
44205.84389999884,775,44980.84389999884,200
42877.45031762504,805,43682.45031762504,200
40189.40860039479,730,40919.40860039479,200
37164.330032824335,620,37784.330032824335,200
32939.870699856234,570,33509.870699856234,200
36694.61864238297,560,37254.61864238297,200
35652.61483972023,545,36197.61483972023,200
34771.280302956846,460,35231.280302956846,200
34445.3341705518,460,34905.3341705518,200
35655.52148468421,615,36270.52148468421,200
36813.600286585446,1020,37833.600286585446,200
37087.33641775921,1180,38267.33641775921,200
37780.43321662556,1260,39040.43321662556,200
39038.88869922384,1400,40438.88869922384,200
41163.53250020486,1530,42693.53250020486,200
41569.58998975929,1520,43089.58998975929,200
41541.29485652067,1500,43041.29485652067,200
41541.29485652067,1490,43031.29485652067,200
41496.04294113887,1270,42766.04294113887,200
41478.16057931444,660,42138.16057931444,200
41478.16057931444,625,42103.16057931444,200
41078.48471808873,750,41828.48471808873,200
41186.785659916604,785,41971.785659916604,200
46407.00228796432,785,47192.00228796432,200
46656.2308553846,775,47431.2308553846,200
45400.66983907026,805,46205.66983907026,200
41117.180444061574,730,41847.180444061574,200
35910.03559923172,620,36530.03559923172,200
31536.407733859938,570,32106.407733859938,200
36694.61864238297,560,37254.61864238297,200
35652.61483972023,545,36197.61483972023,200
34979.28809808087,460,35439.28809808087,200
34653.34602523583,460,35113.34602523583,200
35655.52148468421,615,36270.52148468421,200
36813.600286585446,1020,37833.600286585446,200
37087.33641775921,1180,38267.33641775921,200
37780.43321662556,1260,39040.43321662556,200
39071.00793798771,1400,40471.00793798771,200
41088.01250542175,1530,42618.01250542175,200
41290.373452578046,1520,42810.373452578046,200
41541.29485652067,1500,43041.29485652067,200
41541.29485652067,1490,43031.29485652067,200
41496.04294113887,1270,42766.04294113887,200
41607.15309849057,660,42267.15309849057,200
41607.15309849057,625,42232.15309849057,200
41202.27288133776,750,41952.27288133776,200
41341.787780048246,785,42126.787780048246,200
46569.725691226486,785,47354.725691226486,200
46786.52243376251,775,47561.52243376251,200
45524.230666958974,805,46329.230666958974,200
41479.577365756384,730,42209.577365756384,200
36269.89123636305,620,36889.89123636305,200
31997.44790412945,570,32567.44790412945,200
37243.556405892494,560,37803.556405892494,200
35987.49606369748,545,36532.49606369748,200
34461.803805494295,460,34921.803805494295,200
33806.35739589934,460,34266.35739589934,200
34464.89313065851,615,35079.89313065851,200
35825.49120255628,1020,36845.49120255628,200
35833.74834760755,1180,37013.74834760755,200
35864.479216849504,1260,37124.479216849504,200
38472.194420250096,1400,39872.194420250096,200
40862.28067131352,1530,42392.28067131352,200
41397.43622860423,1520,42917.43622860423,200
42129.76055580415,1500,43629.76055580415,200
42178.74726639104,1490,43668.74726639104,200
42339.49366393052,1270,43609.49366393052,200
42339.49366393052,660,42999.49366393052,200
42339.49366393052,625,42964.49366393052,200
41834.21646828061,750,42584.21646828061,200
41858.11915759325,785,42643.11915759325,200
45085.7738290003,785,45870.7738290003,200
45283.015670989626,775,46058.015670989626,200
43824.94350379877,805,44629.94350379877,200
40867.62711184082,730,41597.62711184082,200
37888.48246573309,620,38508.48246573309,200
33954.456234241545,570,34524.456234241545,200
37273.96656989403,560,37833.96656989403,200
36017.906227699,545,36562.906227699,200
34451.5615356003,460,34911.5615356003,200
33806.35739589934,460,34266.35739589934,200
34464.89313065851,615,35079.89313065851,200
35825.49120255628,1020,36845.49120255628,200
35833.74834760755,1180,37013.74834760755,200
35854.23694695553,1260,37114.23694695553,200
38472.194420250096,1400,39872.194420250096,200
40938.06859705702,1530,42468.06859705702,200
41397.43622860423,1520,42917.43622860423,200
42117.395136027255,1500,43617.395136027255,200
42384.7455793123,1490,43874.7455793123,200
42339.49366393052,1270,43609.49366393052,200
42339.49366393052,660,42999.49366393052,200
42339.49366393052,625,42964.49366393052,200
41596.02584451538,750,42346.02584451538,200
41520.595160052384,785,42305.595160052384,200
45085.7738290003,785,45870.7738290003,200
45283.015670989626,775,46058.015670989626,200
43839.448311698565,805,44644.448311698565,200
40674.34334085692,730,41404.34334085692,200
37649.264773286464,620,38269.264773286464,200
33834.93669833836,570,34404.93669833836,200
37273.96656989403,560,37833.96656989403,200
35987.49606369748,545,36532.49606369748,200
34461.803805494295,460,34921.803805494295,200
33806.35739589934,460,34266.35739589934,200
34464.89313065851,615,35079.89313065851,200
35825.49120255628,1020,36845.49120255628,200
35833.74834760755,1180,37013.74834760755,200
35864.479216849504,1260,37124.479216849504,200
37956.8819922665,1400,39356.8819922665,200
40346.96824332992,1530,41876.96824332992,200
40890.54738763212,1520,42410.54738763212,200
42117.395136027255,1500,43617.395136027255,200
42129.76055580415,1490,43619.76055580415,200
42133.495351009245,1270,43403.495351009245,200
42339.49366393052,660,42999.49366393052,200
42339.49366393052,625,42964.49366393052,200
41433.75711197382,750,42183.75711197382,200
41520.595160052384,785,42305.595160052384,200
44816.58034547274,785,45601.58034547274,200
44981.390362577775,775,45756.390362577775,200
43518.49949766034,805,44323.49949766034,200
40630.41484203693,730,41360.41484203693,200
37167.77253970905,620,37787.77253970905,200
33330.97682991025,570,33900.97682991025,200
37253.798675786486,560,37813.798675786486,200
35987.49606369748,545,36532.49606369748,200
34461.803805494295,460,34921.803805494295,200
33806.35739589934,460,34266.35739589934,200
34349.91421262152,615,34964.91421262152,200
35710.51228451928,1020,36730.51228451928,200
35833.74834760755,1180,37013.74834760755,200
35864.479216849504,1260,37124.479216849504,200
37280.82722630339,1400,38680.82722630339,200
39357.05265509829,1530,40887.05265509829,200
40270.69722994577,1520,41790.69722994577,200
41528.044452662565,1500,43028.044452662565,200
41540.174417959126,1490,43030.174417959126,200
41335.16257811921,1270,42605.16257811921,200
41335.16257811921,660,41995.16257811921,200
41100.10593467826,625,41725.10593467826,200
40017.713569520354,750,40767.713569520354,200
39685.657799306966,785,40470.657799306966,200
43636.55150262152,785,44421.55150262152,200
43889.750319727245,775,44664.750319727245,200
42664.575110054386,805,43469.575110054386,200
39896.52758423488,730,40626.52758423488,200
36871.449016664425,620,37491.449016664425,200
31591.780132335545,570,32161.780132335545,200
36076.09190125844,560,36636.09190125844,200
34947.2378718371,545,35492.2378718371,200
32245.1703747877,460,32705.1703747877,200
31960.12227965848,460,32420.12227965848,200
32521.31585482474,615,33136.315854824745,200
34899.68824549218,1020,35919.68824549218,200
35825.41001135617,1180,37005.41001135617,200
35749.50029881252,1260,37009.50029881252,200
37255.36566594864,1400,38655.36566594864,200
39425.06246387115,1530,40955.06246387115,200
39860.03213978505,1520,41380.03213978505,200
40017.03156343943,1500,41517.03156343943,200
40347.15092353017,1490,41837.15092353017,200
40036.97618174665,1270,41306.97618174665,200
39753.829990480044,660,40413.829990480044,200
39685.82018170718,625,40310.82018170718,200
39662.59949847548,750,40412.59949847548,200
39713.5916317051,785,40498.5916317051,200
43495.48991154892,785,44280.48991154892,200
43886.30781284254,775,44661.30781284254,200
42622.94026263753,805,43427.94026263753,200
39896.52758423488,730,40626.52758423488,200
36871.449016664425,620,37491.449016664425,200
31418.802280499367,570,31988.802280499367,200
34922.945464763936,560,35482.945464763936,200
35333.4968872445,545,35878.4968872445,200
31453.87687894725,460,31913.87687894725,200
31595.975687601283,460,32055.975687601283,200
33148.607186001245,615,33763.607186001245,200
35324.45624711217,1020,36344.45624711217,200
37087.33641775921,1180,38267.33641775921,200
37780.43321662556,1260,39040.43321662556,200
39305.0578105473,1400,40705.0578105473,200
41345.7093150136,1530,42875.7093150136,200
41433.80582669389,1520,42953.80582669389,200
41027.456048819055,1500,42527.456048819055,200
41281.72253020623,1490,42771.72253020623,200
41463.310708814184,1270,42733.310708814184,200
41466.03061401789,660,42126.03061401789,200
41363.53890255795,625,41988.53890255795,200
41166.098142128365,750,41916.098142128365,200
41341.787780048246,785,42126.787780048246,200
46538.682235864115,785,47323.682235864115,200
46881.609507772344,775,47656.609507772344,200
45524.230666958974,805,46329.230666958974,200
41119.721728625045,730,41849.721728625045,200
35910.03559923172,620,36530.03559923172,200
31536.407733859938,570,32106.407733859938,200
36694.61864238297,560,37254.61864238297,200
35652.61483972023,545,36197.61483972023,200
34771.280302956846,460,35231.280302956846,200
34445.3341705518,460,34905.3341705518,200
35655.52148468421,615,36270.52148468421,200
36813.600286585446,1020,37833.600286585446,200
37087.33641775921,1180,38267.33641775921,200
37780.43321662556,1260,39040.43321662556,200
39122.880995738546,1400,40522.880995738546,200
41110.92060253301,1530,42640.92060253301,200
41290.373452578046,1520,42810.373452578046,200
41565.33963043349,1500,43065.33963043349,200
41541.29485652067,1490,43031.29485652067,200
41496.04294113887,1270,42766.04294113887,200
41478.16057931444,660,42138.16057931444,200
41478.16057931444,625,42103.16057931444,200
41078.48471808873,750,41828.48471808873,200
41186.785659916604,785,41971.785659916604,200
46538.682235864115,785,47323.682235864115,200
46787.9108032844,775,47562.9108032844,200
45636.16897455181,805,46441.16897455181,200
41161.53519668213,730,41891.53519668213,200
35951.8490672888,620,36571.8490672888,200
31930.055148477433,570,32500.055148477433,200
37253.798675786486,560,37813.798675786486,200
35997.73833359147,545,36542.73833359147,200
34461.803805494295,460,34921.803805494295,200
33806.35739589934,460,34266.35739589934,200
34672.90092578252,615,35287.90092578252,200
35825.49120255628,1020,36845.49120255628,200
35833.74834760755,1180,37013.74834760755,200
35864.479216849504,1260,37124.479216849504,200
37280.82722630339,1400,38680.82722630339,200
39708.20865513775,1530,41238.20865513775,200
39748.093832192215,1520,41268.093832192215,200
41304.6265677575,1500,42804.6265677575,200
41528.044452662565,1490,43018.044452662565,200
41494.92250257734,1270,42764.92250257734,200
41494.92250257734,660,42154.92250257734,200
41895.38185888413,625,42520.38185888413,200
40492.41415920851,750,41242.41415920851,200
40664.45425268341,785,41449.45425268341,200
44593.430391528054,785,45378.430391528054,200
44776.167425617576,775,45551.167425617576,200
43235.35736595373,805,44040.35736595373,200
40192.85110727949,730,40922.85110727949,200
37167.77253970905,620,37787.77253970905,200
33449.499743832086,570,34019.499743832086,200
37243.556405892494,560,37803.556405892494,200
35987.49606369748,545,36532.49606369748,200
34461.803805494295,460,34921.803805494295,200
33806.35739589934,460,34266.35739589934,200
34672.90092578252,615,35287.90092578252,200
36033.4989976803,1020,37053.4989976803,200
35833.74834760755,1180,37013.74834760755,200
35864.479216849504,1260,37124.479216849504,200
37280.82722630339,1400,38680.82722630339,200
39468.99096269113,1530,40998.99096269113,200
39748.093832192215,1520,41268.093832192215,200
41304.6265677575,1500,42804.6265677575,200
41380.41449350099,1490,42870.41449350099,200
41494.92250257734,1270,42764.92250257734,200
41335.16257811921,660,41995.16257811921,200
41494.92250257734,625,42119.92250257734,200
39685.82018170718,750,40435.82018170718,200
39753.66760807982,785,40538.66760807982,200
43952.64508289312,785,44737.64508289312,200
44205.84389999884,775,44980.84389999884,200
42915.82127879743,805,43720.82127879743,200
40189.40860039479,730,40919.40860039479,200
37164.330032824335,620,37784.330032824335,200
32308.686250634415,570,32878.68625063442,200
37018.668960265444,560,37578.668960265444,200
35762.608618070415,545,36307.608618070415,200
34669.81566017831,460,35129.81566017831,200
34014.37533992337,460,34474.37533992337,200
34349.91421262152,615,34964.91421262152,200
36033.4989976803,1020,37053.4989976803,200
35833.74834760755,1180,37013.74834760755,200
35864.479216849504,1260,37124.479216849504,200
37212.81741753053,1400,38612.81741753053,200
39357.05265509829,1530,40887.05265509829,200
40099.24983223169,1520,41619.24983223169,200
41380.41449350099,1500,42880.41449350099,200
41540.174417959126,1490,43030.174417959126,200
41494.92250257734,1270,42764.92250257734,200
41494.92250257734,660,42154.92250257734,200
41494.92250257734,625,42119.92250257734,200
41038.94054407473,750,41788.94054407473,200
41038.778161674505,785,41823.778161674505,200
43952.64508289312,785,44737.64508289312,200
43889.750319727245,775,44664.750319727245,200
42919.26378568214,805,43724.26378568214,200
40151.037639222406,730,40881.037639222406,200
37125.959071651945,620,37745.959071651945,200
32939.870699856234,570,33509.870699856234,200
37253.798675786486,560,37813.798675786486,200
35762.608618070415,545,36307.608618070415,200
34461.803805494295,460,34921.803805494295,200
33806.35739589934,460,34266.35739589934,200
34464.89313065851,615,35079.89313065851,200
35825.49120255628,1020,36845.49120255628,200
35833.74834760755,1180,37013.74834760755,200
35864.479216849504,1260,37124.479216849504,200
37578.25900922951,1400,38978.25900922951,200
39935.491241168085,1530,41465.491241168085,200
40364.17265863341,1520,41884.17265863341,200
41540.174417959126,1500,43040.174417959126,200
41540.174417959126,1490,43030.174417959126,200
41494.92250257734,1270,42764.92250257734,200
41335.16257811921,660,41995.16257811921,200
41232.67086665926,625,41857.67086665926,200
40208.42357946076,750,40958.42357946076,200
40017.55118712012,785,40802.55118712012,200
44235.79533371973,785,45020.79533371973,200
44137.834091225974,775,44912.834091225974,200
42877.45031762504,805,43682.45031762504,200
40151.037639222406,730,40881.037639222406,200
37125.959071651945,620,37745.959071651945,200
32939.870699856234,570,33509.870699856234,200
36212.51747480472,560,36772.51747480472,200
35436.32554218491,545,35981.32554218491,200
34461.803805494295,460,34921.803805494295,200
33806.35739589934,460,34266.35739589934,200
34672.90092578252,615,35287.90092578252,200
36033.4989976803,1020,37053.4989976803,200
35833.74834760755,1180,37013.74834760755,200
35864.479216849504,1260,37124.479216849504,200
37546.139770465656,1400,38946.139770465656,200
39935.491241168085,1530,41465.491241168085,200
40247.05029291349,1520,41767.05029291349,200
41540.174417959126,1500,43040.174417959126,200
41940.63377426592,1490,43430.63377426592,200
41895.38185888413,1270,43165.38185888413,200
42084.50864042237,660,42744.50864042237,200
42084.50864042237,625,42709.50864042237,200
40869.291531443094,750,41619.291531443094,200
40837.915192160246,785,41622.915192160246,200
44717.94521601807,785,45502.94521601807,200
44915.18705800738,775,45690.18705800738,200
43167.347557180874,805,43972.347557180874,200
40192.85110727949,730,40922.85110727949,200
37605.33627446648,620,38225.33627446648,200
33449.499743832086,570,34019.499743832086,200
36684.376372489,560,37244.376372489,200
35642.372569826235,545,36187.372569826235,200
34771.280302956846,460,35231.280302956846,200
34445.3341705518,460,34905.3341705518,200
35663.85982093559,615,36278.85982093559,200
36821.938622836824,1020,37841.938622836824,200
37087.33641775921,1180,38267.33641775921,200
37925.030684463,1260,39185.030684463,200
39402.09753291979,1400,40802.09753291979,200
41418.29830747272,1530,42948.29830747272,200
41621.38185631001,1520,43141.38185631001,200
41541.29485652067,1500,43041.29485652067,200
41670.28737569678,1490,43160.28737569678,200
41496.04294113887,1270,42766.04294113887,200
41607.15309849057,660,42267.15309849057,200
41607.15309849057,625,42232.15309849057,200
41202.27288133776,750,41952.27288133776,200
41285.010773810725,785,42070.010773810725,200
46537.29386634222,785,47322.29386634222,200
46786.52243376251,775,47561.52243376251,200
45590.53952008951,805,46395.53952008951,200
41476.69101859246,730,42206.69101859246,200
36325.94564091961,620,36945.94564091961,200
31997.44790412945,570,32567.44790412945,200
36684.376372489,560,37244.376372489,200
35642.372569826235,545,36187.372569826235,200
34771.280302956846,460,35231.280302956846,200
34445.3341705518,460,34905.3341705518,200
35663.85982093559,615,36278.85982093559,200
36821.938622836824,1020,37841.938622836824,200
37077.09414786522,1180,38257.09414786522,200
37914.78841456901,1260,39174.78841456901,200
39530.7125130154,1400,40930.7125130154,200
41485.30946448422,1530,43015.30946448422,200
41652.59581319264,1520,43172.59581319264,200
41541.29485652067,1500,43041.29485652067,200
41670.28737569678,1490,43160.28737569678,200
41625.03546031499,1270,42895.03546031499,200
41813.15141141185,660,42473.15141141185,200
41813.15141141185,625,42438.15141141185,200
41166.098142128365,750,41916.098142128365,200
41341.787780048246,785,42126.787780048246,200
46569.725691226486,785,47354.725691226486,200
46786.52243376251,775,47561.52243376251,200
45524.230666958974,805,46329.230666958974,200
41479.577365756384,730,42209.577365756384,200
36269.89123636305,620,36889.89123636305,200
31930.055148477433,570,32500.055148477433,200
27069.146116960324,560,27629.146116960324,200
25886.109140145007,545,26431.109140145007,200
24428.097866354226,460,24888.097866354226,200
24523.079391803913,460,24983.079391803913,200
26272.364095992394,615,26887.364095992394,200
29384.528344801758,1020,30404.528344801758,200
29786.05536539001,1180,30966.05536539001,200
31892.215989665758,1260,33152.215989665754,200
35575.38982973478,1400,36975.38982973478,200
37435.622308874765,1530,38965.622308874765,200
37837.701429623754,1520,39357.701429623754,200
38474.71540701354,1500,39974.71540701354,200
38438.71522888439,1490,39928.71522888439,200
38449.00215393843,1270,39719.00215393843,200
38449.00215393843,660,39109.00215393843,200
38375.45510531801,625,39000.45510531801,200
37013.204792497985,750,37763.204792497985,200
36804.21864341264,785,37589.21864341264,200
41534.19062651095,785,42319.19062651095,200
41701.75708485976,775,42476.75708485976,200
40909.35126957779,805,41714.35126957779,200
36784.88295910623,730,37514.88295910623,200
33348.55878429427,620,33968.55878429427,200
28986.7239407386,570,29556.7239407386,200
24629.08668222866,560,25189.08668222866,200
24187.11832486519,545,24732.11832486519,200
23920.482364141128,460,24380.482364141128,200
24015.463889590814,460,24475.463889590814,200
25709.566994623947,615,26324.566994623947,200
29290.504875513376,1020,30310.504875513376,200
29611.8961815922,1180,30791.8961815922,470
31833.575645385692,1260,33093.57564538569,470
35714.32827092449,1400,37114.32827092449,470
36218.37136033271,1530,37748.37136033271,470
36711.05174128542,1520,38231.05174128542,470
38424.65291302518,1500,39924.65291302518,470
38474.71540701354,1490,39964.71540701354,470
38429.463491631745,1270,39699.463491631745,470
38393.463313502594,660,39053.463313502594,470
38375.45510531801,625,39000.45510531801,470
37013.204792497985,750,37763.204792497985,470
36651.2747202038,785,37436.2747202038,470
41648.12623762653,785,42433.12623762653,470
41701.75708485976,775,42476.75708485976,470
40909.35126957779,805,41714.35126957779,470
36784.88295910623,730,37514.88295910623,470
33348.55878429427,620,33968.55878429427,470
28986.7239407386,570,29556.7239407386,470
26644.43088962042,560,27204.43088962042,470
25565.34706586703,545,26110.34706586703,470
24428.097866354226,460,24888.097866354226,470
24523.079391803913,460,24983.079391803913,470
26215.493719874736,615,26830.493719874736,470
29384.528344801758,1020,30404.528344801758,470
29786.05536539001,1180,30966.05536539001,470
31892.215989665758,1260,33152.215989665754,470
35705.206439592046,1400,37105.206439592046,470
36396.96358365656,1530,37926.96358365656,470
36711.05174128542,1520,38231.05174128542,470
38424.65291302518,1500,39924.65291302518,470
38424.65291302518,1490,39914.65291302518,470
38429.463491631745,1270,39699.463491631745,470
38429.463491631745,660,39089.463491631745,470
38355.91644301133,625,38980.91644301133,470
36536.080645486516,750,37286.080645486516,470
36459.77309606233,785,37244.77309606233,470
41534.19062651095,785,42319.19062651095,470
41701.75708485976,775,42476.75708485976,470
40956.14581776169,805,41761.14581776169,470
36819.91696195408,730,37549.91696195408,470
33383.5927871421,620,34003.5927871421,470
29884.613363204582,570,30454.613363204582,470
26975.439293352378,560,27535.439293352378,470
25800.48084094808,545,26345.48084094808,470
24428.097866354226,460,24888.097866354226,470
24523.079391803913,460,24983.079391803913,470
26272.364095992394,615,26887.364095992394,470
29384.528344801758,1020,30404.528344801758,470
29881.92999404091,1180,31061.92999404091,470
31988.090618316673,1260,33248.09061831667,470
35705.206439592046,1400,37105.206439592046,470
36253.64487722088,1530,37783.64487722088,470
36470.94500519758,1520,37990.94500519758,470
38270.02021285405,1500,39770.02021285405,470
38322.42101340559,1490,39812.42101340559,470
38277.16909802381,1270,39547.16909802381,470
38379.40099764339,660,39039.40099764339,470
38305.853949022974,625,38930.853949022974,470
36524.19019423029,750,37274.19019423029,470
36651.2747202038,785,37436.2747202038,470
41473.228213907714,785,42258.228213907714,470
41686.834142279375,775,42461.834142279375,470
40909.35126957779,805,41714.35126957779,470
36784.88295910623,730,37514.88295910623,470
32788.964675770185,620,33408.964675770185,470
28986.7239407386,570,29556.7239407386,470
25756.341245007818,560,26316.341245007818,470
24949.122095265637,545,25494.122095265637,470
24371.22749023658,460,24831.22749023658,470
24466.209015686265,460,24926.209015686265,470
26140.931781252937,615,26755.931781252937,470
29210.369161003957,1020,30230.369161003957,470
29786.05536539001,1180,30966.05536539001,470
31908.141643567506,1260,33168.141643567506,470
35575.38982973478,1400,36975.38982973478,470
36177.77981983729,1530,37707.77981983729,470
36470.94500519758,1520,37990.94500519758,470
38270.02021285405,1500,39770.02021285405,470
38322.42101340559,1490,39812.42101340559,470
38379.40099764339,1270,39649.40099764339,470
38429.463491631745,660,39089.463491631745,470
38355.91644301133,625,38980.91644301133,470
36412.75933163813,750,37162.75933163813,470
36401.83911522322,785,37186.83911522322,470
41569.46008383911,785,42354.46008383911,470
41727.01566721424,775,42502.01566721424,470
40909.35126957779,805,41714.35126957779,470
36787.424243669695,730,37517.424243669695,470
33348.55878429427,620,33968.55878429427,470
28986.7239407386,570,29556.7239407386,470
26012.22952061721,560,26572.22952061721,470
25326.70786072118,545,25871.70786072118,470
24540.222913707326,460,25000.222913707326,470
25361.672851048937,460,25821.672851048937,470
27453.9984948258,615,28068.9984948258,470
30053.348974834975,1020,31073.348974834975,470
30490.91676915243,1180,31670.91676915243,470
33257.86415421042,1260,34517.86415421042,470
38440.00210940614,1400,39840.00210940614,470
39224.81248791772,1530,40754.81248791772,470
39105.23814795446,1520,40625.23814795446,470
39159.23435558818,1500,40659.23435558818,470
39159.23435558818,1490,40649.23435558818,470
39113.98244020638,1270,40383.98244020638,470
39096.100078381976,660,39756.100078381976,470
39022.55302976155,625,39647.55302976155,470
38586.79579920658,750,39336.79579920658,470
38798.095897495085,785,39583.095897495085,470
43851.67570643527,785,44636.67570643527,470
44175.15768591695,775,44950.15768591695,470
43352.42289783359,805,44157.42289783359,470
38167.49602491406,730,38897.49602491406,470
31723.628551975573,620,32343.628551975573,470
28268.670996738158,570,28838.670996738158,470
26012.22952061721,560,26572.22952061721,470
25595.113789607673,545,26140.113789607673,470
24540.222913707326,460,25000.222913707326,470
24985.489663575296,460,25445.489663575296,470
26944.186770649703,615,27559.186770649703,470
30086.874851140743,1020,31106.874851140743,470
30402.276276431396,1180,31582.276276431396,470
32883.92184385985,1260,34143.92184385985,470
38449.1239407386,1400,39849.1239407386,470
39201.90439080644,1530,40731.90439080644,470
38929.264340834176,1520,40449.264340834176,470
39159.23435558818,1500,40659.23435558818,470
39159.23435558818,1490,40649.23435558818,470
39113.98244020638,1270,40383.98244020638,470
39096.100078381976,660,39756.100078381976,470
39022.55302976155,625,39647.55302976155,470
38537.31382229901,750,39287.31382229901,470
38780.82246967149,785,39565.82246967149,470
43851.67570643527,785,44636.67570643527,470
44215.3392108518,775,44990.3392108518,470
43349.8816132701,805,44154.8816132701,470
38167.49602491406,730,38897.49602491406,470
31723.628551975573,620,32343.628551975573,470
28223.961032617113,570,28793.961032617113,470
25213.55371490669,560,25773.55371490669,470
24406.33456516451,545,24951.33456516451,470
23886.609395454874,460,24346.609395454874,470
23915.679904654575,460,24375.679904654575,470
25684.158208549263,615,26299.158208549263,470
29353.655390959608,1020,30373.655390959608,470
29713.340526570715,1180,30893.340526570715,470
31790.848776327355,1260,33050.84877632736,470
35575.38982973478,1400,36975.38982973478,470
36213.75564060642,1530,37743.75564060642,470
36491.27528170533,1520,38011.27528170533,470
38207.084854088105,1500,39707.084854088105,470
38322.42101340559,1490,39812.42101340559,470
38379.40099764339,1270,39649.40099764339,470
38277.16909802381,660,38937.16909802381,470
38305.853949022974,625,38930.853949022974,470
37416.54643640871,750,38166.54643640871,470
37140.28931847151,785,37925.28931847151,470
41473.228213907714,785,42258.228213907714,470
41686.834142279375,775,42461.834142279375,470
40840.850254044264,805,41645.850254044264,470
36225.28479102215,730,36955.28479102215,470
32788.964675770185,620,33408.964675770185,470
28280.553328874386,570,28850.553328874386,470
24994.33747460738,560,25554.33747460738,470
24187.11832486519,545,24732.11832486519,470
23920.482364141128,460,24380.482364141128,470
23913.12644141108,460,24373.12644141108,470
25684.158208549263,615,26299.158208549263,470
29353.655390959608,1020,30373.655390959608,470
29786.05536539001,1180,30966.05536539001,470
31908.141643567506,1260,33168.141643567506,470
35295.219295952236,1400,36695.219295952236,470
36169.54297258605,1530,37699.54297258605,470
36466.32522591127,1520,37986.32522591127,470
36500.928915398516,1500,38000.928915398516,470
36426.0625097763,1490,37916.0625097763,470
36656.19084737052,1270,37926.19084737052,470
36576.12008582119,660,37236.12008582119,470
36274.7545892497,625,36899.7545892497,470
36425.74180453587,750,37175.74180453587,470
36552.82633050937,785,37337.82633050937,470
41758.56250801731,785,42543.56250801731,470
41316.3424579335,775,42091.3424579335,470
40314.72315820589,805,41119.72315820589,470
36133.530615776865,730,36863.530615776865,470
32309.656485475738,620,32929.65648547574,470
28108.793345039852,570,28678.793345039852,470
24319.48433840593,560,24879.48433840593,470
23526.818711283617,545,24071.818711283617,470
23761.814461324484,460,24221.814461324484,470
23890.27111857988,460,24350.27111857988,470
25684.158208549263,615,26299.158208549263,470
29353.655390959608,1020,30373.655390959608,470
29755.18241154785,1180,30935.18241154785,470
31953.79139582984,1260,33213.791395829845,470
34918.83313047832,1400,36318.83313047832,470
35659.84491609009,1530,37189.84491609009,470
35940.701515513574,1520,37460.701515513574,470
35923.119561129584,1500,37423.119561129584,470
36187.12898653005,1490,37677.12898653005,470
36141.877071148265,1270,37411.877071148265,470
36145.83514215367,660,36805.83514215367,470
36145.83514215367,625,36770.83514215367,470
35723.68961629728,750,36473.68961629728,470
35850.7741422708,785,36635.7741422708,470
40293.33739609669,785,41078.33739609669,470
40410.71145453695,775,41185.71145453695,470
39432.50769692131,805,40237.50769692131,470
35294.62254063143,730,36024.62254063143,470
31375.0341342996,620,31995.0341342996,470
27112.08408313895,570,27682.08408313895,470
24121.678217575838,560,24681.678217575838,470
23247.817330782666,545,23792.817330782666,470
23673.29981496362,460,24133.29981496362,470
23890.27111857988,460,24350.27111857988,470
25684.158208549263,615,26299.158208549263,470
29353.655390959608,1020,30373.655390959608,470
29755.18241154785,1180,30935.18241154785,470
31564.51206777832,1260,32824.51206777832,470
34478.64286039728,1400,35878.64286039728,470
34763.38039918607,1530,36293.38039918607,470
34977.205543798016,1520,36497.205543798016,470
35792.36113335104,1500,37292.36113335104,470
35792.36113335104,1490,37282.36113335104,470
35747.10921796924,1270,37017.10921796924,470
35747.10921796924,660,36407.10921796924,470
35877.86764574779,625,36502.86764574779,470
35723.68961629728,750,36473.68961629728,470
35850.7741422708,785,36635.7741422708,470
40316.76105732868,785,41101.76105732868,470
40434.13511576893,775,41209.13511576893,470
39432.50769692131,805,40237.50769692131,470
35458.701836935456,730,36188.701836935456,470
31439.68668694788,620,32059.68668694788,470
27274.093003840164,570,27844.093003840164,470
24121.678217575838,560,24681.678217575838,470
23247.817330782666,545,23792.817330782666,470
23673.29981496362,460,24133.29981496362,470
23890.27111857988,460,24350.27111857988,470
25684.158208549263,615,26299.158208549263,470
29353.655390959608,1020,30373.655390959608,470
29755.18241154785,1180,30935.18241154785,470
31740.981141219272,1260,33000.98114121927,470
34789.23573686137,1400,36189.23573686137,470
35659.84491609009,1530,37189.84491609009,470
35940.701515513574,1520,37460.701515513574,470
36191.087057535464,1500,37691.087057535464,470
36191.087057535464,1490,37681.087057535464,470
36145.83514215367,1270,37415.83514215367,470
36145.83514215367,660,36805.83514215367,470
36145.83514215367,625,36770.83514215367,470
35723.68961629728,750,36473.68961629728,470
35850.7741422708,785,36635.7741422708,470
40293.33739609669,785,41078.33739609669,470
40410.71145453695,775,41185.71145453695,470
39432.50769692131,805,40237.50769692131,470
35668.816543702356,730,36398.816543702356,470
31729.88839350413,620,32349.88839350413,470
27302.79003351934,570,27872.79003351934,470
24678.639701436314,560,25238.639701436314,470
24149.575513933934,545,24694.575513933934,470
24516.640929635127,460,24976.640929635127,470
24881.822709493747,460,25341.822709493747,470
26944.186770649703,615,27559.186770649703,470
30086.874851140743,1020,31106.874851140743,470
30377.084676817012,1180,31557.084676817012,470
32637.049851022763,1260,33897.04985102276,470
37172.84293015595,1400,38572.84293015595,470
38035.26803641351,1530,39565.26803641351,470
37711.24613545108,1520,39231.24613545108,470
37529.714790683225,1500,39029.714790683225,470
37797.881205529375,1490,39287.881205529375,470
37752.62929014759,1270,39022.62929014759,470
37734.74692832318,660,38394.74692832318,470
37734.74692832318,625,38359.74692832318,470
37734.74692832318,750,38484.74692832318,470
38392.77724786167,785,39177.77724786167,470
43697.96452638539,785,44482.96452638539,470
44021.44650586706,775,44796.44650586706,470
42967.97444618865,805,43772.97444618865,470
37671.94959459745,730,38401.94959459745,470
31127.977431482257,620,31747.977431482257,470
27239.012316052256,570,27809.012316052256,470
24678.639701436314,560,25238.639701436314,470
24149.575513933934,545,24694.575513933934,470
24516.640929635127,460,24976.640929635127,470
24881.822709493747,460,25341.822709493747,470
26944.186770649703,615,27559.186770649703,470
30086.874851140743,1020,31106.874851140743,470
30377.084676817012,1180,31557.084676817012,470
32644.484935172917,1260,33904.48493517292,470
37258.75945811326,1400,38658.75945811326,470
38303.434451259665,1530,39833.434451259665,470
37969.14186348322,1520,39489.14186348322,470
38499.19861340697,1500,39999.19861340697,470
38633.55381135041,1490,40123.55381135041,470
38659.05190774523,1270,39929.05190774523,470
38689.0561157462,660,39349.0561157462,470
38689.0561157462,625,39314.0561157462,470
38436.06433620077,750,39186.06433620077,470
38774.68847450311,785,39559.68847450311,470
44079.87169346684,785,44864.87169346684,470
44403.35367294851,775,45178.35367294851,470
42967.97444618865,805,43772.97444618865,470
37785.5847982726,730,38515.5847982726,470
30981.204039481865,620,31601.204039481865,470
27239.012316052256,570,27809.012316052256,470
24121.678217575838,560,24681.678217575838,470
23247.817330782666,545,23792.817330782666,470
23673.29981496362,460,24133.29981496362,470
23890.27111857988,460,24350.27111857988,470
25622.428539104967,615,26237.428539104967,470
29377.32262579192,1020,30397.32262579192,470
29755.18241154785,1180,30935.18241154785,470
31436.542557723587,1260,32696.542557723587,470
35295.219295952236,1400,36695.219295952236,470
35907.924628028835,1530,37437.924628028835,470
36204.71094091407,1520,37724.71094091407,470
36385.47096928088,1500,37885.47096928088,470
36418.942041526585,1490,37908.942041526585,470
36576.12008582119,1270,37846.12008582119,470
37379.49889179812,660,38039.49889179812,470
37192.84438230327,625,37817.84438230327,470
36403.491356145474,750,37153.491356145474,470
36530.57588211901,785,37315.57588211901,470
41198.96839949326,785,41983.96839949326,470
41316.3424579335,775,42091.3424579335,470
39409.09215480935,805,40214.09215480935,470
35294.62254063143,730,36024.62254063143,470
31351.61859218763,620,31971.61859218763,470
27419.210095358303,570,27989.210095358303,470
24204.172536448485,560,24764.172536448485,470
23336.33603670353,545,23881.33603670353,470
23673.29981496362,460,24133.29981496362,470
23890.27111857988,460,24350.27111857988,470
25622.428539104967,615,26237.428539104967,470
29377.32262579192,1020,30397.32262579192,470
29755.18241154785,1180,30935.18241154785,470
31436.542557723587,1260,32696.542557723587,470
35315.10302085939,1400,36715.10302085939,470
35907.924628028835,1530,37437.924628028835,470
36204.71094091407,1520,37724.71094091407,470
36481.66630317222,1500,37981.66630317222,470
36701.44276275231,1490,38191.44276275231,470
36767.62170996267,1270,38037.62170996267,470
37782.84053570885,660,38442.84053570885,470
37539.409019976476,625,38164.409019976476,470
36403.491356145474,750,37153.491356145474,470
36530.57588211901,785,37315.57588211901,470
41758.56250801731,785,42543.56250801731,470
41875.936566457574,775,42650.936566457574,470
39409.09215480935,805,40214.09215480935,470
35294.62254063143,730,36024.62254063143,470
31375.0341342996,620,31995.0341342996,470
27259.498885620233,570,27829.498885620233,470
24121.678217575838,560,24681.678217575838,470
23247.817330782666,545,23792.817330782666,470
23611.570145519338,460,24071.570145519338,470
23828.541449135584,460,24288.541449135584,470
25460.955480324497,615,26075.955480324497,470
29465.89207621285,1020,30485.89207621285,470
29697.42299178899,1180,30877.42299178899,470
31249.96517986884,1260,32509.96517986884,470
35295.219295952236,1400,36695.219295952236,470
35907.924628028835,1530,37437.924628028835,470
36204.71094091407,1520,37724.71094091407,470
36461.33602666447,1500,37961.33602666447,470
36489.89097174344,1490,37979.89097174344,470
36576.12008582119,1270,37846.12008582119,470
37276.86103617798,660,37936.86103617798,470
36900.16634414365,625,37525.16634414365,470
36141.877071148265,750,36891.877071148265,470
36530.57588211901,785,37315.57588211901,470
41198.96839949326,785,41983.96839949326,470
41316.3424579335,775,42091.3424579335,470
39409.09215480935,805,40214.09215480935,470
35294.62254063143,730,36024.62254063143,470
31439.68668694788,620,32059.68668694788,470
27084.22332282091,570,27654.22332282091,470
24024.12699064265,560,24584.12699064265,470
23186.087661338384,545,23731.087661338384,470
23611.570145519338,460,24071.570145519338,470
23828.541449135584,460,24288.541449135584,470
25553.49721021086,615,26168.49721021086,470
29382.417373598873,1020,30402.417373598873,470
29706.6625503616,1180,30886.6625503616,470
31436.542557723587,1260,32696.542557723587,470
35295.219295952236,1400,36695.219295952236,470
35907.924628028835,1530,37437.924628028835,470
36204.71094091407,1520,37724.71094091407,470
36426.0625097763,1500,37926.0625097763,470
36701.44276275231,1490,38191.44276275231,470
36767.62170996267,1270,38037.62170996267,470
37379.49889179812,660,38039.49889179812,470
37136.067376065745,625,37761.067376065745,470
36403.491356145474,750,37153.491356145474,470
36530.57588211901,785,37315.57588211901,470
41198.96839949326,785,41983.96839949326,470
41316.3424579335,775,42091.3424579335,470
39409.09215480935,805,40214.09215480935,470
35294.62254063143,730,36024.62254063143,470
31351.61859218763,620,31971.61859218763,470
27274.093003840164,570,27844.093003840164,470
24121.678217575838,560,24681.678217575838,470
23247.817330782666,545,23792.817330782666,470
23673.29981496362,460,24133.29981496362,470
23890.27111857988,460,24350.27111857988,470
25622.428539104967,615,26237.428539104967,470
29377.32262579192,1020,30397.32262579192,470
29755.18241154785,1180,30935.18241154785,470
31307.7286591877,1260,32567.7286591877,470
35295.219295952236,1400,36695.219295952236,470
35907.924628028835,1530,37437.924628028835,470
36204.71094091407,1520,37724.71094091407,470
36461.33602666447,1500,37961.33602666447,470
36701.44276275231,1490,38191.44276275231,470
36767.62170996267,1270,38037.62170996267,470
37436.275898035645,660,38096.275898035645,470
37539.409019976476,625,38164.409019976476,470
36425.74180453587,750,37175.74180453587,470
36552.82633050937,785,37337.82633050937,470
41758.56250801731,785,42543.56250801731,470
41875.936566457574,775,42650.936566457574,470
40318.67716965129,805,41123.67716965129,470
36229.24286202756,730,36959.24286202756,470
31777.687682789387,620,32397.687682789387,470
27419.210095358303,570,27989.210095358303,470
24678.639701436314,560,25238.639701436314,470
24149.575513933934,545,24694.575513933934,470
24516.640929635127,460,24976.640929635127,470
24881.822709493747,460,25341.822709493747,470
26944.186770649703,615,27559.186770649703,470
30086.874851140743,1020,31106.874851140743,470
30377.084676817012,1180,31557.084676817012,470
32887.35014228453,1260,34147.35014228453,470
38268.51005653198,1400,39668.51005653198,470
39211.0262221389,1530,40741.0262221389,470
38830.49118633931,1520,40350.49118633931,470
39022.02122740082,1500,40522.02122740082,470
39041.3447330272,1490,40531.3447330272,470
39052.869823882946,1270,40322.869823882946,470
39034.98746205853,660,39694.98746205853,470
38791.555946326145,625,39416.555946326145,470
38689.0561157462,750,39439.0561157462,470
38883.08278621112,785,39668.08278621112,470
43976.84412008617,785,44761.84412008617,470
44373.48343042774,775,45148.48343042774,470
43349.8816132701,805,44154.8816132701,470
38167.49602491406,730,38897.49602491406,470
31088.33176846814,620,31708.33176846814,470
27422.352194802592,570,27992.352194802592,470
24678.639701436314,560,25238.639701436314,470
24149.575513933934,545,24694.575513933934,470
24516.640929635127,460,24976.640929635127,470
24881.822709493747,460,25341.822709493747,470
26944.186770649703,615,27559.186770649703,470
30176.86311778361,1020,31196.86311778361,470
30377.084676817012,1180,31557.084676817012,470
32887.35014228453,1260,34147.35014228453,470
38268.51005653198,1400,39668.51005653198,470
39004.75185913725,1530,40534.75185913725,470
38670.459271360814,1520,40190.459271360814,470
38743.06856161995,1500,40243.06856161995,470
39041.3447330272,1490,40531.3447330272,470
39052.869823882946,1270,40322.869823882946,470
39034.98746205853,660,39694.98746205853,470
39022.55302976155,625,39647.55302976155,470
38570.41953414421,750,39320.41953414421,470
38764.44620460913,785,39549.44620460913,470
44082.412978030305,785,44867.412978030305,470
44403.35367294851,775,45178.35367294851,470
43349.8816132701,805,44154.8816132701,470
37785.5847982726,730,38515.5847982726,470
30981.204039481865,620,31601.204039481865,470
27422.352194802592,570,27992.352194802592,470
24121.678217575838,560,24681.678217575838,470
23247.817330782666,545,23792.817330782666,470
23673.29981496362,460,24133.29981496362,470
23890.27111857988,460,24350.27111857988,470
25631.668097677586,615,26246.668097677586,470
29386.566243924535,1020,30406.566243924535,470
29755.18241154785,1180,30935.18241154785,470
31564.51206777832,1260,32824.51206777832,470
34789.23573686137,1400,36189.23573686137,470
36191.79342097642,1530,37721.79342097642,470
36512.30786209406,1520,38032.30786209406,470
36701.44276275231,1500,38201.44276275231,470
37481.52781341744,1490,38971.52781341744,470
37782.84053570885,1270,39052.84053570885,470
37782.84053570885,660,38442.84053570885,470
37539.409019976476,625,38164.409019976476,470
36425.74180453587,750,37175.74180453587,470
36552.82633050937,785,37337.82633050937,470
41758.56250801731,785,42543.56250801731,470
41316.3424579335,775,42091.3424579335,470
40222.96086384059,805,41027.96086384059,470
35271.206998519454,730,36001.206998519454,470
31375.0341342996,620,31995.0341342996,470
27302.79003351934,570,27872.79003351934,470
24121.678217575838,560,24681.678217575838,470
23247.817330782666,545,23792.817330782666,470
23673.29981496362,460,24133.29981496362,470
23828.541449135584,460,24288.541449135584,470
25553.49721021086,615,26168.49721021086,470
29377.32262579192,1020,30397.32262579192,470
29697.42299178899,1180,30877.42299178899,470
31249.96517986884,1260,32509.96517986884,470
34174.19209822159,1400,35574.19209822159,470
36254.57045690215,1530,37784.57045690215,470
36512.30786209406,1520,38032.30786209406,470
36426.0625097763,1500,37926.0625097763,470
37424.75080717992,1490,38914.75080717992,470
37379.49889179812,1270,38649.49889179812,470
37782.84053570885,660,38442.84053570885,470
38088.28589008591,625,38713.28589008591,470
36457.44696817916,750,37207.44696817916,470
36623.57634228599,785,37408.57634228599,470
41198.96839949326,785,41983.96839949326,470
41316.3424579335,775,42091.3424579335,470
40222.96086384059,805,41027.96086384059,470
35294.62254063143,730,36024.62254063143,470
31375.0341342996,620,31995.0341342996,470
27302.79003351934,570,27872.79003351934,470
24121.678217575838,560,24681.678217575838,470
23247.817330782666,545,23792.817330782666,470
23620.809704091953,460,24080.809704091953,470
23828.541449135584,460,24288.541449135584,470
25622.428539104967,615,26237.428539104967,470
29377.32262579192,1020,30397.32262579192,470
29697.42299178899,1180,30877.42299178899,470
31249.96517986884,1260,32509.96517986884,470
34789.23573686137,1400,36189.23573686137,470
36169.54297258605,1530,37699.54297258605,470
36466.32522591127,1520,37986.32522591127,470
36461.33602666447,1500,37961.33602666447,470
36965.817548553285,1490,38455.817548553285,470
37379.49889179812,1270,38649.49889179812,470
37436.275898035645,660,38096.275898035645,470
37539.409019976476,625,38164.409019976476,470
36425.74180453587,750,37175.74180453587,470
36530.57588211901,785,37315.57588211901,470
41758.56250801731,785,42543.56250801731,470
41875.936566457574,775,42650.936566457574,470
40314.72315820589,805,41119.72315820589,470
35271.206998519454,730,36001.206998519454,470
31375.0341342996,620,31995.0341342996,470
27259.498885620233,570,27829.498885620233,470
24121.678217575838,560,24681.678217575838,470
23247.817330782666,545,23792.817330782666,470
23611.570145519338,460,24071.570145519338,470
23828.541449135584,460,24288.541449135584,470
25622.428539104967,615,26237.428539104967,470
29377.32262579192,1020,30397.32262579192,470
29755.18241154785,1180,30935.18241154785,470
31737.530515214556,1260,32997.53051521456,470
35315.10302085939,1400,36715.10302085939,470
35927.80835293598,1530,37457.80835293598,470
36204.71094091407,1520,37724.71094091407,470
36461.33602666447,1500,37961.33602666447,470
36965.817548553285,1490,38455.817548553285,470
37276.86103617798,1270,38546.86103617798,470
37436.275898035645,660,38096.275898035645,470
37539.409019976476,625,38164.409019976476,470
36425.74180453587,750,37175.74180453587,470
36530.57588211901,785,37315.57588211901,470
41198.96839949326,785,41983.96839949326,470
41316.3424579335,775,42091.3424579335,470
39432.50769692131,805,40237.50769692131,470
34988.28814261315,730,35718.28814261315,470
31685.963954244147,620,32305.963954244147,470
26991.019884653644,570,27561.019884653644,470
23867.77506680916,560,24427.77506680916,470
23081.51339559559,545,23626.51339559559,470
23632.70421490819,460,24092.70421490819,470
23731.66004960331,460,24191.66004960331,470
24728.95591792502,615,25343.95591792502,470
28508.465146705577,1020,29528.465146705577,470
29766.455809683244,1180,30946.455809683244,470
31025.30506960208,1260,32285.30506960208,470
34789.23573686137,1400,36189.23573686137,470
35907.924628028835,1530,37437.924628028835,470
36204.71094091407,1520,37724.71094091407,470
36560.393350359715,1500,38060.393350359715,470
36621.37200120297,1490,38111.37200120297,470
36656.19084737052,1270,37926.19084737052,470
37379.49889179812,660,38039.49889179812,470
37136.067376065745,625,37761.067376065745,470
36141.877071148265,750,36891.877071148265,470
36268.961597121786,785,37053.961597121786,470
41202.93053005864,785,41987.93053005864,470
41224.58828268823,775,41999.58828268823,470
39409.09215480935,805,40214.09215480935,470
35025.14082834348,730,35755.14082834348,470
31722.820699534474,620,32342.820699534474,470
27047.092557230215,570,27617.092557230215,470
24671.07674114599,560,25231.07674114599,470
24187.075699485136,545,24732.075699485136,470
24417.236513559397,460,24877.236513559397,470
24617.819373433274,460,25077.819373433274,470
26315.044280110666,615,26930.044280110666,470
29592.854815386207,1020,30612.854815386207,470
30505.07651445176,1180,31685.07651445176,470
32759.94897063056,1260,34019.94897063056,470
37258.75945811326,1400,38658.75945811326,470
39004.75185913725,1530,40534.75185913725,470
38670.459271360814,1520,40190.459271360814,470
38752.190392952405,1500,40252.190392952405,470
39041.3447330272,1490,40531.3447330272,470
38996.092817645425,1270,40266.092817645425,470
39034.98746205853,660,39694.98746205853,470
38791.555946326145,625,39416.555946326145,470
38570.41953414421,750,39320.41953414421,470
38774.68847450311,785,39559.68847450311,470
44079.87169346684,785,44864.87169346684,470
44403.35367294851,775,45178.35367294851,470
42967.97444618865,805,43772.97444618865,470
37671.94959459745,730,38401.94959459745,470
30981.204039481865,620,31601.204039481865,470
27331.66162427876,570,27901.66162427876,470
24678.639701436314,560,25238.639701436314,470
24149.575513933934,545,24694.575513933934,470
24516.640929635127,460,24976.640929635127,470
24881.822709493747,460,25341.822709493747,470
26981.686956200905,615,27596.686956200905,470
30209.77397074854,1020,31229.77397074854,470
30499.983796424796,1180,31679.983796424796,470
32637.049851022763,1260,33897.04985102276,470
37180.27598452611,1400,38580.27598452611,470
37912.37297636571,1530,39442.37297636571,470
37578.08038858927,1520,39098.08038858927,470
37529.714790683225,1500,39029.714790683225,470
37797.881205529375,1490,39287.881205529375,470
37752.62929014759,1270,39022.62929014759,470
37734.74692832318,660,38394.74692832318,470
37957.726380747634,625,38582.726380747634,470
37235.96908824215,750,37985.96908824215,470
37894.003467340626,785,38679.003467340626,470
43339.18061309549,785,44124.18061309549,470
43666.839879822895,775,44441.839879822895,470
42613.36782014447,805,43418.36782014447,470
37782.18288698795,730,38512.18288698795,470
31459.13806871444,620,32079.13806871444,470
27061.09194990933,570,27631.09194990933,470
24014.887432070027,560,24574.887432070027,470
23174.631583002738,545,23719.631583002738,470
23667.210474955307,460,24127.210474955307,470
23884.181778571565,460,24344.181778571565,470
25550.8219601672,615,26165.8219601672,470
29382.417373598873,1020,30402.417373598873,470
29682.97907728926,1180,30862.97907728926,470
31020.210321795123,1260,32280.210321795123,470
33987.61877992684,1400,35387.61877992684,470
35294.54134943131,1530,36824.54134943131,470
35809.94308773504,1520,37329.94308773504,470
36095.37075172477,1500,37595.37075172477,470
36191.087057535464,1490,37681.087057535464,470
36050.11883634299,1270,37320.11883634299,470
35877.86764574779,660,36537.86764574779,470
35723.68961629728,625,36348.68961629728,470
34542.617466524636,750,35292.617466524636,470
34782.350723091964,785,35567.350723091964,470
38768.25813145434,785,39553.25813145434,470
38885.632189894604,775,39660.632189894604,470
37946.73309225262,805,38751.73309225262,470
35117.9504891902,730,35847.9504891902,470
31815.6344199412,620,32435.6344199412,470
27047.092557230215,570,27617.092557230215,470
24014.887432070027,560,24574.887432070027,470
23186.087661338384,545,23731.087661338384,470
23667.210474955307,460,24127.210474955307,470
23884.181778571565,460,24344.181778571565,470
25553.49721021086,615,26168.49721021086,470
29382.417373598873,1020,30402.417373598873,470
29697.42299178899,1180,30877.42299178899,470
31249.96517986884,1260,32509.96517986884,470
34078.28905265064,1400,35478.28905265064,470
34219.3952988833,1530,35749.3952988833,470
34433.22856261527,1520,35953.22856261527,470
35792.36113335104,1500,37292.36113335104,470
36191.087057535464,1490,37681.087057535464,470
36145.83514215367,1270,37415.83514215367,470
36141.877071148265,660,36801.877071148265,470
36145.83514215367,625,36770.83514215367,470
35747.10921796924,750,36497.10921796924,470
35874.19374394278,785,36659.19374394278,470
39542.643559871685,785,40327.643559871685,470
39660.01761831195,775,40435.01761831195,470
38658.39019946431,805,39463.39019946431,470
35025.14082834348,730,35755.14082834348,470
31755.73155249941,620,32375.73155249941,470
27084.22332282091,570,27654.22332282091,470
24024.12699064265,560,24584.12699064265,470
23186.087661338384,545,23731.087661338384,470
23611.570145519338,460,24071.570145519338,470
23828.541449135584,460,24288.541449135584,470
25622.428539104967,615,26237.428539104967,470
29377.32262579192,1020,30397.32262579192,470
29697.42299178899,1180,30877.42299178899,470
31340.63951215264,1260,32600.63951215264,470
34789.23573686137,1400,36189.23573686137,470
35659.84491609009,1530,37189.84491609009,470
36208.66901191947,1520,37728.66901191947,470
36187.12898653005,1500,37687.12898653005,470
36502.69888356094,1490,37992.69888356094,470
36457.44696817916,1270,37727.44696817916,470
36455.67700001673,660,37115.67700001673,470
36455.67700001673,625,37080.67700001673,470
36141.877071148265,750,36891.877071148265,470
36268.961597121786,785,37053.961597121786,470
41202.93053005864,785,41987.93053005864,470
41320.30458849891,775,42095.30458849891,470
39409.09215480935,805,40214.09215480935,470
35668.816543702356,730,36398.816543702356,470
31439.68668694788,620,32059.68668694788,470
27161.480809286397,570,27731.480809286397,470
23931.920174456744,560,24491.920174456744,470
23162.842620746636,545,23707.842620746636,470
23421.444712219738,460,23881.444712219738,470
23527.070404003956,460,23987.070404003956,470
25742.85741644941,615,26357.85741644941,470
29398.93775304143,1020,30418.93775304143,470
29953.81871239907,1180,31133.81871239907,470
31954.556622890883,1260,33214.55662289089,470
35361.70676972302,1400,36761.70676972302,470
35731.55704358802,1530,37261.55704358802,470
35750.0686372133,1520,37270.0686372133,470
35934.79485570553,1500,37434.79485570553,470
35986.37968469596,1490,37476.37968469596,470
35939.8368292324,1270,37209.8368292324,470
36294.00096323597,660,36954.00096323597,470
35769.95236212044,625,36394.95236212044,470
35925.40509341269,750,36675.40509341269,470
36016.48944125707,785,36801.48944125707,470
42160.98263180679,785,42945.98263180679,470
42278.35669024705,775,43053.35669024705,470
40666.70324892648,805,41471.70324892648,470
33718.248705539045,730,34448.248705539045,470
30530.852690706946,620,31150.852690706946,470
26612.522747976847,570,27182.522747976847,470
23829.071221716313,560,24389.071221716313,470
23162.842620746636,545,23707.842620746636,470
23483.174381664026,460,23943.174381664026,470
23588.800073448245,460,24048.800073448245,470
25804.587085893694,615,26419.587085893694,470
29370.175770402166,1020,30390.175770402166,470
29953.81871239907,1180,31133.81871239907,600
32394.690059131848,1260,33654.69005913185,600
35468.94816638945,1400,36868.94816638945,600
35926.383447374035,1530,37456.383447374035,600
35944.899100559305,1520,37464.899100559305,600
36004.404131120566,1500,37504.404131120566,600
36064.52621480265,1490,37554.52621480265,600
35939.8368292324,1270,37209.8368292324,600
35939.8368292324,660,36599.8368292324,600
35951.00061924764,625,36576.00061924764,600
35850.77008271079,750,36600.77008271079,600
36002.65040119817,785,36787.65040119817,600
42128.48991352242,785,42913.48991352242,600
41250.16757028314,775,42025.16757028314,600
40666.70324892648,805,41471.70324892648,600
33296.986133983846,730,34026.986133983846,600
30104.779540545187,620,30724.779540545187,600
26635.938290088823,570,27205.938290088823,600
24145.410405368242,560,24705.410405368242,600
23561.290465070684,545,24106.290465070684,600
23869.861680652,460,24329.861680652,600
24228.136119161194,460,24688.136119161194,600
26821.20240028179,615,27436.20240028179,600
29953.910052499195,1020,30973.910052499195,600
30215.209721595973,1180,31395.209721595973,600
32683.45062188611,1260,33943.450621886106,600
34592.054788272144,1400,35992.054788272144,600
34446.77937391377,1530,35976.77937391377,600
34330.225346594634,1520,35850.225346594634,600
33985.07546558336,1500,35485.07546558336,600
33944.65645638817,1490,35434.65645638817,600
33969.38120660194,1270,35239.38120660194,600
34050.278088612395,660,34710.278088612395,600
33934.23150629394,625,34559.23150629394,600
33981.28383653819,750,34731.28383653819,600
34516.85955828947,785,35301.85955828947,600
39703.251932370986,785,40488.251932370986,600
40029.981559857115,775,40804.981559857115,600
39019.2891435171,805,39824.2891435171,600
34396.85490496561,730,35126.85490496561,600
30137.966443590503,620,30757.966443590503,600
26911.96807266571,570,27481.96807266571,600
24145.410405368242,560,24705.410405368242,600
23561.290465070684,545,24106.290465070684,600
23869.861680652,460,24329.861680652,600
24228.136119161194,460,24688.136119161194,600
26821.20240028179,615,27436.20240028179,600
30043.898319142063,1020,31063.898319142063,600
30215.209721595973,1180,31395.209721595973,600
32683.45062188611,1260,33943.450621886106,600
34592.054788272144,1400,35992.054788272144,600
34446.77937391377,1530,35976.77937391377,600
34330.225346594634,1520,35850.225346594634,600
33998.75618280204,1500,35498.75618280204,600
34014.63312198372,1490,35504.63312198372,600
34068.1563908768,1270,35338.1563908768,600
34145.76705906276,660,34805.76705906276,600
33975.878532390816,625,34600.878532390816,600
33981.28383653819,750,34731.28383653819,600
34516.85955828947,785,35301.85955828947,600
39703.251932370986,785,40488.251932370986,600
40029.981559857115,775,40804.981559857115,600
39019.2891435171,805,39824.2891435171,600
34396.85490496561,730,35126.85490496561,600
30137.966443590503,620,30757.966443590503,600
26726.79327279287,570,27296.79327279287,600
23829.071221716313,560,24389.071221716313,600
23162.842620746636,545,23707.842620746636,600
23483.174381664026,460,23943.174381664026,600
23588.800073448245,460,24048.800073448245,600
25804.587085893694,615,26419.587085893694,600
29370.175770402166,1020,30390.175770402166,600
29953.81871239907,1180,31133.81871239907,600
32394.690059131848,1260,33654.69005913185,600
35189.455579127825,1400,36589.455579127825,600
35802.75766652523,1530,37332.75766652523,600
35805.34360624877,1520,37325.34360624877,600
35948.4755729242,1500,37448.4755729242,600
36086.58586387278,1490,37576.58586387278,600
36041.33394849099,1270,37311.33394849099,600
36120.8850863596,660,36780.8850863596,600
35925.28736617254,625,36550.28736617254,600
35850.77008271079,750,36600.77008271079,600
35866.97990581292,785,36651.97990581292,600
41132.79351184289,785,41917.79351184289,600
41250.16757028314,775,42025.16757028314,600
40666.70324892648,805,41471.70324892648,600
33320.40167609581,730,34050.40167609581,600
30128.199142217167,620,30748.199142217167,600
26702.340513099494,570,27272.340513099494,600
23931.920174456744,560,24491.920174456744,600
23162.842620746636,545,23707.842620746636,600
23483.174381664026,460,23943.174381664026,600
23588.800073448245,460,24048.800073448245,600
25804.587085893694,615,26419.587085893694,600
29370.175770402166,1020,30390.175770402166,600
29953.81871239907,1180,31133.81871239907,600
32394.690059131848,1260,33654.69005913185,600
35001.44923615114,1400,36401.44923615114,600
35452.060396766385,1530,36982.060396766385,600
35626.90158664512,1520,37146.90158664512,600
35926.22512453381,1500,37426.22512453381,600
35882.341280873894,1490,37372.341280873894,600
35925.40509341269,1270,37195.40509341269,600
35965.4688911074,660,36625.4688911074,600
35906.69864090715,625,36531.69864090715,600
35828.51963432041,750,36578.51963432041,600
36002.65040119817,785,36787.65040119817,600
40758.680699972065,785,41543.680699972065,600
40876.054758412334,775,41651.054758412334,600
40292.598556175675,805,41097.598556175675,600
33993.40771249474,730,34723.40771249474,600
30973.492905251336,620,31593.492905251336,600
26990.004994652263,570,27560.004994652263,600
23931.920174456744,560,24491.920174456744,600
23162.842620746636,545,23707.842620746636,600
23483.174381664026,460,23943.174381664026,600
23588.800073448245,460,24048.800073448245,600
25742.85741644941,615,26357.85741644941,600
29393.847064794485,1020,30413.847064794485,600
29953.81871239907,1180,31133.81871239907,600
31954.556622890883,1260,33214.55662289089,600
34598.931682921524,1400,35998.931682921524,600
34680.15535951243,1530,36210.15535951243,600
35068.362963722495,1520,36588.362963722495,600
35731.39466118779,1500,37231.39466118779,600
35882.341280873894,1490,37372.341280873894,600
35837.08936549212,1270,37107.08936549212,600
35925.40509341269,660,36585.40509341269,600
35925.40509341269,625,36550.40509341269,600
35338.27092981102,750,36088.27092981102,600
35512.40169668879,785,36297.40169668879,600
39759.85843708828,785,40544.85843708828,600
39499.620342932954,775,40274.620342932954,600
36714.41305697002,805,37519.41305697002,600
33689.24517907944,730,34419.24517907944,600
30871.69537855234,620,31491.69537855234,600
26437.70794523816,570,27007.70794523816,600
23825.12532939093,560,24385.12532939093,600
22997.963591121523,545,23542.963591121523,600
23098.34636115858,460,23558.34636115858,600
23290.52593182098,460,23750.52593182098,600
24821.826472171822,615,25436.826472171822,600
28392.65198908744,1020,29412.65198908744,600
29460.91505564605,1180,30640.91505564605,600
30972.415092069867,1260,32232.415092069867,600
34591.49862855137,1400,35991.49862855137,600
35388.33342379938,1530,36918.33342379938,600
35323.89602783139,1520,36843.89602783139,600
35855.3898619971,1500,37355.3898619971,600
35882.341280873894,1490,37372.341280873894,600
35837.08936549212,1270,37107.08936549212,600
35842.3586743793,660,36502.3586743793,600
35906.69864090715,625,36531.69864090715,600
35184.09695992051,750,35934.09695992051,600
35512.40169668879,785,36297.40169668879,600
39382.24628449269,785,40167.24628449269,600
39523.03588504492,775,40298.03588504492,600
36583.26491143094,805,37388.26491143094,600
33408.345954275894,730,34138.345954275894,600
30698.0192823952,620,31318.0192823952,600
26518.438385288388,570,27088.438385288388,600
23470.62222212688,560,24030.62222212688,600
22819.533750197887,545,23364.533750197887,600
23452.216177061757,460,23912.216177061757,600
23433.278329635898,460,23893.278329635898,600
24612.103512945472,615,25227.103512945472,600
28008.67850596317,1020,29028.67850596317,600
28475.708557020847,1180,29655.708557020847,600
30359.123153572473,1260,31619.123153572473,600
34367.6260729257,1400,35767.6260729257,600
34263.15329618305,1530,35793.15329618305,600
34326.69758894982,1520,35846.69758894982,600
35926.22512453381,1500,37426.22512453381,600
35896.021998092576,1490,37386.021998092576,600
35850.77008271079,1270,37120.77008271079,600
35925.40509341269,660,36585.40509341269,600
35925.40509341269,625,36550.40509341269,600
34710.49245143385,750,35460.49245143385,600
35126.114264361335,785,35911.114264361335,600
38778.930714708906,785,39563.930714708906,600
38641.08835472069,775,39416.08835472069,600
35830.602188603254,805,36635.602188603254,600
33508.2517260123,730,34238.2517260123,600
30657.261299939553,620,31277.261299939553,600
26241.90521727081,570,26811.90521727081,600
23843.58211895613,560,24403.58211895613,600
23525.312614521557,545,24070.312614521557,600
23747.16147948447,460,24207.16147948447,600
23941.953377010446,460,24401.953377010446,600
25043.401316834363,615,25658.401316834363,600
27804.513084384398,1020,28824.513084384398,600
28452.536588509214,1180,29632.536588509214,600
31106.266904572625,1260,32366.266904572625,600
34130.7710444023,1400,35530.7710444023,600
33936.20242267663,1530,35466.20242267663,600
33632.9005159825,1520,35152.9005159825,600
34095.42851499403,1500,35595.42851499403,600
33956.546907644406,1490,35446.546907644406,600
33901.05069258864,1270,35171.05069258864,600
33869.49167310554,660,34529.49167310554,600
33869.49167310554,625,34494.49167310554,600
33330.17912636916,750,34080.17912636916,600
34310.62985044787,785,35095.62985044787,600
39058.23250265027,785,39843.23250265027,600
39384.962130136395,775,40159.962130136395,600
37717.5506321397,805,38522.5506321397,600
35234.73997098966,730,35964.73997098966,600
31326.938497133935,620,31946.938497133935,600
27393.013754642536,570,27963.013754642536,600
23850.85482070606,560,24410.85482070606,600
23408.529222062105,545,23953.529222062105,600
23750.938900069636,460,24210.938900069636,600
23945.730797595603,460,24405.730797595603,600
25236.52067563805,615,25851.52067563805,600
28151.497886518177,1020,29171.497886518177,600
28973.524281380578,1180,30153.524281380578,600
31203.0650831248,1260,32463.0650831248,600
34130.7710444023,1400,35530.7710444023,600
33936.20242267663,1530,35466.20242267663,600
33632.9005159825,1520,35152.9005159825,600
34095.42851499403,1500,35595.42851499403,600
33946.30260797042,1490,35436.30260797042,600
33901.05069258864,1270,35171.05069258864,600
33797.92163020783,660,34457.92163020783,600
33797.92163020783,625,34422.92163020783,600
33552.30607119246,750,34302.30607119246,600
34310.62985044787,785,35095.62985044787,600
39497.01816496939,785,40282.01816496939,600
39823.74779245551,775,40598.74779245551,600
37717.5506321397,805,38522.5506321397,600
35134.834199253244,730,35864.834199253244,600
31221.901441550515,620,31841.901441550515,600
27210.3254352731,570,27780.3254352731,600
23470.62222212688,560,24030.62222212688,600
22942.855064046267,545,23487.855064046267,600
23437.829096402107,460,23897.829096402107,600
23418.891248976255,460,23878.891248976255,600
24675.779741412418,615,25290.779741412418,600
28023.637984583595,1020,29043.637984583595,600
28915.06864708076,1180,30095.06864708076,600
30359.123153572473,1260,31619.123153572473,600
34367.6260729257,1400,35767.6260729257,600
34134.33533808716,1530,35664.33533808716,600
34198.72401933508,1520,35718.72401933508,600
35731.39466118779,1500,37231.39466118779,600
35896.021998092576,1490,37386.021998092576,600
35850.77008271079,1270,37120.77008271079,600
35842.3586743793,660,36502.3586743793,600
35842.3586743793,625,36467.3586743793,600
35207.51656159248,750,35957.51656159248,600
35358.227726798264,785,36143.227726798264,600
39405.661826604664,785,40190.661826604664,600
39523.03588504492,775,40298.03588504492,600
36300.95904908548,805,37105.95904908548,600
33492.33825079058,730,34222.33825079058,600
30698.0192823952,620,31318.0192823952,600
26508.7076199551,570,27078.7076199551,600
23544.625971247926,560,24104.625971247926,600
22819.533750197887,545,23364.533750197887,600
23196.10868521206,460,23656.10868521206,600
23225.609507772344,460,23685.609507772344,600
24494.40265992476,615,25109.40265992476,600
27842.26090309594,1020,28862.26090309594,600
29152.948714505557,1180,30332.948714505557,600
30426.56868350457,1260,31686.56868350457,600
34334.71521996076,1400,35734.71521996076,600
34263.15329618305,1530,35793.15329618305,600
34326.69758894982,1520,35846.69758894982,600
35926.22512453381,1500,37426.22512453381,600
35896.021998092576,1490,37386.021998092576,600
35850.77008271079,1270,37120.77008271079,600
35842.3586743793,660,36502.3586743793,600
35842.3586743793,625,36467.3586743793,600
35207.51656159248,750,35957.51656159248,600
35358.227726798264,785,36143.227726798264,600
39759.85843708828,785,40544.85843708828,600
39523.03588504492,775,40298.03588504492,600
35896.41171585311,805,36701.41171585311,600
33508.2517260123,730,34238.2517260123,600
30782.011578909896,620,31402.011578909896,600
26518.438385288388,570,27088.438385288388,600
23470.62222212688,560,24030.62222212688,600
22781.47740492593,545,23326.47740492593,600
23196.10868521206,460,23656.10868521206,600
23225.609507772344,460,23685.609507772344,600
24508.7897405844,615,25123.7897405844,600
28023.637984583595,1020,29043.637984583595,600
28475.708557020847,1180,29655.708557020847,600
30373.51023423212,1260,31633.51023423212,600
34276.94768108189,1400,35676.94768108189,600
34134.33533808716,1530,35664.33533808716,600
34198.72401933508,1520,35718.72401933508,600
35926.22512453381,1500,37426.22512453381,600
35896.021998092576,1490,37386.021998092576,600
35850.77008271079,1270,37120.77008271079,600
35842.3586743793,660,36502.3586743793,600
35842.3586743793,625,36467.3586743793,600
35184.09695992051,750,35934.09695992051,600
35381.64732847025,785,36166.64732847025,600
38537.43560909917,785,39322.43560909917,600
38654.809667539426,775,39429.809667539426,600
36300.95904908548,805,37105.95904908548,600
33408.345954275894,730,34138.345954275894,600
30656.88173107904,620,31276.88173107904,600
26518.438385288388,570,27088.438385288388,600
23470.62222212688,560,24030.62222212688,600
22781.47740492593,545,23326.47740492593,600
23196.10868521206,460,23656.10868521206,600
23225.609507772344,460,23685.609507772344,600
24494.40265992476,615,25109.40265992476,600
27842.26090309594,1020,28862.26090309594,600
28992.91882930705,1180,30172.91882930705,600
30504.41886573086,1260,31764.41886573086,600
34367.6260729257,1400,35767.6260729257,600
34263.15329618305,1530,35793.15329618305,600
34326.69758894982,1520,35846.69758894982,600
35948.4755729242,1500,37448.4755729242,600
35970.65700879448,1490,37460.65700879448,600
35925.40509341269,1270,37195.40509341269,600
36041.33394849099,660,36701.33394849099,600
35925.28736617254,625,36550.28736617254,600
35510.52212040621,750,36260.52212040621,600
35358.227726798264,785,36143.227726798264,600
39405.661826604664,785,40190.661826604664,600
38896.304773149175,775,39671.304773149175,600
36300.95904908548,805,37105.95904908548,600
33426.542932000746,730,34156.542932000746,600
30608.99313147365,620,31228.99313147365,600
26643.188664258723,570,27213.188664258723,600
23521.13126771585,560,24081.13126771585,600
22839.652929585354,545,23384.652929585354,600
23156.290490897693,460,23616.290490897693,600
23232.03985082112,460,23692.03985082112,600
24821.826472171822,615,25436.826472171822,600
28392.65198908744,1020,29412.65198908744,600
29460.91505564605,1180,30640.91505564605,600
30972.415092069867,1260,32232.415092069867,600
34463.52505893663,1400,35863.52505893663,600
34391.12686579779,1530,35921.12686579779,600
34615.72202310445,1520,36135.72202310445,600
35934.79485570553,1500,37434.79485570553,600
35887.6105897611,1490,37377.6105897611,600
35906.69864090715,1270,37176.69864090715,600
36026.87785531125,660,36686.87785531125,600
35856.99338819929,625,36481.99338819929,600
35338.27092981102,750,36088.27092981102,600
35381.64732847025,785,36166.64732847025,600
37175.69680083985,785,37960.69680083985,600
38157.97635670105,775,38932.97635670105,600
36300.95904908548,805,37105.95904908548,600
33408.345954275894,730,34138.345954275894,600
30698.0192823952,620,31318.0192823952,600
26664.23342332746,570,27234.23342332746,600
23964.833057201682,560,24524.833057201682,600
23426.04013414601,545,23971.04013414601,600
23632.842239948382,460,24092.842239948382,600
23933.730738219216,460,24393.730738219216,600
26150.83913744646,615,26765.83913744646,600
29497.544465576066,1020,30517.544465576066,600
30215.43908673628,1180,31395.43908673628,600
32387.305719481767,1260,33647.30571948177,600
34097.85613187736,1400,35497.85613187736,600
34203.88372010213,1530,35733.88372010213,600
33804.57930861691,1520,35324.57930861691,600
33998.75618280204,1500,35498.75618280204,600
33932.62392053175,1490,35422.62392053175,600
33887.372005149955,1270,35157.372005149955,600
33797.92163020783,660,34457.92163020783,600
33881.52420896198,625,34506.52420896198,600
33552.30607119246,750,34302.30607119246,600
34310.62985044787,785,35095.62985044787,600
39497.01816496939,785,40282.01816496939,600
39823.74779245551,775,40598.74779245551,600
37717.5506321397,805,38522.5506321397,600
35003.52773087396,730,35733.52773087396,600
31180.76389023434,620,31800.76389023434,600
27210.3254352731,570,27780.3254352731,600
23896.476156048346,560,24456.476156048346,600
23357.683232992684,545,23902.683232992684,600
23634.155507610172,460,24094.155507610172,600
23924.978326847267,460,24384.978326847267,600
25236.52067563805,615,25851.52067563805,600
28151.497886518177,1020,29171.497886518177,600
28456.31400909437,1180,29636.31400909437,600
31203.0650831248,1260,32463.0650831248,600
34130.7710444023,1400,35530.7710444023,600
34059.099512504436,1530,35589.099512504436,600
33536.90004097142,1520,35056.90004097142,600
34095.42851499403,1500,35595.42851499403,600
33946.30260797042,1490,35436.30260797042,600
33901.05069258864,1270,35171.05069258864,600
33797.92163020783,660,34457.92163020783,600
33797.92163020783,625,34422.92163020783,600
33552.30607119246,750,34302.30607119246,600
34310.62985044787,785,35095.62985044787,600
39058.23250265027,785,39843.23250265027,600
39384.962130136395,775,40159.962130136395,600
37554.18581839664,805,38359.18581839664,600
35234.73997098966,730,35964.73997098966,600
31326.938497133935,620,31946.938497133935,600
27466.926163663455,570,28036.926163663455,600
23597.836654020586,560,24157.836654020586,600
23120.12184102831,545,23665.12184102831,600
23604.246699269333,460,24064.246699269333,600
23585.308851843478,460,24045.308851843478,600
23944.111033153382,615,24559.111033153382,600
27061.81252181031,1020,28081.81252181031,600
28421.96404210747,1180,29601.96404210747,600
30529.318177024856,1260,31789.318177024856,600
34010.17166553763,1400,35410.17166553763,600
34076.57591832831,1530,35606.57591832831,600
34102.81285464412,1520,35622.81285464412,600
35731.39466118779,1500,37231.39466118779,600
35873.77154970221,1490,37363.77154970221,600
35818.27736442643,1270,37088.27736442643,600
35925.40509341269,660,36585.40509341269,600
35925.40509341269,625,36550.40509341269,600
34499.342556865544,750,35249.342556865544,600
34573.41734828669,785,35358.41734828669,600
37047.73135034513,785,37832.73135034513,600
37132.105245500345,775,37907.105245500345,600
36060.18654515673,805,36865.18654515673,600
33595.6154871116,730,34325.6154871116,600
30349.48981767931,620,30969.48981767931,600
26301.55233243225,570,26871.55233243225,600
24033.08238001487,560,24593.08238001487,600
23344.509960774685,545,23889.509960774685,600
23463.716910557454,460,23923.716910557454,600
23398.309279748148,460,23858.309279748148,600
23944.111033153382,615,24559.111033153382,600
27327.975543793727,1020,28347.975543793727,600
28642.126159888077,1180,29822.126159888077,600
30559.340653045856,1260,31819.340653045856,600
34010.17166553763,1400,35410.17166553763,600
33809.799902784034,1530,35339.799902784034,600
34012.132433020306,1520,35532.132433020306,600
34180.050043309595,1500,35680.050043309595,600
35678.94108635617,1490,37168.94108635617,600
35633.68917097438,1270,36903.68917097438,600
35818.27736442643,660,36478.27736442643,600
35850.77008271079,625,36475.77008271079,600
35338.27092981102,750,36088.27092981102,600
35358.227726798264,785,36143.227726798264,600
39405.661826604664,785,40190.661826604664,600
39523.03588504492,775,40298.03588504492,600
36649.17592768093,805,37454.17592768093,600
33508.2517260123,730,34238.2517260123,600
30657.261299939553,620,31277.261299939553,600
26518.438385288388,570,27088.438385288388,600
23657.656300482264,560,24217.656300482264,600
23301.498922515966,545,23846.498922515966,600
23604.246699269333,460,24064.246699269333,600
23536.592101996957,460,23996.592101996957,600
24675.779741412418,615,25290.779741412418,600
28023.637984583595,1020,29043.637984583595,600
28915.06864708076,1180,30095.06864708076,600
30504.41886573086,1260,31764.41886573086,600
33102.5047927983,1400,34502.5047927983,600
33853.298088243435,1530,35383.298088243435,600
34012.132433020306,1520,35532.132433020306,600
35281.80245013392,1500,36781.80245013392,600
35873.77154970221,1490,37363.77154970221,600
35850.77008271079,1270,37120.77008271079,600
35850.77008271079,660,36510.77008271079,600
35850.77008271079,625,36475.77008271079,600
34158.668340760385,750,34908.668340760385,600
34379.54088154197,785,35164.54088154197,600
37014.73118706007,785,37799.73118706007,600
37050.67047178915,775,37825.67047178915,600
36060.18654515673,805,36865.18654515673,600
33595.6154871116,730,34325.6154871116,600
30349.48981767931,620,30969.48981767931,600
26385.05748174627,570,26955.05748174627,600
23912.379482370063,560,24472.379482370063,600
23249.35996358477,545,23794.35996358477,600
23358.355090173594,460,23818.355090173594,600
23160.076030602868,460,23620.076030602868,600
23484.481559985812,615,24099.481559985812,600
26664.864684908312,1020,27684.864684908312,600
27345.55546839773,1180,28525.55546839773,600
29635.3949446843,1260,30895.3949446843,600
33410.471133938794,1400,34810.471133938794,600
33471.90445550268,1530,35001.90445550268,600
33796.374937845714,1520,35316.374937845714,600
35608.22761061963,1500,37108.22761061963,600
35734.21605539165,1490,37224.21605539165,600
35688.964140009855,1270,36958.964140009855,600
35828.51963432041,660,36488.51963432041,600
35828.51963432041,625,36453.51963432041,600
34029.8544422245,750,34779.8544422245,600
34379.54088154197,785,35164.54088154197,600
37014.73118706007,785,37799.73118706007,600
36816.888530189935,775,37591.888530189935,600
36060.18654515673,805,36865.18654515673,600
33595.6154871116,730,34325.6154871116,600
30349.48981767931,620,30969.48981767931,600
26349.22983491735,570,26919.22983491735,600
23912.379482370063,560,24472.379482370063,600
23217.69742532154,545,23762.69742532154,600
23358.556038393875,460,23818.556038393875,600
23202.587742980915,460,23662.587742980915,600
23506.240801615524,615,24121.240801615524,600
26686.623926538028,1020,27706.623926538028,600
27399.543556911452,1180,28579.543556911452,600
29635.3949446843,1260,30895.3949446843,600
33410.471133938794,1400,34810.471133938794,600
33471.90445550268,1530,35001.90445550268,600
33796.374937845714,1520,35316.374937845714,600
35281.80245013392,1500,36781.80245013392,600
35734.21605539165,1490,37224.21605539165,600
35688.964140009855,1270,36958.964140009855,600
35633.68917097438,660,36293.68917097438,600
35633.68917097438,625,36258.68917097438,600
34062.76123562944,750,34812.76123562944,600
34331.021020355714,785,35116.021020355714,600
36445.71483976313,785,37230.71483976313,600
36563.088898203394,775,37338.088898203394,600
36060.18654515673,805,36865.18654515673,600
33595.6154871116,730,34325.6154871116,600
30349.48981767931,620,30969.48981767931,600
26472.319753845422,570,27042.319753845422,600
23958.108396052496,560,24518.108396052496,600
23521.535193936397,545,24066.535193936397,600
23600.51190406423,460,24060.51190406423,600
23818.23422628152,460,24278.23422628152,600
23597.347477039915,615,24212.347477039915,600
26505.27323219041,1020,27525.27323219041,600
27009.172207218442,1180,28189.172207218442,600
30150.871784848125,1260,31410.871784848125,600
32882.46446181786,1400,34282.46446181786,600
33882.76643432367,1530,35412.76643432367,600
33659.799160579234,1520,35179.799160579234,600
33812.67407126797,1500,35312.67407126797,600
34042.97696994243,1490,35532.97696994243,600
33997.725054560644,1270,35267.725054560644,600
33979.842692736216,660,34639.842692736216,600
33979.842692736216,625,34604.842692736216,600
33362.89715023383,750,34112.89715023383,600
34031.238752186386,785,34816.238752186386,600
38392.52555514131,785,39177.52555514131,600
38723.43652943314,775,39498.43652943314,600
37713.0079844935,805,38518.0079844935,600
35183.7965524801,730,35913.7965524801,600
31466.74974372483,620,32086.74974372483,600
27730.884844563865,570,28300.884844563865,600
23846.67956324036,560,24406.67956324036,600
23418.073247635137,545,23963.073247635137,600
23512.301724703797,460,23972.301724703797,600
23357.047911851816,460,23817.047911851816,600
23577.908273953373,615,24192.908273953373,600
26485.83402910387,1020,27505.83402910387,600
27518.10503665333,1180,28698.10503665333,600
30963.60178729783,1260,32223.60178729783,600
33884.90582244659,1400,35284.90582244659,600
33936.805267337455,1530,35466.805267337455,600
33543.549600260514,1520,35063.549600260514,600
33812.67407126797,1500,35312.67407126797,600
34042.97696994243,1490,35532.97696994243,600
33997.725054560644,1270,35267.725054560644,600
33979.842692736216,660,34639.842692736216,600
33893.414660218215,625,34518.414660218215,600
33395.80800319878,750,34145.80800319878,600
34154.14193135421,785,34939.14193135421,600
38392.52555514131,785,39177.52555514131,600
38723.43652943314,775,39498.43652943314,600
37713.0079844935,805,38518.0079844935,600
35249.695390050074,730,35979.695390050074,600
31466.74974372483,620,32086.74974372483,600
27730.884844563865,570,28300.884844563865,600
24033.08238001487,560,24593.08238001487,600
23249.35996358477,545,23794.35996358477,600
23358.355090173594,460,23818.355090173594,600
23160.076030602868,460,23620.076030602868,600
23506.240801615524,615,24121.240801615524,600
26686.623926538028,1020,27706.623926538028,600
27345.55546839773,1180,28525.55546839773,600
29602.159326918907,1260,30862.159326918907,600
32116.772581152378,1400,33516.77258115238,600
34391.12686579779,1530,35921.12686579779,600
35323.89602783139,1520,36843.89602783139,600
35786.66963022327,1500,37286.66963022327,600
35873.77154970221,1490,37363.77154970221,600
35828.51963432041,1270,37098.51963432041,600
35828.51963432041,660,36488.51963432041,600
35828.51963432041,625,36453.51963432041,600
34158.668340760385,750,34908.668340760385,600
34337.467601644516,785,35122.467601644516,600
36264.19567367528,785,37049.19567367528,600
36433.207335386054,775,37208.207335386054,600
36150.438683199965,805,36955.438683199965,600
33595.6154871116,730,34325.6154871116,600
30349.48981767931,620,30969.48981767931,600
26210.666903028152,570,26780.666903028152,600
23657.656300482264,560,24217.656300482264,600
23134.508921687957,545,23679.508921687957,600
23584.419808202267,460,24044.419808202267,600
23499.372026086145,460,23959.372026086145,600
23544.60364366791,615,24159.60364366791,600
26724.98676859041,1020,27744.98676859041,600
27695.260175735224,1180,28875.260175735224,600
30029.80961614283,1260,31289.80961614283,600
32864.6247253735,1400,34264.6247253735,600
35132.804419250475,1530,36662.804419250475,600
35323.89602783139,1520,36843.89602783139,600
35731.39466118779,1500,37231.39466118779,600
35896.021998092576,1490,37386.021998092576,600
35850.77008271079,1270,37120.77008271079,600
35842.3586743793,660,36502.3586743793,600
35842.3586743793,625,36467.3586743793,600
35338.27092981102,750,36088.27092981102,600
35358.227726798264,785,36143.227726798264,600
37014.73118706007,785,37799.73118706007,600
37132.105245500345,775,37907.105245500345,600
36300.95904908548,805,37105.95904908548,600
33362.456687973245,730,34092.456687973245,600
30380.728131921976,620,31000.728131921976,600
26241.90521727081,570,26811.90521727081,600
23643.269219822614,560,24203.269219822614,600
23120.12184102831,545,23665.12184102831,600
23619.206177889762,460,24079.206177889762,600
23600.2683304639,460,24060.2683304639,600
23544.60364366791,615,24159.60364366791,600
26714.876434396603,1020,27734.876434396603,600
27399.543556911452,1180,28579.543556911452,600
30029.80961614283,1260,31289.80961614283,600
34081.07391081444,1400,35481.07391081444,600
34076.57591832831,1530,35606.57591832831,600
34069.89388255918,1520,35589.89388255918,600
35731.39466118779,1500,37231.39466118779,600
35882.341280873894,1490,37372.341280873894,600
35837.5846318128,1270,37107.5846318128,600
35842.3586743793,660,36502.3586743793,600
35823.09606215301,625,36448.09606215301,600
34499.342556865544,750,35249.342556865544,600
35126.114264361335,785,35911.114264361335,600
38040.6022982608,785,38825.6022982608,600
37165.10540878539,775,37940.10540878539,600
36060.18654515673,805,36865.18654515673,600
33595.6154871116,730,34325.6154871116,600
30349.48981767931,620,30969.48981767931,600
26404.22266453243,570,26974.22266453243,600
23912.379482370063,560,24472.379482370063,600
23223.807063129883,545,23768.807063129883,600
23463.716910557454,460,23923.716910557454,600
23519.012177392957,460,23979.012177392957,600
23484.481559985812,615,24099.481559985812,600
26664.864684908312,1020,27684.864684908312,600
27373.80797625631,1180,28553.80797625631,600
29623.91856854861,1260,30883.91856854861,600
33902.76382691098,1400,35302.76382691098,600
33809.799902784034,1530,35339.799902784034,600
33811.17203406591,1520,35331.17203406591,600
35731.39466118779,1500,37231.39466118779,600
35873.77154970221,1490,37363.77154970221,600
35828.51963432041,1270,37098.51963432041,600
35850.77008271079,660,36510.77008271079,600
35837.08936549212,625,36462.08936549212,600
34158.668340760385,750,34908.668340760385,600
34445.44783823196,785,35230.44783823196,600
37047.73135034513,785,37832.73135034513,600
36816.888530189935,775,37591.888530189935,600
36060.18654515673,805,36865.18654515673,600
33610.00256777123,730,34340.00256777123,600
30534.64431975213,620,31154.64431975213,600
26356.758288947625,570,26926.758288947625,600
24033.08238001487,560,24593.08238001487,600
23344.509960774685,545,23889.509960774685,600
23540.75924034265,460,24000.75924034265,600
23407.556957440775,460,23867.556957440775,600
23544.60364366791,615,24159.60364366791,600
26768.32054186958,1020,27788.32054186958,600
27399.543556911452,1180,28579.543556911452,600
29635.3949446843,1260,30895.3949446843,600
33878.46127093779,1400,35278.46127093779,600
33809.799902784034,1530,35339.799902784034,600
33745.36250681606,1520,35265.36250681606,600
35786.66963022327,1500,37286.66963022327,600
35678.94108635617,1490,37168.94108635617,600
35633.68917097438,1270,36903.68917097438,600
35828.51963432041,660,36488.51963432041,600
35828.51963432041,625,36453.51963432041,600
34062.76123562944,750,34812.76123562944,600
34337.467601644516,785,35122.467601644516,600
36300.05782676426,785,37085.05782676426,600
36563.088898203394,775,37338.088898203394,600
36150.438683199965,805,36955.438683199965,600
33780.76998918441,730,34510.76998918441,600
30534.64431975213,620,31154.64431975213,600
26404.22266453243,570,26974.22266453243,600
23125.888446016183,560,23685.888446016183,600
22866.969708862656,545,23411.969708862656,600
23143.212618339836,460,23603.212618339836,600
23219.73938400433,460,23679.73938400433,600
24311.15209149455,615,24926.15209149455,600
27018.41988491106,1020,28038.41988491106,600
27787.15440580069,1180,28967.15440580069,600
30537.68290041628,1260,31797.68290041628,600
33340.27119254295,1400,34740.27119254295,600
33451.27783111451,1530,34981.27783111451,600
32796.90111558103,1520,34316.90111558103,600
33290.34063425477,1500,34790.34063425477,600
33520.637443589214,1490,35010.637443589214,600
33475.38552820742,1270,34745.38552820742,600
33527.01095279792,660,34187.01095279792,600
33620.640644765765,625,34245.640644765765,600
33065.62774970794,750,33815.62774970794,600
33965.5510117367,785,34750.5510117367,600
38352.34403020645,785,39137.34403020645,600
38760.93062564433,775,39535.93062564433,600
38275.801026301946,805,39080.801026301946,600
36091.42891895939,730,36821.42891895939,600
31951.88340262723,620,32571.88340262723,600
27167.14795505413,570,27737.14795505413,600
23072.422010963182,560,23632.422010963182,600
22845.165812072883,545,23390.165812072883,600
22578.89318196931,460,23038.89318196931,600
22562.2611646266,460,23022.2611646266,600
22794.76637460407,615,23409.76637460407,600
25648.848155621043,1020,26668.848155621043,600
26105.432958784462,1180,27285.432958784462,600
29298.02724020365,1260,30558.02724020365,600
32217.082279109334,1400,33617.08227910934,600
33216.71036465424,1530,34746.71036465424,600
32851.96092793621,1520,34371.96092793621,600
32475.938093082787,1500,33975.93809308279,600
33237.88908920315,1490,34727.88908920315,600
33475.38552820742,1270,34745.38552820742,600
33527.01095279792,660,34187.01095279792,600
33620.640644765765,625,34245.640644765765,600
33065.62774970794,750,33815.62774970794,600
33965.5510117367,785,34750.5510117367,600
38352.34403020645,785,39137.34403020645,600
38759.99692684306,775,39534.99692684306,600
38275.801026301946,805,39080.801026301946,600
35995.119917387885,730,36725.119917387885,600
31816.200728561973,620,32436.200728561973,600
27167.14795505413,570,27737.14795505413,600
23914.453917532894,560,24474.453917532894,600
23354.429495648237,545,23899.429495648237,600
23639.36392309728,460,24099.36392309728,600
23380.000664123152,460,23840.000664123152,600
23645.747581206,615,24260.747581206,600
26834.28027283964,1020,27854.28027283964,600
27628.573783524167,1180,28808.573783524167,600
29930.409259627108,1260,31190.409259627108,600
33152.51857206658,1400,34552.51857206658,600
33623.26718008935,1530,35153.26718008935,600
33736.163543843504,1520,35256.163543843504,600
35415.7435729568,1500,36915.7435729568,600
35494.04436634371,1490,36984.04436634371,600
35799.489720720776,1270,37069.489720720776,600
35744.21475168529,660,36404.21475168529,600
35784.940257660906,625,36409.940257660906,600
34122.65192439122,750,34872.65192439122,600
34557.67437458519,785,35342.67437458519,600
36397.39389701715,785,37182.39389701715,600
36638.34502158616,775,37413.34502158616,600
36629.26378585376,805,37434.26378585376,600
34809.3995714089,730,35539.3995714089,600
31627.274895244016,620,32247.274895244016,600
27019.14248659205,570,27589.14248659205,600
23923.299698784976,560,24483.299698784976,600
23342.91861325252,545,23887.91861325252,600
23609.455114756453,460,24069.455114756453,600
23350.09185578231,460,23810.09185578231,600
23645.747581206,615,24260.747581206,600
26826.130706128504,1020,27846.130706128504,600
27587.188599047666,1180,28767.188599047666,600
29897.173641861722,1260,31157.173641861722,600
33036.372530527995,1400,34436.372530527995,600
33556.631532378364,1530,35086.631532378364,600
33736.163543843504,1520,35256.163543843504,600
33864.38880617857,1500,35364.38880617857,600
35789.466667067085,1490,37279.466667067085,600
35744.21475168529,1270,37014.21475168529,600
35744.21475168529,660,36404.21475168529,600
35784.940257660906,625,36409.940257660906,600
33921.681376536806,750,34671.681376536806,600
34382.492181666,785,35167.492181666,600
36397.39389701715,785,37182.39389701715,600
36613.22446427184,775,37388.22446427184,600
36629.26378585376,805,37434.26378585376,600
34688.6966737641,730,35418.6966737641,600
31506.571997599203,620,32126.571997599203,600
27019.14248659205,570,27589.14248659205,600
23914.654865753168,560,24474.654865753168,600
23356.03302185042,545,23901.03302185042,600
23617.604681467572,460,24077.604681467572,600
23358.24142249344,460,23818.24142249344,600
23645.747581206,615,24260.747581206,600
26826.130706128504,1020,27846.130706128504,600
27595.338165758792,1180,28775.338165758792,600
29897.173641861722,1260,31157.173641861722,600
33036.372530527995,1400,34436.372530527995,600
33701.11736231564,1530,35231.11736231564,600
33736.163543843504,1520,35256.163543843504,600
35415.7435729568,1500,36915.7435729568,600
35494.04436634371,1490,36984.04436634371,600
35448.792450961926,1270,36718.792450961926,600
35744.21475168529,660,36404.21475168529,600
35784.940257660906,625,36409.940257660906,600
34122.65192439122,750,34872.65192439122,600
34453.40051628282,785,35238.40051628282,600
36397.39389701715,785,37182.39389701715,600
36638.34502158616,775,37413.34502158616,600
36828.37302544561,805,37633.37302544561,600
34809.3995714089,730,35539.3995714089,600
31627.274895244016,620,32247.274895244016,600
27019.14248659205,570,27589.14248659205,600
23974.64501373508,560,24534.64501373508,600
23421.115887859287,545,23966.115887859287,600
23625.965345298988,460,24085.965345298988,600
23366.602086324856,460,23826.602086324856,600
23757.353004878387,615,24372.353004878387,600
26884.29202232792,1020,27904.29202232792,600
27671.08549590221,1180,28851.08549590221,600
29972.920972005155,1260,31232.920972005155,600
33036.372530527995,1400,34436.372530527995,600
33556.631532378364,1530,35086.631532378364,600
33840.85553682645,1520,35360.85553682645,600
33717.495657158004,1500,35217.495657158004,600
35339.8703964532,1490,36829.8703964532,600
35294.61848107141,1270,36564.61848107141,600
35448.792450961926,660,36108.792450961926,600
35489.51795693753,625,36114.51795693753,600
33880.28604316029,750,34630.28604316029,600
34435.668358178606,785,35220.668358178606,600
36112.07178158757,785,36897.07178158757,600
36281.08344329833,775,37056.08344329833,600
36914.455995363154,805,37719.455995363154,600
34688.6966737641,730,35418.6966737641,600
31506.571997599203,620,32126.571997599203,600
27019.14248659205,570,27589.14248659205,600
23914.654865753168,560,24474.654865753168,600
23356.03302185042,545,23901.03302185042,600
23617.604681467572,460,24077.604681467572,600
23350.09185578231,460,23810.09185578231,600
23645.747581206,615,24260.747581206,600
26826.130706128504,1020,27846.130706128504,600
27587.188599047666,1180,28767.188599047666,600
29889.024075150595,1260,31149.024075150595,600
33207.13995194116,1400,34607.13995194116,600
33755.73874219023,1530,35285.73874219023,600
33840.85553682645,1520,35360.85553682645,600
34484.5860562454,1500,35984.5860562454,600
35363.28999812518,1490,36853.28999812518,600
35318.0380827434,1270,36588.0380827434,600
35799.489720720776,660,36459.489720720776,600
35840.215226696375,625,36465.215226696375,600
33969.67146514233,750,34719.67146514233,600
34435.668358178606,785,35220.668358178606,600
36112.07178158757,785,36897.07178158757,600
36193.70141417903,775,36968.70141417903,600
36914.455995363154,805,37719.455995363154,600
34688.6966737641,730,35418.6966737641,600
31506.571997599203,620,32126.571997599203,600
27019.14248659205,570,27589.14248659205,600
22680.713036248337,560,23240.713036248337,600
22440.632687300535,545,22985.632687300535,600
22562.005412346258,460,23022.005412346258,600
22511.36849061711,460,22971.36849061711,600
22794.76637460407,615,23409.76637460407,600
25648.848155621043,1020,26668.848155621043,600
26105.432958784462,1180,27285.432958784462,600
29247.134566194163,1260,30507.134566194163,600
31782.94075343656,1400,33182.94075343656,600
33035.72300092711,1530,34565.72300092711,600
32815.45736436635,1520,34335.45736436635,600
32564.747057544042,1500,34064.74705754404,600
32994.993435391494,1490,34484.993435391494,600
32949.74152000971,1270,34219.74152000971,600
33244.26259841185,660,33904.26259841185,600
33337.89229037969,625,33962.89229037969,600
32968.7727373157,750,33718.7727373157,600
33899.65826350674,785,34684.65826350674,600
38389.959913217805,785,39174.959913217805,600
38759.99692684306,775,39534.99692684306,600
38179.50014385045,805,38984.50014385045,600
35840.02036781613,730,36570.02036781613,600
31661.0971194302,620,32281.0971194302,600
27167.14795505413,570,27737.14795505413,600
22694.47088510713,560,23254.47088510713,600
22389.74001329105,545,22934.74001329105,600
22562.005412346258,460,23022.005412346258,600
22511.36849061711,460,22971.36849061711,600
22794.76637460407,615,23409.76637460407,600
25648.848155621043,1020,26668.848155621043,600
26105.432958784462,1180,27285.432958784462,600
29247.134566194163,1260,30507.134566194163,600
31782.94075343656,1400,33182.94075343656,600
33035.72300092711,1530,34565.72300092711,600
32815.45736436635,1520,34335.45736436635,600
32825.31803561982,1500,34325.31803561982,600
32994.993435391494,1490,34484.993435391494,600
32949.74152000971,1270,34219.74152000971,600
33244.26259841185,660,33904.26259841185,600
33337.89229037969,625,33962.89229037969,600
32968.7727373157,750,33718.7727373157,600
33899.65826350674,785,34684.65826350674,600
38389.959913217805,785,39174.959913217805,600
38759.99692684306,775,39534.99692684306,600
38179.50014385045,805,38984.50014385045,600
35840.02036781613,730,36570.02036781613,600
31661.0971194302,620,32281.0971194302,600
27167.14795505413,570,27737.14795505413,600
23893.390890444134,560,24453.390890444134,600
23334.76904654139,545,23879.76904654139,600
23609.455114756453,460,24069.455114756453,600
23350.09185578231,460,23810.09185578231,600
23645.747581206,615,24260.747581206,600
26826.130706128504,1020,27846.130706128504,600
27587.188599047666,1180,28767.188599047666,600
29889.024075150595,1260,31149.024075150595,600
33263.19841605771,1400,34663.19841605771,600
33556.631532378364,1530,35086.631532378364,600
33840.85553682645,1520,35360.85553682645,600
33714.9218961145,1500,35214.9218961145,600
35844.74163610256,1490,37334.74163610256,600
35799.489720720776,1270,37069.489720720776,600
35744.21475168529,660,36404.21475168529,600
35784.940257660906,625,36409.940257660906,600
33880.28604316029,750,34630.28604316029,600
34389.78315143595,785,35174.78315143595,600
36469.333359875374,785,37254.333359875374,600
36281.08344329833,775,37056.08344329833,600
36914.455995363154,805,37719.455995363154,600
34688.6966737641,730,35418.6966737641,600
31506.571997599203,620,32126.571997599203,600
27019.14248659205,570,27589.14248659205,600
23893.390890444134,560,24453.390890444134,600
23334.76904654139,545,23879.76904654139,600
23609.455114756453,460,24069.455114756453,600
23350.09185578231,460,23810.09185578231,600
23645.747581206,615,24260.747581206,600
26826.130706128504,1020,27846.130706128504,600
27587.188599047666,1180,28767.188599047666,600
29889.024075150595,1260,31149.024075150595,600
33263.19841605771,1400,34663.19841605771,600
33556.631532378364,1530,35086.631532378364,600
33840.85553682645,1520,35360.85553682645,600
35415.7435729568,1500,36915.7435729568,600
35494.04436634371,1490,36984.04436634371,600
35448.792450961926,1270,36718.792450961926,600
35744.21475168529,660,36404.21475168529,600
35784.940257660906,625,36409.940257660906,600
33916.497318409725,750,34666.497318409725,600
34435.668358178606,785,35220.668358178606,600
36112.07178158757,785,36897.07178158757,600
36281.08344329833,775,37056.08344329833,600
36828.37302544561,805,37633.37302544561,600
34688.6966737641,730,35418.6966737641,600
31506.571997599203,620,32126.571997599203,600
27019.14248659205,570,27589.14248659205,600
23901.540457155264,560,24461.540457155264,600
23342.91861325252,545,23887.91861325252,600
23609.455114756453,460,24069.455114756453,600
23358.24142249344,460,23818.24142249344,600
23645.747581206,615,24260.747581206,600
26826.130706128504,1020,27846.130706128504,600
27595.338165758792,1180,28775.338165758792,600
29889.024075150595,1260,31149.024075150595,600
33008.032742129304,1400,34408.032742129304,600
33556.631532378364,1530,35086.631532378364,600
33736.163543843504,1520,35256.163543843504,600
35392.32397128482,1500,36892.32397128482,600
35666.299616498916,1490,37156.299616498916,600
35799.489720720776,1270,37069.489720720776,600
35799.489720720776,660,36459.489720720776,600
35784.940257660906,625,36409.940257660906,600
35540.98911824781,750,36290.98911824781,600
34625.59081347793,785,35410.59081347793,600
36590.56805988092,785,37375.56805988092,600
36401.84723434324,775,37176.84723434324,600
36651.86741596462,805,37456.86741596462,600
34552.547150298196,730,35282.547150298196,600
31541.19395510648,620,32161.19395510648,600
27088.008862526083,570,27658.008862526083,600
24184.948490042225,560,24744.948490042225,600
23461.474003654388,545,24006.474003654388,600
23808.168547247773,460,24268.168547247773,600
23401.98724111318,460,23861.98724111318,600
23653.89714791713,615,24268.89714791713,600
26834.28027283964,1020,27854.28027283964,600
27966.802114725993,1180,29146.802114725993,600
30324.823931085644,1260,31584.823931085644,600
33036.372530527995,1400,34436.372530527995,600
33701.11736231564,1530,35231.11736231564,600
33736.163543843504,1520,35256.163543843504,600
35160.20644928789,1500,36660.20644928789,600
35844.74163610256,1490,37334.74163610256,600
35799.489720720776,1270,37069.489720720776,600
35744.21475168529,660,36404.21475168529,600
35784.940257660906,625,36409.940257660906,600
35540.98911824781,750,36290.98911824781,600
34625.59081347793,785,35410.59081347793,600
36590.56805988092,785,37375.56805988092,600
36806.39862713562,775,37581.39862713562,600
36493.045249867755,805,37298.045249867755,600
34524.20736189949,730,35254.20736189949,600
31342.08674529462,620,31962.08674529462,600
27054.68596422059,570,27624.68596422059,600
23634.09461421009,560,24194.09461421009,600
23272.8181310768,545,23817.8181310768,600
23648.60754122991,460,24108.60754122991,600
23791.834907565473,460,24251.834907565473,600
24763.939176272783,615,25378.939176272783,600
27957.931976113872,1020,28977.931976113872,600
28690.61963393429,1180,29870.61963393429,600
30597.50660643797,1260,31857.50660643797,600
33074.668389840284,1400,34474.668389840284,600
33859.740609972236,1530,35389.740609972236,600
33793.67533044203,1520,35313.67533044203,600
35415.7435729568,1500,36915.7435729568,600
35789.466667067085,1490,37279.466667067085,600
35744.21475168529,1270,37014.21475168529,600
35744.21475168529,660,36404.21475168529,600
35784.940257660906,625,36409.940257660906,600
35540.98911824781,750,36290.98911824781,600
34912.24446458932,785,35697.24446458932,600
36848.02535543245,785,37633.02535543245,600
36997.94490643715,775,37772.94490643715,600
36281.67207949914,805,37086.67207949914,600
34291.04653298115,730,35021.04653298115,600
31289.010028002143,620,31909.010028002143,600
26779.080405664266,570,27349.080405664266,600
23162.113929725652,560,23722.113929725652,600
22995.98455561881,545,23540.98455561881,600
23042.149872001846,460,23502.149872001846,600
23219.73938400433,460,23679.73938400433,600
23799.99665295662,615,24414.99665295662,600
27018.41988491106,1020,28038.41988491106,600
27790.93182638585,1180,28970.93182638585,600
30537.68290041628,1260,31797.68290041628,600
32036.090855822218,1400,33436.090855822215,600
33216.71036465424,1530,34746.71036465424,600
32851.96092793621,1520,34371.96092793621,600
32591.64570214077,1500,34091.64570214077,600
32772.8664905682,1490,34262.8664905682,600
32727.614575186424,1270,33997.614575186424,600
33001.3669446002,660,33661.3669446002,600
33094.99663656804,625,33719.99663656804,600
32942.72863010014,750,33692.72863010014,600
33965.5510117367,785,34750.5510117367,600
38455.08337482673,785,39240.08337482673,600
38452.59892410334,775,39227.59892410334,600
38167.92227871464,805,38972.92227871464,600
36076.47349989897,730,36806.47349989897,600
31812.07215603634,620,32432.07215603634,600
26736.489531866122,570,27306.489531866122,600
23123.95406567354,560,23683.95406567354,600
22882.978583744523,545,23427.978583744523,600
23121.532538130235,460,23581.532538130235,600
23394.030503502312,460,23854.030503502312,600
24508.048870883387,615,25123.048870883387,600
27369.182107629997,1020,28389.182107629997,600
27790.93182638585,1180,28970.93182638585,600
30537.68290041628,1260,31797.68290041628,600
32180.57871553949,1400,33580.578715539494,600
33216.71036465424,1530,34746.71036465424,600
32851.96092793621,1520,34371.96092793621,600
32475.938093082787,1500,33975.93809308279,600
32512.295512492426,1490,34002.29551249243,600
32727.614575186424,1270,33997.614575186424,600
33001.3669446002,660,33661.3669446002,600
32802.424146968566,625,33427.424146968566,600
32942.72863010014,750,33692.72863010014,600
33932.64015877177,785,34717.64015877177,600
38455.08337482673,785,39240.08337482673,600
38837.61977370905,775,39612.61977370905,600
38270.66568289492,805,39075.66568289492,600
36076.47349989897,730,36806.47349989897,600
31812.07215603634,620,32432.07215603634,600
26553.801212496666,570,27123.801212496666,600
23676.058285987387,560,24236.058285987387,600
23148.784364447445,545,23693.784364447445,600
23378.547341641166,460,23838.547341641166,600
23347.164913018318,460,23807.164913018318,600
24906.271409627123,615,25521.271409627123,600
28477.096926542745,1020,29497.096926542745,600
29339.520003020312,1180,30519.520003020312,600
30636.612347971357,1260,31896.612347971357,600
33620.51479840559,1400,35020.51479840559,600
33662.18618186248,1530,35192.18618186248,600
33736.163543843504,1520,35256.163543843504,600
33921.064323415965,1500,35421.064323415965,600
33868.61277836434,1490,35358.61277836434,600
33823.36086298256,1270,35093.36086298256,600
33617.21843568108,660,34277.21843568108,600
33621.73672596727,625,34246.73672596727,600
33822.77425656175,750,34572.77425656175,600
34280.13849524625,785,35065.13849524625,600
36112.07178158757,785,36897.07178158757,600
36281.08344329833,775,37056.08344329833,600
36539.01164781053,805,37344.01164781053,600
34524.20736189949,730,35254.20736189949,600
31342.08674529462,620,31962.08674529462,600
27054.68596422059,570,27624.68596422059,600
23938.78286064612,560,24498.78286064612,600
23602.00379236627,545,24147.00379236627,600
23851.829115107386,460,24311.829115107386,600
23725.538233114952,460,24185.538233114952,600
24113.52662108471,615,24728.52662108471,600
27231.228109741627,1020,28251.228109741627,600
28232.965136709412,1180,29412.965136709412,600
30324.823931085644,1260,31584.823931085644,600
32763.689855175686,1400,34163.68985517569,600
33702.562565677625,1530,35232.562565677625,600
34005.34078913103,1520,35525.34078913103,600
34021.29485995282,1500,35521.29485995282,600
33822.18765014096,1490,35312.18765014096,600
33523.49943339313,1270,34793.49943339313,600
33539.44741487491,660,34199.44741487491,600
33721.36847740329,625,34346.36847740329,600
33979.91576481632,750,34729.91576481632,600
34370.9264952102,785,35155.9264952102,600
36364.99454861291,785,37149.99454861291,600
36620.08918024122,775,37395.08918024122,600
36793.75309771834,805,37598.75309771834,600
34688.6966737641,730,35418.6966737641,600
31506.571997599203,620,32126.571997599203,600
27019.14248659205,570,27589.14248659205,600
23914.453917532894,560,24474.453917532894,600
23354.429495648237,545,23899.429495648237,600
23625.764397078714,460,24085.764397078714,600
23409.1137987029,460,23869.1137987029,600
23653.89714791713,615,24268.89714791713,600
26834.28027283964,1020,27854.28027283964,600
27663.95893831248,1180,28843.95893831248,600
29947.185391350016,1260,31207.185391350016,600
32386.05131544005,1400,33786.051315440054,600
33504.291625226906,1530,35034.291625226906,600
34005.34078913103,1520,35525.34078913103,600
34077.351294289365,1500,35577.351294289365,600
33822.18765014096,1490,35312.18765014096,600
33523.49943339313,1270,34793.49943339313,600
33514.86677904134,660,34174.86677904134,600
33711.1180883893,625,34336.1180883893,600
33822.77425656175,750,34572.77425656175,600
34342.58670681151,785,35127.58670681151,600
36165.885309021054,785,36950.885309021054,600
36334.896970731825,775,37109.896970731825,600
36657.60357425245,805,37462.60357425245,600
34688.6966737641,730,35418.6966737641,600
31506.571997599203,620,32126.571997599203,600
27019.14248659205,570,27589.14248659205,600
23923.299698784976,560,24483.299698784976,600
23342.91861325252,545,23887.91861325252,600
23609.455114756453,460,24069.455114756453,600
23350.09185578231,460,23810.09185578231,600
23645.747581206,615,24260.747581206,600
26826.130706128504,1020,27846.130706128504,600
27587.188599047666,1180,28767.188599047666,600
29889.024075150595,1260,31149.024075150595,600
32336.03956595176,1400,33736.03956595176,600
33558.161986500454,1530,35088.161986500454,600
34005.34078913103,1520,35525.34078913103,600
33822.18765014096,1500,35322.18765014096,600
33811.937261126965,1490,35301.937261126965,600
33670.392582413704,1270,34940.392582413704,600
33823.36086298256,660,34483.36086298256,600
33914.69893332728,625,34539.69893332728,600
33822.77425656175,750,34572.77425656175,600
34288.76911981803,785,35073.76911981803,600
36112.07178158757,785,36897.07178158757,600
36334.896970731825,775,37109.896970731825,600
36657.60357425245,805,37462.60357425245,600
34688.6966737641,730,35418.6966737641,600
31506.571997599203,620,32126.571997599203,600
27019.14248659205,570,27589.14248659205,600
23914.654865753168,560,24474.654865753168,600
23364.67785488223,545,23909.67785488223,600
23617.604681467572,460,24077.604681467572,600
23350.09185578231,460,23810.09185578231,600
23645.747581206,615,24260.747581206,600
26826.130706128504,1020,27846.130706128504,600
27617.0974073885,1180,28797.0974073885,600
29893.315030076457,1260,31153.315030076457,600
32763.689855175686,1400,34163.68985517569,600
33702.562565677625,1530,35232.562565677625,600
34005.34078913103,1520,35525.34078913103,600
33717.495657158004,1500,35217.495657158004,600
33667.65237940995,1490,35157.65237940995,600
33823.36086298256,1270,35093.36086298256,600
33969.88256226262,660,34629.88256226262,600
34010.606038458216,625,34635.606038458216,600
33969.67146514233,750,34719.67146514233,600
34435.668358178606,785,35220.668358178606,600
36112.07178158757,785,36897.07178158757,600
36281.08344329833,775,37056.08344329833,600
36657.60357425245,805,37462.60357425245,600
34688.6966737641,730,35418.6966737641,600
31506.571997599203,620,32126.571997599203,600
27019.14248659205,570,27589.14248659205,600
22694.47088510713,560,23254.47088510713,600
22389.74001329105,545,22934.74001329105,600
22562.005412346258,460,23022.005412346258,600
22511.36849061711,460,22971.36849061711,600
22794.76637460407,615,23409.76637460407,600
25648.848155621043,1020,26668.848155621043,600
26105.432958784462,1180,27285.432958784462,600
29247.134566194163,1260,30507.134566194163,600
30515.00213866532,1400,31915.00213866532,600
32657.487705870673,1530,34187.48770587068,600
32719.15039257487,1520,34239.15039257487,600
32591.083453080006,1500,34091.083453080006,600
32539.194157089154,1490,34029.19415708915,600
32493.942241707362,1270,33763.942241707366,600
32708.794455000727,660,33368.79445500072,600
32802.424146968566,625,33427.424146968566,600
33065.62774970794,750,33815.62774970794,600
33844.598451151556,785,34629.598451151556,600
38389.959913217805,785,39174.959913217805,600
38759.99692684306,775,39534.99692684306,600
38275.801026301946,805,39080.801026301946,600
35840.02036781613,730,36570.02036781613,600
31661.0971194302,620,32281.0971194302,600
27167.14795505413,570,27737.14795505413,600
22694.47088510713,560,23254.47088510713,600
22389.74001329105,545,22934.74001329105,600
22562.005412346258,460,23022.005412346258,600
22511.36849061711,460,22971.36849061711,600
22794.76637460407,615,23409.76637460407,600
25648.848155621043,1020,26668.848155621043,600
26105.432958784462,1180,27285.432958784462,600
29247.134566194163,1260,30507.134566194163,600
30515.00213866532,1400,31915.00213866532,600
32520.21368428324,1530,34050.21368428324,600
32564.04678344309,1520,34084.04678344309,600
32591.083453080006,1500,34091.083453080006,600
32416.295037481337,1490,33906.29503748134,600
32467.043597110627,1270,33737.04359711063,600
33001.3669446002,660,33661.3669446002,600
33094.99663656804,625,33719.99663656804,600
33065.62774970794,750,33815.62774970794,600
33888.09663661094,785,34673.09663661094,600
38389.959913217805,785,39174.959913217805,600
38759.99692684306,775,39534.99692684306,600
38275.801026301946,805,39080.801026301946,600
35840.02036781613,730,36570.02036781613,600
31661.0971194302,620,32281.0971194302,600
27167.14795505413,570,27737.14795505413,600
23901.540457155264,560,24461.540457155264,600
23334.76904654139,545,23879.76904654139,600
23609.455114756453,460,24069.455114756453,600
23350.09185578231,460,23810.09185578231,600
23645.747581206,615,24260.747581206,600
26826.130706128504,1020,27846.130706128504,600
27587.188599047666,1180,28767.188599047666,600
29897.173641861722,1260,31157.173641861722,600
32411.786896095193,1400,33811.78689609519,600
33565.288544090196,1530,35095.288544090196,600
34126.053835675855,1520,35646.053835675855,600
33864.38880617857,1500,35364.38880617857,600
34015.13447764441,1490,35505.13447764441,600
34097.84801275735,1270,35367.84801275735,600
35318.0380827434,660,35978.0380827434,600
35358.76358871899,625,35983.76358871899,600
33921.681376536806,750,34671.681376536806,600
34346.28496597656,785,35131.28496597656,600
36112.07178158757,785,36897.07178158757,600
36281.08344329833,775,37056.08344329833,600
36629.26378585376,805,37434.26378585376,600
34688.6966737641,730,35418.6966737641,600
31506.571997599203,620,32126.571997599203,600
27019.14248659205,570,27589.14248659205,600
23901.540457155264,560,24461.540457155264,600
23342.91861325252,545,23887.91861325252,600
23609.455114756453,460,24069.455114756453,600
23350.09185578231,460,23810.09185578231,600
23645.747581206,615,24260.747581206,600
26826.130706128504,1020,27846.130706128504,600
27587.188599047666,1180,28767.188599047666,600
29889.024075150595,1260,31149.024075150595,600
32369.275183717145,1400,33769.275183717145,600
33565.288544090196,1530,35095.288544090196,600
34126.053835675855,1520,35646.053835675855,600
33864.38880617857,1500,35364.38880617857,600
33919.21925339344,1490,35409.21925339344,600
33969.88256226262,1270,35239.88256226262,600
35062.50095907449,660,35722.50095907449,600
34861.727299880346,625,35486.727299880346,600
33923.78828817968,750,34673.78828817968,600
34288.76911981803,785,35073.76911981803,600
36165.885309021054,785,36950.885309021054,600
36590.06467444022,775,37365.06467444022,600
36793.75309771834,805,37598.75309771834,600
34688.6966737641,730,35418.6966737641,600
31506.571997599203,620,32126.571997599203,600
27019.14248659205,570,27589.14248659205,600
23893.390890444134,560,24453.390890444134,600
23334.76904654139,545,23879.76904654139,600
23609.455114756453,460,24069.455114756453,600
23350.09185578231,460,23810.09185578231,600
23645.747581206,615,24260.747581206,600
26826.130706128504,1020,27846.130706128504,600
27587.188599047666,1180,28767.188599047666,600
29889.024075150595,1260,31149.024075150595,600
32336.03956595176,1400,33736.03956595176,600
33504.291625226906,1530,35034.291625226906,600
34005.34078913103,1520,35525.34078913103,600
33717.495657158004,1500,35217.495657158004,600
33868.61277836434,1490,35358.61277836434,600
33823.36086298256,1270,35093.36086298256,600
33969.88256226262,660,34629.88256226262,600
34010.606038458216,625,34635.606038458216,600
33923.78828817968,750,34673.78828817968,600
34288.76911981803,785,35073.76911981803,600
36165.885309021054,785,36950.885309021054,600
36590.06467444022,775,37365.06467444022,600
36793.75309771834,805,37598.75309771834,600
34688.6966737641,730,35418.6966737641,600
31506.571997599203,620,32126.571997599203,600
27264.13896270657,570,27834.13896270657,600
23893.390890444134,560,24453.390890444134,600
23334.76904654139,545,23879.76904654139,600
23609.455114756453,460,24069.455114756453,600
23350.09185578231,460,23810.09185578231,600
23645.747581206,615,24260.747581206,600
26826.130706128504,1020,27846.130706128504,600
27587.188599047666,1180,28767.188599047666,600
29889.024075150595,1260,31149.024075150595,600
32327.889999240637,1400,33727.88999924064,600
33474.38281688606,1530,35004.38281688606,600
34005.34078913103,1520,35525.34078913103,600
33717.495657158004,1500,35217.495657158004,600
33722.55589870492,1490,35212.55589870492,600
33622.40046402817,1270,34892.40046402817,600
33969.88256226262,660,34629.88256226262,600
33881.781991022326,625,34506.781991022326,600
33822.77425656175,750,34572.77425656175,600
34288.76911981803,785,35073.76911981803,600
36421.05301272946,785,37206.05301272946,600
36499.38628259642,775,37274.38628259642,600
36793.75309771834,805,37598.75309771834,600
34743.74024787925,730,35473.74024787925,600
31561.617601494367,620,32181.617601494367,600
27104.040064987974,570,27674.040064987974,600
23893.390890444134,560,24453.390890444134,600
23334.76904654139,545,23879.76904654139,600
23609.455114756453,460,24069.455114756453,600
23350.09185578231,460,23810.09185578231,600
23645.747581206,615,24260.747581206,600
26826.130706128504,1020,27846.130706128504,600
27587.188599047666,1180,28767.188599047666,600
29949.448596053102,1260,31209.448596053102,600
32327.889999240637,1400,33727.88999924064,600
33545.291151502875,1530,35075.291151502875,600
34005.34078913103,1520,35525.34078913103,600
33822.18765014096,1500,35322.18765014096,600
33811.937261126965,1490,35301.937261126965,600
33624.50940545105,1270,34894.50940545105,600
33823.36086298256,660,34483.36086298256,600
33864.08636895817,625,34489.08636895817,600
33822.77425656175,750,34572.77425656175,600
34370.9264952102,785,35155.9264952102,600
36451.07751853045,785,37236.07751853045,600
36499.38628259642,775,37274.38628259642,600
36793.75309771834,805,37598.75309771834,600
35223.67766997455,730,35953.67766997455,600
31852.010107370865,620,32472.010107370865,600
27400.733007993073,570,27970.733007993073,600
22694.47088510713,560,23254.47088510713,600
22389.74001329105,545,22934.74001329105,600
22562.005412346258,460,23022.005412346258,600
22511.36849061711,460,22971.36849061711,600
22794.76637460407,615,23409.76637460407,600
25648.848155621043,1020,26668.848155621043,600
26105.432958784462,1180,27285.432958784462,600
29247.134566194163,1260,30507.134566194163,600
30464.109464655823,1400,31864.109464655823,600
32069.28181842753,1530,33599.28181842753,600
32788.047215208935,1520,34308.047215208935,600
32554.57988951016,1500,34054.57988951016,600
32538.63190802838,1490,34028.63190802838,600
32397.087229315115,1270,33667.08722931512,600
32393.65284155043,660,33053.65284155043,600
32523.48974920771,625,33148.489749207714,600
32984.72071879747,750,33734.72071879747,600
33812.27826416743,785,34597.27826416743,600
38206.27294208701,785,38991.27294208701,600
38421.21040614048,775,39196.21040614048,600
38024.39247515865,805,38829.39247515865,600
35805.907885089546,730,36535.907885089546,600
31912.79998867388,620,32532.79998867388,600
27270.674854315494,570,27840.674854315494,600
22694.47088510713,560,23254.47088510713,600
22389.74001329105,545,22934.74001329105,600
22562.005412346258,460,23022.005412346258,600
22511.36849061711,460,22971.36849061711,600
22794.76637460407,615,23409.76637460407,600
25648.848155621043,1020,26668.848155621043,600
26105.432958784462,1180,27285.432958784462,600
29247.134566194163,1260,30507.134566194163,600
30464.109464655823,1400,31864.109464655823,600
32061.63360737708,1530,33591.63360737708,600
32690.252414675415,1520,34210.252414675415,600
32591.083453080006,1500,34091.083453080006,600
32423.48654803116,1490,33913.48654803116,600
32493.942241707362,1270,33763.942241707366,600
32422.66854669005,660,33082.66854669005,600
32619.73379781912,625,33244.73379781912,600
32913.71292496051,750,33663.71292496051,600
33899.65826350674,785,34684.65826350674,600
38389.959913217805,785,39174.959913217805,600
38672.614897723746,775,39447.614897723746,600
38275.801026301946,805,39080.801026301946,600
35840.02036781613,730,36570.02036781613,600
31661.0971194302,620,32281.0971194302,600
27167.14795505413,570,27737.14795505413,600
23893.390890444134,560,24453.390890444134,600
23334.76904654139,545,23879.76904654139,600
23609.455114756453,460,24069.455114756453,600
23350.09185578231,460,23810.09185578231,600
23645.747581206,615,24260.747581206,600
26826.130706128504,1020,27846.130706128504,600
27587.188599047666,1180,28767.188599047666,600
30026.227054437946,1260,31286.227054437946,600
32327.889999240637,1400,33727.88999924064,600
33482.532383597194,1530,35012.532383597194,600
34005.34078913103,1520,35525.34078913103,600
33921.064323415965,1500,35421.064323415965,600
34015.13447764441,1490,35505.13447764441,600
33969.88256226262,1270,35239.88256226262,600
35318.0380827434,660,35978.0380827434,600
35335.34398704703,625,35960.34398704703,600
33822.77425656175,750,34572.77425656175,600
34288.76911981803,785,35073.76911981803,600
36112.07178158757,785,36897.07178158757,600
36334.896970731825,775,37109.896970731825,600
36793.75309771834,805,37598.75309771834,600
34688.6966737641,730,35418.6966737641,600
31506.571997599203,620,32126.571997599203,600
27019.14248659205,570,27589.14248659205,600
23931.236138595807,560,24491.236138595807,600
23763.45249378672,545,24308.45249378672,600
24231.65981724601,460,24691.65981724601,600
23972.296558271875,460,24432.296558271875,600
24267.95228369557,615,24882.95228369557,600
27159.779853644082,1020,28179.779853644082,600
