base_demand_MW,ev_demand_MW,total_demand_MW
14143.243354113642,1180,15323.243354113642
15277.567486795833,1260,16537.567486795833
16902.987627488692,1400,18302.987627488692
17222.421300677466,1530,18752.421300677466
17101.560905369748,1520,18621.560905369748
17151.263936954638,1500,18651.263936954638
17150.33314553693,1490,18640.33314553693
17127.479550970376,1270,18397.479550970376
17366.421293641535,660,18026.421293641535
17386.98891369102,625,18011.98891369102
17145.30605180075,750,17895.30605180075
17411.56262719911,785,18196.56262719911
18461.798776177206,785,19246.798776177206
18547.15480942283,775,19322.15480942283
18542.568508979173,805,19347.568508979173
17679.417334558042,730,18409.417334558042
16064.610061208303,620,16684.610061208303
13685.407762775896,570,14255.407762775896
12187.6721126195,560,12747.6721126195
12046.0513783344,545,12591.0513783344
12246.063897570588,460,12706.063897570588
12136.547266391037,460,12596.547266391037
12271.159387324944,615,12886.159387324944
13731.620326544375,1020,14751.620326544375
14121.773645465497,1180,15301.773645465497
15273.968358307306,1260,16533.968358307306
16769.978764018768,1400,18169.978764018768
17119.088076801465,1530,18649.088076801465
17255.472596811607,1520,18775.472596811607
17049.770768799775,1500,18549.770768799775
17150.33314553693,1490,18640.33314553693
17090.763519904176,1270,18360.763519904176
17155.824609881274,660,17815.824609881274
17176.39120483008,625,17801.39120483008
17253.069760816994,750,18003.069760816994
17386.9171566434,785,18171.9171566434
18416.518028927116,785,19201.518028927116
18547.15480942283,775,19322.15480942283
18471.627441499888,805,19276.627441499888
17550.54987783652,730,18280.54987783652
15943.482114623022,620,16563.482114623024
13632.933884052165,570,14202.933884052165
12315.401707585894,560,12875.401707585894
12160.362405395701,545,12705.362405395701
12245.96241260324,460,12705.96241260324
12115.077557742892,460,12575.077557742892
12256.054528800769,615,12871.054528800769
13716.515468020198,1020,14736.515468020198
14104.988646926307,1180,15284.988646926307
15235.197000377111,1260,16495.197000377113
16430.57100407441,1400,17830.57100407441
17109.717631482872,1530,18639.717631482872
17194.507809152972,1520,18714.507809152972
17072.036980676505,1500,18572.036980676505
17119.732865129376,1490,18609.732865129376
17048.248494289524,1270,18318.248494289524
17090.763519904176,660,17750.763519904176
17176.39120483008,625,17801.39120483008
17204.570197430774,750,17954.570197430774
17387.72698618083,785,18172.72698618083
18322.86073037244,785,19107.86073037244
18494.46053405283,775,19269.46053405283
18602.73986871126,805,19407.73986871126
17638.51991781691,730,18368.51991781691
16031.451129502728,620,16651.451129502726
13809.138439988446,570,14379.138439988446
12086.002627147624,560,12646.002627147624
12001.266779813575,545,12546.266779813575
12237.725728637051,460,12697.725728637051
12106.739388809356,460,12566.739388809356
12256.054528800769,615,12871.054528800769
13716.515468020198,1020,14736.515468020198
14100.872867694916,1180,15280.872867694916
15304.4886808618,1260,16564.4886808618
16445.982367701996,1400,17845.982367701996
17213.244599387446,1530,18743.244599387446
17321.208203036353,1520,18841.208203036353
17246.041670552877,1500,18746.041670552877
17124.909623564883,1490,18614.909623564883
17053.425252725032,1270,18323.425252725032
17048.248494289524,660,17708.248494289524
17068.816114339013,625,17693.816114339013
17264.741557162855,750,18014.741557162855
17447.898345912916,785,18232.898345912916
18368.719634406214,785,19153.719634406214
18454.075667651843,775,19229.075667651843
18828.352227236515,805,19633.352227236515
17880.902923471822,730,18610.902923471822
16186.239282026241,620,16806.23928202624
13878.122590269051,570,14448.122590269051
12086.002627147624,560,12646.002627147624
12001.266779813575,545,12546.266779813575
12237.725728637051,460,12697.725728637051
12106.739388809356,460,12566.739388809356
12256.054528800769,615,12871.054528800769
13716.515468020198,1020,14736.515468020198
14100.872867694916,1180,15280.872867694916
15304.4886808618,1260,16564.4886808618
16445.982367701996,1400,17845.982367701996
17311.89003785245,1530,18841.89003785245
17423.558355359943,1520,18943.558355359943
17246.041670552877,1500,18746.041670552877
17225.46789989931,1490,18715.46789989931
17067.73770842334,1270,18337.73770842334
17012.44480282879,660,17672.44480282879
17020.99516760315,625,17645.99516760315
17333.437654152298,750,18083.437654152298
17516.59444290236,785,18301.59444290236
18437.415731395653,785,19222.415731395653
18515.034304706398,775,19290.034304706398
18602.73986871126,805,19407.73986871126
17638.51991781691,730,18368.51991781691
16031.451129502728,620,16651.451129502726
13809.138439988446,570,14379.138439988446
11433.140606282657,560,11993.140606282657
11453.805610896768,545,11998.805610896768
11642.756268691874,460,12102.756268691874
11653.279952275803,460,12113.279952275803
11770.438709026972,615,12385.438709026972
13121.951947944412,1020,14141.951947944412
13320.952692809153,1180,14500.952692809153
14772.432724968497,1260,16032.432724968497
15335.609712414944,1400,16735.609712414946
16207.772546916567,1530,17737.772546916567
16476.704635090504,1520,17996.704635090504
16427.198422836227,1500,17927.198422836227
16419.14420679113,1490,17909.14420679113
16347.65983595129,1270,17617.65983595129
16324.709881920795,660,16984.709881920797
16324.170678962955,625,16949.170678962953
16572.893932325507,750,17322.893932325507
16912.503637103888,785,17697.503637103888
18964.97764590653,785,19749.97764590653
19151.857600327432,775,19926.857600327432
19048.636112425585,805,19853.636112425585
18171.990512649012,730,18901.990512649012
17250.933450999248,620,17870.933450999248
15720.827171560428,570,16290.827171560428
11433.140606282657,560,11993.140606282657
11453.805610896768,545,11998.805610896768
11642.756268691874,460,12102.756268691874
11653.279952275803,460,12113.279952275803
11770.438709026972,615,12385.438709026972
13171.911254699377,1020,14191.911254699377
13320.952692809153,1180,14500.952692809153
14772.432724968497,1260,16032.432724968497
15492.177439719457,1400,16892.177439719457
16377.555872191473,1530,17907.55587219147
16253.079946784339,1520,17773.07994678434
16277.327678276097,1500,17777.327678276095
16363.398206695889,1490,17853.39820669589
16355.714051996383,1270,17625.714051996383
16381.786462699063,660,17041.786462699063
16390.465990159137,625,17015.465990159137
16644.43263350141,750,17394.43263350141
17062.37438166402,785,17847.37438166402
18964.97764590653,785,19749.97764590653
19151.857600327432,775,19926.857600327432
19019.61551216637,805,19824.61551216637
18167.264798512846,730,18897.264798512846
17238.660945654738,620,17858.660945654738
15720.827171560428,570,16290.827171560428
12086.002627147624,560,12646.002627147624
12001.266779813575,545,12546.266779813575
12237.725728637051,460,12697.725728637051
12106.739388809356,460,12566.739388809356
12256.054528800769,615,12871.054528800769
13716.515468020198,1020,14736.515468020198
14100.872867694916,1180,15280.872867694916
15304.4886808618,1260,16564.4886808618
16484.75782603492,1400,17884.75782603492
17350.663445984002,1530,18880.663445984002
17549.653939841945,1520,19069.653939841945
17206.601946979117,1500,18706.601946979117
17185.07995819628,1490,18675.07995819628
17174.55422441099,1270,18444.55422441099
17053.425252725032,660,17713.425252725032
17073.992872774517,625,17698.992872774517
17325.70019421741,750,18075.70019421741
17447.898345912916,785,18232.898345912916
18368.719634406214,785,19153.719634406214
18522.513439269835,775,19297.513439269835
18828.352227236515,805,19633.352227236515
18144.288191864667,730,18874.288191864667
16468.399269378733,620,17088.399269378733
13878.122590269051,570,14448.122590269051
12086.002627147624,560,12646.002627147624
12001.266779813575,545,12546.266779813575
12237.725728637051,460,12697.725728637051
12106.739388809356,460,12566.739388809356
12256.054528800769,615,12871.054528800769
13716.515468020198,1020,14736.515468020198
14100.872867694916,1180,15280.872867694916
15304.4886808618,1260,16564.4886808618
16484.75782603492,1400,17884.75782603492
17350.663445984002,1530,18880.663445984002
17506.70222133749,1520,19026.70222133749
17185.07995819628,1500,18685.07995819628
17225.46789989931,1490,18715.46789989931
17053.425252725032,1270,18323.425252725032
16974.0629831571,660,17634.0629831571
17045.643713460897,625,17670.643713460897
17204.570197430774,750,17954.570197430774
17402.039441879144,785,18187.039441879144
18368.719634406214,785,19153.719634406214
18454.075667651843,775,19229.075667651843
18602.73986871126,805,19407.73986871126
18063.48975624364,730,18793.48975624364
16367.741558278303,620,16987.741558278303
13878.122590269051,570,14448.122590269051
12086.002627147624,560,12646.002627147624
12001.266779813575,545,12546.266779813575
12237.725728637051,460,12697.725728637051
12106.739388809356,460,12566.739388809356
12256.054528800769,615,12871.054528800769
13716.515468020198,1020,14736.515468020198
14100.872867694916,1180,15280.872867694916
15304.4886808618,1260,16564.4886808618
16445.982367701996,1400,17845.982367701996
17243.759796438535,1530,18773.759796438535
17427.956037278418,1520,18947.956037278418
17185.07995819628,1500,18685.07995819628
17124.909623564883,1490,18614.909623564883
17053.425252725032,1270,18323.425252725032
16969.703229963794,660,17629.703229963794
17045.643713460897,625,17670.643713460897
17204.570197430774,750,17954.570197430774
17387.72698618083,785,18172.72698618083
18715.91713442015,785,19500.91713442015
18801.273167665786,775,19576.273167665786
18915.949130569275,805,19720.949130569275
18077.24660737323,730,18807.24660737323
16345.786977008387,620,16965.786977008385
13878.122590269051,570,14448.122590269051
12086.002627147624,560,12646.002627147624
12001.266779813575,545,12546.266779813575
12237.725728637051,460,12697.725728637051
12106.739388809356,460,12566.739388809356
12256.054528800769,615,12871.054528800769
13741.811877507893,1020,14761.811877507893
14100.872867694916,1180,15280.872867694916
15304.4886808618,1260,16564.4886808618
16484.75782603492,1400,17884.75782603492
17350.663445984002,1530,18880.663445984002
17463.775105249362,1520,18983.775105249362
17185.07995819628,1500,18685.07995819628
17185.07995819628,1490,18675.07995819628
17174.55422441099,1270,18444.55422441099
17053.425252725032,660,17713.425252725032
17073.992872774517,625,17698.992872774517
17264.741557162855,750,18014.741557162855
17447.898345912916,785,18232.898345912916
18368.719634406214,785,19153.719634406214
18454.075667651843,775,19229.075667651843
18828.352227236515,805,19633.352227236515
18178.18622116073,730,18908.18622116073
16446.72454059453,620,17066.72454059453
13878.122590269051,570,14448.122590269051
12086.002627147624,560,12646.002627147624
12001.266779813575,545,12546.266779813575
12237.725728637051,460,12697.725728637051
12106.739388809356,460,12566.739388809356
12256.054528800769,615,12871.054528800769
13716.515468020198,1020,14736.515468020198
14100.872867694916,1180,15280.872867694916
15304.4886808618,1260,16564.4886808618
16484.75782603492,1400,17884.75782603492
17350.663445984002,1530,18880.663445984002
17463.775105249362,1520,18983.775105249362
17185.07995819628,1500,18685.07995819628
17185.07995819628,1490,18675.07995819628
17113.594562255756,1270,18383.594562255756
17053.425252725032,660,17713.425252725032
17073.992872774517,625,17698.992872774517
17264.741557162855,750,18014.741557162855
17447.898345912916,785,18232.898345912916
18368.719634406214,785,19153.719634406214
18454.075667651843,775,19229.075667651843
18828.352227236515,805,19633.352227236515
18050.56528686645,730,18780.56528686645
16345.786977008387,620,16965.786977008385
13878.122590269051,570,14448.122590269051
11433.140606282657,560,11993.140606282657
11453.805610896768,545,11998.805610896768
11642.756268691874,460,12102.756268691874
11653.279952275803,460,12113.279952275803
11770.438709026972,615,12385.438709026972
13121.951947944412,1020,14141.951947944412
13320.952692809153,1180,14500.952692809153
14772.432724968497,1260,16032.432724968497
15492.177439719457,1400,16892.177439719457
16220.986094685599,1530,17750.9860946856
16422.759736890537,1520,17942.759736890537
16309.4809862143,1500,17809.4809862143
16277.327678276097,1490,17767.327678276095
16205.84330743625,1270,17475.843307436247
16381.786462699063,660,17041.786462699063
16429.072306879814,625,17054.072306879814
16494.561888941276,750,17244.561888941276
16944.656945042098,785,17729.656945042098
18964.97764590653,785,19749.97764590653
19151.857600327432,775,19926.857600327432
19048.636112425585,805,19853.636112425585
18145.309192142242,730,18875.309192142242
17238.660945654738,620,17858.660945654738
15720.827171560428,570,16290.827171560428
11433.140606282657,560,11993.140606282657
11453.805610896768,545,11998.805610896768
11642.756268691874,460,12102.756268691874
11653.279952275803,460,12113.279952275803
11770.438709026972,615,12385.438709026972
13121.951947944412,1020,14141.951947944412
13320.952692809153,1180,14500.952692809153
14772.432724968497,1260,16032.432724968497
15335.609712414944,1400,16735.609712414946
16207.772546916567,1530,17737.772546916567
16422.759736890537,1520,17942.759736890537
16309.4809862143,1500,17809.4809862143
16277.327678276097,1490,17767.327678276095
16205.84330743625,1270,17475.843307436247
16381.786462699063,660,17041.786462699063
16429.072306879814,625,17054.072306879814
16494.561888941276,750,17244.561888941276
16912.503637103888,785,17697.503637103888
18964.97764590653,785,19749.97764590653
19151.857600327432,775,19926.857600327432
19019.61551216637,805,19824.61551216637
18016.55449649555,730,18746.55449649555
17160.37195649908,620,17780.37195649908
15525.88377518831,570,16095.88377518831
12086.002627147624,560,12646.002627147624
12001.266779813575,545,12546.266779813575
12237.725728637051,460,12697.725728637051
12106.739388809356,460,12566.739388809356
12256.054528800769,615,12871.054528800769
13716.515468020198,1020,14736.515468020198
14100.872867694916,1180,15280.872867694916
15304.4886808618,1260,16564.4886808618
16445.982367701996,1400,17845.982367701996
17311.89003785245,1530,18841.89003785245
17408.803056167744,1520,18928.803056167744
17185.07995819628,1500,18685.07995819628
17185.07995819628,1490,18675.07995819628
17174.55422441099,1270,18444.55422441099
16974.0629831571,660,17634.0629831571
16994.630603206588,625,17619.630603206588
17264.741557162855,750,18014.741557162855
17447.898345912916,785,18232.898345912916
18368.719634406214,785,19153.719634406214
18454.075667651843,775,19229.075667651843
18828.352227236515,805,19633.352227236515
18031.885902270074,730,18761.885902270074
16337.225336126541,620,16957.22533612654
13878.122590269051,570,14448.122590269051
12086.002627147624,560,12646.002627147624
12001.266779813575,545,12546.266779813575
12237.725728637051,460,12697.725728637051
12106.739388809356,460,12566.739388809356
12256.054528800769,615,12871.054528800769
13716.515468020198,1020,14736.515468020198
14100.872867694916,1180,15280.872867694916
15304.4886808618,1260,16564.4886808618
16445.982367701996,1400,17845.982367701996
17213.244599387446,1530,18743.244599387446
17321.208203036353,1520,18841.208203036353
17225.46789989931,1500,18725.46789989931
17124.909623564883,1490,18614.909623564883
16974.0629831571,1270,18244.0629831571
16994.159056893648,660,17654.159056893648
17014.726676943133,625,17639.726676943133
17333.437654152298,750,18083.437654152298
17516.59444290236,785,18301.59444290236
18437.415731395653,785,19222.415731395653
18515.034304706398,775,19290.034304706398
18630.540599160926,805,19435.540599160926
17880.902923471822,730,18610.902923471822
16186.239282026241,620,16806.23928202624
13878.122590269051,570,14448.122590269051
12086.002627147624,560,12646.002627147624
12001.266779813575,545,12546.266779813575
12237.725728637051,460,12697.725728637051
12106.739388809356,460,12566.739388809356
12256.054528800769,615,12871.054528800769
13716.515468020198,1020,14736.515468020198
14100.872867694916,1180,15280.872867694916
15304.4886808618,1260,16564.4886808618
16415.46614555023,1400,17815.46614555023
17117.885633703474,1530,18647.885633703474
17294.87336655951,1520,18814.87336655951
17072.036980676505,1500,18572.036980676505
17119.732865129376,1490,18609.732865129376
17048.248494289524,1270,18318.248494289524
17101.918665507175,660,17761.918665507175
17148.04717101986,625,17773.04717101986
17125.205877661483,750,17875.205877661483
17360.5495169448,785,18145.5495169448
18368.719634406214,785,19153.719634406214
18454.075667651843,775,19229.075667651843
18602.73986871126,805,19407.73986871126
17762.253670331498,730,18492.253670331498
16186.239282026241,620,16806.23928202624
13847.606368117284,570,14417.606368117284
12086.002627147624,560,12646.002627147624
12001.266779813575,545,12546.266779813575
12237.725728637051,460,12697.725728637051
12106.739388809356,460,12566.739388809356
12256.054528800769,615,12871.054528800769
13716.515468020198,1020,14736.515468020198
14100.872867694916,1180,15280.872867694916
15235.197000377111,1260,16495.197000377113
16419.58192478162,1400,17819.58192478162
17009.584771930757,1530,18539.584771930757
17194.507809152972,1520,18714.507809152972
17124.909623564883,1500,18624.909623564883
17065.643427733492,1490,18555.643427733492
17000.427547553667,1270,18270.427547553667
17155.824609881274,660,17815.824609881274
17241.018677219417,625,17866.018677219417
17145.30605180075,750,17895.30605180075
17434.736053177905,785,18219.736053177905
18281.37080543809,785,19066.37080543809
18393.904307919758,775,19168.904307919758
18671.4359657007,805,19476.4359657007
17610.721237568603,730,18340.721237568603
16003.651424153744,620,16623.651424153744
13685.407762775896,570,14255.407762775896
12177.034642860057,560,12737.034642860057
12035.413908574954,545,12580.413908574954
12237.725728637051,460,12697.725728637051
12106.739388809356,460,12566.739388809356
12256.054528800769,615,12871.054528800769
13716.515468020198,1020,14736.515468020198
14100.872867694916,1180,15280.872867694916
15235.197000377111,1260,16495.197000377113
16415.46614555023,1400,17815.46614555023
16998.595692637973,1530,18528.595692637973
17194.507809152972,1520,18714.507809152972
17072.036980676505,1500,18572.036980676505
17023.28114212021,1490,18513.28114212021
17101.918665507175,1270,18371.918665507175
17155.824609881274,660,17815.824609881274
17386.98891369102,625,18011.98891369102
17253.069760816994,750,18003.069760816994
17380.645590681343,785,18165.645590681343
18281.37080543809,785,19066.37080543809
18366.72683868372,775,19141.72683868372
18556.88096467749,805,19361.88096467749
17610.721237568603,730,18340.721237568603
16003.651424153744,620,16623.651424153744
13685.407762775896,570,14255.407762775896
11536.38259619811,560,12096.38259619811
11500.162713861168,545,12045.162713861168
11642.756268691874,460,12102.756268691874
11653.279952275803,460,12113.279952275803
11770.438709026972,615,12385.438709026972
13121.951947944412,1020,14141.951947944412
13320.952692809153,1180,14500.952692809153
14772.432724968497,1260,16032.432724968497
15335.609712414944,1400,16735.609712414946
16203.907917351848,1530,17733.907917351848
16395.730907253146,1520,17915.730907253146
16445.63383347069,1500,17945.63383347069
16365.29259275308,1490,17855.29259275308
16342.438998186528,1270,17612.438998186528
16338.589745132018,660,16998.58974513202
16385.875589312767,625,17010.875589312767
16539.53100558456,750,17289.53100558456
17039.195830181823,785,17824.195830181823
19128.425848977196,785,19913.425848977196
19345.85790407368,775,20120.85790407368
19088.553532916354,805,19893.553532916354
17959.735215988036,730,18689.735215988036
16961.101610155416,620,17581.101610155416
15399.878399566174,570,15969.878399566174
11479.497709247058,560,12039.497709247058
11500.162713861168,545,12045.162713861168
11642.756268691874,460,12102.756268691874
11653.279952275803,460,12113.279952275803
11770.438709026972,615,12385.438709026972
13121.951947944412,1020,14141.951947944412
13320.952692809153,1180,14500.952692809153
14772.432724968497,1260,16032.432724968497
15335.609712414944,1400,16735.609712414946
16203.907917351848,1530,17733.907917351848
16363.577599314942,1520,17883.577599314944
16415.081732795115,1500,17915.081732795115
16365.29259275308,1490,17855.29259275308
16342.438998186528,1270,17612.438998186528
16286.351639564755,660,16946.351639564753
16333.637483745502,625,16958.6374837455
16587.356052723146,750,17337.356052723146
17070.112866699586,785,17855.112866699586
19128.425848977196,785,19913.425848977196
19345.85790407368,775,20120.85790407368
19088.553532916354,805,19893.553532916354
17978.141923803454,730,18708.141923803454
16979.5103681722,620,17599.5103681722
15399.878399566174,570,15969.878399566174
12177.034642860057,560,12737.034642860057
12001.266779813575,545,12546.266779813575
12237.725728637051,460,12697.725728637051
12106.739388809356,460,12566.739388809356
12256.054528800769,615,12871.054528800769
13716.515468020198,1020,14736.515468020198
14100.872867694916,1180,15280.872867694916
15235.197000377111,1260,16495.197000377113
16415.46614555023,1400,17815.46614555023
16994.479913406576,1530,18524.479913406576
17194.507809152972,1520,18714.507809152972
17139.22207926318,1500,18639.22207926318
17035.29839739533,1490,18525.29839739533
17101.918665507175,1270,18371.918665507175
17220.45105716994,660,17880.45105716994
17241.018677219417,625,17866.018677219417
17163.592822836574,750,17913.592822836574
17380.645590681343,785,18165.645590681343
18281.37080543809,785,19066.37080543809
18393.904307919758,775,19168.904307919758
18671.4359657007,805,19476.4359657007
17638.51991781691,730,18368.51991781691
16031.451129502728,620,16651.451129502726
13809.138439988446,570,14379.138439988446
12120.149755909008,560,12680.149755909008
12035.413908574954,545,12580.413908574954
12237.725728637051,460,12697.725728637051
12106.739388809356,460,12566.739388809356
12256.054528800769,615,12871.054528800769
13716.515468020198,1020,14736.515468020198
14100.872867694916,1180,15280.872867694916
15235.197000377111,1260,16495.197000377113
16419.58192478162,1400,17819.58192478162
17009.584771930757,1530,18539.584771930757
17194.507809152972,1520,18714.507809152972
17072.036980676505,1500,18572.036980676505
17150.33314553693,1490,18640.33314553693
17155.824609881274,1270,18425.824609881274
17836.684180526525,660,18496.684180526525
17857.251800576003,625,18482.251800576003
17253.069760816994,750,18003.069760816994
17386.9171566434,785,18171.9171566434
18281.37080543809,785,19066.37080543809
18366.72683868372,775,19141.72683868372
18643.12473511225,805,19448.12473511225
17610.721237568603,730,18340.721237568603
16003.651424153744,620,16623.651424153744
13685.407762775896,570,14255.407762775896
12177.034642860057,560,12737.034642860057
12035.413908574954,545,12580.413908574954
12237.725728637051,460,12697.725728637051
12106.739388809356,460,12566.739388809356
12256.054528800769,615,12871.054528800769
13716.515468020198,1020,14736.515468020198
14100.872867694916,1180,15280.872867694916
15235.197000377111,1260,16495.197000377113
16415.46614555023,1400,17815.46614555023
16994.479913406576,1530,18524.479913406576
17194.507809152972,1520,18714.507809152972
17092.133054413054,1500,18592.133054413054
17178.678204447824,1490,18668.678204447824
17224.204975861183,1270,18494.204975861183
17836.684180526525,660,18496.684180526525
17845.424188926736,625,18470.424188926736
17253.069760816994,750,18003.069760816994
17472.769338618295,785,18257.769338618295
18438.625350198403,785,19223.625350198403
18366.72683868372,775,19141.72683868372
18542.568508979173,805,19347.568508979173
17610.721237568603,730,18340.721237568603
16003.651424153744,620,16623.651424153744
13685.407762775896,570,14255.407762775896
12187.773597586847,560,12747.773597586847
12050.51876709913,545,12595.51876709913
12237.725728637051,460,12697.725728637051
12106.739388809356,460,12566.739388809356
12256.054528800769,615,12871.054528800769
13716.515468020198,1020,14736.515468020198
14100.872867694916,1180,15280.872867694916
15235.197000377111,1260,16495.197000377113
16430.57100407441,1400,17830.57100407441
17009.584771930757,1530,18539.584771930757
17194.507809152972,1520,18714.507809152972
17151.263936954638,1500,18651.263936954638
17178.678204447824,1490,18668.678204447824
17155.824609881274,1270,18425.824609881274
17824.856568877243,660,18484.856568877243
17845.424188926736,625,18470.424188926736
17199.39548919663,750,17949.39548919663
17356.190788852167,785,18141.190788852167
18281.37080543809,785,19066.37080543809
18366.72683868372,775,19141.72683868372
18602.73986871126,805,19407.73986871126
17610.721237568603,730,18340.721237568603
16003.651424153744,620,16623.651424153744
13685.407762775896,570,14255.407762775896
12120.149755909008,560,12680.149755909008
12035.413908574954,545,12580.413908574954
12237.725728637051,460,12697.725728637051
12106.739388809356,460,12566.739388809356
12256.054528800769,615,12871.054528800769
13716.515468020198,1020,14736.515468020198
14100.872867694916,1180,15280.872867694916
15265.713222528879,1260,16525.71322252888
16419.58192478162,1400,17819.58192478162
17018.920363826226,1530,18548.920363826226
17194.507809152972,1520,18714.507809152972
17151.263936954638,1500,18651.263936954638
17178.678204447824,1490,18668.678204447824
17155.824609881274,1270,18425.824609881274
17836.684180526525,660,18496.684180526525
17857.251800576003,625,18482.251800576003
17125.205877661483,750,17875.205877661483
17360.5495169448,785,18145.5495169448
18281.37080543809,785,19066.37080543809
18366.72683868372,775,19141.72683868372
18602.73986871126,805,19407.73986871126
17638.51991781691,730,18368.51991781691
16031.451129502728,620,16651.451129502726
13809.138439988446,570,14379.138439988446
11433.140606282657,560,11993.140606282657
11453.805610896768,545,11998.805610896768
11642.756268691874,460,12102.756268691874
11653.279952275803,460,12113.279952275803
11770.438709026972,615,12385.438709026972
13121.951947944412,1020,14141.951947944412
13320.952692809153,1180,14500.952692809153
14772.432724968497,1260,16032.432724968497
15335.609712414944,1400,16735.609712414946
16203.907917351848,1530,17733.907917351848
16405.792270430265,1520,17925.792270430265
16445.63383347069,1500,17945.63383347069
16388.592106115553,1490,17878.592106115553
16317.107735275707,1270,17587.107735275706
16368.511408889215,660,17028.511408889215
16379.0842973058,625,17004.084297305802
16644.43263350141,750,17394.43263350141
17062.37438166402,785,17847.37438166402
19114.847365365986,785,19899.847365365986
19301.727319786878,775,20076.727319786878
18991.81478171671,805,19796.81478171671
17991.972582182025,730,18721.972582182025
17131.20784214462,620,17751.20784214462
15525.88377518831,570,16095.88377518831
11433.140606282657,560,11993.140606282657
11453.805610896768,545,11998.805610896768
11642.756268691874,460,12102.756268691874
11653.279952275803,460,12113.279952275803
11770.438709026972,615,12385.438709026972
13121.951947944412,1020,14141.951947944412
13320.952692809153,1180,14500.952692809153
14772.432724968497,1260,16032.432724968497
15335.609712414944,1400,16735.609712414946
16203.907917351848,1530,17733.907917351848
16427.315284313783,1520,17947.315284313783
16415.081732795115,1500,17915.081732795115
16382.753132640579,1490,17872.75313264058
16280.351725282972,1270,17550.35172528297
16286.351639564755,660,16946.351639564753
16333.637483745502,625,16958.6374837455
16644.43263350141,750,17394.43263350141
17062.37438166402,785,17847.37438166402
19114.847365365986,785,19899.847365365986
19301.727319786878,775,20076.727319786878
19019.61551216637,805,19824.61551216637
18158.23366151943,730,18888.23366151943
17272.887007168498,620,17892.887007168498
15720.827171560428,570,16290.827171560428
12086.002627147624,560,12646.002627147624
12001.266779813575,545,12546.266779813575
12237.725728637051,460,12697.725728637051
12106.739388809356,460,12566.739388809356
12256.054528800769,615,12871.054528800769
13716.515468020198,1020,14736.515468020198
14100.872867694916,1180,15280.872867694916
15304.4886808618,1260,16564.4886808618
16415.46614555023,1400,17815.46614555023
17021.672759152825,1530,18551.672759152825
17194.507809152972,1520,18714.507809152972
17123.050090930818,1500,18623.050090930818
17124.772260073718,1490,18614.772260073718
17101.918665507175,1270,18371.918665507175
17578.736046141978,660,18238.736046141978
17599.303666191452,625,18224.303666191452
17125.205877661483,750,17875.205877661483
17387.72698618083,785,18172.72698618083
18322.86073037244,785,19107.86073037244
18494.46053405283,775,19269.46053405283
18630.540599160926,805,19435.540599160926
17880.902923471822,730,18610.902923471822
16186.239282026241,620,16806.23928202624
13878.122590269051,570,14448.122590269051
12086.002627147624,560,12646.002627147624
12001.266779813575,545,12546.266779813575
12237.725728637051,460,12697.725728637051
12106.739388809356,460,12566.739388809356
12256.054528800769,615,12871.054528800769
13716.515468020198,1020,14736.515468020198
14100.872867694916,1180,15280.872867694916
15265.713222528879,1260,16525.71322252888
16415.46614555023,1400,17815.46614555023
16994.479913406576,1530,18524.479913406576
17194.507809152972,1520,18714.507809152972
17049.770768799775,1500,18549.770768799775
17124.772260073718,1490,18614.772260073718
17101.918665507175,1270,18371.918665507175
17366.421293641535,660,18026.421293641535
17518.125943318722,625,18143.125943318722
17125.205877661483,750,17875.205877661483
17316.418932657998,785,18101.418932657998
18308.548274674125,785,19093.548274674125
18393.904307919758,775,19168.904307919758
18602.73986871126,805,19407.73986871126
17610.721237568603,730,18340.721237568603
16003.651424153744,620,16623.651424153744
13809.138439988446,570,14379.138439988446
12086.002627147624,560,12646.002627147624
12001.266779813575,545,12546.266779813575
12237.725728637051,460,12697.725728637051
12106.739388809356,460,12566.739388809356
12256.054528800769,615,12871.054528800769
13716.515468020198,1020,14736.515468020198
14100.872867694916,1180,15280.872867694916
15304.4886808618,1260,16564.4886808618
16415.46614555023,1400,17815.46614555023
17009.584771930757,1530,18539.584771930757
17194.507809152972,1520,18714.507809152972
17140.106741150285,1500,18640.106741150285
17178.678204447824,1490,18668.678204447824
17155.824609881274,1270,18425.824609881274
17836.684180526525,660,18496.684180526525
17857.251800576003,625,18482.251800576003
17199.39548919663,750,17949.39548919663
17434.736053177905,785,18219.736053177905
18281.37080543809,785,19066.37080543809
18366.72683868372,775,19141.72683868372
18602.73986871126,805,19407.73986871126
17610.721237568603,730,18340.721237568603
16003.651424153744,620,16623.651424153744
13685.407762775896,570,14255.407762775896
11938.254866096386,560,12498.254866096386
11633.930151834513,545,12178.930151834513
11788.44357737571,460,12248.44357737571
11688.20513245353,460,12148.20513245353
11856.26218818281,615,12471.26218818281
13462.45246521398,1020,14482.45246521398
13838.843807502102,1180,15018.843807502102
14989.48651791395,1260,16249.48651791395
16250.561274412856,1400,17650.561274412856
16621.31456295935,1530,18151.31456295935
16763.981925039032,1520,18283.981925039032
16861.30703382781,1500,18361.30703382781
16863.98869720747,1490,18353.98869720747
16841.13510264092,1270,18111.13510264092
17289.44853375938,660,17949.44853375938
17418.500508603356,625,18043.500508603356
16692.914770176067,750,17442.914770176067
16893.07387880954,785,17678.07387880954
17811.038211706848,785,18596.038211706848
17896.39424495247,775,18671.39424495247
17905.06864690915,805,18710.06864690915
16700.538443935435,730,17430.538443935435
15158.150433245974,620,15778.150433245974
13155.8438266364,570,13725.8438266364
11966.864400982799,560,12526.864400982799
11638.045931065906,545,12183.045931065906
11788.44357737571,460,12248.44357737571
11688.20513245353,460,12148.20513245353
11856.26218818281,615,12471.26218818281
13466.56824444537,1020,14486.56824444537
13881.214293920828,1180,15061.214293920828
15028.257875844154,1260,16288.257875844154
16242.088817290196,1400,17642.088817290198
16693.508303469964,1530,18223.508303469964
16670.9519881007,1520,18190.9519881007
16726.58010161771,1500,18226.58010161771
16929.043636580493,1490,18419.043636580493
16906.190042013943,1270,18176.190042013943
17289.44853375938,660,17949.44853375938
17418.500508603356,625,18043.500508603356
16692.914770176067,750,17442.914770176067
16893.07387880954,785,17678.07387880954
17929.55215155737,785,18714.55215155737
17896.39424495247,775,18671.39424495247
18036.601365399438,805,18841.601365399438
16700.538443935435,730,17430.538443935435
15158.150433245974,620,15778.150433245974
13155.8438266364,570,13725.8438266364
11757.544992670193,560,12317.544992670193
11567.812183056025,545,12112.812183056025
11615.508067508888,460,12075.508067508888
11575.153954128311,460,12035.153954128311
11820.877762900314,615,12435.877762900314
13289.468775615185,1020,14309.468775615185
13459.095260486009,1180,14639.095260486009
15045.750193852744,1260,16305.750193852744
15686.06190708883,1400,17086.061907088828
16585.042400487713,1530,18115.042400487713
16686.7580154902,1520,18206.7580154902
16510.98297673896,1500,18010.98297673896
16628.995642356815,1490,18118.995642356815
16606.14204779027,1270,17876.14204779027
16698.986441505465,660,17358.986441505465
16698.986441505465,625,17323.986441505465
16602.772541854134,750,17352.772541854134
16985.750156013168,785,17770.750156013168
19021.03630170926,785,19806.03630170926
18993.711217975255,775,19768.711217975255
18789.560367292706,805,19594.560367292706
17507.442344028666,730,18237.442344028666
15592.211889606255,620,16212.211889606255
13830.351873466525,570,14400.351873466525
11739.607780966351,560,12299.607780966351
11567.812183056025,545,12112.812183056025
11615.508067508888,460,12075.508067508888
11575.153954128311,460,12035.153954128311
11820.877762900314,615,12435.877762900314
13289.468775615185,1020,14309.468775615185
13459.095260486009,1180,14639.095260486009
15045.750193852744,1260,16305.750193852744
15686.06190708883,1400,17086.061907088828
16712.260470214635,1530,18242.260470214635
16686.7580154902,1520,18206.7580154902
16573.050772729595,1500,18073.050772729595
16608.200449956308,1490,18098.200449956308
16585.34685538976,1270,17855.34685538976
16841.78296627087,660,17501.78296627087
16841.78296627087,625,17466.78296627087
16625.866009979865,750,17375.866009979865
16896.662756291258,785,17681.662756291258
18958.96850571863,785,19743.96850571863
19171.537483187778,775,19946.537483187778
18800.96153705897,805,19605.96153705897
17563.691668557934,730,18293.691668557934
15590.126834822539,620,16210.126834822539
13782.915339485768,570,14352.915339485768
11887.618992892423,560,12447.618992892423
11708.991098947916,545,12253.991098947916
11928.417999968256,460,12388.417999968256
11918.853810621082,460,12378.853810621082
12420.98297725378,615,13035.98297725378
14034.046554346342,1020,15054.046554346342
14516.311319996243,1180,15696.311319996243
15383.157982369848,1260,16643.15798236985
16607.593590353572,1400,18007.593590353572
16667.12118685842,1530,18197.12118685842
16723.824630989067,1520,18243.824630989067
16861.30703382781,1500,18361.30703382781
17441.354103169902,1490,18931.354103169902
17406.67289695409,1270,18676.67289695409
17633.730647438555,660,18293.730647438555
17633.730647438555,625,18258.730647438555
17418.500508603356,750,18168.500508603356
17255.421341777594,785,18040.421341777594
18308.857855079576,785,19093.857855079576
18208.941291771003,775,18983.941291771003
17789.11950896073,805,18594.11950896073
16542.62885984041,730,17272.62885984041
15347.058036812503,620,15967.058036812503
13158.798166797018,570,13728.798166797018
12027.854816158446,560,12587.854816158446
11799.701233046731,545,12344.701233046731
11919.728221501377,460,12379.728221501377
11911.29881860729,460,12371.29881860729
12420.98297725378,615,13035.98297725378
14034.046554346342,1020,15054.046554346342
14508.756327982454,1180,15688.756327982454
15461.845735690142,1260,16721.84573569014
16607.593590353572,1400,18007.593590353572
16659.85527323648,1530,18189.85527323648
16723.824630989067,1520,18243.824630989067
16955.534288360726,1500,18455.534288360726
17183.40596878535,1490,18673.40596878535
17116.788775975565,1270,18386.788775975565
17633.730647438555,660,18293.730647438555
17633.730647438555,625,18258.730647438555
16896.301920851794,750,17646.301920851794
17031.778201659195,785,17816.778201659195
18149.66381983214,785,18934.66381983214
18208.941291771003,775,18983.941291771003
17905.06864690915,805,18710.06864690915
16660.381149885474,730,17390.381149885474
15117.993139196007,620,15737.993139196007
13216.802463690954,570,13786.802463690954
12010.100072375697,560,12570.100072375697
11708.347335720686,545,12253.347335720686
11795.971916771814,460,12255.971916771814
11821.528701832303,460,12281.528701832303
11890.74144956461,615,12505.74144956461
13491.825700107216,1020,14511.825700107216
14030.56018693265,1180,15210.56018693265
15209.578709275798,1260,16469.578709275796
16701.1022493096,1400,18101.1022493096
16667.12118685842,1530,18197.12118685842
16723.824630989067,1520,18243.824630989067
17209.89457036424,1500,18709.89457036424
17441.354103169902,1490,18931.354103169902
17418.500508603356,1270,18688.500508603356
17732.121860934847,660,18392.121860934847
17732.121860934847,625,18357.121860934847
16974.572458195213,750,17724.572458195213
17154.195724900288,785,17939.195724900288
18325.52394193985,785,19110.52394193985
18384.801413878715,775,19159.801413878715
17905.06864690915,805,18710.06864690915
16660.381149885474,730,17390.381149885474
15133.769438665784,620,15753.769438665784
13158.798166797018,570,13728.798166797018
11901.174924288678,560,12461.174924288678
11640.485670685013,545,12185.485670685013
11836.817053378256,460,12296.817053378256
11827.252864031085,460,12287.252864031085
12454.46481567365,615,13069.46481567365
14018.884290184062,1020,15038.884290184062
14516.311319996243,1180,15696.311319996243
15469.400727703936,1260,16729.400727703935
16641.24662058704,1400,18041.24662058704
16693.508303469964,1530,18223.508303469964
16670.9519881007,1520,18190.9519881007
17023.916704541996,1500,18523.916704541996
17441.354103169902,1490,18931.354103169902
17418.500508603356,1270,18688.500508603356
17661.64413896305,660,18321.64413896305
17661.64413896305,625,18286.64413896305
16855.176931759634,750,17605.176931759634
17035.033921419814,785,17820.033921419814
17945.355103644826,785,18730.355103644826
17971.396761327098,775,18746.396761327098
17950.648723557886,805,18755.648723557886
16746.334816827715,730,17476.334816827715
15203.946806138247,620,15823.946806138247
13155.8438266364,570,13725.8438266364
12043.387141666306,560,12603.387141666306
11728.729412547036,545,12273.729412547036
11796.6802613419,460,12256.6802613419
11718.013010035213,460,12178.013010035213
11860.377967414208,615,12475.377967414208
13466.56824444537,1020,14486.56824444537
13853.948666026286,1180,15033.948666026286
15004.591376438133,1260,16264.591376438133
16607.593590353572,1400,18007.593590353572
16659.85527323648,1530,18189.85527323648
16670.9519881007,1520,18190.9519881007
17456.017143300873,1500,18956.017143300873
17594.38318292603,1490,19084.38318292603
17571.529588359484,1270,18841.529588359484
17732.121860934847,660,18392.121860934847
17732.121860934847,625,18357.121860934847
17160.55237421881,750,17910.55237421881
17262.478134860758,785,18047.478134860758
18390.15038922851,785,19175.15038922851
18384.801413878715,775,19159.801413878715
17978.697528372177,805,18783.697528372177
16542.62885984041,730,17272.62885984041
15133.769438665784,620,15753.769438665784
13143.021867327247,570,13713.021867327247
12011.727932256008,560,12571.727932256008
11845.119343787985,545,12390.119343787985
11933.965844850023,460,12393.965844850023
12032.341681836104,460,12492.341681836104
12684.229857054786,615,13299.229857054786
14156.382069533009,1020,15176.382069533009
14308.415776528569,1180,15488.415776528569
15697.51638209047,1260,16957.51638209047
16821.332207698935,1400,18221.332207698935
16867.466863815716,1530,18397.466863815716
16705.193426124668,1520,18225.193426124668
16634.690076635867,1500,18134.690076635867
16608.200449956308,1490,18098.200449956308
16585.34685538976,1270,17855.34685538976
16841.78296627087,660,17501.78296627087
16841.78296627087,625,17466.78296627087
16589.187907638832,750,17339.187907638832
16923.682360022536,785,17708.682360022536
19021.03630170926,785,19806.03630170926
18993.711217975255,775,19768.711217975255
18789.560367292706,805,19594.560367292706
17571.242560169005,730,18301.242560169005
15627.454850994876,620,16247.454850994876
13822.641066149328,570,14392.641066149328
12034.672760783102,560,12594.672760783102
11880.998892699063,545,12425.998892699063
11857.995633433193,460,12317.995633433193
11932.902815444557,460,12392.902815444557
12006.903808454528,615,12621.903808454528
13324.988514187482,1020,14344.988514187482
13579.472833373304,1180,14759.472833373304
15166.126741639362,1260,16426.12674163936
16454.25800549403,1400,17854.25800549403
16776.060686354973,1530,18306.060686354973
16686.7580154902,1520,18206.7580154902
16522.509208788222,1500,18022.509208788222
16608.200449956308,1490,18098.200449956308
16585.34685538976,1270,17855.34685538976
16841.78296627087,660,17501.78296627087
16841.78296627087,625,17466.78296627087
16540.704745863495,750,17290.704745863495
16923.682360022536,785,17708.682360022536
19021.03630170926,785,19806.03630170926
19188.15846561812,775,19963.15846561812
18789.560367292706,805,19594.560367292706
17507.442344028666,730,18237.442344028666
15592.211889606255,620,16212.211889606255
13830.351873466525,570,14400.351873466525
12043.387141666306,560,12603.387141666306
11708.347335720686,545,12253.347335720686
11796.6802613419,460,12256.6802613419
11718.013010035213,460,12178.013010035213
11856.26218818281,615,12471.26218818281
13462.45246521398,1020,14482.45246521398
13838.843807502102,1180,15018.843807502102
14989.48651791395,1260,16249.48651791395
16225.303818751012,1400,17625.30381875101
17018.54005147384,1530,18548.54005147384
16899.907199944406,1520,18419.907199944406
17533.881740774887,1500,19033.881740774887
17684.4977335296,1490,19174.4977335296
17661.64413896305,1270,18931.64413896305
17736.44983600706,660,18396.44983600706
17736.699960573056,625,18361.699960573056
17418.500508603356,750,18168.500508603356
17506.44184576469,785,18291.44184576469
19143.890517840166,785,19928.890517840166
19203.167989779024,775,19978.167989779024
17905.06864690915,805,18710.06864690915
16542.62885984041,730,17272.62885984041
15117.993139196007,620,15737.993139196007
13213.000365267731,570,13783.000365267731
12107.431331768556,560,12667.431331768556
11789.688049601591,545,12334.688049601591
11796.6802613419,460,12256.6802613419
11718.013010035213,460,12178.013010035213
11871.367046706993,615,12486.367046706993
13477.557323738158,1020,14497.557323738158
13868.217042395343,1180,15048.217042395343
14991.6535807521,1260,16251.6535807521
16641.24662058704,1400,18041.24662058704
16693.508303469964,1530,18223.508303469964
16670.9519881007,1520,18190.9519881007
17533.881740774887,1500,19033.881740774887
17656.584242005105,1490,19146.584242005105
17732.121860934847,1270,19002.121860934847
17736.699960573056,660,18396.699960573056
17781.05196660679,625,18406.05196660679
17406.67289695409,750,18156.67289695409
17494.614234115423,785,18279.614234115423
19448.579142843537,785,20233.579142843537
19519.682176230315,775,20294.682176230315
17940.906166692333,805,18745.906166692333
16542.62885984041,730,17272.62885984041
15273.427105148116,620,15893.427105148116
13188.921775388231,570,13758.921775388231
12027.854816158446,560,12587.854816158446
11760.4111741723,545,12305.4111741723
11849.891187454767,460,12309.891187454767
11851.907560492911,460,12311.907560492911
12092.504840762746,615,12707.504840762746
13667.038983685652,1020,14687.038983685652
14397.567757593331,1180,15577.567757593331
15477.007999852416,1260,16737.007999852416
16916.915670431896,1400,18316.915670431896
16908.113130890182,1530,18438.113130890182
16788.320890491326,1520,18308.320890491326
17710.988385309836,1500,19210.988385309836
17656.584242005105,1490,19146.584242005105
17633.730647438555,1270,18903.730647438555
17732.121860934847,660,18392.121860934847
17732.121860934847,625,18357.121860934847
17484.537494428107,750,18234.537494428107
17494.614234115423,785,18279.614234115423
18008.09536568174,785,18793.09536568174
18093.45139892737,775,18868.45139892737
17900.154314247804,805,18705.154314247804
16542.62885984041,730,17272.62885984041
15190.34987071479,620,15810.34987071479
13188.921775388231,570,13758.921775388231
12107.431331768556,560,12667.431331768556
11789.688049601591,545,12334.688049601591
11795.971916771814,460,12255.971916771814
11717.304665465124,460,12177.304665465124
11871.367046706993,615,12486.367046706993
13477.557323738158,1020,14497.557323738158
13881.214293920828,1180,15061.214293920828
15031.857004332674,1260,16291.857004332674
16761.38329481448,1400,18161.38329481448
16713.163583913978,1530,18243.163583913978
16761.77078287163,1520,18281.77078287163
17467.84475495014,1500,18967.84475495014
17507.391088994646,1490,18997.391088994646
17484.537494428107,1270,18754.537494428107
17633.730647438555,660,18293.730647438555
17633.730647438555,625,18258.730647438555
17116.788775975565,750,17866.788775975565
17262.478134860758,785,18047.478134860758
19143.890517840166,785,19928.890517840166
18886.23146184746,775,19661.23146184746
17905.06864690915,805,18710.06864690915
16761.497080989986,730,17491.497080989986
15219.109070300527,620,15839.109070300527
13155.8438266364,570,13725.8438266364
11948.99382082318,560,12508.99382082318
11662.539686720924,545,12207.539686720924
11788.44357737571,460,12248.44357737571
11688.20513245353,460,12148.20513245353
11856.26218818281,615,12471.26218818281
13462.45246521398,1020,14482.45246521398
13838.843807502102,1180,15018.843807502102
14989.48651791395,1260,16249.48651791395
16607.593590353572,1400,18007.593590353572
16659.85527323648,1530,18189.85527323648
16670.9519881007,1520,18190.9519881007
17467.84475495014,1500,18967.84475495014
17594.38318292603,1490,19084.38318292603
17661.64413896305,1270,18931.64413896305
17732.121860934847,660,18392.121860934847
17732.121860934847,625,18357.121860934847
17406.67289695409,750,18156.67289695409
17506.44184576469,785,18291.44184576469
18390.15038922851,785,19175.15038922851
18384.801413878715,775,19159.801413878715
18026.661989203283,805,18831.661989203283
16700.538443935435,730,17430.538443935435
15158.150433245974,620,15778.150433245974
13155.8438266364,570,13725.8438266364
11770.417181912686,560,12330.417181912686
11549.87497135218,545,12094.87497135218
11615.508067508888,460,12075.508067508888
11575.153954128311,460,12035.153954128311
11820.877762900314,615,12435.877762900314
13289.468775615185,1020,14309.468775615185
13459.095260486009,1180,14639.095260486009
15045.750193852744,1260,16305.750193852744
16454.25800549403,1400,17854.25800549403
16776.060686354973,1530,18306.060686354973
16705.193426124668,1520,18225.193426124668
16634.690076635867,1500,18134.690076635867
16730.87014796475,1490,18220.87014796475
16708.016553398207,1270,17978.016553398207
16841.78296627087,660,17501.78296627087
16841.78296627087,625,17466.78296627087
16646.66120238038,750,17396.66120238038
16937.37462980926,785,17722.37462980926
18958.96850571863,785,19743.96850571863
19171.537483187778,775,19946.537483187778
18789.560367292706,805,19594.560367292706
17571.242560169005,730,18301.242560169005
15660.73576968141,620,16280.73576968141
13830.351873466525,570,14400.351873466525
11989.375611922127,560,12549.375611922127
11802.923124484909,545,12347.923124484909
11624.036905168965,460,12084.036905168965
11600.856303485407,460,12060.856303485407
11820.877762900314,615,12435.877762900314
13289.468775615185,1020,14309.468775615185
13836.499402246263,1180,15016.499402246263
15166.126741639362,1260,16426.12674163936
16545.664182954773,1400,17945.664182954773
16867.466863815716,1530,18397.466863815716
16705.193426124668,1520,18225.193426124668
16757.35977464431,1500,18257.35977464431
16873.666672730153,1490,18363.666672730153
16850.81307816361,1270,18120.81307816361
16792.962546371713,660,17452.962546371713
16792.962546371713,625,17417.962546371713
16625.866009979865,750,17375.866009979865
17008.84362413891,785,17793.84362413891
19522.894841762365,785,20307.894841762365
19687.903248068444,775,20462.903248068444
18815.28834416681,805,19620.28834416681
17563.691668557934,730,18293.691668557934
15590.126834822539,620,16210.126834822539
13822.641066149328,570,14392.641066149328
12107.431331768556,560,12667.431331768556
11798.566446593648,545,12343.566446593648
11888.799908876128,460,12348.799908876128
11718.428175810728,460,12178.428175810728
11856.26218818281,615,12471.26218818281
13462.45246521398,1020,14482.45246521398
13842.959586733497,1180,15022.959586733497
15004.591376438133,1260,16264.591376438133
16761.38329481448,1400,18161.38329481448
16713.163583913978,1530,18243.163583913978
16761.77078287163,1520,18281.77078287163
17710.988385309836,1500,19210.988385309836
17656.584242005105,1490,19146.584242005105
17633.730647438555,1270,18903.730647438555
17736.699960573056,660,18396.699960573056
17736.44983600706,625,18361.44983600706
17406.67289695409,750,18156.67289695409
17494.614234115423,785,18279.614234115423
19460.40470429145,785,20245.40470429145
18886.23146184746,775,19661.23146184746
17905.06864690915,805,18710.06864690915
16542.62885984041,730,17272.62885984041
15133.769438665784,620,15753.769438665784
13143.021867327247,570,13713.021867327247
11910.563821419515,560,12470.563821419515
11683.631133218045,545,12228.631133218045
11910.849824509321,460,12370.849824509321
11877.816980187423,460,12337.816980187423
11912.211158212756,615,12527.211158212756
13901.037690876417,1020,14921.037690876417
14397.567757593331,1180,15577.567757593331
15343.999136382494,1260,16603.999136382496
17153.264933482576,1400,18553.264933482576
16883.811069062376,1530,18413.811069062376
16769.243766830998,1520,18289.243766830998
17683.07489378534,1500,19183.07489378534
17754.97545550139,1490,19244.97545550139
17732.121860934847,1270,19002.121860934847
17781.05196660679,660,18441.05196660679
17835.7902927333,625,18460.7902927333
17661.64413896305,750,18411.64413896305
17659.47092552082,785,18444.47092552082
20143.72041616668,785,20928.72041616668
20391.93624469249,775,21166.93624469249
18169.235042020373,805,18974.235042020373
16545.02862053299,730,17275.02862053299
15294.011126808484,620,15914.011126808484
13298.455833279346,570,13868.455833279346
11860.74597855843,560,12420.74597855843
11640.485670685013,545,12185.485670685013
11920.863007954462,460,12380.863007954462
11877.816980187423,460,12337.816980187423
12420.98297725378,615,13035.98297725378
14034.046554346342,1020,15054.046554346342
14397.567757593331,1180,15577.567757593331
15477.007999852416,1260,16737.007999852416
17219.782691526383,1400,18619.782691526383
16917.046883318966,1530,18447.046883318966
16870.734884784502,1520,18390.734884784502
17781.466107281634,1500,19281.466107281634
17766.212609158807,1490,19256.212609158807
17726.949202902066,1270,18996.949202902066
17835.7902927333,660,18495.7902927333
17835.7902927333,625,18460.7902927333
17484.537494428107,750,18234.537494428107
17572.478831589437,785,18357.478831589437
19859.607612018226,785,20644.607612018226
19918.8850839571,775,20693.8850839571
18169.235042020373,805,18974.235042020373
16574.994363619437,730,17304.994363619437
15249.049185869966,620,15869.049185869966
13298.455833279346,570,13868.455833279346
11823.371832855477,560,12383.371832855477
11505.339472296671,545,12050.339472296671
11836.817053378256,460,12296.817053378256
11827.252864031085,460,12287.252864031085
12370.418861097442,615,12985.418861097442
14145.235124735456,1020,15165.235124735456
14516.311319996243,1180,15696.311319996243
15469.400727703936,1260,16729.400727703935
17219.782691526383,1400,18619.782691526383
16883.811069062376,1530,18413.811069062376
16870.734884784502,1520,18390.734884784502
17781.466107281634,1500,19281.466107281634
17754.97545550139,1490,19244.97545550139
17732.121860934847,1270,19002.121860934847
17835.7902927333,660,18495.7902927333
17835.7902927333,625,18460.7902927333
17571.529588359484,750,18321.529588359484
17572.478831589437,785,18357.478831589437
20332.65877275362,785,21117.65877275362
20202.997888105543,775,20977.997888105543
18144.72898515719,805,18949.72898515719
16565.804336020574,730,17295.804336020574
15336.42979295918,620,15956.42979295918
13215.37859884602,570,13785.37859884602
11839.155308030011,560,12399.155308030011
11505.339472296671,545,12050.339472296671
11869.442932730073,460,12329.442932730073
11827.252864031085,460,12287.252864031085
12462.019807687439,615,13077.019807687439
14152.790116749247,1020,15172.790116749247
14424.710373406246,1180,15604.710373406246
15449.27082564494,1260,16709.27082564494
17219.782691526383,1400,18619.782691526383
16883.811069062376,1530,18413.811069062376
16769.243766830998,1520,18289.243766830998
17781.466107281634,1500,19281.466107281634
17766.212609158807,1490,19256.212609158807
17743.359014592264,1270,19013.359014592264
17936.278862221476,660,18596.278862221476
17877.671806127524,625,18502.671806127524
17633.730647438555,750,18383.730647438555
17721.671984599896,785,18506.671984599896
20143.72041616668,785,20928.72041616668
20202.997888105543,775,20977.997888105543
18235.468847175736,805,19040.468847175736
16691.046011635884,730,17421.046011635884
15365.100833886414,620,15985.100833886414
13319.03985493972,570,13889.03985493972
12086.766327154446,560,12646.766327154446
11875.451047817296,545,12420.451047817296
11860.423071844141,460,12320.423071844141
12087.26247588371,460,12547.26247588371
12853.174649973209,615,13468.174649973209
14437.932121980717,1020,15457.932121980717
14589.965828976277,1180,15769.965828976277
16065.000624567494,1260,17325.000624567496
17237.07819020436,1400,18637.07819020436
17053.01623755359,1530,18583.01623755359
16736.096111232902,1520,18256.096111232902
16634.690076635867,1500,18134.690076635867
17123.851719662813,1490,18613.851719662813
17116.76314845855,1270,18386.76314845855
17107.733036565813,660,17767.733036565813
16976.96196788098,625,17601.96196788098
16842.511812854562,750,17592.511812854562
17107.824270526366,785,17892.824270526366
19609.32518052094,785,20394.32518052094
19792.05757758936,775,20567.05757758936
19095.72923767843,805,19900.72923767843
17476.752879861928,730,18206.752879861928
15446.445648170038,620,16066.445648170038
13557.48954928433,570,14127.48954928433
12086.766327154446,560,12646.766327154446
11875.451047817296,545,12420.451047817296
11871.379347915155,460,12331.379347915155
12087.26247588371,460,12547.26247588371
12686.137569420818,615,13301.137569420818
14158.28978189904,1020,15178.28978189904
14589.965828976277,1180,15769.965828976277
15770.89513898751,1260,17030.895138987507
16876.55848174927,1400,18276.55848174927
17292.01128546012,1530,18822.01128546012
16969.917476005972,1520,18489.917476005972
16836.121335213586,1500,18336.121335213586
16937.079400813334,1490,18427.079400813334
17049.682610141266,1270,18319.682610141266
17159.49754561878,660,17819.49754561878
17114.523303472102,625,17739.523303472102
16842.511812854562,750,17592.511812854562
17107.824270526366,785,17892.824270526366
19628.33259733502,785,20413.33259733502
19793.3410036411,775,20568.3410036411
19379.062965309862,805,20184.062965309862
17178.10824846958,730,17908.10824846958
15376.010980426816,620,15996.010980426816
13507.448234474943,570,14077.448234474943
12002.406691770064,560,12562.406691770064
11666.76515172511,545,12211.76515172511
11741.043947019449,460,12201.043947019449
11828.665452768533,460,12288.665452768533
12692.115956588315,615,13307.115956588315
14614.822470272127,1020,15634.822470272127
14941.9249216502,1180,16121.9249216502
15705.278444441685,1260,16965.278444441683
17244.08372825351,1400,18644.08372825351
16908.113130890182,1530,18438.113130890182
16736.007952574404,1520,18256.007952574404
17710.988385309836,1500,19210.988385309836
17656.584242005105,1490,19146.584242005105
17633.730647438555,1270,18903.730647438555
17835.7902927333,660,18495.7902927333
17781.05196660679,625,18406.05196660679
17633.730647438555,750,18383.730647438555
17721.671984599896,785,18506.671984599896
19448.579142843537,785,20233.579142843537
19507.856614782402,775,20282.856614782402
18202.522111310984,805,19007.522111310984
16608.223002171275,730,17338.223002171275
15336.42979295918,620,15956.42979295918
13298.455833279346,570,13868.455833279346
11823.371832855477,560,12383.371832855477
11505.339472296671,545,12050.339472296671
11800.937504467176,460,12260.937504467176
11815.836317754614,460,12275.836317754614
12462.019807687439,615,13077.019807687439
14152.790116749247,1020,15172.790116749247
14424.710373406246,1180,15604.710373406246
15375.8920687479,1260,16635.8920687479
17219.782691526383,1400,18619.782691526383
17064.33129886271,1530,18594.33129886271
16964.962139317424,1520,18484.962139317424
17683.07489378534,1500,19183.07489378534
17759.303430573607,1490,19249.303430573607
17781.05196660679,1270,19051.05196660679
17939.856463595712,660,18599.856463595712
17932.91448178874,625,18557.91448178874
17732.121860934847,750,18482.121860934847
17721.671984599896,785,18506.671984599896
20332.65877275362,785,21117.65877275362
20391.93624469249,775,21166.93624469249
18202.522111310984,805,19007.522111310984
16574.994363619437,730,17304.994363619437
15249.049185869966,620,15869.049185869966
13319.03985493972,570,13889.03985493972
11885.118772333177,560,12445.118772333177
11534.719882894668,545,12079.719882894668
11654.906787055434,460,12114.906787055434
11712.817799787466,460,12172.817799787466
12535.777851836185,615,13150.777851836185
14339.153420427278,1020,15359.153420427278
14646.600591361339,1180,15826.600591361339
15409.954114152819,1260,16669.954114152817
17354.517824541927,1400,18754.517824541927
17047.71031643237,1530,18577.71031643237
16964.962139317424,1520,18484.962139317424
17792.70326093905,1500,19292.70326093905
17803.905561173335,1490,19293.905561173335
17781.05196660679,1270,19051.05196660679
18023.568235350147,660,18683.568235350147
17892.79819176599,625,18517.79819176599
17732.121860934847,750,18482.121860934847
17784.29128475653,785,18569.29128475653
20332.65877275362,785,21117.65877275362
20391.93624469249,775,21166.93624469249
18202.522111310984,805,19007.522111310984
16707.666994066225,730,17437.666994066225
15365.100833886414,620,15985.100833886414
13319.03985493972,570,13889.03985493972
11857.60096967128,560,12417.60096967128
11504.766441016385,545,12049.766441016385
11642.385182245605,460,12102.385182245605
11752.542501350339,460,12212.542501350339
12602.999854047357,615,13217.999854047357
14470.700490327097,1020,15490.700490327097
14671.674554001409,1180,15851.674554001409
15306.76132907002,1260,16566.761329070017
17297.11423664664,1400,18697.11423664664
17176.46911248178,1530,18706.46911248178
17177.86940001107,1520,18697.86940001107
18061.552315957873,1500,19561.552315957873
18072.754616192164,1490,19562.754616192164
18001.84840213601,1270,19271.84840213601
18169.44621276052,660,18829.44621276052
18046.50588817247,625,18671.50588817247
18000.970915953672,750,18750.970915953672
18067.153466075022,785,18852.153466075022
20658.031879284033,785,21443.031879284033
21218.88291328688,775,21993.88291328688
19552.81548041888,805,20357.81548041888
16892.82682954559,730,17622.82682954559
15547.2366223589,620,16167.2366223589
13221.921816488359,570,13791.921816488359
11921.108007017054,560,12481.108007017054
11541.005800266254,545,12086.005800266254
11652.846334688036,460,12112.846334688036
11762.424471908407,460,12222.424471908407
12535.777851836185,615,13150.777851836185
14470.700490327097,1020,15490.700490327097
14947.343603846251,1180,16127.343603846251
15582.430378914865,1260,16842.430378914865
17345.550243790687,1400,18745.550243790687
17452.129961521186,1530,18982.129961521186
17495.110382844687,1520,19015.110382844687
18051.192648482793,1500,19551.192648482793
18086.874352962583,1490,19576.874352962583
18064.020758396036,1270,19334.020758396036
18562.576424057217,660,19222.576424057217
18439.63609946917,625,19064.63609946917
18012.208069611097,750,18762.208069611097
18078.39061973244,785,18863.39061973244
21159.605441348016,785,21944.605441348016
20930.41548144853,775,21705.41548144853
19114.338915428554,805,19919.338915428554
16970.1870774849,730,17700.1870774849
15547.2366223589,620,16167.2366223589
13221.921816488359,570,13791.921816488359
12135.277166648144,560,12695.277166648144
11840.592499183791,545,12385.592499183791
11978.846802834794,460,12438.846802834794
12165.488933897866,460,12625.488933897866
13490.140434588806,615,14105.140434588806
15280.473647224477,1020,16300.473647224477
15387.898047915545,1180,16567.898047915543
16480.741481569512,1260,17740.741481569512
17314.88333183892,1400,18714.88333183892
17315.235966472937,1530,18845.235966472937
17082.46327969581,1520,18602.46327969581
17131.360582145982,1500,18631.360582145982
17232.317622645056,1490,18722.317622645056
17209.464028078513,1270,18479.464028078513
17320.03138745537,660,17980.03138745537
17197.095163270045,625,17822.095163270045
17164.79526593456,750,17914.79526593456
17430.10259810296,785,18215.10259810296
20062.753864034083,785,20847.753864034083
20208.754853526094,775,20983.754853526094
19676.057184606932,805,20481.057184606932
17381.58253270313,730,18111.58253270313
15076.311520434441,620,15696.311520434441
13442.994004100574,570,14012.994004100574
12139.096691782937,560,12699.096691782937
11821.6537641153,545,12366.6537641153
11978.846802834794,460,12438.846802834794
12137.38887404956,460,12597.38887404956
13595.242982238999,615,14210.242982238999
15255.933762038845,1020,16275.933762038845
15387.898047915545,1180,16567.898047915543
16480.741481569512,1260,17740.741481569512
17314.88333183892,1400,18714.88333183892
17315.235966472937,1530,18845.235966472937
17082.46327969581,1520,18602.46327969581
17258.810324626662,1500,18758.810324626662
17323.242002786053,1490,18813.242002786053
17300.38840821951,1270,18570.38840821951
17294.840563337744,660,17954.840563337744
17257.701165690578,625,17882.701165690578
17122.53549038931,750,17872.53549038931
17428.232814462095,785,18213.232814462095
20062.753864034083,785,20847.753864034083
20227.76227034017,775,21002.76227034017
19614.32357143807,805,20419.32357143807
17381.58253270313,730,18111.58253270313
15076.311520434441,620,15696.311520434441
13508.689631398784,570,14078.689631398784
11975.042654210212,560,12535.042654210212
11577.966830395048,545,12122.966830395048
11722.161592488374,460,12182.161592488374
11831.740754809425,460,12291.740754809425
13005.594819925242,615,13620.594819925242
14981.000734482448,1020,16001.000734482448
15196.275977747588,1180,16376.275977747588
16078.442769788231,1260,17338.44276978823
17617.212175076245,1400,19017.212175076245
17809.77938807144,1530,19339.77938807144
17746.120635824984,1520,19266.120635824984
18099.245267972405,1500,19599.245267972405
18096.955193052618,1490,19586.955193052618
18102.334921422822,1270,19372.334921422822
18686.863730939167,660,19346.863730939167
18304.73284994206,625,18929.73284994206
18000.970915953672,750,18750.970915953672
18078.39061973244,785,18863.39061973244
21177.298679089945,785,21962.298679089945
21220.166339338615,775,21995.166339338615
19540.989918970972,805,20345.989918970972
16734.297059538985,730,17464.297059538985
14967.736956780082,620,15587.736956780082
13402.061733936305,570,13972.061733936305
11975.042654210212,560,12535.042654210212
11577.966830395048,545,12122.966830395048
11722.161592488374,460,12182.161592488374
11831.740754809425,460,12291.740754809425
12966.116142525638,615,13581.116142525638
15003.207490519724,1020,16023.207490519724
15157.23809364051,1180,16337.23809364051
15984.217565456673,1260,17244.217565456674
17550.03527729501,1400,18950.03527729501
18019.074193967725,1530,19549.074193967725
17989.2683665874,1520,19509.2683665874
18281.071476039444,1500,19781.071476039444
18585.430018623767,1490,20075.430018623767
18562.576424057217,1270,19832.576424057217
18670.476471463942,660,19330.476471463942
18665.117245107347,625,19290.117245107347
18001.84840213601,750,18751.84840213601
18116.083571746964,785,18901.083571746964
21158.291262275874,785,21943.291262275874
21217.568734214743,775,21992.568734214743
19731.69554913074,805,20536.69554913074
16734.297059538985,730,17464.297059538985
14967.736956780082,620,15587.736956780082
13492.118878901778,570,14062.118878901778
11925.776315515128,560,12485.776315515128
11546.791468505846,545,12091.791468505846
11719.086290447482,460,12179.086290447482
11828.665452768533,460,12288.665452768533
12731.840658151192,615,13346.840658151192
14746.369540171945,1020,15766.369540171945
14947.343603846251,1180,16127.343603846251
15602.085659358883,1260,16862.085659358883
17617.212175076245,1400,19017.212175076245
17809.77938807144,1530,19339.77938807144
17734.295074377078,1520,19254.295074377078
18051.192648482793,1500,19551.192648482793
18192.29980732707,1490,19682.29980732707
18231.727229692657,1270,19501.727229692657
18698.385862585714,660,19358.385862585714
18633.332973414057,625,19258.332973414057
18005.298891025886,750,18755.298891025886
18078.39061973244,785,18863.39061973244
21159.605441348016,785,21944.605441348016
20717.309351222906,775,21492.309351222906
18377.002447903018,805,19182.002447903018
16787.901624313086,730,17517.901624313086
15364.95116918709,620,15984.95116918709
13262.69212074514,570,13832.69212074514
11832.092364342767,560,12392.092364342767
11475.386030418389,545,12020.386030418389
11824.295448568426,460,12284.295448568426
11827.252864031085,460,12287.252864031085
12101.875286081342,615,12716.875286081342
13729.901232703516,1020,14749.901232703516
14353.956899351451,1180,15533.956899351451
15373.815214769622,1260,16633.815214769624
16833.378165793114,1400,18233.378165793114
17983.115712304254,1530,19513.115712304254
18059.74608855919,1520,19579.74608855919
18083.68628984685,1500,19583.68628984685
18192.29980732707,1490,19682.29980732707
18231.727229692657,1270,19501.727229692657
18686.863730939167,660,19346.863730939167
18563.92340635113,625,19188.92340635113
18012.208069611097,750,18762.208069611097
18078.39061973244,785,18863.39061973244
21159.605441348016,785,21944.605441348016
21218.88291328688,775,21993.88291328688
18360.381465472678,805,19165.381465472678
16787.901624313086,730,17517.901624313086
15364.95116918709,620,15984.95116918709
13262.69212074514,570,13832.69212074514
11851.311976997657,560,12411.311976997657
11556.886660005413,545,12101.886660005413
11788.41589965734,460,12248.41589965734
11834.51877765303,460,12294.51877765303
12188.39583369979,615,12803.39583369979
13864.321659810208,1020,14884.321659810208
14353.956899351451,1180,15533.956899351451
15358.652950607346,1260,16618.652950607346
17345.550243790687,1400,18745.550243790687
17309.91159353947,1530,18839.91159353947
17495.110382844687,1520,19015.110382844687
18051.192648482793,1500,19551.192648482793
18192.29980732707,1490,19682.29980732707
18169.44621276052,1270,19439.44621276052
18686.863730939167,660,19346.863730939167
18563.92340635113,625,19188.92340635113
18012.208069611097,750,18762.208069611097
18078.39061973244,785,18863.39061973244
21159.605441348016,785,21944.605441348016
21218.88291328688,775,21993.88291328688
18377.002447903018,805,19182.002447903018
16748.202550267215,730,17478.202550267215
15364.95116918709,620,15984.95116918709
13262.69212074514,570,13832.69212074514
11999.268858587677,560,12559.268858587677
11728.529517914376,545,12273.529517914376
11945.290132065265,460,12405.290132065265
12022.631928192328,460,12482.631928192328
12711.942428845943,615,13326.942428845943
14283.592963555171,1020,15303.592963555171
14435.62667055073,1180,15615.62667055073
15758.497571359989,1260,17018.49757135999
17150.289066207675,1400,18550.289066207675
17203.059199028008,1530,18733.059199028008
17082.46327969581,1520,18602.46327969581
17258.810324626662,1500,18758.810324626662
17307.478004524448,1490,18797.478004524448
17300.38840821951,1270,18570.38840821951
17322.749954459516,660,17982.749954459516
17199.81168007283,625,17824.81168007283
17171.70444451976,750,17921.70444451976
17437.011776688163,785,18222.011776688163
20061.47043798236,785,20846.47043798236
20226.47884428844,775,21001.47884428844
19042.0119118295,805,19847.0119118295
17717.79915422973,730,18447.79915422973
15687.497048041247,620,16307.497048041247
13740.489497630308,570,14310.489497630308
11999.268858587677,560,12559.268858587677
11700.845648942273,545,12245.845648942273
11981.169680976347,460,12441.169680976347
12057.148093198615,460,12517.148093198615
12678.460590426073,615,13293.460590426073
14039.670256678452,1020,15059.670256678452
14435.62667055073,1180,15615.62667055073
15758.497571359989,1260,17018.49757135999
17314.88333183892,1400,18714.88333183892
17315.235966472937,1530,18845.235966472937
17082.46327969581,1520,18602.46327969581
17333.96865630468,1500,18833.96865630468
17323.242002786053,1490,18813.242002786053
17300.38840821951,1270,18570.38840821951
17294.840563337744,660,17954.840563337744
17257.701165690578,625,17882.701165690578
17122.53549038931,750,17872.53549038931
17428.232814462095,785,18213.232814462095
20040.226251483873,785,20825.226251483873
20184.941764722793,775,20959.941764722793
19717.040709805216,805,20522.040709805216
17381.58253270313,730,18111.58253270313
15670.876065610904,620,16290.876065610904
13637.401272816898,570,14207.401272816898
11921.108007017054,560,12481.108007017054
11546.791468505846,545,12091.791468505846
11719.086290447482,460,12179.086290447482
11762.424471908407,460,12222.424471908407
12519.020531015369,615,13134.020531015369
14453.94316950628,1020,15473.94316950628
14791.811228228844,1180,15971.811228228844
15582.430378914865,1260,16842.430378914865
17617.212175076245,1400,19017.212175076245
17809.77938807144,1530,19339.77938807144
17734.295074377078,1520,19254.295074377078
18155.256769143845,1500,19655.256769143845
18450.526769096654,1490,19940.526769096654
18510.74118305731,1270,19780.74118305731
18702.260743157232,660,19362.260743157232
18665.117245107347,625,19290.117245107347
18001.84840213601,750,18751.84840213601
18078.39061973244,785,18863.39061973244
21177.298679089945,785,21962.298679089945
21220.166339338615,775,21995.166339338615
19552.81548041888,805,20357.81548041888
16734.297059538985,730,17464.297059538985
14967.736956780082,620,15587.736956780082
13492.118878901778,570,14062.118878901778
11975.042654210212,560,12535.042654210212
11577.966830395048,545,12122.966830395048
11690.986230599174,460,12150.986230599174
11800.565392920227,460,12260.565392920227
13000.926511427166,615,13615.926511427166
14976.33447618574,1020,15996.33447618574
15167.103662587686,1180,16347.103662587686
15984.217565456673,1260,17244.217565456674
17617.212175076245,1400,19017.212175076245
17797.953826623532,1530,19327.953826623532
17734.295074377078,1520,19254.295074377078
18051.192648482793,1500,19551.192648482793
18125.188515989368,1490,19615.188515989368
18102.334921422822,1270,19372.334921422822
18686.863730939167,660,19346.863730939167
18468.310215698446,625,19093.310215698446
18005.298891025886,750,18755.298891025886
18071.73156571323,785,18856.73156571323
21157.61469582688,785,21942.61469582688
21224.559920854368,775,21999.559920854368
19236.30129396759,805,20041.30129396759
16920.574254759875,730,17650.574254759875
15497.623799633875,620,16117.623799633875
13283.276142405506,570,13853.276142405506
11893.840328921147,560,12453.840328921147
11550.440826927708,545,12095.440826927708
11618.18460538515,460,12078.18460538515
11752.542501350339,460,12212.542501350339
12901.103232280502,615,13516.103232280502
15003.207490519724,1020,16023.207490519724
15159.811096348052,1180,16339.811096348052
15885.297400009356,1260,17145.297400009356
17617.212175076245,1400,19017.212175076245
17809.77938807144,1530,19339.77938807144
17746.120635824984,1520,19266.120635824984
18218.79045910731,1500,19718.79045910731
18585.430018623767,1490,20075.430018623767
18562.576424057217,1270,19832.576424057217
18702.260743157232,660,19362.260743157232
18633.332973414057,625,19258.332973414057
18049.901021625617,750,18799.901021625617
18116.083571746964,785,18901.083571746964
21177.298679089945,785,21962.298679089945
21236.57615102881,775,22011.57615102881
19731.69554913074,805,20536.69554913074
16734.297059538985,730,17464.297059538985
15151.295584996828,620,15771.295584996828
13403.597334755392,570,13973.597334755392
11975.042654210212,560,12535.042654210212
11577.966830395048,545,12122.966830395048
11690.986230599174,460,12150.986230599174
11800.565392920227,460,12260.565392920227
13000.926511427166,615,13615.926511427166
14976.33447618574,1020,15996.33447618574
15167.103662587686,1180,16347.103662587686
16030.008812845554,1260,17290.008812845554
17617.212175076245,1400,19017.212175076245
18019.074193967725,1530,19549.074193967725
17961.352824861548,1520,19481.352824861548
18151.67916776961,1500,19651.67916776961
18254.580824259203,1490,19744.580824259203
18427.673174530104,1270,19697.673174530104
18686.863730939167,660,19346.863730939167
18665.117245107347,625,19290.117245107347
18108.786905104607,750,18858.786905104607
18215.354321626946,785,19000.354321626946
20658.031879284033,785,21443.031879284033
20717.309351222906,775,21492.309351222906
20422.64211047011,805,21227.64211047011
17439.660636846053,730,18169.660636846053
15673.099508986475,620,16293.099508986475
13411.450631067153,570,13981.450631067153
12016.704796058848,560,12576.704796058848
11622.67147106281,545,12167.67147106281
11722.161592488374,460,12182.161592488374
11831.740754809425,460,12291.740754809425
13032.101873316364,615,13647.101873316364
14964.379752052115,1020,15984.379752052115
15196.275977747588,1180,16376.275977747588
16216.497178806574,1260,17476.497178806574
17617.212175076245,1400,19017.212175076245
17797.953826623532,1530,19327.953826623532
17734.295074377078,1520,19254.295074377078
17979.837440328665,1500,19479.837440328665
18028.15248559243,1490,19518.15248559243
18049.901021625617,1270,19319.901021625617
18005.298891025886,660,18665.298891025886
18049.901021625617,625,18674.901021625617
17902.577652256023,750,18652.577652256023
18067.153466075022,785,18852.153466075022
20658.031879284033,785,21443.031879284033
21218.88291328688,775,21993.88291328688
20422.64211047011,805,21227.64211047011
16937.649356791582,730,17667.649356791582
14955.909345130816,620,15575.909345130816
13235.152790968958,570,13805.152790968958
12139.096691782937,560,12699.096691782937
11821.6537641153,545,12366.6537641153
11959.908067766302,460,12419.908067766302
12118.45013898107,460,12578.45013898107
13576.304247170508,615,14191.304247170508
15193.865966048206,1020,16213.865966048206
15325.83025192491,1180,16505.830251924912
16418.673685578873,1260,17678.673685578873
17247.708484259038,1400,18647.708484259038
17315.235966472937,1530,18845.235966472937
17205.136053006296,1520,18725.136053006296
17131.360582145982,1500,18631.360582145982
17232.317622645056,1490,18722.317622645056
17209.464028078513,1270,18479.464028078513
17320.03138745537,660,17980.03138745537
17199.81168007283,625,17824.81168007283
17165.04334029919,750,17915.04334029919
17430.352722668955,785,18215.352722668955
20043.746447220015,785,20828.746447220015
20227.76227034017,775,21002.76227034017
19614.32357143807,805,20419.32357143807
17381.58253270313,730,18111.58253270313
15076.311520434441,620,15696.311520434441
13669.380313639449,570,14239.380313639449
12139.096691782937,560,12699.096691782937
11821.6537641153,545,12366.6537641153
11978.846802834794,460,12438.846802834794
12137.38887404956,460,12597.38887404956
13560.431588236785,615,14175.431588236785
15258.505739645707,1020,16278.505739645707
15387.898047915545,1180,16567.898047915543
16480.741481569512,1260,17740.741481569512
17450.559507278973,1400,18850.559507278973
17437.903614280025,1530,18967.903614280025
17205.136053006296,1520,18725.136053006296
17333.96865630468,1500,18833.96865630468
17323.242002786053,1490,18813.242002786053
17300.38840821951,1270,18570.38840821951
17294.840563337744,660,17954.840563337744
17257.701165690578,625,17882.701165690578
17200.10075846468,750,17950.10075846468
17470.45466128218,785,18255.45466128218
19962.66303360987,785,20747.66303360987
20171.391983930618,775,20946.391983930618
19676.057184606932,805,20481.057184606932
17381.58253270313,730,18111.58253270313
15076.311520434441,620,15696.311520434441
13442.994004100574,570,14012.994004100574
11975.042654210212,560,12535.042654210212
11577.966830395048,545,12122.966830395048
11695.65453909725,460,12155.65453909725
11831.740754809425,460,12291.740754809425
13000.926511427166,615,13615.926511427166
14976.33447618574,1020,15996.33447618574
15212.896960177928,1180,16392.896960177928
16013.387830415213,1260,17273.387830415213
17683.696104797604,1400,19083.696104797604
17928.95349276007,1530,19458.95349276007
17989.2683665874,1520,19509.2683665874
18611.920670404004,1500,20111.920670404004
18721.23945715226,1490,20211.23945715226
18686.863730939167,1270,19956.863730939167
18800.26446859638,660,19460.26446859638
18763.120970546475,625,19388.120970546475
18043.72786532887,750,18793.72786532887
18135.24680386444,785,18920.24680386444
21190.10833719094,785,21975.10833719094
21289.14331391445,775,22064.14331391445
19540.989918970972,805,20345.989918970972
16917.85568775572,730,17647.85568775572
15151.295584996828,620,15771.295584996828
13221.921816488359,570,13791.921816488359
11921.108007017054,560,12481.108007017054
11546.791468505846,545,12091.791468505846
11652.846334688036,460,12112.846334688036
11727.762742605517,460,12187.762742605517
12535.777851836185,615,13150.777851836185
14470.700490327097,1020,15490.700490327097
14947.343603846251,1180,16127.343603846251
15831.053172410744,1260,17091.053172410742
17683.696104797604,1400,19083.696104797604
18019.074193967725,1530,19549.074193967725
17989.2683665874,1520,19509.2683665874
18611.920670404004,1500,20111.920670404004
18709.71732550572,1490,20199.71732550572
18686.863730939167,1270,19956.863730939167
18800.26446859638,660,19460.26446859638
18763.120970546475,625,19388.120970546475
18034.34204350007,750,18784.34204350007
18140.9094600224,785,18925.9094600224
21219.787052086907,785,22004.787052086907
21258.771630958607,775,22033.771630958607
19729.2681107198,805,20534.2681107198
17059.948993454447,730,17789.948993454447
15514.289886494147,620,16134.289886494147
13212.056247541183,570,13782.056247541183
11921.108007017054,560,12481.108007017054
11546.791468505846,545,12091.791468505846
11719.086290447482,460,12179.086290447482
11828.665452768533,460,12288.665452768533
12901.522498458748,615,13516.522498458748
15003.207490519724,1020,16023.207490519724
15184.112133075183,1180,16364.112133075183
15885.297400009356,1260,17145.297400009356
17683.952379967675,1400,19083.952379967675
17841.961398828695,1530,19371.961398828695
17989.2683665874,1520,19509.2683665874
18281.071476039444,1500,19781.071476039444
18614.104134853038,1490,20104.104134853038
18686.863730939167,1270,19956.863730939167
18800.26446859638,660,19460.26446859638
18763.120970546475,625,19388.120970546475
18043.72786532887,750,18793.72786532887
18150.295281851206,785,18935.295281851206
21190.10833719094,785,21975.10833719094
21216.89216776575,775,21991.89216776575
20233.70785428589,805,21038.70785428589
16937.649356791582,730,17667.649356791582
15171.089254032688,620,15791.089254032688
13235.152790968958,570,13805.152790968958
11975.042654210212,560,12535.042654210212
11577.966830395048,545,12122.966830395048
11722.161592488374,460,12182.161592488374
11800.565392920227,460,12260.565392920227
12966.116142525638,615,13581.116142525638
14978.905428691924,1020,15998.905428691924
15212.896960177928,1180,16392.896960177928
16013.387830415213,1260,17273.387830415213
17617.212175076245,1400,19017.212175076245
18019.074193967725,1530,19549.074193967725
17989.2683665874,1520,19509.2683665874
18218.79045910731,1500,19718.79045910731
18585.430018623767,1490,20075.430018623767
18562.576424057217,1270,19832.576424057217
18800.26446859638,660,19460.26446859638
18763.120970546475,625,19388.120970546475
18020.1156962589,750,18770.1156962589
18072.498341022092,785,18857.498341022092
21199.49415901974,785,21984.49415901974
21279.064524025773,775,22054.064524025773
20422.64211047011,805,21227.64211047011
16746.94167643045,730,17476.94167643045
14955.909345130816,620,15575.909345130816
13235.152790968958,570,13805.152790968958
11975.042654210212,560,12535.042654210212
11577.966830395048,545,12122.966830395048
11695.65453909725,460,12155.65453909725
11805.231651216938,460,12265.231651216938
13032.101873316364,615,13647.101873316364
14964.379752052115,1020,15984.379752052115
15196.275977747588,1180,16376.275977747588
16146.825185969497,1260,17406.825185969497
17799.1572948222,1400,19199.1572948222
17991.158652241866,1530,19521.158652241866
17961.352824861548,1520,19481.352824861548
18151.67916776961,1500,19651.67916776961
18254.580824259203,1490,19744.580824259203
18510.74118305731,1270,19780.74118305731
18670.476471463942,660,19330.476471463942
18665.117245107347,625,19290.117245107347
18043.72786532887,750,18793.72786532887
18150.295281851206,785,18935.295281851206
21199.49415901974,785,21984.49415901974
21258.771630958607,775,22033.771630958607
20924.219772936813,805,21729.219772936813
17628.590792627543,730,18358.590792627543
16106.099986142648,620,16726.099986142646
13372.603415686606,570,13942.603415686606
12113.17394577958,560,12673.17394577958
11821.6537641153,545,12366.6537641153
11959.908067766302,460,12419.908067766302
12118.45013898107,460,12578.45013898107
13576.304247170508,615,14191.304247170508
15193.865966048206,1020,16213.865966048206
15325.83025192491,1180,16505.830251924912
16393.95645797555,1260,17653.95645797555
17450.559507278973,1400,18850.559507278973
17580.698088844067,1530,19110.698088844067
17347.928477368976,1520,18867.928477368976
17180.528511175762,1500,18680.528511175762
17351.91611901533,1490,18841.91611901533
17329.062524448786,1270,18599.062524448786
17294.840563337744,660,17954.840563337744
17257.701165690578,625,17882.701165690578
17191.37715167535,750,17941.37715167535
17497.07242554678,785,18282.07242554678
20040.226251483873,785,20825.226251483873
20205.23465778996,775,20980.23465778996
19716.048412346685,805,20521.048412346685
17483.30327320902,730,18213.30327320902
15243.81707199773,620,15863.81707199773
13402.004328298211,570,13972.004328298211
12136.05521806449,560,12696.05521806449
11821.6537641153,545,12366.6537641153
11959.908067766302,460,12419.908067766302
12118.45013898107,460,12578.45013898107
13576.304247170508,615,14191.304247170508
15193.865966048206,1020,16213.865966048206
15325.83025192491,1180,16505.830251924912
16506.137325823194,1260,17766.137325823194
17593.35193164165,1400,18993.35193164165
17531.880744246948,1530,19061.880744246948
17299.109082570503,1520,18819.109082570503
17349.732654566295,1500,18849.732654566295
17351.91611901533,1490,18841.91611901533
17329.062524448786,1270,18599.062524448786
17392.84223857551,660,18052.84223857551
17355.70079072699,625,17980.70079072699
17217.97031352362,750,17967.97031352362
17507.901589133435,785,18292.901589133435
19930.05458096961,785,20715.05458096961
20063.055243634102,775,20838.055243634102
19716.048412346685,805,20521.048412346685
17483.30327320902,730,18213.30327320902
15243.81707199773,620,15863.81707199773
13430.572859157415,570,14000.572859157415
12014.174847579878,560,12574.174847579878
11696.872358705441,545,12241.872358705441
11766.866233156135,460,12226.866233156135
11831.740754809425,460,12291.740754809425
13032.101873316364,615,13647.101873316364
14964.379752052115,1020,15984.379752052115
15196.275977747588,1180,16376.275977747588
16216.497178806574,1260,17476.497178806574
17889.27594582849,1400,19289.27594582849
17991.158652241866,1530,19521.158652241866
17961.352824861548,1520,19481.352824861548
18151.67916776961,1500,19651.67916776961
18450.526769096654,1490,19940.526769096654
18427.673174530104,1270,19697.673174530104
18698.385862585714,660,19358.385862585714
18633.332973414057,625,19258.332973414057
18064.020758396036,750,18814.020758396036
18116.083571746964,785,18901.083571746964
21158.291262275874,785,21943.291262275874
21217.568734214743,775,21992.568734214743
20422.64211047011,805,21227.64211047011
17155.544757395553,730,17885.544757395553
15168.661815621741,620,15788.661815621741
13223.327229521046,570,13793.327229521046
12016.704796058848,560,12576.704796058848
11622.67147106281,545,12167.67147106281
11766.866233156135,460,12226.866233156135
11831.740754809425,460,12291.740754809425
13032.101873316364,615,13647.101873316364
14964.379752052115,1020,15984.379752052115
15196.275977747588,1180,16376.275977747588
16216.497178806574,1260,17476.497178806574
17712.167251092174,1400,19112.167251092174
18019.074193967725,1530,19549.074193967725
17989.2683665874,1520,19509.2683665874
18061.552315957873,1500,19561.552315957873
18254.580824259203,1490,19744.580824259203
18562.576424057217,1270,19832.576424057217
18169.44621276052,660,18829.44621276052
18108.786905104607,625,18733.786905104607
18012.208069611097,750,18762.208069611097
18078.39061973244,785,18863.39061973244
21120.9283926804,785,21905.9283926804
21224.559920854368,775,21999.559920854368
20422.64211047011,805,21227.64211047011
17155.544757395553,730,17885.544757395553
15171.089254032688,620,15791.089254032688
13232.842214035567,570,13802.842214035567
11975.042654210212,560,12535.042654210212
11577.966830395048,545,12122.966830395048
11722.161592488374,460,12182.161592488374
11831.740754809425,460,12291.740754809425
13032.101873316364,615,13647.101873316364
14964.379752052115,1020,15984.379752052115
15196.275977747588,1180,16376.275977747588
16216.497178806574,1260,17476.497178806574
17853.31746416502,1400,19253.31746416502
17983.115712304254,1530,19513.115712304254
17961.352824861548,1520,19481.352824861548
18151.67916776961,1500,19651.67916776961
18466.290767358267,1490,19956.290767358267
18443.437172791717,1270,19713.437172791717
18686.863730939167,660,19346.863730939167
18665.117245107347,625,19290.117245107347
18043.72786532887,750,18793.72786532887
18150.295281851206,785,18935.295281851206
21199.49415901974,785,21984.49415901974
21249.385809129806,775,22024.385809129806
20924.219772936813,805,21729.219772936813
17628.590792627543,730,18358.590792627543
16106.099986142648,620,16726.099986142646
13223.327229521046,570,13793.327229521046
12016.704796058848,560,12576.704796058848
11622.67147106281,545,12167.67147106281
11722.161592488374,460,12182.161592488374
11831.740754809425,460,12291.740754809425
13032.101873316364,615,13647.101873316364
14964.379752052115,1020,15984.379752052115
15196.275977747588,1180,16376.275977747588
16216.497178806574,1260,17476.497178806574
17853.31746416502,1400,19253.31746416502
18081.508976001904,1530,19611.508976001904
18059.74608855919,1520,19579.74608855919
18151.67916776961,1500,19651.67916776961
18614.104134853038,1490,20104.104134853038
18686.863730939167,1270,19956.863730939167
18702.260743157232,660,19362.260743157232
18665.117245107347,625,19290.117245107347
18043.72786532887,750,18793.72786532887
18150.295281851206,785,18935.295281851206
21072.305817212546,785,21857.305817212546
21258.771630958607,775,22033.771630958607
20941.91301067874,805,21746.91301067874
17628.590792627543,730,18358.590792627543
15673.099508986475,620,16293.099508986475
13235.152790968958,570,13805.152790968958
12016.704796058848,560,12576.704796058848
11622.67147106281,545,12167.67147106281
11722.161592488374,460,12182.161592488374
11831.740754809425,460,12291.740754809425
13032.101873316364,615,13647.101873316364
14964.379752052115,1020,15984.379752052115
15196.275977747588,1180,16376.275977747588
16216.497178806574,1260,17476.497178806574
17853.31746416502,1400,19253.31746416502
17983.115712304254,1530,19513.115712304254
17961.352824861548,1520,19481.352824861548
18123.44584483286,1500,19623.44584483286
18192.29980732707,1490,19682.29980732707
18308.970616154413,1270,19578.970616154413
18591.250540286488,660,19251.250540286488
18563.92340635113,625,19188.92340635113
18046.50588817247,750,18796.50588817247
18108.41581865834,785,18893.41581865834
19964.657879533726,785,20749.657879533726
19845.055282760728,775,20620.055282760728
18393.668534763292,805,19198.668534763292
16757.934856125958,730,17487.934856125958
15379.405088779278,620,15999.405088779278
13236.374710979871,570,13806.374710979871
12108.008463451559,560,12668.008463451559
11844.24185760565,545,12389.24185760565
11917.060909531243,460,12377.060909531243
12168.894318357816,460,12628.894318357816
13503.135635912933,615,14118.135635912933
15193.981802425076,1020,16213.981802425076
15325.946088301784,1180,16505.946088301782
16139.881153961169,1260,17399.88115396117
17148.019493301494,1400,18548.019493301494
17242.12373575278,1530,18772.12373575278
16970.282411848166,1520,18490.282411848166
17229.346880873556,1500,18729.346880873556
17060.059704327916,1490,18550.059704327916
16914.538461954282,1270,18184.538461954282
17170.97457283539,660,17830.97457283539
17115.243949250358,625,17740.243949250358
17220.520764016197,750,17970.520764016197
17442.18443472094,785,18227.18443472094
20061.47043798236,785,20846.47043798236
20226.47884428844,775,21001.47884428844
19392.723456975502,805,20197.723456975502
17680.9959896057,730,18410.9959896057
15076.311520434441,620,15696.311520434441
13708.69189962817,570,14278.69189962817
12457.953233288703,560,13017.953233288703
12190.759715868555,545,12735.759715868555
12422.508327066067,460,12882.508327066067
12606.936240659696,460,13066.936240659696
13463.604678378631,615,14078.604678378631
15220.164924001234,1020,16240.164924001234
15427.911827870264,1180,16607.911827870266
16463.0943733582,1260,17723.0943733582
19180.375901253297,1400,20580.375901253297
19699.521739178937,1530,21229.521739178937
19530.693807738062,1520,21050.693807738062
19415.230567512113,1500,20915.230567512113
19572.26369052548,1490,21062.26369052548
19549.410095958934,1270,20819.410095958934
19540.37895896552,660,20200.37895896552
19503.235460915625,625,20128.235460915625
19355.36673798411,750,20105.36673798411
19453.354061812366,785,20238.354061812366
22231.11242944228,785,23016.11242944228
22457.6945332111,775,23232.6945332111
22088.846906829272,805,22893.846906829272
18860.341519065874,730,19590.341519065874
15242.85962796233,620,15862.85962796233
13579.560992031807,570,14149.560992031807
12164.199357242052,560,12724.199357242052
11740.855328494274,545,12285.855328494274
11924.561571208975,460,12384.561571208975
12034.138683328665,460,12494.138683328665
12858.557453645451,615,13473.557453645451
14910.616296672564,1020,15930.616296672564
15046.790671043245,1180,16226.790671043245
15910.138664794997,1260,17170.138664795
17544.981530941142,1400,18944.981530941142
17912.683094762393,1530,19442.683094762393
18020.671300827624,1520,19540.671300827624
18266.674962085348,1500,19766.674962085348
18252.446564642825,1490,19742.446564642825
18229.592970076275,1270,19499.592970076275
18259.622269404903,660,18919.622269404903
18150.990300112448,625,18775.990300112448
18309.2207407204,750,19059.2207407204
18389.812106004007,785,19174.812106004007
21899.231983793336,785,22684.231983793336
21958.509455732205,775,22733.509455732205
20762.145204777746,805,21567.145204777746
17686.597139722842,730,18416.597139722842
15707.086722041724,620,16327.086722041724
13696.628514822432,570,14266.628514822432
12112.257505771395,560,12672.257505771395
11740.855328494274,545,12285.855328494274
11955.736933098175,460,12415.736933098175
12065.314045217865,460,12525.314045217865
12944.772521261164,615,13559.772521261164
14865.887053588476,1020,15885.887053588476
15085.826504948964,1180,16265.826504948964
16004.365919327915,1260,17264.365919327916
17770.708700742594,1400,19170.708700742594
18097.847030644476,1530,19627.847030644476
18247.73110151346,1520,19767.73110151346
18205.189423281125,1500,19705.189423281125
19041.905301358747,1490,20531.905301358747
19019.05170679221,1270,20289.05170679221
19128.930198511902,660,19788.930198511902
19091.786700462013,625,19716.786700462013
18319.82233195604,750,19069.82233195604
18262.178870501564,785,19047.178870501564
21712.866629913944,785,22497.866629913944
21820.727723494812,775,22595.727723494812
20762.145204777746,805,21567.145204777746
17662.12593628279,730,18392.12593628279
15682.614493500987,620,16302.614493500987
13724.031506208135,570,14294.031506208135
12164.199357242052,560,12724.199357242052
11740.855328494274,545,12285.855328494274
11924.561571208975,460,12384.561571208975
12038.806991826737,460,12498.806991826737
12940.106262964451,615,13555.106262964451
14865.887053588476,1020,15885.887053588476
15102.447487379304,1180,16282.447487379304
15910.138664794997,1260,17170.138664795
17806.667182406058,1400,19206.667182406058
18097.847030644476,1530,19627.847030644476
18247.73110151346,1520,19767.73110151346
18314.120721972224,1500,19814.120721972224
18850.50260273638,1490,20340.50260273638
18827.649008169832,1270,20097.649008169832
19077.299977648057,660,19737.299977648057
19040.15647959816,625,19665.15647959816
18150.990300112448,750,18900.990300112448
18215.171853705855,785,19000.171853705855
21755.787595397986,785,22540.787595397986
21751.851208785647,775,22526.851208785647
20951.08356136468,805,21756.08356136468
18381.742513448706,730,19111.742513448706
15897.792352201495,620,16517.792352201497
13730.163658477673,570,14300.163658477673
12164.199357242052,560,12724.199357242052
11740.855328494274,545,12285.855328494274
11955.736933098175,460,12415.736933098175
12065.314045217865,460,12525.314045217865
12944.772521261164,615,13559.772521261164
14870.55331188519,1020,15890.55331188519
15085.826504948964,1180,16265.826504948964
16158.11461976161,1260,17418.11461976161
17770.708700742594,1400,19170.708700742594
18196.240294342126,1530,19726.240294342126
18346.126415412466,1520,19866.126415412466
18623.137322047816,1500,20123.137322047816
18850.50260273638,1490,20340.50260273638
18827.649008169832,1270,20097.649008169832
18827.649008169832,660,19487.649008169832
18704.708683581794,625,19329.708683581794
18229.592970076275,750,18979.592970076275
18382.902927418807,785,19167.902927418807
21916.925221535268,785,22701.925221535268
21976.202693474137,775,22751.202693474137
20067.0039314546,805,20872.0039314546
17673.9514977307,730,18403.9514977307
15877.998683165635,620,16497.998683165635
13678.357120296814,570,14248.357120296814
12164.199357242052,560,12724.199357242052
11740.855328494274,545,12285.855328494274
11924.561571208975,460,12384.561571208975
12034.138683328665,460,12494.138683328665
12940.106262964451,615,13555.106262964451
14865.887053588476,1020,15885.887053588476
15102.447487379304,1180,16282.447487379304
15910.138664794997,1260,17170.138664795
17544.981530941142,1400,18944.981530941142
17956.692717168917,1530,19486.692717168917
18275.64869344067,1520,19795.64869344067
18348.48414697715,1500,19848.48414697715
18266.674962085348,1490,19756.674962085348
18229.592970076275,1270,19499.592970076275
18219.86476462026,660,18879.86476462026
18259.622269404903,625,18884.622269404903
18325.6305524106,750,19075.6305524106
18378.574952346593,785,19163.574952346593
21397.654321326638,785,22182.654321326638
21456.931793265503,775,22231.931793265503
20067.0039314546,805,20872.0039314546
17857.50807574608,730,18587.50807574608
15694.4400549489,620,16314.4400549489
13766.876614241839,570,14336.876614241839
12457.953233288703,560,13017.953233288703
12190.759715868555,545,12735.759715868555
12422.508327066067,460,12882.508327066067
12633.444319151502,460,13093.444319151502
13648.492862177716,615,14263.492862177716
15278.775055397226,1020,16298.775055397226
15363.272054272762,1180,16543.272054272762
16504.623252118396,1260,17764.623252118396
19065.129982371567,1400,20465.129982371567
19569.903908759432,1530,21099.903908759432
19530.693807738062,1520,21050.693807738062
19415.230567512113,1500,20915.230567512113
19395.97507633341,1490,20885.97507633341
19416.042447250908,1270,20686.042447250908
19465.077113192245,660,20125.077113192245
19357.90078686581,625,19982.90078686581
19407.011310257483,750,20157.011310257483
19504.998634085732,785,20289.998634085732
22294.326287993485,785,23079.326287993485
22507.975721579667,775,23282.975721579667
22088.846906829272,805,22893.846906829272
18860.341519065874,730,19590.341519065874
15242.85962796233,620,15862.85962796233
13620.852047434182,570,14190.852047434182
12457.953233288703,560,13017.953233288703
12190.759715868555,545,12735.759715868555
12449.016405557868,460,12909.016405557868
12633.444319151502,460,13093.444319151502
13648.492862177716,615,14263.492862177716
15278.775055397226,1020,16298.775055397226
15363.272054272762,1180,16543.272054272762
16504.623252118396,1260,17764.623252118396
19180.375901253297,1400,20580.375901253297
19569.903908759432,1530,21099.903908759432
19401.075977318567,1520,20921.075977318567
19447.57659437821,1500,20947.57659437821
19438.89604181745,1490,20928.89604181745
19416.042447250908,1270,20686.042447250908
19480.841111453854,660,20140.841111453854
19386.574903095083,625,20011.574903095083
19355.36673798411,750,20105.36673798411
19504.998634085732,785,20289.998634085732
22294.326287993485,785,23079.326287993485
22603.15836994663,775,23378.15836994663
22090.130332881006,805,22895.130332881006
18941.256816164452,730,19671.256816164452
15389.554610614903,620,16009.554610614903
13562.992289736167,570,14132.992289736167
12205.861499090692,560,12765.861499090692
11785.559969162037,545,12330.559969162037
11955.736933098175,460,12415.736933098175
12065.314045217865,460,12525.314045217865
12971.281624853653,615,13586.281624853653
14853.932329454847,1020,15873.932329454847
14943.612237369969,1180,16123.612237369969
16032.867818642899,1260,17292.8678186429
17770.708700742594,1400,19170.708700742594
18196.240294342126,1530,19726.240294342126
18346.126415412466,1520,19866.126415412466
18391.36205823262,1500,19891.36205823262
18850.50260273638,1490,20340.50260273638
18827.649008169832,1270,20097.649008169832
19077.299977648057,660,19737.299977648057
19091.786700462013,625,19716.786700462013
18135.716299976022,750,18885.716299976022
18130.201258316018,785,18915.201258316018
21692.573736846785,785,22477.573736846785
21772.14410185281,775,22547.14410185281
21452.661223831383,805,22257.661223831383
18381.742513448706,730,19111.742513448706
16402.230045566226,620,17022.230045566226
14329.003898591654,570,14899.003898591654
12205.861499090692,560,12765.861499090692
11740.855328494274,545,12285.855328494274
11955.736933098175,460,12415.736933098175
12065.314045217865,460,12525.314045217865
12971.281624853653,615,13586.281624853653
14853.932329454847,1020,15873.932329454847
15067.343939683202,1180,16247.343939683202
16212.978008171121,1260,17472.97800817112
17716.550581601132,1400,19116.550581601132
18097.847030644476,1530,19627.847030644476
18247.73110151346,1520,19767.73110151346
18228.781090337478,1500,19728.781090337478
18281.510219130607,1490,19771.510219130607
18314.932601711025,1270,19584.932601711025
18623.949201786607,660,19283.949201786607
18501.008877198572,625,19126.008877198572
18219.86476462026,750,18969.86476462026
18284.04631821366,785,19069.04631821366
21771.17845701197,785,22556.17845701197
21830.45592895083,775,22605.45592895083
20951.08356136468,805,21756.08356136468
17877.300719681254,730,18607.300719681254
15897.792352201495,620,16517.792352201497
13696.628514822432,570,14266.628514822432
12205.861499090692,560,12765.861499090692
11785.559969162037,545,12330.559969162037
11955.736933098175,460,12415.736933098175
12065.314045217865,460,12525.314045217865
12971.281624853653,615,13586.281624853653
14853.932329454847,1020,15873.932329454847
15085.826504948964,1180,16265.826504948964
16158.11461976161,1260,17418.11461976161
17880.339118097658,1400,19280.339118097658
18207.477447999547,1530,19737.477447999547
18357.363569069883,1520,19877.363569069883
18320.1257617574,1500,19820.1257617574
18646.802796353164,1490,20136.802796353164
18623.949201786607,1270,19893.949201786607
18827.649008169832,660,19487.649008169832
18704.708683581794,625,19329.708683581794
18171.283193179614,750,18921.283193179614
18235.46474677302,785,19020.46474677302
21755.787595397986,785,22540.787595397986
21751.851208785647,775,22526.851208785647
20951.08356136468,805,21756.08356136468
17662.12593628279,730,18392.12593628279
15897.792352201495,620,16517.792352201497
13788.73996155122,570,14358.73996155122
12164.199357242052,560,12724.199357242052
11740.855328494274,545,12285.855328494274
11924.561571208975,460,12384.561571208975
12034.138683328665,460,12494.138683328665
12905.29384386156,615,13520.29384386156
14868.45800609466,1020,15888.45800609466
15102.447487379304,1180,16282.447487379304
15939.310979954891,1260,17199.31097995489
17770.708700742594,1400,19170.708700742594
18097.847030644476,1530,19627.847030644476
18247.73110151346,1520,19767.73110151346
18208.785476467605,1500,19708.785476467605
18343.79123606275,1490,19833.79123606275
18572.1139607867,1270,19842.1139607867
19050.835978485502,660,19710.835978485502
19040.15647959816,625,19665.15647959816
18259.622269404903,750,19009.622269404903
18159.45968193306,785,18944.45968193306
21692.573736846785,785,22477.573736846785
21751.851208785647,775,22526.851208785647
21164.193791993028,805,21969.193791993028
18381.742513448706,730,19111.742513448706
16402.230045566226,620,17022.230045566226
13682.220724760855,570,14252.220724760855
12110.264710048898,560,12670.264710048898
11709.679966605076,545,12254.679966605076
11924.561571208975,460,12384.561571208975
12034.138683328665,460,12494.138683328665
12940.106262964451,615,13555.106262964451
14865.887053588476,1020,15885.887053588476
15085.826504948964,1180,16265.826504948964
15955.93196238524,1260,17215.931962385243
17770.708700742594,1400,19170.708700742594
18097.847030644476,1530,19627.847030644476
18346.126415412466,1520,19866.126415412466
18170.471313440816,1500,19670.471313440816
18850.50260273638,1490,20340.50260273638
19046.96109791398,1270,20316.96109791398
19128.930198511902,660,19788.930198511902
19091.786700462013,625,19716.786700462013
18135.716299976022,750,18885.716299976022
18368.239887287833,785,19153.239887287833
21660.098547294958,785,22445.098547294958
21617.487162216374,775,22392.487162216374
21452.661223831383,805,22257.661223831383
18570.67881983429,730,19300.67881983429
16835.23052272241,620,17455.23052272241
14412.743348064456,570,14982.743348064456
12332.491161027125,560,12892.491161027125
12167.951225731942,545,12712.951225731942
12363.12424465645,460,12823.12424465645
12587.997505591207,460,13047.997505591207
13629.55412710923,615,14244.55412710923
15216.707259406588,1020,16236.707259406588
15378.642413873138,1180,16558.642413873138
16562.2287848477,1260,17822.2287848477
19377.847195903032,1400,20777.847195903032
19698.869775146268,1530,21228.869775146268
19587.611497910882,1520,21107.611497910882
19517.734484937744,1500,21017.734484937744
19572.26369052548,1490,21062.26369052548
19549.410095958934,1270,20819.410095958934
19540.37895896552,660,20200.37895896552
19567.324755447808,625,20192.324755447808
19357.90078686581,750,20107.90078686581
19504.998634085732,785,20289.998634085732
22458.797541543092,785,23243.797541543092
22622.1657867607,775,23397.1657867607
22062.03437343542,805,22867.03437343542
18860.341519065874,730,19590.341519065874
15242.85962796233,620,15862.85962796233
13562.537145034112,570,14132.537145034112
12406.011381818042,560,12966.011381818042
12190.759715868555,545,12735.759715868555
12403.569591997575,460,12863.569591997575
12587.997505591207,460,13047.997505591207
13629.55412710923,615,14244.55412710923
15216.707259406588,1020,16236.707259406588
15363.272054272762,1180,16543.272054272762
16578.42025009299,1260,17838.42025009299
19309.341767640126,1400,20709.341767640126
19646.95662649465,1530,21176.95662649465
19598.547271968295,1520,21118.547271968295
19517.734484937744,1500,21017.734484937744
19572.26369052548,1490,21062.26369052548
19549.410095958934,1270,20819.410095958934
19540.37895896552,660,20200.37895896552
19503.235460915625,625,20128.235460915625
19445.34802549924,750,20195.34802549924
19601.224834945235,785,20386.224834945235
22160.08525350585,785,22945.08525350585
22323.45349872346,775,23098.45349872346
22071.12291606694,805,22876.12291606694
18941.256816164452,730,19671.256816164452
15389.554610614903,620,16009.554610614903
13491.116330436445,570,14061.116330436445
12294.083713838432,560,12854.083713838432
11904.395790626168,545,12449.395790626168
11837.532573653105,460,12297.532573653105
12091.556622633474,460,12551.556622633474
12971.281624853653,615,13586.281624853653
14853.932329454847,1020,15873.932329454847
15067.343939683202,1180,16247.343939683202
16088.258108802082,1260,17348.25810880208
17869.40334404024,1400,19269.40334404024
18083.749846089035,1530,19613.749846089035
18263.66321628663,1520,19783.66321628663
19076.488097909256,1500,20576.488097909256
19151.78379307845,1490,20641.78379307845
19154.21328169075,1270,20424.21328169075
19164.08090083929,660,19824.08090083929
19126.937402789405,625,19751.937402789405
18978.107135419774,750,19728.107135419774
19054.44228267878,785,19839.44228267878
22219.13515309369,785,23004.13515309369
22001.213099872024,775,22776.213099872024
21324.603596647292,805,22129.603596647292
19070.940253027486,730,19800.940253027486
17354.495272326956,620,17974.495272326956
14914.98322557063,570,15484.98322557063
12678.918810430167,560,13238.918810430167
12289.232937419267,545,12834.232937419267
11837.532573653105,460,12297.532573653105
12091.556622633474,460,12551.556622633474
12971.281624853653,615,13586.281624853653
14853.932329454847,1020,15873.932329454847
15008.671277145711,1180,16188.671277145711
16088.258108802082,1260,17348.25810880208
17794.503337733644,1400,19194.503337733644
18121.643717836898,1530,19651.643717836898
18233.63391695801,1520,19753.63391695801
18623.137322047816,1500,20123.137322047816
18850.50260273638,1490,20340.50260273638
18827.649008169832,1270,20097.649008169832
18218.2184529277,660,18878.2184529277
18318.721373825396,625,18943.721373825396
18215.998084854178,750,18965.998084854178
18308.0972303748,785,19093.0972303748
21208.72006514242,785,21993.72006514242
20763.55779351519,775,21538.55779351519
20078.829492902507,805,20883.829492902507
17722.049221650243,730,18452.049221650243
16087.223782215659,620,16707.22378221566
13678.357120296814,570,14248.357120296814
12141.440071938096,560,12701.440071938096
11714.348275103148,545,12259.348275103148
11924.561571208975,460,12384.561571208975
12034.138683328665,460,12494.138683328665
12940.106262964451,615,13555.106262964451
14865.887053588476,1020,15885.887053588476
15102.447487379304,1180,16282.447487379304
15910.138664794997,1260,17170.138664795
17716.550581601132,1400,19116.550581601132
18133.80551230795,1530,19663.80551230795
18247.73110151346,1520,19767.73110151346
18348.48414697715,1500,19848.48414697715
18850.50260273638,1490,20340.50260273638
19019.05170679221,1270,20289.05170679221
19019.05170679221,660,19679.05170679221
18981.908208742316,625,19606.908208742316
18150.990300112448,750,18900.990300112448
18215.171853705855,785,19000.171853705855
21692.573736846785,785,22477.573736846785
21772.14410185281,775,22547.14410185281
21470.350361170593,805,22275.350361170593
19089.94766984156,730,19819.94766984156
17354.495272326956,620,17974.495272326956
14914.98322557063,570,15484.98322557063
12294.083713838432,560,12854.083713838432
11782.207889937463,545,12327.207889937463
11955.736933098175,460,12415.736933098175
12065.314045217865,460,12525.314045217865
12944.772521261164,615,13559.772521261164
14870.55331188519,1020,15890.55331188519
15085.826504948964,1180,16265.826504948964
16004.365919327915,1260,17264.365919327916
17806.667182406058,1400,19206.667182406058
18097.847030644476,1530,19627.847030644476
18247.73110151346,1520,19767.73110151346
18170.471313440816,1500,19670.471313440816
18594.967555353254,1490,20084.967555353254
18623.949201786607,1270,19893.949201786607
19019.05170679221,660,19679.05170679221
18981.908208742316,625,19606.908208742316
18150.990300112448,750,18900.990300112448
18293.774523669686,785,19078.774523669686
21771.17845701197,785,22556.17845701197
21830.45592895083,775,22605.45592895083
21452.661223831383,805,22257.661223831383
18570.67881983429,730,19300.67881983429
16835.23052272241,620,17455.23052272241
13682.220724760855,570,14252.220724760855
12205.861499090692,560,12765.861499090692
11785.559969162037,545,12330.559969162037
12000.439523564573,460,12460.439523564573
12065.314045217865,460,12525.314045217865
12994.504255665104,615,13609.504255665104
14819.02355088801,1020,15839.02355088801
15067.343939683202,1180,16247.343939683202
16088.258108802082,1260,17348.25810880208
17869.40334404024,1400,19269.40334404024
18121.643717836898,1530,19651.643717836898
18233.63391695801,1520,19753.63391695801
18826.837128431034,1500,20326.837128431034
19041.905301358747,1490,20531.905301358747
19050.835978485502,1270,20320.835978485502
19077.299977648057,660,19737.299977648057
19040.15647959816,625,19665.15647959816
18150.990300112448,750,18900.990300112448
18215.171853705855,785,19000.171853705855
21712.866629913944,785,22497.866629913944
21751.851208785647,775,22526.851208785647
21470.350361170593,805,22275.350361170593
18570.67881983429,730,19300.67881983429
16835.23052272241,620,17455.23052272241
14914.98322557063,570,15484.98322557063
12820.621552769691,560,13380.621552769691
12609.965413169975,545,13154.965413169975
12369.048301487885,460,12829.048301487885
12799.976025068507,460,13259.976025068507
13794.700922007147,615,14409.700922007147
15145.109102391238,1020,16165.109102391238
15291.673897257402,1180,16471.673897257402
16636.454274906653,1260,17896.454274906653
19309.341767640126,1400,20709.341767640126
19646.95662649465,1530,21176.95662649465
19497.695816839303,1520,21017.695816839303
19489.06036870847,1500,20989.06036870847
19541.399959243092,1490,21031.399959243092
19489.87224844727,1270,20759.87224844727
19509.515227683125,660,20169.515227683125
19386.574903095083,625,20011.574903095083
19415.691862818247,750,20165.691862818247
19504.998634085732,785,20289.998634085732
22294.326287993485,785,23079.326287993485
22457.6945332111,775,23232.6945332111
22088.846906829272,805,22893.846906829272
18914.4442827706,730,19644.4442827706
15296.962391667059,620,15916.962391667059
13491.116330436445,570,14061.116330436445
12454.911759570261,560,13014.911759570261
12190.759715868555,545,12735.759715868555
12363.12424465645,460,12823.12424465645
12587.997505591207,460,13047.997505591207
13641.906590306806,615,14256.906590306806
15173.403931368795,1020,16193.403931368795
15310.30202681977,1180,16490.302026819772
16562.2287848477,1260,17822.2287848477
19377.847195903032,1400,20777.847195903032
19698.869775146268,1530,21228.869775146268
19530.041843705396,1520,21050.041843705396
19489.06036870847,1500,20989.06036870847
19512.725843013817,1490,21002.725843013817
19489.87224844727,1270,20759.87224844727
19540.37895896552,660,20200.37895896552
19503.235460915625,625,20128.235460915625
19412.317231378707,750,20162.317231378707
19583.330677469967,785,20368.330677469967
22457.51411549136,785,23242.51411549136
22622.1657867607,775,23397.1657867607
22062.03437343542,805,22867.03437343542
18860.341519065874,730,19590.341519065874
15242.85962796233,620,15862.85962796233
13562.537145034112,570,14132.537145034112
12205.861499090692,560,12765.861499090692
11785.559969162037,545,12330.559969162037
11955.736933098175,460,12415.736933098175
12065.314045217865,460,12525.314045217865
12971.281624853653,615,13586.281624853653
14853.932329454847,1020,15873.932329454847
15008.671277145711,1180,16188.671277145711
16212.978008171121,1260,17472.97800817112
17869.40334404024,1400,19269.40334404024
18121.643717836898,1530,19651.643717836898
18271.527788705873,1520,19791.527788705873
18826.837128431034,1500,20326.837128431034
19100.1535722146,1490,20590.1535722146
19077.299977648057,1270,20347.299977648057
19154.21328169075,660,19814.21328169075
19117.06978364086,625,19742.06978364086
18919.858864563925,750,19669.858864563925
18970.09084809985,785,19755.09084809985
21941.935627933162,785,22726.935627933162
22001.213099872024,775,22776.213099872024
21324.603596647292,805,22129.603596647292
19070.940253027486,730,19800.940253027486
17354.495272326956,620,17974.495272326956
15587.408267818386,570,16157.408267818386
13258.307765135509,560,13818.307765135509
12731.321957206961,545,13276.321957206961
12026.097793592415,460,12486.097793592415
12251.400571712216,460,12711.400571712216
13072.879353277907,615,13687.879353277907
14835.449764189088,1020,15855.449764189088
14972.33350823054,1180,16152.33350823054
16024.82487870529,1260,17284.82487870529
17794.503337733644,1400,19194.503337733644
18083.749846089035,1530,19613.749846089035
18233.63391695801,1520,19753.63391695801
19018.239827053414,1500,20518.239827053414
19100.1535722146,1490,20590.1535722146
19077.299977648057,1270,20347.299977648057
19136.032096025003,660,19796.032096025003
19098.888597975114,625,19723.888597975114
18919.858864563925,750,19669.858864563925
19027.978283516233,785,19812.978283516233
22219.13515309369,785,23004.13515309369
22278.41262503255,775,23053.41262503255
21324.603596647292,805,22129.603596647292
19070.940253027486,730,19800.940253027486
17335.487855512885,620,17955.487855512885
15587.408267818386,570,16157.408267818386
13246.180824087594,560,13806.180824087594
12731.321957206961,545,13276.321957206961
12026.097793592415,460,12486.097793592415
12251.400571712216,460,12711.400571712216
12971.281624853653,615,13586.281624853653
14819.02355088801,1020,15839.02355088801
14905.956188979935,1180,16085.956188979935
15995.209720051504,1260,17255.209720051505
17794.503337733644,1400,19194.503337733644
18121.643717836898,1530,19651.643717836898
18233.63391695801,1520,19753.63391695801
19018.239827053414,1500,20518.239827053414
19100.1535722146,1490,20590.1535722146
19077.299977648057,1270,20347.299977648057
19154.21328169075,660,19814.21328169075
19117.06978364086,625,19742.06978364086
18438.95953302018,750,19188.95953302018
18503.141086613592,785,19288.141086613592
21692.573736846785,785,22477.573736846785
21830.45592895083,775,22605.45592895083
20762.145204777746,805,21567.145204777746
17662.12593628279,730,18392.12593628279
15897.792352201495,620,16517.792352201497
13717.374502390288,570,14287.374502390288
12164.199357242052,560,12724.199357242052
11740.855328494274,545,12285.855328494274
11955.736933098175,460,12415.736933098175
12065.314045217865,460,12525.314045217865
12940.106262964451,615,13555.106262964451
14865.887053588476,1020,15885.887053588476
15085.826504948964,1180,16265.826504948964
16158.11461976161,1260,17418.11461976161
17770.708700742594,1400,19170.708700742594
18097.847030644476,1530,19627.847030644476
18247.73110151346,1520,19767.73110151346
18320.1257617574,1500,19820.1257617574
18850.50260273638,1490,20340.50260273638
18652.623318015885,1270,19922.623318015885
18623.949201786607,660,19283.949201786607
18501.008877198572,625,19126.008877198572
18191.992277122972,750,18941.992277122972
18130.201258316018,785,18915.201258316018
21627.906285530913,785,22412.906285530913
21721.063334953604,775,22496.063334953604
21452.661223831383,805,22257.661223831383
18570.67881983429,730,19300.67881983429
16835.23052272241,620,17455.23052272241
13684.802953374523,570,14254.802953374523
12205.861499090692,560,12765.861499090692
11785.559969162037,545,12330.559969162037
11955.736933098175,460,12415.736933098175
12065.314045217865,460,12525.314045217865
12940.106262964451,615,13555.106262964451
14865.887053588476,1020,15885.887053588476
15102.447487379304,1180,16282.447487379304
15955.93196238524,1260,17215.931962385243
17806.667182406058,1400,19206.667182406058
18133.80551230795,1530,19663.80551230795
18247.73110151346,1520,19767.73110151346
18228.781090337478,1500,19728.781090337478
18228.85489758646,1490,19718.85489758646
18258.65662456406,1270,19528.65662456406
18827.649008169832,660,19487.649008169832
18501.008877198572,625,19126.008877198572
18150.990300112448,750,18900.990300112448
18184.38603007517,785,18969.38603007517
21692.573736846785,785,22477.573736846785
21815.065067336847,775,22590.065067336847
20951.08356136468,805,21756.08356136468
18381.742513448706,730,19111.742513448706
16402.230045566226,620,17022.230045566226
13684.802953374523,570,14254.802953374523
12454.911759570261,560,13014.911759570261
12190.759715868555,545,12735.759715868555
12403.569591997575,460,12863.569591997575
12587.997505591207,460,13047.997505591207
13629.55412710923,615,14244.55412710923
15216.707259406588,1020,16236.707259406588
15363.272054272762,1180,16543.272054272762
16578.42025009299,1260,17838.42025009299
19377.847195903032,1400,20777.847195903032
19698.869775146268,1530,21228.869775146268
19497.695816839303,1520,21017.695816839303
19548.59821622014,1500,21048.59821622014
19572.26369052548,1490,21062.26369052548
19549.410095958934,1270,20819.410095958934
19540.37895896552,660,20200.37895896552
19503.235460915625,625,20128.235460915625
19357.90078686581,750,20107.90078686581
19455.89016089542,785,20240.89016089542
22143.70619483606,785,22928.70619483606
22307.07444005366,775,23082.07444005366
22090.130332881006,805,22895.130332881006
18941.256816164452,730,19671.256816164452
15389.554610614903,620,16009.554610614903
13644.695889257895,570,14214.695889257895
12538.452339511085,560,13098.452339511085
12327.796199911367,545,12872.796199911367
12319.820916618655,460,12779.820916618655
12587.997505591207,460,13047.997505591207
13629.55412710923,615,14244.55412710923
15216.707259406588,1020,16236.707259406588
15363.272054272762,1180,16543.272054272762
16578.42025009299,1260,17838.42025009299
19309.991681471438,1400,20709.991681471438
19699.521739178937,1530,21229.521739178937
19530.693807738062,1520,21050.693807738062
19517.22808520168,1500,21017.22808520168
19512.055427168907,1490,21002.055427168907
19489.201832602357,1270,20759.201832602357
19412.317231378707,660,20072.317231378707
19412.317231378707,625,20037.317231378707
19170.090041027197,750,19920.090041027197
19502.41538037138,785,20287.41538037138
22376.598818392777,785,23161.598818392777
22539.967063610384,775,23314.967063610384
21786.333545469482,805,22591.333545469482
18992.909589243263,730,19722.909589243263
15618.516998163364,620,16238.516998163364
13651.087391999552,570,14221.087391999552
12164.199357242052,560,12724.199357242052
11740.855328494274,545,12285.855328494274
11955.736933098175,460,12415.736933098175
12065.314045217865,460,12525.314045217865
12971.281624853653,615,13586.281624853653
14853.932329454847,1020,15873.932329454847
15085.826504948964,1180,16265.826504948964
16158.11461976161,1260,17418.11461976161
17770.708700742594,1400,19170.708700742594
18097.847030644476,1530,19627.847030644476
18247.73110151346,1520,19767.73110151346
18266.769271347934,1500,19766.769271347934
18089.654426007546,1490,19579.654426007546
18243.91567678139,1270,19513.91567678139
17988.938284168344,660,18648.938284168344
17988.938284168344,625,18613.938284168344
17445.07316843802,750,18195.07316843802
17566.14575958656,785,18351.14575958656
19643.77676418437,785,20428.77676418437
19703.054236123236,775,20478.054236123236
19130.968098664333,805,19935.968098664333
17735.633855865544,730,18465.633855865544
16067.863730767564,620,16687.863730767564
13659.604953552138,570,14229.604953552138
12431.257561372402,560,12991.257561372402
12119.718188522598,545,12664.718188522598
12495.147986372602,460,12955.147986372602
12604.726123592976,460,13064.726123592976
13322.507770541162,615,13937.507770541162
15157.419536460917,1020,16177.419536460917
15097.921667875793,1180,16277.921667875793
15861.136802075429,1260,17121.13680207543
17331.5904227264,1400,18731.5904227264
18305.483223640036,1530,19835.483223640036
18687.384482084766,1520,20207.384482084766
18872.75958870699,1500,20372.75958870699
18883.99674236441,1490,20373.99674236441
18954.847600983827,1270,20224.847600983827
19643.91822807825,660,20303.91822807825
19689.72382687665,625,20314.72382687665
18953.95371319061,750,19703.95371319061
18940.836524885523,785,19725.836524885523
20899.30982640559,785,21684.30982640559
21028.076823260446,775,21803.076823260446
20401.555789476395,805,21206.555789476395
19110.275416331853,730,19840.275416331853
16953.500488611022,620,17573.500488611022
15016.565577484682,570,15586.565577484682
12460.122346328213,560,13020.122346328213
12162.474112797114,545,12707.474112797114
12537.903910647121,460,12997.903910647121
12602.77843230041,460,13062.77843230041
13320.560079248597,615,13935.560079248597
15070.177317963546,1020,16090.177317963546
15093.969904753247,1180,16273.969904753247
16134.940168682135,1260,17394.940168682137
17732.423240534852,1400,19132.423240534852
18549.463336154855,1530,20079.463336154855
18892.876164457142,1520,20412.876164457142
19291.757190570308,1500,20791.757190570308
19864.300522932637,1490,21354.300522932637
19841.44692836608,1270,21111.44692836608
19413.52890038282,660,20073.52890038282
19290.588575794773,625,19915.588575794773
18703.99111310558,750,19453.99111310558
18490.649209723484,785,19275.649209723484
20492.377659549373,785,21277.377659549373
20620.250768611008,775,21395.250768611008
19873.247601670264,805,20678.247601670264
18226.765742400014,730,18956.765742400014
16439.30896227326,620,17059.30896227326
13990.103563484037,570,14560.103563484037
12431.257561372402,560,12991.257561372402
12119.718188522598,545,12664.718188522598
12495.147986372602,460,12955.147986372602
12604.726123592976,460,13064.726123592976
13327.28986521475,615,13942.28986521475
15157.419536460917,1020,16177.419536460917
15110.590887183584,1180,16290.590887183584
15886.41988525428,1260,17146.41988525428
17594.553349638965,1400,18994.553349638965
18390.308254733278,1530,19920.308254733278
18733.72313323692,1520,20253.72313323692
19189.523899724267,1500,20689.523899724267
19745.161271667126,1490,21235.161271667126
19538.43536807567,1270,20808.43536807567
19107.640907583493,660,19767.640907583493
19066.848051111745,625,19691.848051111745
18896.874057110304,750,19646.874057110304
18848.025959492777,785,19633.025959492777
20856.21049340317,785,21641.21049340317
20984.08360246481,775,21759.08360246481
20401.555789476395,805,21206.555789476395
19015.40849897443,730,19745.40849897443
16858.63357125359,620,17478.63357125359
14923.071269938177,570,15493.071269938177
12460.122346328213,560,13020.122346328213
12162.474112797114,545,12707.474112797114
12537.903910647121,460,12997.903910647121
12602.77843230041,460,13062.77843230041
13320.560079248597,615,13935.560079248597
15070.177317963546,1020,16090.177317963546
15093.969904753247,1180,16273.969904753247
16242.41582440721,1260,17502.41582440721
17732.423240534852,1400,19132.423240534852
18549.463336154855,1530,20079.463336154855
18892.876164457142,1520,20412.876164457142
18977.701195550377,1500,20477.701195550377
18976.80730775715,1490,20466.80730775715
18953.95371319061,1270,20223.95371319061
18849.905994140445,660,19509.905994140445
18861.14314779786,625,19486.14314779786
18703.99111310558,750,19453.99111310558
18690.873924800497,785,19475.873924800497
20692.60032442502,785,21477.60032442502
20820.47343348665,775,21595.47343348665
20274.865646599825,805,21079.865646599825
18885.58154801615,730,19615.58154801615
16728.80764539599,620,17348.80764539599
14828.679999296408,570,15398.679999296408
12775.180889813477,560,13335.180889813477
12615.0160842218,545,13160.0160842218
12960.944509593537,460,13420.944509593537
13145.372423187166,460,13605.372423187166
13998.744137118263,615,14613.744137118263
15482.306745268874,1020,16502.306745268874
15449.880760549717,1180,16629.880760549717
16686.648329717413,1260,17946.648329717413
19238.495009423426,1400,20638.495009423426
19869.587992241602,1530,21399.587992241602
19906.333751227536,1520,21426.333751227536
20115.77617162178,1500,21615.77617162178
20433.15554304724,1490,21923.15554304724
20514.25125786555,1270,21784.25125786555
20514.870418676455,660,21174.870418676455
20391.930094088406,625,21016.930094088406
20083.891440061812,750,20833.891440061812
20154.350710221363,785,20939.350710221363
22572.91379947514,785,23357.91379947514
22694.46203733934,775,23469.46203733934
22303.39022820867,805,23108.39022820867
20602.912215704448,730,21332.912215704448
17580.327002397793,620,18200.327002397793
15828.110108357614,570,16398.110108357614
13206.843610581867,560,13766.843610581867
13099.166010022767,545,13644.166010022767
13040.6378866812,460,13500.6378866812
13265.511147615958,460,13725.511147615958
13998.744137118263,615,14613.744137118263
15482.306745268874,1020,16502.306745268874
15696.27396006595,1180,16876.273960065948
16927.4250026063,1260,18187.4250026063
19503.832069511554,1400,20903.832069511554
20141.92854017752,1530,21671.92854017752
20198.241420948973,1520,21718.241420948973
20640.24433227952,1500,22140.24433227952
20640.24433227952,1490,22130.24433227952
20617.390737712976,1270,21887.390737712976
20545.734149958836,660,21205.734149958836
20508.59065190895,625,21133.59065190895
20332.36559395906,750,21082.36559395906
20368.984240460628,785,21153.984240460628
22630.606465762266,785,23415.606465762266
22756.474477893236,775,23531.474477893236
22286.847153430033,805,23091.847153430033
20649.17295920491,730,21379.17295920491
17626.587745898243,620,18246.587745898243
16195.07975029313,570,16765.07975029313
13933.632817207828,560,14493.632817207828
13529.29928057616,545,14074.29928057616
12948.332695923837,460,13408.332695923837
12996.302282258348,460,13456.302282258348
13811.617133433412,615,14426.617133433412
15175.476684944353,1020,16195.476684944353
15227.989517493941,1180,16407.98951749394
16303.671740659056,1260,17563.671740659054
17584.509413173408,1400,18984.509413173408
18538.22618249744,1530,20068.22618249744
18881.639010799725,1520,20401.639010799725
18976.80730775715,1500,20476.80730775715
19210.934152532955,1490,20700.934152532955
19202.501674336836,1270,20472.501674336836
19812.664151464698,660,20472.664151464698
19689.72382687665,625,20314.72382687665
18896.874057110304,750,19646.874057110304
18848.025959492777,785,19633.025959492777
20856.21049340317,785,21641.21049340317
20984.08360246481,775,21759.08360246481
20567.16285457977,805,21372.16285457977
19256.19029736672,730,19986.19029736672
17343.479540416483,620,17963.479540416483
15421.638211706844,570,15991.638211706844
13766.46349866768,560,14326.46349866768
13362.129962036011,545,13907.129962036011
12948.332695923837,460,13408.332695923837
12996.302282258348,460,13456.302282258348
13840.337379193299,615,14455.337379193299
15204.196930704244,1020,16224.196930704244
15276.4091230271,1180,16456.4091230271
16352.091346192215,1260,17612.091346192217
17832.444364112813,1400,19232.444364112813
18638.2473060754,1530,20168.2473060754
18971.931928921666,1520,20491.931928921666
19555.283922857034,1500,21055.283922857034
20101.843003175178,1490,21591.843003175178
20078.98940860864,1270,21348.98940860864
20207.76665647029,660,20867.76665647029
20112.73572300402,625,20737.73572300402
19027.990584724394,750,19777.990584724394
18940.836524885523,785,19725.836524885523
20899.30982640559,785,21684.30982640559
21027.182935467226,775,21802.182935467226
20549.469616837843,805,21354.469616837843
19256.19029736672,730,19986.19029736672
17195.56468795436,620,17815.56468795436
15421.638211706844,570,15991.638211706844
13317.952223117922,560,13877.952223117922
13050.918621403902,545,13595.918621403902
12948.332695923837,460,13408.332695923837
12996.302282258348,460,13456.302282258348
13883.583301592995,615,14498.583301592995
15247.44285310394,1020,16267.44285310394
15322.902564381979,1180,16502.902564381977
16374.868058207736,1260,17634.868058207736
18054.667739789,1400,19454.667739789
18815.05257101034,1530,20345.05257101034
19215.786979153487,1520,20735.786979153487
19864.300522932637,1500,21364.300522932637
20101.843003175178,1490,21591.843003175178
20078.98940860864,1270,21348.98940860864
20016.36395784791,660,20676.36395784791
19689.72382687665,625,20314.72382687665
18896.874057110304,750,19646.874057110304
18848.025959492777,785,19633.025959492777
20856.21049340317,785,21641.21049340317
20984.08360246481,775,21759.08360246481
20401.555789476395,805,21206.555789476395
19108.27441980391,730,19838.27441980391
17195.56468795436,620,17815.56468795436
15421.638211706844,570,15991.638211706844
13182.3990597595,560,13742.3990597595
13050.918621403902,545,13595.918621403902
12919.61142506327,460,13379.61142506327
12996.302282258348,460,13456.302282258348
13840.337379193299,615,14455.337379193299
15204.196930704244,1020,16224.196930704244
15227.989517493941,1180,16407.98951749394
16303.671740659056,1260,17563.671740659054
17832.444364112813,1400,19232.444364112813
18894.702893869435,1530,20424.702893869435
19215.786979153487,1520,20735.786979153487
19151.78379307845,1500,20651.78379307845
19555.283922857034,1490,21045.283922857034
19706.54367883897,1270,20976.54367883897
19778.82147760537,660,20438.82147760537
18953.95371319061,625,19578.95371319061
18609.12009534544,750,19359.12009534544
18490.649209723484,785,19275.649209723484
20492.377659549373,785,21277.377659549373
20691.78639448486,775,21466.78639448486
20274.865646599825,805,21079.865646599825
18809.371463040134,730,19539.371463040134
16728.80764539599,620,17348.80764539599
14295.984380578606,570,14865.984380578606
12452.068130283118,560,13012.068130283118
12117.770497230034,545,12662.770497230034
12493.200295080042,460,12953.200295080042
12602.77843230041,460,13062.77843230041
13320.560079248597,615,13935.560079248597
15070.177317963546,1020,16090.177317963546
15093.969904753247,1180,16273.969904753247
16134.940168682135,1260,17394.940168682137
17584.509413173408,1400,18984.509413173408
18538.22618249744,1530,20068.22618249744
18881.639010799725,1520,20401.639010799725
19225.355268903382,1500,20725.355268903382
19291.757190570308,1490,20781.757190570308
19202.501674336836,1270,20472.501674336836
19125.455107205693,660,19785.455107205693
18953.95371319061,625,19578.95371319061
18703.99111310558,750,19453.99111310558
18690.873924800497,785,19475.873924800497
20692.60032442502,785,21477.60032442502
20725.606516129228,775,21500.606516129228
20126.090734666934,805,20931.090734666934
18243.431829260287,730,18973.431829260287
16425.7222778566,620,17045.7222778566
14174.594008219168,570,14744.594008219168
12725.914551118392,560,13285.914551118392
12588.508005729995,545,13133.508005729995
12934.436431101729,460,13394.436431101729
13118.864344695361,460,13578.864344695361
13977.018153300047,615,14592.018153300047
15541.093193981877,1020,16561.093193981877
15466.501742980054,1180,16646.501742980054
16595.510728634905,1260,17855.510728634905
18592.111624857942,1400,19992.111624857942
19438.034957245993,1530,20968.034957245993
19906.333751227536,1520,21426.333751227536
20115.77617162178,1500,21615.77617162178
20344.283414468195,1490,21834.283414468195
20341.150706789205,1270,21611.150706789205
20486.196302447177,660,21146.196302447177
20363.25597785913,625,20988.25597785913
20057.318780227146,750,20807.318780227146
20094.435625659356,785,20879.435625659356
22649.861956940968,785,23434.861956940968
22771.410194805165,775,23546.410194805165
22217.22026502289,805,23022.22026502289
20105.998761333103,730,20835.998761333103
16774.81723922977,620,17394.81723922977
15034.420781134102,570,15604.420781134102
12738.531490291489,560,13298.531490291489
12615.0160842218,545,13160.0160842218
12960.944509593537,460,13420.944509593537
13145.372423187166,460,13605.372423187166
13998.744137118263,615,14613.744137118263
15482.306745268874,1020,16502.306745268874
15449.880760549717,1180,16629.880760549717
16900.620670017885,1260,18160.620670017885
19406.662776026187,1400,20806.662776026187
20110.77983090601,1530,21640.77983090601
20142.352931859165,1520,21662.352931859165
20091.591996372208,1500,21591.591996372208
20055.861087059762,1490,21545.861087059762
20033.00749249322,1270,21303.00749249322
19956.122891269566,660,20616.122891269566
19956.122891269566,625,20581.122891269566
19356.40413987257,750,20106.40413987257
19931.442567290735,785,20716.442567290735
22624.94585980566,785,23409.94585980566
22578.328381268468,775,23353.328381268468
21806.476773837327,805,22611.476773837327
20051.895997628377,730,20781.895997628377
16720.71447552505,620,17340.71447552505
14764.854155639061,570,15334.854155639061
12452.068130283118,560,13012.068130283118
12117.770497230034,545,12662.770497230034
12493.200295080042,460,12953.200295080042
12602.77843230041,460,13062.77843230041
13322.507770541162,615,13937.507770541162
15115.254070178256,1020,16135.254070178256
15093.969904753247,1180,16273.969904753247
16134.940168682135,1260,17394.940168682137
17594.553349638965,1400,18994.553349638965
18400.352191198825,1530,19930.352191198825
18735.72412976486,1520,20255.72412976486
18976.80730775715,1500,20476.80730775715
19113.46963005166,1490,20603.46963005166
19090.61603548511,1270,20360.61603548511
19104.044854397005,660,19764.044854397005
19066.848051111745,625,19691.848051111745
19007.697691657235,750,19757.697691657235
18970.863774012792,785,19755.863774012792
20899.30982640559,785,21684.30982640559
21027.182935467226,775,21802.182935467226
20401.555789476395,805,21206.555789476395
19110.275416331853,730,19840.275416331853
16953.500488611022,620,17573.500488611022
14923.071269938177,570,15493.071269938177
12460.122346328213,560,13020.122346328213
12162.474112797114,545,12707.474112797114
12537.903910647121,460,12997.903910647121
12602.77843230041,460,13062.77843230041
13320.560079248597,615,13935.560079248597
15070.177317963546,1020,16090.177317963546
15093.969904753247,1180,16273.969904753247
16242.41582440721,1260,17502.41582440721
17775.364708032503,1400,19175.364708032503
18581.16764999509,1530,20111.16764999509
18982.554022170905,1520,20502.554022170905
19898.143196791963,1500,21398.143196791963
20101.843003175178,1490,21591.843003175178
20078.98940860864,1270,21348.98940860864
20207.76665647029,660,20867.76665647029
20228.87142927625,625,20853.87142927625
19035.957667211664,750,19785.957667211664
19022.840478906583,785,19807.840478906583
20917.919504155707,785,21702.919504155707
21017.4547300112,775,21792.4547300112
20549.469616837843,805,21354.469616837843
19108.27441980391,730,19838.27441980391
17195.56468795436,620,17815.56468795436
15048.507714682744,570,15618.507714682744
12690.86430865767,560,13250.86430865767
12469.9458861475,545,13014.9458861475
12537.903910647121,460,12997.903910647121
12602.77843230041,460,13062.77843230041
13320.560079248597,615,13935.560079248597
15070.177317963546,1020,16090.177317963546
15093.969904753247,1180,16273.969904753247
16134.940168682135,1260,17394.940168682137
17331.5904227264,1400,18731.5904227264
18233.980400987944,1530,19763.980400987944
18607.030940158988,1520,20127.030940158988
18724.84371114419,1500,20224.84371114419
18726.844707672124,1490,20216.844707672124
18703.99111310558,1270,19973.99111310558
18701.99011657764,660,19361.99011657764
18703.99111310558,625,19328.99111310558
18575.297923499707,750,19325.297923499707
18490.649209723484,785,19275.649209723484
20563.913285423234,785,21348.913285423234
20691.78639448486,775,21466.78639448486
20274.865646599825,805,21079.865646599825
18276.378565125044,730,19006.378565125044
16425.7222778566,620,17045.7222778566
14191.25804487808,570,14761.25804487808
12402.801791588035,560,12962.801791588035
12091.26241873823,545,12636.26241873823
12495.147986372602,460,12955.147986372602
12576.270353808606,460,13036.270353808606
13320.560079248597,615,13935.560079248597
15086.798300393883,1020,16106.798300393883
15093.969904753247,1180,16273.969904753247
15882.468122131733,1260,17142.468122131733
17546.21575216023,1400,18946.21575216023
18400.352191198825,1530,19930.352191198825
18735.72412976486,1520,20255.72412976486
18919.727651676843,1500,20419.727651676843
18976.80730775715,1490,20466.80730775715
19090.61603548511,1270,20360.61603548511
19413.52890038282,660,20073.52890038282
19018.248027858852,625,19643.248027858852
18983.980962317877,750,19733.980962317877
18940.836524885523,785,19725.836524885523
20899.30982640559,785,21684.30982640559
21028.076823260446,775,21803.076823260446
20401.555789476395,805,21206.555789476395
19110.275416331853,730,19840.275416331853
16953.500488611022,620,17573.500488611022
15016.565577484682,570,15586.565577484682
12509.877658047795,560,13069.877658047795
12250.195053312187,545,12795.195053312187
12537.903910647121,460,12997.903910647121
12602.77843230041,460,13062.77843230041
13320.560079248597,615,13935.560079248597
15070.177317963546,1020,16090.177317963546
15093.969904753247,1180,16273.969904753247
16134.940168682135,1260,17394.940168682137
17592.552353111016,1400,18992.552353111016
18390.308254733278,1530,19920.308254733278
18733.72313323692,1520,20253.72313323692
18872.75958870699,1500,20372.75958870699
18919.727651676843,1490,20409.727651676843
18896.874057110304,1270,20166.874057110304
18849.905994140445,660,19509.905994140445
18701.99011657764,625,19326.99011657764
18701.99011657764,750,19451.99011657764
18688.872928272554,785,19473.872928272554
20692.60032442502,785,21477.60032442502
20820.47343348665,775,21595.47343348665
20274.865646599825,805,21079.865646599825
18885.58154801615,730,19615.58154801615
16728.80764539599,620,17348.80764539599
14295.984380578606,570,14865.984380578606
12775.180889813477,560,13335.180889813477
12615.0160842218,545,13160.0160842218
12960.944509593537,460,13420.944509593537
13118.864344695361,460,13578.864344695361
13998.744137118263,615,14613.744137118263
15498.927727699214,1020,16518.927727699214
15449.880760549717,1180,16629.880760549717
16551.216128239266,1260,17811.216128239266
18592.111624857942,1400,19992.111624857942
19438.034957245993,1530,20968.034957245993
19906.333751227536,1520,21426.333751227536
19988.007622829537,1500,21488.007622829537
20115.77617162178,1490,21605.77617162178
20092.92257705523,1270,21362.92257705523
20486.196302447177,660,21146.196302447177
20313.649305738192,625,20938.649305738192
20173.319173209577,750,20923.319173209577
20154.350710221363,785,20939.350710221363
22606.914338839237,785,23391.914338839237
22694.46203733934,775,23469.46203733934
22328.306325343983,805,23133.306325343983
20602.912215704448,730,21332.912215704448
17412.16333619776,620,18032.16333619776
15155.609208659514,570,15725.609208659514
13169.185511990469,560,13729.185511990469
12903.031446660143,545,13448.031446660143
13040.6378866812,460,13500.6378866812
13265.511147615958,460,13725.511147615958
13998.744137118263,615,14613.744137118263
15482.306745268874,1020,16502.306745268874
15625.079692718631,1180,16805.07969271863
16927.4250026063,1260,18187.4250026063
18806.944024629192,1400,20206.944024629192
19325.42354711263,1530,20855.42354711263
19362.169306098567,1520,20882.169306098567
19988.007622829537,1500,21488.007622829537
20055.861087059762,1490,21545.861087059762
20092.92257705523,1270,21362.92257705523
20452.353628587847,660,21112.353628587847
20391.930094088406,625,21016.930094088406
20173.319173209577,750,20923.319173209577
20223.485550301968,785,21008.485550301968
22606.914338839237,785,23391.914338839237
22694.46203733934,775,23469.46203733934
22328.306325343983,805,23133.306325343983
20434.746499303055,730,21164.746499303055
17412.16333619776,620,18032.16333619776
15073.086553694226,570,15643.086553694226
12872.860683437635,560,13432.860683437635
12469.9458861475,545,13014.9458861475
12504.95717478237,460,12964.95717478237
12602.77843230041,460,13062.77843230041
13320.560079248597,615,13935.560079248597
15070.177317963546,1020,16090.177317963546
15093.969904753247,1180,16273.969904753247
16242.41582440721,1260,17502.41582440721
17499.682331878816,1400,18899.682331878816
18398.351194670886,1530,19928.351194670886
18733.72313323692,1520,20253.72313323692
18883.99674236441,1500,20383.99674236441
19006.834556884427,1490,20496.834556884427
18993.990045360297,1270,20263.990045360297
19309.57959099796,660,19969.57959099796
19536.74190175182,625,20161.74190175182
18944.225507734587,750,19694.225507734587
18941.730412678746,785,19726.730412678746
20900.20371419881,785,21685.20371419881
21028.076823260446,775,21803.076823260446
20590.79552566334,805,21395.79552566334
19108.27441980391,730,19838.27441980391
17195.56468795436,620,17815.56468795436
15421.638211706844,570,15991.638211706844
13317.952223117922,560,13877.952223117922
13050.918621403902,545,13595.918621403902
12919.61142506327,460,13379.61142506327
12929.92496300774,460,13389.92496300774
13577.824471479385,615,14192.824471479385
15282.71759261365,1020,16302.71759261365
15276.4091230271,1180,16456.4091230271
16346.917663058755,1260,17606.917663058754
17833.338251906032,1400,19233.338251906032
18638.2473060754,1530,20168.2473060754
19011.68738350495,1520,20531.68738350495
19555.283922857034,1500,21055.283922857034
20101.843003175178,1490,21591.843003175178
19903.963718454685,1270,21173.963718454685
19812.664151464698,660,20472.664151464698
19290.588575794773,625,19915.588575794773
18861.14314779786,750,19611.14314779786
18836.78880583536,785,19621.78880583536
20856.21049340317,785,21641.21049340317
20984.08360246481,775,21759.08360246481
20567.16285457977,805,21372.16285457977
19108.27441980391,730,19838.27441980391
17195.56468795436,620,17815.56468795436
15421.638211706844,570,15991.638211706844
12933.116101425505,560,13493.116101425505
12469.9458861475,545,13014.9458861475
12598.613448236363,460,13058.613448236363
12597.25416473429,460,13057.25416473429
13577.824471479385,615,14192.824471479385
15211.523325266326,1020,16231.523325266326
15227.989517493941,1180,16407.98951749394
16303.671740659056,1260,17563.671740659054
17832.444364112813,1400,19232.444364112813
18708.417497843104,1530,20238.417497843104
18981.660134377682,1520,20501.660134377682
19113.46963005166,1500,20613.46963005166
19555.283922857034,1490,21045.283922857034
19268.903596003765,1270,20538.903596003765
18953.95371319061,660,19613.95371319061
18954.847600983827,625,19579.847600983827
18849.905994140445,750,19599.905994140445
18688.872928272554,785,19473.872928272554
20711.630293454054,785,21496.630293454054
20818.47243695871,775,21593.47243695871
20401.555789476395,805,21206.555789476395
19110.275416331853,730,19840.275416331853
16953.500488611022,620,17573.500488611022
15048.507714682744,570,15618.507714682744
12690.86430865767,560,13250.86430865767
12469.9458861475,545,13014.9458861475
12549.284578399784,460,13009.284578399784
12597.25416473429,460,13057.25416473429
13577.824471479385,615,14192.824471479385
15211.523325266326,1020,16231.523325266326
15264.243228153331,1180,16444.243228153333
16376.68761191526,1260,17636.68761191526
17594.553349638965,1400,18994.553349638965
18638.2473060754,1530,20168.2473060754
18981.660134377682,1520,20501.660134377682
19113.46963005166,1500,20613.46963005166
19193.119952910747,1490,20683.119952910747
19090.61603548511,1270,20360.61603548511
18954.847600983827,660,19614.847600983827
18954.847600983827,625,19579.847600983827
18954.847600983827,750,19704.847600983827
18940.836524885523,785,19725.836524885523
20899.30982640559,785,21684.30982640559
21027.182935467226,775,21802.182935467226
20567.16285457977,805,21372.16285457977
19256.19029736672,730,19986.19029736672
17273.975664090976,620,17893.975664090976
15421.638211706844,570,15991.638211706844
13317.952223117922,560,13877.952223117922
13050.918621403902,545,13595.918621403902
12948.332695923837,460,13408.332695923837
12967.58101139778,460,13427.58101139778
13811.617133433412,615,14426.617133433412
15175.476684944353,1020,16195.476684944353
15227.989517493941,1180,16407.98951749394
16303.671740659056,1260,17563.671740659054
17832.444364112813,1400,19232.444364112813
18815.05257101034,1530,20345.05257101034
19118.32245667218,1520,20638.32245667218
20101.843003175178,1500,21601.843003175178
20293.24570179756,1490,21783.24570179756
20078.98940860864,1270,21348.98940860864
20016.36395784791,660,20676.36395784791
19893.423633259874,625,20518.423633259874
19596.784098798184,750,20346.784098798184
19480.365464738188,785,20265.365464738188
21155.902777690782,785,21940.902777690782
21096.547398100218,775,21871.547398100218
20611.1560753754,805,21416.1560753754
19256.19029736672,730,19986.19029736672
17361.172778158416,620,17981.172778158416
15421.638211706844,570,15991.638211706844
13813.81699949333,560,14373.81699949333
13606.497562607981,545,14151.497562607981
13311.194759433401,460,13771.194759433401
13536.068020368159,460,13996.068020368159
14515.693184286025,615,15130.693184286025
15658.222222813316,1020,16678.222222813318
15784.179418703476,1180,16964.179418703476
17217.41675915626,1260,18477.41675915626
19721.530650784916,1400,21121.530650784916
20423.476542423872,1530,21953.476542423872
20515.62079237443,1520,22035.62079237443
20668.153723401287,1500,22168.153723401287
20640.24433227952,1490,22130.24433227952
20617.390737712976,1270,21887.390737712976
20545.734149958836,660,21205.734149958836
20572.67994644113,625,21197.67994644113
20361.039710188325,750,21111.039710188325
20431.501030549232,785,21216.501030549232
22646.985524432053,785,23431.985524432053
22772.85353656303,775,23547.85353656303
22282.73854990341,805,23087.73854990341
20647.715266037525,730,21377.715266037525
17654.89692628533,620,18274.89692628533
16231.631765250484,570,16801.631765250484
13857.062921893024,560,14417.062921893024
13649.743485007679,545,14194.743485007679
13311.194759433401,460,13771.194759433401
13536.068020368159,460,13996.068020368159
14515.693184286025,615,15130.693184286025
15658.222222813316,1020,16678.222222813318
15625.796238094155,1180,16805.796238094154
17170.091961149657,1260,18430.091961149657
19717.231378531746,1400,21117.231378531746
20451.31417649802,1530,21981.31417649802
20663.17173409504,1520,22183.17173409504
20640.24433227952,1500,22140.24433227952
20640.24433227952,1490,22130.24433227952
20617.390737712976,1270,21887.390737712976
20637.87224930531,660,21297.87224930531
20600.72875125542,625,21225.72875125542
20477.70026800887,750,21227.70026800887
20548.161588369778,785,21333.161588369778
22763.646082252588,785,23548.646082252588
22889.514094383572,775,23664.514094383572
22282.73854990341,805,23087.73854990341
20647.715266037525,730,21377.715266037525
17654.89692628533,620,18274.89692628533
16195.07975029313,570,16765.07975029313
14004.6733194531,560,14564.6733194531
13600.339782821437,545,14145.339782821437
12996.752301456996,460,13456.752301456996
12996.302282258348,460,13456.302282258348
13840.337379193299,615,14455.337379193299
15204.196930704244,1020,16224.196930704244
15227.989517493941,1180,16407.98951749394
16352.091346192215,1260,17612.091346192217
18054.667739789,1400,19454.667739789
18984.895352124702,1530,20514.895352124702
19560.136749477566,1520,21080.136749477566
20351.493972653407,1500,21851.493972653407
20428.407276696096,1490,21918.407276696096
20405.55368212956,1270,21675.55368212956
20352.795850517377,660,21012.795850517377
20315.652352467485,625,20940.652352467485
20135.931701197784,750,20885.931701197784
20031.666660803392,785,20816.666660803392
21614.627131318346,785,22399.627131318346
21687.776265662986,775,22462.776265662986
20689.358956073924,805,21494.358956073924
19386.3760335631,730,20116.3760335631
17473.66117621015,620,18093.66117621015
16092.754200385863,570,16662.75420038586
13980.124208361347,560,14540.124208361347
13600.339782821437,545,14145.339782821437
12948.332695923837,460,13408.332695923837
12996.302282258348,460,13456.302282258348
13577.824471479385,615,14192.824471479385
15282.71759261365,1020,16302.71759261365
15227.989517493941,1180,16407.98951749394
16303.671740659056,1260,17563.671740659054
17775.364708032503,1400,19175.364708032503
18578.779165409996,1530,20108.779165409996
18924.580478297376,1520,20444.580478297376
19898.143196791963,1500,21398.143196791963
20293.24570179756,1490,21783.24570179756
20270.392107231004,1270,21540.392107231004
20317.64514818999,660,20977.64514818999
20280.5016501401,625,20905.5016501401
20019.79599492555,750,20769.79599492555
19947.315226224462,785,20732.315226224462
21170.707281715637,785,21955.707281715637
21255.515911197985,775,22030.515911197985
20610.26218758219,805,21415.26218758219
19297.51620619222,730,20027.51620619222
17384.80544924199,620,18004.80544924199
16034.857539063358,570,16604.857539063356
13933.632817207828,560,14493.632817207828
13529.29928057616,545,14074.29928057616
12948.332695923837,460,13408.332695923837
12996.302282258348,460,13456.302282258348
13840.337379193299,615,14455.337379193299
15204.196930704244,1020,16224.196930704244
15227.989517493941,1180,16407.98951749394
16352.091346192215,1260,17612.091346192217
18491.8034730895,1400,19891.8034730895
19471.56805069988,1530,21001.56805069988
19817.31810855325,1520,21337.31810855325
20403.124193517244,1500,21903.124193517244
20428.407276696096,1490,21918.407276696096
20387.372496463802,1270,21657.372496463802
20352.795850517377,660,21012.795850517377
20315.652352467485,625,20940.652352467485
20077.683430341935,750,20827.683430341935
20005.202661640833,785,20790.202661640833
21310.96360699526,785,22095.96360699526
21410.57674050246,775,22185.57674050246
20610.26218758219,805,21415.26218758219
19297.51620619222,730,20027.51620619222
17384.80544924199,620,18004.80544924199
16034.857539063358,570,16604.857539063356
13933.632817207828,560,14493.632817207828
13362.129962036011,545,13907.129962036011
12948.332695923837,460,13408.332695923837
12996.302282258348,460,13456.302282258348
13840.337379193299,615,14455.337379193299
15204.196930704244,1020,16224.196930704244
15227.989517493941,1180,16407.98951749394
16303.671740659056,1260,17563.671740659054
17743.66039419227,1400,19143.66039419227
18581.16764999509,1530,20111.16764999509
18924.580478297376,1520,20444.580478297376
18872.75958870699,1500,20372.75958870699
18872.75958870699,1490,20362.75958870699
18701.99011657764,1270,19971.99011657764
18701.99011657764,660,19361.99011657764
18849.905994140445,625,19474.905994140445
18701.99011657764,750,19451.99011657764
18690.873924800497,785,19475.873924800497
20692.60032442502,785,21477.60032442502
20818.47243695871,775,21593.47243695871
20403.556786004334,805,21208.556786004334
19015.40849897443,730,19745.40849897443
16905.162891132284,620,17525.162891132284
15016.565577484682,570,15586.565577484682
17012.7718099458,560,17572.7718099458
16418.918684641467,545,16963.918684641467
15653.338643172381,460,16113.338643172381
15498.418252661104,460,15958.418252661104
16035.954396791276,615,16650.954396791276
17168.259081133285,1020,18188.259081133285
18017.384828046594,1180,19197.384828046594
18032.904852346288,1260,19292.904852346288
18806.271558582914,1400,20206.271558582914
19889.175616040717,1530,21419.175616040717
20108.848541224335,1520,21628.848541224335
20724.060664303342,1500,22224.060664303342
20724.060664303342,1490,22214.060664303342
20510.872526023286,1270,21780.872526023286
20009.139048253182,660,20669.139048253182
20009.139048253182,625,20634.139048253182
19889.058754563168,750,20639.058754563168
19908.65867957045,785,20693.65867957045
21888.134243828437,785,22673.134243828437
22016.007352890076,775,22791.007352890076
21527.879011348872,805,22332.879011348872
19561.60879405447,730,20291.60879405447
17789.785824402923,620,18409.785824402923
15319.987178047213,570,15889.987178047213
16384.8955930624,560,16944.8955930624
15273.54396662567,545,15818.54396662567
15436.291000831014,460,15896.291000831014
15457.673575921328,460,15917.673575921328
16358.510526652235,615,16973.510526652237
17669.87979782855,1020,18689.87979782855
18296.150707046618,1180,19476.150707046618
18321.17341465267,1260,19581.17341465267
19829.87559188688,1400,21229.87559188688
20839.294281976912,1530,22369.294281976912
20836.282536178194,1520,22356.282536178194
20848.526338703665,1500,22348.526338703665
20913.48081821002,1490,22403.48081821002
20890.627223643478,1270,22160.627223643478
20816.641607143705,660,21476.641607143705
20829.83465289912,625,21454.83465289912
20603.18489248541,750,21353.18489248541
20660.60078158886,785,21445.60078158886
23436.948610682695,785,24221.948610682695
23562.816622813658,775,24337.816622813658
22928.72009500222,805,23733.72009500222
20765.427577156057,730,21495.427577156057
18134.377518487545,620,18754.377518487545
15926.845755682476,570,16496.845755682476
18330.259907082822,560,18890.259907082822
17827.82526044739,545,18372.82526044739
17520.65794199906,460,17980.65794199906
17294.526882529575,460,17754.526882529575
18007.12357023682,615,18622.12357023682
18499.290808458394,1020,19519.290808458394
18629.22847029014,1180,19809.22847029014
18979.26549918851,1260,20239.26549918851
19711.67328264318,1400,21111.67328264318
20730.321979258595,1530,22260.321979258595
20902.522491937638,1520,22422.522491937638
20979.61826390144,1500,22479.61826390144
20979.61826390144,1490,22469.61826390144
20956.764669334887,1270,22226.764669334887
20947.733532341466,660,21607.733532341466
20908.11544124934,625,21533.11544124934
20619.40608565044,750,21369.40608565044
20746.397608127016,785,21531.397608127016
23571.261402217948,785,24356.261402217948
23692.809640082152,775,24467.809640082152
22928.72009500222,805,23733.72009500222
20765.427577156057,730,21495.427577156057
18134.377518487545,620,18754.377518487545
15840.676817597376,570,16410.676817597378
18065.10531491579,560,18625.10531491579
17591.861435252496,545,18136.861435252496
17309.798832464643,460,17769.798832464643
16896.284494140233,460,17356.284494140233
17326.07128066368,615,17941.07128066368
18013.214718479143,1020,19033.214718479143
18099.874679790108,1180,19279.874679790108
18115.39470408981,1260,19375.39470408981
18944.541238744117,1400,20344.541238744117
20354.766094024908,1530,21884.766094024908
20716.893160346706,1520,22236.893160346706
21254.203782327204,1500,22754.203782327204
21305.834003191056,1490,22795.834003191056
21282.980408624506,1270,22552.980408624506
21173.101916904812,660,21833.101916904812
20895.902391744283,625,21520.902391744283
20428.220708372286,750,21178.220708372286
20449.819579706145,785,21234.819579706145
22527.27426698694,785,23312.27426698694
22518.368192276524,775,23293.368192276524
21835.171392080207,805,22640.171392080207
20298.61312895959,730,21028.61312895959
18770.85638028001,620,19390.85638028001
16635.63726966446,570,17205.63726966446
18590.984014109614,560,19150.984014109614
17980.440199528683,545,18525.440199528683
17204.748564949143,460,17664.748564949143
16873.724078368246,460,17333.724078368246
17326.07128066368,615,17941.07128066368
18013.214718479143,1020,19033.214718479143
18017.384828046594,1180,19197.384828046594
18115.39470408981,1260,19375.39470408981
18793.412695649262,1400,20193.412695649262
19911.360844963718,1530,21441.360844963718
20052.3162889073,1520,21572.3162889073
20970.517420061755,1500,22470.517420061755
20970.517420061755,1490,22460.517420061755
20947.663825495205,1270,22217.663825495205
21231.350187760665,660,21891.350187760665
21204.886188598113,625,21829.886188598113
20618.55525208579,750,21368.55525208579
20691.98936441956,785,21476.98936441956
22617.3580645701,785,23402.3580645701
22716.971198077306,775,23491.971198077306
22058.25995273057,805,22863.25995273057
20459.234104353996,730,21189.234104353996
18931.47735567442,620,19551.47735567442
16893.01544807076,570,17463.01544807076
18585.811356076832,560,19145.811356076832
17975.267541495898,545,18520.267541495898
17204.748564949143,460,17664.748564949143
16873.724078368246,460,17333.724078368246
17408.561132407194,615,18023.561132407194
18095.704570222653,1020,19115.704570222653
17989.65175424183,1180,19169.65175424183
18005.171778541524,1260,19265.171778541524
18944.541238744117,1400,20344.541238744117
20206.108043569573,1530,21736.108043569573
20499.165876254297,1520,22019.165876254297
21189.8295098059,1500,22689.8295098059
21227.73978316465,1490,22717.73978316465
21231.350187760665,1270,22501.350187760665
21282.980408624506,660,21942.980408624506
21282.980408624506,625,21907.980408624506
21142.211533004735,750,21892.211533004735
21207.748269697495,785,21992.748269697495
22731.072483035474,785,23516.072483035474
23049.99770628682,775,23824.99770628682
22037.9670596634,805,22842.9670596634
20662.593577311356,730,21392.593577311356
18957.492360739,620,19577.492360739
16927.050840857988,570,17497.050840857988
18585.811356076832,560,19145.811356076832
17975.267541495898,545,18520.267541495898
17204.748564949143,460,17664.748564949143
16873.724078368246,460,17333.724078368246
17303.5108648917,615,17918.5108648917
17990.654302707164,1020,19010.654302707164
17989.65175424183,1180,19169.65175424183
18005.171778541524,1260,19265.171778541524
19322.270337420036,1400,20722.270337420036
20615.014554336038,1530,22145.014554336038
20818.33507346755,1520,22338.33507346755
21254.203782327204,1500,22754.203782327204
21305.834003191056,1490,22795.834003191056
21282.980408624506,1270,22552.980408624506
21232.276878775647,660,21892.276878775647
21257.01665859394,625,21882.01665859394
21200.459803860584,750,21950.459803860584
21234.212268860043,785,22019.212268860043
23034.736007358555,785,23819.736007358555
23107.88514170321,775,23882.88514170321
22140.255705946176,805,22945.255705946176
20742.68674366434,730,21472.68674366434
19111.638800236648,620,19731.638800236648
17148.033844711015,570,17718.033844711015
18601.16941446905,560,19161.16941446905
17990.625599888113,545,18535.625599888113
17199.575906916365,460,17659.575906916365
16868.550395234783,460,17328.550395234783
17303.5108648917,615,17918.5108648917
17990.654302707164,1020,19010.654302707164
17989.65175424183,1180,19169.65175424183
18005.171778541524,1260,19265.171778541524
19147.699791968145,1400,20547.699791968145
20354.766094024908,1530,21884.766094024908
20629.290106409866,1520,22149.290106409866
21195.955511471355,1500,22695.955511471355
21254.203782327204,1490,22744.203782327204
21231.350187760665,1270,22501.350187760665
21232.276878775647,660,21892.276878775647
21231.350187760665,625,21856.350187760665
20865.01200784421,750,21615.01200784421
20930.54874453697,785,21715.54874453697
22731.072483035474,785,23516.072483035474
22830.685616542676,775,23605.685616542676
22037.9670596634,805,22842.9670596634
20485.249109418583,730,21215.249109418583
19014.02461305603,620,19634.02461305603
16893.01544807076,570,17463.01544807076
18325.08724905004,560,18885.08724905004
17822.65260241461,545,18367.65260241461
17382.72244465962,460,17842.72244465962
17218.10972721614,460,17678.10972721614
17930.704364722016,615,18545.704364722016
18422.87160294359,1020,19442.87160294359
18629.22847029014,1180,19809.22847029014
18979.26549918851,1260,20239.26549918851
19711.67328264318,1400,21111.67328264318
20742.26440218406,1530,22272.26440218406
20790.101750530805,1520,22310.101750530805
20979.61826390144,1500,22479.61826390144
20979.61826390144,1490,22469.61826390144
20956.764669334887,1270,22226.764669334887
20947.733532341466,660,21607.733532341466
20947.733532341466,625,21572.733532341466
20808.401847875473,750,21558.401847875473
20816.344327946415,785,21601.344327946415
23502.749823350958,785,24287.749823350958
23628.61783548194,775,24403.61783548194
22928.72009500222,805,23733.72009500222
20765.427577156057,730,21495.427577156057
18134.377518487545,620,18754.377518487545
15758.680039281086,570,16328.680039281086
18112.426012519667,560,18672.426012519667
17747.287200399165,545,18292.287200399165
17520.65794199906,460,17980.65794199906
17294.526882529575,460,17754.526882529575
17083.623693665908,615,17698.623693665908
18138.95151772304,1020,19158.95151772304
18705.64767580494,1180,19885.64767580494
19055.68265450195,1260,20315.68265450195
19762.020077455294,1400,21162.020077455294
20792.61324719754,1530,22322.61324719754
20837.104666923795,1520,22357.104666923795
20776.646279001223,1500,22276.646279001223
20720.114026684194,1490,22210.114026684194
20697.260432117644,1270,21967.260432117644
20714.426768109905,660,21374.426768109905
20762.206710818562,625,21387.206710818562
20663.653531414784,750,21413.653531414784
20734.112801574334,785,21519.112801574334
23450.869477921126,785,24235.869477921126
23572.417715785326,775,24347.417715785326
22927.436668950486,805,23732.436668950486
20765.427577156057,730,21495.427577156057
18134.377518487545,620,18754.377518487545
15758.680039281086,570,16328.680039281086
18170.15558243128,560,18730.15558243128
17696.911702768,545,18241.911702768
17288.827322747118,460,17748.827322747118
16896.284494140233,460,17356.284494140233
17379.928020205134,615,17994.928020205134
18067.071458020597,1020,19087.071458020597
17994.82441227461,1180,19174.82441227461
18010.34443657431,1260,19270.34443657431
18840.419712444975,1400,20240.419712444975
19923.32376990278,1530,21453.32376990278
20120.8114661634,1520,21640.8114661634
20043.719794602326,1500,21543.719794602326
20211.33605703909,1490,21701.33605703909
20020.86620003578,1270,21290.86620003578
20268.575628825518,660,20928.575628825518
20307.433095212866,625,20932.433095212866
20042.35436049617,750,20792.35436049617
20076.81209476368,785,20861.81209476368
22037.78664194367,785,22822.78664194367
22144.542676991183,775,22919.542676991183
21673.795942585097,805,22478.795942585097
20296.874558205807,730,21026.874558205807
18769.117809526226,620,19389.117809526226
16316.869911917882,570,16886.869911917882
18472.23635130398,560,19032.23635130398
17861.69253672305,545,18406.69253672305
17204.748564949143,460,17664.748564949143
16978.774345883743,460,17438.774345883743
17379.928020205134,615,17994.928020205134
18095.704570222653,1020,19115.704570222653
17994.82441227461,1180,19174.82441227461
18010.34443657431,1260,19270.34443657431
18840.419712444975,1400,20240.419712444975
19923.32376990278,1530,21453.32376990278
20115.63880813061,1520,21635.63880813061
20043.719794602326,1500,21543.719794602326
20291.429223392075,1490,21781.429223392075
20402.006833775726,1270,21672.006833775726
20503.547156561886,660,21163.547156561886
20188.482462472537,625,20813.482462472537
19887.059808236587,750,20637.059808236587
19908.65867957045,785,20693.65867957045
21888.134243828437,785,22673.134243828437
22016.007352890076,775,22791.007352890076
21525.88211522365,805,22330.88211522365
20148.96073084436,730,20878.96073084436
18621.203982164774,620,19241.203982164774
16266.113076833646,570,16836.113076833644
18076.836567101105,560,18636.836567101105
17603.59063723646,545,18148.59063723646
17288.827322747118,460,17748.827322747118
16896.284494140233,460,17356.284494140233
17326.07128066368,615,17941.07128066368
18013.214718479143,1020,19033.214718479143
18071.241567588047,1180,19251.241567588047
18032.904852346288,1260,19292.904852346288
18840.419712444975,1400,20240.419712444975
19923.32376990278,1530,21453.32376990278
20094.97687881855,1520,21614.97687881855
20295.707993631626,1500,21795.707993631626
20533.72612058984,1490,22023.72612058984
20510.872526023286,1270,21780.872526023286
20947.663825495205,660,21607.663825495205
20895.902391744283,625,21520.902391744283
20428.220708372286,750,21178.220708372286
20585.03240963871,785,21370.03240963871
22632.168719199046,785,23417.168719199046
22718.54575272224,775,23493.54575272224
22037.9670596634,805,22842.9670596634
20662.593577311356,730,21392.593577311356
19014.02461305603,620,19634.02461305603
16927.050840857988,570,17497.050840857988
18601.16941446905,560,19161.16941446905
17990.625599888113,545,18535.625599888113
17199.575906916365,460,17659.575906916365
16868.550395234783,460,17328.550395234783
17298.33820685892,615,17913.33820685892
17985.481644674383,1020,19005.481644674383
17968.47932479097,1180,19148.47932479097
17983.99934909067,1260,19243.99934909067
19147.699791968145,1400,20547.699791968145
20354.766094024908,1530,21884.766094024908
20499.165876254297,1520,22019.165876254297
20970.517420061755,1500,22470.517420061755
21195.955511471355,1490,22685.955511471355
21173.101916904812,1270,22443.101916904812
21231.350187760665,660,21891.350187760665
21173.101916904812,625,21798.101916904812
20704.23316694503,750,21454.23316694503
20624.390125158043,785,21409.390125158043
22583.923380781536,785,23368.923380781536
22620.65273815658,775,23395.65273815658
21800.824368686164,805,22605.824368686164
20519.596132812618,730,21249.596132812618
18991.839384133036,620,19611.839384133036
16893.01544807076,570,17463.01544807076
18585.811356076832,560,19145.811356076832
17975.267541495898,545,18520.267541495898
17204.748564949143,460,17664.748564949143
16873.724078368246,460,17333.724078368246
17303.5108648917,615,17918.5108648917
17990.654302707164,1020,19010.654302707164
17989.65175424183,1180,19169.65175424183
18005.171778541524,1260,19265.171778541524
18771.92453518888,1400,20171.92453518888
19854.828592646685,1530,21384.828592646685
20108.848541224335,1520,21628.848541224335
20555.739132598534,1500,22055.739132598534
20809.738579162582,1490,22299.738579162582
20947.663825495205,1270,22217.663825495205
21173.101916904812,660,21833.101916904812
21173.101916904812,625,21798.101916904812
20704.23316694503,750,21454.23316694503
20725.832038278888,785,21510.832038278888
22617.3580645701,785,23402.3580645701
22716.971198077306,775,23491.971198077306
21978.166786377587,805,22783.166786377587
20519.596132812618,730,21249.596132812618
18770.85638028001,620,19390.85638028001
16635.63726966446,570,17205.63726966446
18330.259907082822,560,18890.259907082822
17827.82526044739,545,18372.82526044739
17382.72244465962,460,17842.72244465962
17218.10972721614,460,17678.10972721614
18035.75463223752,615,18650.75463223752
18527.92392066045,1020,19547.92392066045
18629.22847029014,1180,19809.22847029014
18979.26549918851,1260,20239.26549918851
19761.199996911055,1400,21161.199996911055
20798.796654501093,1530,22328.796654501093
20806.322943695825,1520,22326.322943695825
20991.761606560234,1500,22491.761606560234
20973.492262235977,1490,22463.492262235977
20956.764669334887,1270,22226.764669334887
20947.733532341466,660,21607.733532341466
20947.733532341466,625,21572.733532341466
20603.18489248541,750,21353.18489248541
20689.865355809987,785,21474.865355809987
23477.782471181654,785,24262.782471181654
23599.33070904585,775,24374.33070904585
22928.72009500222,805,23733.72009500222
20765.427577156057,730,21495.427577156057
18134.377518487545,620,18754.377518487545
15926.845755682476,570,16496.845755682476
18330.259907082822,560,18890.259907082822
17827.82526044739,545,18372.82526044739
17382.72244465962,460,17842.72244465962
17218.10972721614,460,17678.10972721614
17930.704364722016,615,18545.704364722016
18422.87160294359,1020,19442.87160294359
18624.055812257364,1180,19804.055812257364
19047.118963418747,1260,20307.118963418747
19711.67328264318,1400,21111.67328264318
20726.043209019037,1530,22256.043209019037
20790.101750530805,1520,22310.101750530805
20979.61826390144,1500,22479.61826390144
20979.61826390144,1490,22469.61826390144
20956.764669334887,1270,22226.764669334887
20947.733532341466,660,21607.733532341466
20947.733532341466,625,21572.733532341466
20730.121059525256,750,21480.121059525256
20800.580329684803,785,21585.580329684803
23502.749823350958,785,24287.749823350958
23628.61783548194,775,24403.61783548194
22991.12207381463,805,23796.12207381463
20946.991359448934,730,21676.991359448934
18345.708174334904,620,18965.708174334904
16125.649681216597,570,16695.649681216597
18585.811356076832,560,19145.811356076832
17975.267541495898,545,18520.267541495898
17204.748564949143,460,17664.748564949143
16873.724078368246,460,17333.724078368246
17303.5108648917,615,17918.5108648917
17990.654302707164,1020,19010.654302707164
17989.65175424183,1180,19169.65175424183
18005.171778541524,1260,19265.171778541524
19147.699791968145,1400,20547.699791968145
20529.336639476805,1530,22059.336639476805
20784.492399608218,1520,22304.492399608218
21305.834003191056,1500,22805.834003191056
21279.870253160483,1490,22769.870253160483
21257.01665859394,1270,22527.01665859394
21361.052076435943,660,22021.052076435943
21361.052076435943,625,21986.052076435943
21252.09002472443,750,22002.09002472443
21234.212268860043,785,22019.212268860043
23034.736007358555,785,23819.736007358555
23134.349140865754,775,23909.349140865754
22236.574165866903,805,23041.574165866903
20824.680446678594,730,21554.680446678594
19296.92369799901,620,19916.92369799901
17511.220865136238,570,18081.220865136238
18541.426546821327,560,19101.426546821327
17930.882732240392,545,18475.882732240392
17199.575906916365,460,17659.575906916365
16868.550395234783,460,17328.550395234783
17298.33820685892,615,17913.33820685892
17985.481644674383,1020,19005.481644674383
17968.47932479097,1180,19148.47932479097
18005.171778541524,1260,19265.171778541524
18771.92453518888,1400,20171.92453518888
20032.17306053946,1530,21562.17306053946
20196.734522948926,1520,21716.734522948926
20211.33605703909,1500,21711.33605703909
20211.33605703909,1490,21701.33605703909
20508.199063449076,1270,21778.199063449076
20597.840017538343,660,21257.840017538343
21173.101916904812,625,21798.101916904812
20042.35436049617,750,20792.35436049617
20030.73791958704,785,20815.73791958704
22016.669567929544,785,22801.669567929544
22144.542676991183,775,22919.542676991183
21673.795942585097,805,22478.795942585097
20148.96073084436,730,20878.96073084436
18621.203982164774,620,19241.203982164774
16266.113076833646,570,16836.113076833644
18076.836567101105,560,18636.836567101105
17603.59063723646,545,18148.59063723646
17288.827322747118,460,17748.827322747118
16896.284494140233,460,17356.284494140233
17379.928020205134,615,17994.928020205134
18095.704570222653,1020,19115.704570222653
17994.82441227461,1180,19174.82441227461
18010.34443657431,1260,19270.34443657431
19169.712803976843,1400,20569.712803976843
20615.014554336038,1530,22145.014554336038
20732.657158608316,1520,22252.657158608316
21227.73978316465,1500,22727.73978316465
21254.203782327204,1490,22744.203782327204
21204.886188598113,1270,22474.886188598113
21166.97591523935,660,21826.97591523935
21173.101916904812,625,21798.101916904812
20515.18819988734,750,21265.18819988734
20298.14158264665,785,21083.14158264665
22418.755058769322,785,23203.755058769322
22588.37026753266,775,23363.37026753266
21835.171392080207,805,22640.171392080207
20277.496054945466,730,21007.496054945466
18770.85638028001,620,19390.85638028001
16893.01544807076,570,17463.01544807076
18585.811356076832,560,19145.811356076832
17975.267541495898,545,18520.267541495898
17204.748564949143,460,17664.748564949143
16873.724078368246,460,17333.724078368246
17303.5108648917,615,17918.5108648917
17990.654302707164,1020,19010.654302707164
17994.82441227461,1180,19174.82441227461
18010.34443657431,1260,19270.34443657431
19073.69572365612,1400,20473.69572365612
20376.77910603361,1530,21906.77910603361
20542.32261489481,1520,22062.32261489481
21195.955511471355,1500,22695.955511471355
21195.955511471355,1490,22685.955511471355
21204.886188598113,1270,22474.886188598113
21173.101916904812,660,21833.101916904812
20895.902391744283,625,21520.902391744283
20704.23316694503,750,21454.23316694503
20754.506154508166,785,21539.506154508166
22617.3580645701,785,23402.3580645701
22716.971198077306,775,23491.971198077306
21978.166786377587,805,22783.166786377587
20519.596132812618,730,21249.596132812618
18991.839384133036,620,19611.839384133036
16893.01544807076,570,17463.01544807076
18585.811356076832,560,19145.811356076832
17975.267541495898,545,18520.267541495898
17204.748564949143,460,17664.748564949143
16873.724078368246,460,17333.724078368246
17303.5108648917,615,17918.5108648917
17990.654302707164,1020,19010.654302707164
17994.82441227461,1180,19174.82441227461
18010.34443657431,1260,19270.34443657431
18949.269003081652,1400,20349.269003081652
20354.766094024908,1530,21884.766094024908
20542.32261489481,1520,22062.32261489481
21195.955511471355,1500,22695.955511471355
21227.73978316465,1490,22717.73978316465
21173.101916904812,1270,22443.101916904812
21173.101916904812,660,21833.101916904812
21173.101916904812,625,21798.101916904812
20515.18819988734,750,21265.18819988734
20449.819579706145,785,21234.819579706145
22518.366142075156,785,23303.366142075156
22617.979275582366,775,23392.979275582366
21835.171392080207,805,22640.171392080207
20298.61312895959,730,21028.61312895959
18770.85638028001,620,19390.85638028001
16893.01544807076,570,17463.01544807076
18330.259907082822,560,18890.259907082822
17827.82526044739,545,18372.82526044739
17382.72244465962,460,17842.72244465962
17218.10972721614,460,17678.10972721614
17930.704364722016,615,18545.704364722016
18527.92392066045,1020,19547.92392066045
18629.22847029014,1180,19809.22847029014
18979.26549918851,1260,20239.26549918851
19829.87559188688,1400,21229.87559188688
20860.466711427773,1530,22390.466711427773
20883.78570170317,1520,22403.78570170317
20696.508008218312,1500,22196.508008218312
20696.508008218312,1490,22186.508008218312
20746.680535914777,1270,22016.680535914777
20737.64939892136,660,21397.64939892136
20765.69205313157,625,21390.69205313157
20663.653531414784,750,21413.653531414784
20734.112801574334,785,21519.112801574334
23450.869477921126,785,24235.869477921126
23572.417715785326,775,24347.417715785326
22927.436668950486,805,23732.436668950486
20765.427577156057,730,21495.427577156057
18134.377518487545,620,18754.377518487545
15926.845755682476,570,16496.845755682476
18046.83597059153,560,18606.83597059153
17681.70125887375,545,18226.70125887375
17520.65794199906,460,17980.65794199906
17294.526882529575,460,17754.526882529575
18007.12357023682,615,18622.12357023682
18499.290808458394,1020,19519.290808458394
18705.64767580494,1180,19885.64767580494
19055.68265450195,1260,20315.68265450195
19762.020077455294,1400,21162.020077455294
20792.61324719754,1530,22322.61324719754
20837.104666923795,1520,22357.104666923795
20750.07361916656,1500,22250.07361916656
20750.07361916656,1490,22240.07361916656
20753.79268443468,1270,22023.79268443468
20688.229295124234,660,21348.229295124234
20651.71520889205,625,21276.71520889205
20663.653531414784,750,21413.653531414784
20734.112801574334,785,21519.112801574334
23450.869477921126,785,24235.869477921126
23572.417715785326,775,24347.417715785326
22927.436668950486,805,23732.436668950486
20765.427577156057,730,21495.427577156057
18134.377518487545,620,18754.377518487545
15840.676817597376,570,16410.676817597378
18170.15558243128,560,18730.15558243128
17696.911702768,545,18241.911702768
17288.827322747118,460,17748.827322747118
16896.284494140233,460,17356.284494140233
16451.731132317098,615,17066.731132317098
17652.88157834787,1020,18672.88157834787
17657.05373811668,1180,18837.05373811668
17752.714083400653,1260,19012.714083400653
18797.556152599027,1400,20197.556152599027
19775.409942541337,1530,21305.409942541337
19972.89763880196,1520,21492.89763880196
19909.913402803133,1500,21409.913402803133
20057.82723016458,1490,21547.82723016458
20034.973635598035,1270,21304.973635598035
20034.973635598035,660,20694.973635598035
20009.139048253182,625,20634.139048253182
20034.973635598035,750,20784.973635598035
20056.572506931898,785,20841.572506931898
21888.134243828437,785,22673.134243828437
22016.007352890076,775,22791.007352890076
21525.88211522365,805,22330.88211522365
20150.959677170937,730,20880.959677170937
18379.13670751939,620,18999.13670751939
15867.451422266062,570,16437.451422266062
18003.781742019048,560,18563.781742019048
17530.535812154398,545,18075.535812154398
16218.748299900515,460,16678.748299900515
15414.718782114836,460,15874.718782114836
16402.572429193446,615,17017.572429193446
17496.553724602545,1020,18516.553724602545
18017.384828046594,1180,19197.384828046594
18032.904852346288,1260,19292.904852346288
18840.419712444975,1400,20240.419712444975
19923.32376990278,1530,21453.32376990278
20094.97687881855,1520,21614.97687881855
20620.693612104893,1500,22120.693612104893
20724.060664303342,1490,22214.060664303342
20685.443071475176,1270,21955.443071475176
20947.663825495205,660,21607.663825495205
20895.902391744283,625,21520.902391744283
20198.21066792856,750,20948.21066792856
20210.081333806404,785,20995.081333806404
22330.694809929068,785,23115.694809929068
22458.56791899071,775,23233.56791899071
21675.07936863683,805,22480.07936863683
20296.874558205807,730,21026.874558205807
18769.117809526226,620,19389.117809526226
16316.869911917882,570,16886.869911917882
18170.15558243128,560,18730.15558243128
17696.911702768,545,18241.911702768
17288.827322747118,460,17748.827322747118
16896.284494140233,460,17356.284494140233
17326.07128066368,615,17941.07128066368
18013.214718479143,1020,19033.214718479143
18017.384828046594,1180,19197.384828046594
18032.904852346288,1260,19292.904852346288
18814.585125100122,1400,20214.585125100122
19876.31675310707,1530,21406.31675310707
20073.80444936769,1520,21593.80444936769
20188.138028643956,1500,21688.138028643956
20291.429223392075,1490,21781.429223392075
20268.575628825518,1270,21538.575628825518
20597.840017538343,660,21257.840017538343
20649.445635985863,625,21274.445635985863
20055.213223429822,750,20805.213223429822
20076.81209476368,785,20861.81209476368
22037.78664194367,785,22822.78664194367
22165.6597510053,775,22940.6597510053
21673.795942585097,805,22478.795942585097
20148.96073084436,730,20878.96073084436
18621.203982164774,620,19241.203982164774
16316.869911917882,570,16886.869911917882
18170.15558243128,560,18730.15558243128
17657.449426979274,545,18202.449426979274
17288.827322747118,460,17748.827322747118
16021.950496397732,460,16481.95049639773
16402.572429193446,615,17017.572429193446
17652.88157834787,1020,18672.88157834787
18017.384828046594,1180,19197.384828046594
18032.904852346288,1260,19292.904852346288
18797.556152599027,1400,20197.556152599027
20276.110118825705,1530,21806.110118825705
20542.32261489481,1520,22062.32261489481
20531.05265801562,1500,22031.05265801562
20533.72612058984,1490,22023.72612058984
20510.872526023286,1270,21780.872526023286
20508.199063449076,660,21168.199063449076
20268.575628825518,625,20893.575628825518
20042.35436049617,750,20792.35436049617
20063.953231830037,785,20848.953231830037
22037.78664194367,785,22822.78664194367
22165.6597510053,775,22940.6597510053
21654.417439324756,805,22459.417439324756
20148.96073084436,730,20878.96073084436
18621.203982164774,620,19241.203982164774
16316.869911917882,570,16886.869911917882
18170.15558243128,560,18730.15558243128
17696.911702768,545,18241.911702768
17288.827322747118,460,17748.827322747118
16896.284494140233,460,17356.284494140233
16451.731132317098,615,17066.731132317098
18013.214718479143,1020,19033.214718479143
18017.384828046594,1180,19197.384828046594
18086.761591887745,1260,19346.761591887745
18793.412695649262,1400,20193.412695649262
20032.17306053946,1530,21562.17306053946
20196.734522948926,1520,21716.734522948926
20809.738579162582,1500,22309.738579162582
20724.060664303342,1490,22214.060664303342
20786.88498459604,1270,22056.88498459604
20510.872526023286,660,21170.872526023286
20307.433095212866,625,20932.433095212866
20188.482462472537,750,20938.482462472537
20210.081333806404,785,20995.081333806404
22340.4230153851,785,23125.4230153851
22468.29612444673,775,23243.29612444673
21835.171392080207,805,22640.171392080207
20296.874558205807,730,21026.874558205807
18769.117809526226,620,19389.117809526226
16566.133393338947,570,17136.133393338947
18330.259907082822,560,18890.259907082822
17827.82526044739,545,18372.82526044739
17487.772712175123,460,17947.772712175123
17323.157944530278,460,17783.157944530278
18007.12357023682,615,18622.12357023682
18499.290808458394,1020,19519.290808458394
18629.22847029014,1180,19809.22847029014
19052.29162145152,1260,20312.29162145152
19808.70316243603,1400,21208.70316243603
20832.171882450206,1530,22362.171882450206
20932.06179314108,1520,22452.06179314108
20929.24481647163,1500,22429.24481647163
20929.24481647163,1490,22419.24481647163
20940.23389576442,1270,22210.23389576442
20897.360084911666,660,21557.360084911666
20829.83465289912,625,21454.83465289912
20619.40608565044,750,21369.40608565044
20689.865355809987,785,21474.865355809987
23477.782471181654,785,24262.782471181654
23599.33070904585,775,24374.33070904585
22949.837169016337,805,23754.837169016337
20766.711003207784,730,21496.711003207784
18135.660944539286,620,18755.660944539286
16125.649681216597,570,16695.649681216597
18002.637729659833,560,18562.637729659833
17534.855586421174,545,18079.855586421174
17191.434557313438,460,17651.434557313438
17190.237239718856,460,17650.237239718856
17902.8339274261,615,18517.8339274261
18384.196604477347,1020,19404.196604477347
18590.553471823896,1180,19770.553471823896
19047.600760738485,1260,20307.600760738485
19773.372042388906,1400,21173.372042388906
20561.516600032694,1530,22091.516600032694
20643.42214438844,1520,22163.42214438844
20554.484409365854,1500,22054.484409365854
20554.484409365854,1490,22044.484409365854
20565.473488658638,1270,21835.473488658638
20556.44235166522,660,21216.44235166522
20533.35503414357,625,21158.35503414357
20355.360652419484,750,21105.360652419484
20441.581870639275,785,21226.581870639275
23368.049543758552,785,24153.049543758552
23489.597781622753,775,24264.597781622753
22746.625310556945,805,23551.625310556945
20594.13735388111,730,21324.13735388111
17722.750390515568,620,18342.750390515568
15513.935201658762,570,16083.935201658762
18088.02041552315,560,18648.02041552315
17512.13115454034,545,18057.13115454034
17061.91513655925,460,17521.91513655925
16836.448342330605,460,17296.448342330605
17208.957628342443,615,17823.957628342443
18082.786251449554,1020,19102.786251449554
18010.539205703564,1180,19190.539205703564
18094.109513564115,1260,19354.109513564115
18859.398426439995,1400,20259.398426439995
19925.91317422122,1530,21455.91317422122
20172.80047226535,1520,21692.80047226535
20494.411459299074,1500,21994.411459299074
20702.1378611545,1490,22192.1378611545
20490.23929953027,1270,21760.23929953027
20496.24433931545,660,21156.24433931545
20438.477865779343,625,21063.477865779343
20157.739693070427,750,20907.739693070427
20166.479701470646,785,20951.479701470646
22234.735135246447,785,23019.735135246447
22362.608244308085,775,23137.608244308085
21722.3693132203,805,22527.3693132203
20364.82643210135,730,21094.82643210135
18837.06968342176,620,19457.06968342176
16384.82383601478,570,16954.82383601478
17680.88937913495,560,18240.88937913495
17242.298002868432,545,17787.298002868432
17040.94362684173,460,17500.94362684173
16753.958490587083,460,17213.958490587083
16377.379554874467,615,16992.379554874467
17659.950672639206,1020,18679.950672639206
18033.09962147555,1180,19213.09962147555
18116.669929336098,1260,19376.669929336098
18776.273012274698,1400,20176.273012274698
19859.177069732505,1530,21389.177069732505
20106.064367776642,1520,21626.064367776642
20165.15937179442,1500,21665.15937179442
20167.73442470332,1490,21657.73442470332
20157.739693070427,1270,21427.739693070427
20142.30577722787,660,20802.30577722787
20168.14036457272,625,20793.14036457272
20020.226537211278,750,20770.226537211278
20041.825408545134,785,20826.825408545134
22103.999945085423,785,22888.999945085423
22231.873054147058,775,23006.873054147058
21593.83398911919,805,22398.83398911919
20216.9126047399,730,20946.9126047399
18689.15585606032,620,19309.15585606032
16384.82383601478,570,16954.82383601478
17785.939646650444,560,18345.939646650444
17307.885994595206,545,17852.885994595206
17094.80139148386,460,17554.80139148386
16836.448342330605,460,17296.448342330605
17262.818468286616,615,17877.818468286616
18111.417313450253,1020,19131.417313450253
18010.539205703564,1180,19190.539205703564
18094.109513564115,1260,19354.109513564115
18924.186839636142,1400,20324.186839636142
20007.090897093945,1530,21537.090897093945
20253.97819513809,1520,21773.97819513809
20167.73442470332,1500,21667.73442470332
20180.593287636966,1490,21670.593287636966
20144.880830136775,1270,21414.880830136775
20157.739693070427,660,20817.739693070427
20144.880830136775,625,20769.880830136775
20168.14036457272,750,20918.14036457272
20189.73923590658,785,20974.73923590658
22103.999945085423,785,22888.999945085423
22231.873054147058,775,23006.873054147058
21593.83398911919,805,22398.83398911919
20216.9126047399,730,20946.9126047399
18447.088581414937,620,19067.088581414937
15935.405346362959,570,16505.40534636296
17619.56375603685,560,18179.56375603685
17180.97237977033,545,17725.97237977033
16544.563224824135,460,17004.563224824135
16753.958490587083,460,17213.958490587083
17208.957628342443,615,17823.957628342443
17797.896420985435,1020,18817.896420985435
18033.09962147555,1180,19213.09962147555
18116.669929336098,1260,19376.669929336098
18776.273012274698,1400,20176.273012274698
19859.177069732505,1530,21389.177069732505
20253.97819513809,1520,21773.97819513809
20164.203977960377,1500,21664.203977960377
20164.203977960377,1490,21654.203977960377
20141.350383393838,1270,21411.350383393838
20308.96664583059,660,20968.96664583059
20427.91727857092,625,21052.91727857092
20318.69485128661,750,21068.69485128661
20307.36748876933,785,21092.36748876933
22466.057304560956,785,23251.057304560956
22593.93041362259,775,23368.93041362259
21712.84612790034,805,22517.84612790034
20364.82643210135,730,21094.82643210135
18837.06968342176,620,19457.06968342176
16703.591193761364,570,17273.591193761364
18088.02041552315,560,18648.02041552315
17512.13115454034,545,18057.13115454034
16956.864869043755,460,17416.864869043755
16836.448342330605,460,17296.448342330605
17208.957628342443,615,17823.957628342443
18028.9295119081,1020,19048.9295119081
18010.539205703564,1180,19190.539205703564
18094.109513564115,1260,19354.109513564115
18843.009116763405,1400,20243.009116763405
20103.257642113993,1530,21633.257642113993
20340.416734702107,1520,21860.416734702107
20702.1378611545,1500,22202.1378611545
20862.916702053677,1490,22352.916702053677
20840.063107487138,1270,22110.063107487138
21065.50119889673,660,21725.50119889673
21065.50119889673,625,21690.50119889673
20596.63244893695,750,21346.63244893695
20618.231320270817,785,21403.231320270817
22444.542491482876,785,23229.542491482876
22544.155624990075,775,23319.155624990075
22033.43611465649,805,22838.43611465649
20335.924743521045,730,21065.924743521045
18817.691180161426,620,19437.691180161426
16703.591193761364,570,17273.591193761364
18002.637729659833,560,18562.637729659833
17534.855586421174,545,18079.855586421174
17191.434557313438,460,17651.434557313438
17085.18287180064,460,17545.18287180064
17902.8339274261,615,18517.8339274261
18489.2489221942,1020,19509.2489221942
18590.553471823896,1180,19770.553471823896
18974.574638475464,1260,20234.574638475464
19720.93199198762,1400,21120.93199198762
20494.302798626963,1530,22024.302798626963
20630.934367901056,1520,22150.934367901056
20588.327083225184,1500,22088.327083225184
20604.85785679566,1490,22094.85785679566
20582.004262229115,1270,21852.004262229115
20572.97312523569,660,21232.97312523569
20572.97312523569,625,21197.97312523569
20371.124650681093,750,21121.124650681093
20441.581870639275,785,21226.581870639275
23127.985315842478,785,23912.985315842478
23253.85332797344,775,24028.85332797344
22844.442467672267,805,23649.442467672267
20594.13735388111,730,21324.13735388111
17722.750390515568,620,18342.750390515568
15513.935201658762,570,16083.935201658762
18002.637729659833,560,18562.637729659833
17534.855586421174,545,18079.855586421174
17191.434557313438,460,17651.434557313438
17085.18287180064,460,17545.18287180064
17797.781609709247,615,18412.781609709247
18384.196604477347,1020,19404.196604477347
18590.553471823896,1180,19770.553471823896
18974.574638475464,1260,20234.574638475464
19757.329216742255,1400,21157.329216742255
20569.89987339616,1530,22099.89987339616
20630.934367901056,1520,22150.934367901056
20588.327083225184,1500,22088.327083225184
20588.327083225184,1490,22078.327083225184
20531.63081479931,1270,21801.63081479931
20522.599677805894,660,21182.599677805894
20504.6809179143,625,21129.6809179143
20456.505286343043,750,21206.505286343043
20526.964556502593,785,21311.964556502593
23331.102865039284,785,24116.102865039284
23452.651102903477,775,24227.651102903477
22746.625310556945,805,23551.625310556945
20594.13735388111,730,21324.13735388111
17722.750390515568,620,18342.750390515568
15513.935201658762,570,16083.935201658762
18206.76807832878,560,18766.76807832878
17630.878817345972,545,18175.878817345972
16956.864869043755,460,17416.864869043755
16731.398074815108,460,17191.398074815108
17186.39618746978,615,17801.39618746978
18006.369096136117,1020,19026.369096136117
18010.539205703564,1180,19190.539205703564
18094.109513564115,1260,19354.109513564115
18843.009116763405,1400,20243.009116763405
19925.91317422122,1530,21455.91317422122
20350.14494015813,1520,21870.14494015813
20616.45994629527,1500,22116.45994629527
20702.1378611545,1490,22192.1378611545
20679.284266587958,1270,21949.284266587958
20577.842353467102,660,21237.842353467102
20415.14452409442,625,21040.14452409442
20285.768617435464,750,21035.768617435464
20340.293722620474,785,21125.293722620474
22395.692343663995,785,23180.692343663995
22523.565452725637,775,23298.565452725637
21722.3693132203,805,22527.3693132203
20364.82643210135,730,21094.82643210135
18837.06968342176,620,19457.06968342176
16703.591193761364,570,17273.591193761364
18206.76807832878,560,18766.76807832878
17630.878817345972,545,18175.878817345972
16956.864869043755,460,17416.864869043755
16731.398074815108,460,17191.398074815108
17291.455680891402,615,17906.455680891402
18006.369096136117,1020,19026.369096136117
18010.539205703564,1180,19190.539205703564
18094.109513564115,1260,19354.109513564115
18846.539563506347,1400,20246.539563506347
19942.302483897805,1530,21472.302483897805
20172.80047226535,1520,21692.80047226535
20513.092894096808,1500,22013.092894096808
20616.45994629527,1490,22106.45994629527
20474.23132730674,1270,21744.23132730674
20393.33858242313,660,21053.33858242313
20438.477865779343,625,21063.477865779343
20308.96664583059,750,21058.96664583059
20410.658683517435,785,21195.658683517435
22466.057304560956,785,23251.057304560956
22513.837247269614,775,23288.837247269614
21722.3693132203,805,22527.3693132203
20345.447928841004,730,21075.447928841004
18817.691180161426,620,19437.691180161426
16703.591193761364,570,17273.591193761364
18088.02041552315,560,18648.02041552315
17512.13115454034,545,18057.13115454034
16956.864869043755,460,17416.864869043755
16731.398074815108,460,17191.398074815108
17291.455680891402,615,17906.455680891402
18111.417313450253,1020,19131.417313450253
18010.539205703564,1180,19190.539205703564
18094.109513564115,1260,19354.109513564115
18843.009116763405,1400,20243.009116763405
20218.042265689586,1530,21748.042265689586
20483.93903074916,1520,22003.93903074916
20702.1378611545,1500,22202.1378611545
20862.916702053677,1490,22352.916702053677
20840.063107487138,1270,22110.063107487138
21059.375197231275,660,21719.375197231275
20788.301673736205,625,21413.301673736205
20510.954534077715,750,21260.954534077715
20516.78940714996,785,21301.78940714996
22411.10780769431,785,23196.10780769431
22540.809696369593,775,23315.809696369593
21872.483006641665,805,22677.483006641665
20335.924743521045,730,21065.924743521045
18817.691180161426,620,19437.691180161426
16703.591193761364,570,17273.591193761364
18206.76807832878,560,18766.76807832878
17630.878817345972,545,18175.878817345972
16956.864869043755,460,17416.864869043755
16731.398074815108,460,17191.398074815108
17186.39618746978,615,17801.39618746978
18006.369096136117,1020,19026.369096136117
18010.539205703564,1180,19190.539205703564
18094.109513564115,1260,19354.109513564115
19020.353584656183,1400,20420.353584656183
20213.763495450028,1530,21743.763495450028
20424.78867129465,1520,21944.78867129465
20475.34253644419,1500,21975.34253644419
20497.084921873295,1490,21987.084921873295
20434.672692054075,1270,21704.672692054075
20496.24433931545,660,21156.24433931545
21007.613763480353,625,21632.613763480353
20391.57950965574,750,21141.57950965574
20532.553405411574,785,21317.553405411574
22444.542491482876,785,23229.542491482876
22545.730179635015,775,23320.730179635015
22033.43611465649,805,22838.43611465649
20556.907747374073,730,21286.907747374073
18968.788970235873,620,19588.788970235873
16960.969372167667,570,17530.969372167667
18201.595420296002,560,18761.595420296002
17625.7061593132,545,18170.7061593132
16956.864869043755,460,17416.864869043755
16731.398074815108,460,17191.398074815108
17186.39618746978,615,17801.39618746978
18006.369096136117,1020,19026.369096136117
18010.539205703564,1180,19190.539205703564
18094.109513564115,1260,19354.109513564115
19015.625820318648,1400,20415.625820318648
20259.37637532053,1530,21789.37637532053
20498.356046716865,1520,22018.356046716865
20862.916702053677,1500,22362.916702053677
20862.916702053677,1490,22352.916702053677
20840.063107487138,1270,22110.063107487138
20840.063107487138,660,21500.063107487138
20788.301673736205,625,21413.301673736205
20391.57950965574,750,21141.57950965574
20413.178380989604,785,21198.178380989604
22411.10780769431,785,23196.10780769431
22540.809696369593,775,23315.809696369593
21856.09369696507,805,22661.09369696507
20335.924743521045,730,21065.924743521045
18808.167994841468,620,19428.167994841468
16960.969372167667,570,17530.969372167667
18002.637729659833,560,18562.637729659833
17534.855586421174,545,18079.855586421174
17191.434557313438,460,17651.434557313438
17085.18287180064,460,17545.18287180064
17797.781609709247,615,18412.781609709247
18384.196604477347,1020,19404.196604477347
18590.553471823896,1180,19770.553471823896
18974.574638475464,1260,20234.574638475464
19716.65322174806,1400,21116.65322174806
20587.714073018364,1530,22117.714073018364
20624.929328115875,1520,22144.929328115875
20604.85785679566,1500,22104.85785679566
20604.85785679566,1490,22094.85785679566
20582.004262229115,1270,21852.004262229115
20572.97312523569,660,21232.97312523569
20572.97312523569,625,21197.97312523569
20415.37209644544,750,21165.37209644544
20504.098660727886,785,21289.098660727886
23144.364374512254,785,23929.364374512254
23251.963042318977,775,24026.963042318977
22807.928381440077,805,23612.928381440077
20743.777450788173,730,21473.777450788173
17902.157360977104,620,18522.157360977104
15716.134260646026,570,16286.134260646026
17997.46507162706,560,18557.46507162706
17529.68292838839,545,18074.68292838839
17191.434557313438,460,17651.434557313438
17085.18287180064,460,17545.18287180064
17797.781609709247,615,18412.781609709247
18384.196604477347,1020,19404.196604477347
18590.553471823896,1180,19770.553471823896
18974.574638475464,1260,20234.574638475464
19716.65322174806,1400,21116.65322174806
20587.714073018364,1530,22117.714073018364
20668.026610916935,1520,22188.026610916935
20617.001199454462,1500,22117.001199454462
20604.85785679566,1490,22094.85785679566
20594.147604887912,1270,21864.147604887912
20556.44235166522,660,21216.44235166522
20504.6809179143,625,21129.6809179143
20436.212393275888,750,21186.212393275888
20543.185749667617,785,21328.185749667617
23331.102865039284,785,24116.102865039284
23452.651102903477,775,24227.651102903477
22756.148495876896,805,23561.148495876896
20592.853927829376,730,21322.853927829376
17721.466964463838,620,18341.466964463838
15513.935201658762,570,16083.935201658762
18206.76807832878,560,18766.76807832878
17512.13115454034,545,18057.13115454034
16956.864869043755,460,17416.864869043755
16731.398074815108,460,17191.398074815108
17291.455680891402,615,17906.455680891402
18111.417313450253,1020,19131.417313450253
18010.539205703564,1180,19190.539205703564
18094.109513564115,1260,19354.109513564115
18846.539563506347,1400,20246.539563506347
19942.302483897805,1530,21472.302483897805
20172.80047226535,1520,21692.80047226535
20668.295187295174,1500,22168.295187295174
20600.695948033655,1490,22090.695948033655
20466.905957845338,1270,21736.905957845338
20593.606351728715,660,21253.606351728715
20593.6801589777,625,21218.6801589777
20141.350383393838,750,20891.350383393838
20179.338564404283,785,20964.338564404283
22218.345825569857,785,23003.345825569857
22362.608244308085,775,23137.608244308085
21741.747816480638,805,22546.747816480638
20364.82643210135,730,21094.82643210135
18837.06968342176,620,19457.06968342176
16384.82383601478,570,16954.82383601478
17680.88937913495,560,18240.88937913495
17242.298002868432,545,17787.298002868432
17061.91513655925,460,17521.91513655925
16836.448342330605,460,17296.448342330605
17208.957628342443,615,17823.957628342443
18028.9295119081,1020,19048.9295119081
18115.587423017707,1180,19295.587423017707
18199.16183128097,1260,19459.16183128097
18898.352252291286,1400,20298.352252291286
19981.2563097491,1530,21511.2563097491
20128.827753483318,1520,21648.827753483318
20475.34253644419,1500,21975.34253644419
20457.526286620614,1490,21947.526286620614
20393.33858242313,1270,21663.33858242313
20393.33858242313,660,21053.33858242313
20410.101028747355,625,21035.101028747355
20308.96664583059,750,21058.96664583059
20330.565517164458,785,21115.565517164458
22362.764059611487,785,23147.764059611487
22490.63716867312,775,23265.63716867312
21812.12097818304,805,22617.12097818304
20345.447928841004,730,21075.447928841004
18817.691180161426,620,19437.691180161426
16703.591193761364,570,17273.591193761364
18206.76807832878,560,18766.76807832878
17630.878817345972,545,18175.878817345972
16956.864869043755,460,17416.864869043755
16731.398074815108,460,17191.398074815108
17262.818468286616,615,17877.818468286616
18082.786251449554,1020,19102.786251449554
18005.366547670787,1180,19185.366547670787
18088.936855531338,1260,19348.936855531338
19020.353584656183,1400,20420.353584656183
20218.042265689586,1530,21748.042265689586
20483.93903074916,1520,22003.93903074916
20862.916702053677,1500,22362.916702053677
21088.354793463277,1490,22578.354793463277
21065.50119889673,1270,22335.50119889673
21097.28547059003,660,21757.28547059003
21123.749469752587,625,21748.749469752587
20757.41128983613,750,21507.41128983613
20618.231320270817,785,21403.231320270817
22444.542491482876,785,23229.542491482876
22544.155624990075,775,23319.155624990075
22113.529281009476,805,22918.529281009476
20540.518437697487,730,21270.518437697487
19012.7616890179,620,19632.7616890179
16960.969372167667,570,17530.969372167667
18201.595420296002,560,18761.595420296002
17625.7061593132,545,18170.7061593132
16956.864869043755,460,17416.864869043755
16731.398074815108,460,17191.398074815108
17186.39618746978,615,17801.39618746978
18006.369096136117,1020,19026.369096136117
18010.539205703564,1180,19190.539205703564
18088.936855531338,1260,19348.936855531338
19165.270017628438,1400,20565.270017628438
20590.118959214346,1530,22120.118959214346
20871.51319635865,1520,22391.51319635865
21147.529755334115,1500,22647.529755334115
21276.30495299441,1490,22766.30495299441
21149.41594058586,1270,22419.41594058586
21253.451358427865,660,21913.451358427865
21253.451358427865,625,21878.451358427865
21222.56097452779,750,21972.56097452779
21256.313439527257,785,22041.313439527257
22991.622322946616,785,23776.622322946616
23091.235456453815,775,23866.235456453815
22526.33732496516,805,23331.33732496516
20785.099259210958,730,21515.099259210958
19273.723619402524,620,19893.723619402524
17686.67709757591,570,18256.67709757591
18270.303818493598,560,18830.303818493598
17682.541841431594,545,18227.541841431594
16933.19734453705,460,17393.19734453705
16723.396138904704,460,17183.396138904704
17165.941328495133,615,17780.941328495133
17949.383749318396,1020,18969.383749318396
17953.553858885844,1180,19133.553858885844
17989.621001221425,1260,19249.621001221425
19165.270017628438,1400,20565.270017628438
20458.014234544444,1530,21988.014234544444
20739.408471688752,1520,22259.408471688752
20730.811977383775,1500,22230.811977383775
21088.354793463277,1490,22578.354793463277
20840.063107487138,1270,22110.063107487138
21065.50119889673,660,21725.50119889673
21123.749469752587,625,21748.749469752587
20596.63244893695,750,21346.63244893695
20532.553405411574,785,21317.553405411574
22446.117046127813,785,23231.117046127813
22510.720941201507,775,23285.720941201507
21856.09369696507,805,22661.09369696507
20335.924743521045,730,21065.924743521045
18808.167994841468,620,19428.167994841468
16960.969372167667,570,17530.969372167667
17997.46507162706,560,18557.46507162706
17534.855586421174,545,18079.855586421174
17186.26189928066,460,17646.26189928066
17085.18287180064,460,17545.18287180064
17797.781609709247,615,18412.781609709247
18384.196604477347,1020,19404.196604477347
18585.38081379111,1180,19765.38081379111
19042.4281027057,1260,20302.4281027057
19773.372042388906,1400,21173.372042388906
20602.014227508513,1530,22132.014227508513
20680.57384324377,1520,22200.57384324377
20546.861760707165,1500,22046.861760707165
20573.434420541824,1490,22063.434420541824
20550.580825975278,1270,21820.580825975278
20587.47009905646,660,21247.47009905646
20499.877296126422,625,21124.877296126422
20446.153819673407,750,21196.153819673407
20516.613089832957,785,21301.613089832957
23268.77469347585,785,24053.77469347585
23390.32293134005,775,24165.32293134005
22756.148495876896,805,23561.148495876896
20592.853927829376,730,21322.853927829376
17721.466964463838,620,18341.466964463838
15513.935201658762,570,16083.935201658762
18002.637729659833,560,18562.637729659833
17534.855586421174,545,18079.855586421174
17296.4868750303,460,17756.4868750303
17190.237239718856,460,17650.237239718856
17874.200815224038,615,18489.200815224038
18460.615809992138,1020,19480.615809992138
18695.60373933939,1180,19875.60373933939
19079.624905990968,1260,20339.624905990968
19825.184731173846,1400,21225.184731173846
20602.014227508513,1530,22132.014227508513
20680.57384324377,1520,22200.57384324377
20557.213227376807,1500,22057.213227376807
20557.213227376807,1490,22047.213227376807
20538.63840304982,1270,21808.63840304982
20541.549688981864,660,21201.549688981864
20541.549688981864,625,21166.549688981864
20493.656985198377,750,21243.656985198377
20516.613089832957,785,21301.613089832957
23268.77469347585,785,24053.77469347585
23390.32293134005,775,24165.32293134005
22754.865069825177,805,23559.865069825177
20592.853927829376,730,21322.853927829376
17721.466964463838,620,18341.466964463838
15513.935201658762,570,16083.935201658762
18206.76807832878,560,18766.76807832878
17630.878817345972,545,18175.878817345972
16956.864869043755,460,17416.864869043755
16731.398074815108,460,17191.398074815108
17262.818468286616,615,17877.818468286616
18028.9295119081,1020,19048.9295119081
18010.539205703564,1180,19190.539205703564
18199.16183128097,1260,19459.16183128097
18924.186839636142,1400,20324.186839636142
20007.090897093945,1530,21537.090897093945
20228.143607793238,1520,21748.143607793238
20180.593287636966,1500,21680.593287636966
20167.73442470332,1490,21657.73442470332
20142.30577722787,1270,21412.30577722787
20168.14036457272,660,20828.14036457272
20168.14036457272,625,20793.14036457272
20168.14036457272,750,20918.14036457272
20189.73923590658,785,20974.73923590658
22034.498118961274,785,22819.498118961274
22083.959226785613,775,22858.959226785613
21593.83398911919,805,22398.83398911919
20216.9126047399,730,20946.9126047399
18689.15585606032,620,19309.15585606032
16384.82383601478,570,16954.82383601478
17785.939646650444,560,18345.939646650444
17347.350320585287,545,17892.350320585287
17061.91513655925,460,17521.91513655925
16836.448342330605,460,17296.448342330605
17291.455680891402,615,17906.455680891402
18111.417313450253,1020,19131.417313450253
18010.539205703564,1180,19190.539205703564
18094.109513564115,1260,19354.109513564115
18919.01418160336,1400,20319.01418160336
19981.2563097491,1530,21511.2563097491
20228.143607793238,1520,21748.143607793238
20167.73442470332,1500,21667.73442470332
20167.73442470332,1490,21657.73442470332
20144.880830136775,1270,21414.880830136775
20168.14036457272,660,20828.14036457272
20168.14036457272,625,20793.14036457272
20020.226537211278,750,20770.226537211278
20041.825408545134,785,20826.825408545134
21956.08611772398,785,22741.08611772398
22083.959226785613,775,22858.959226785613
21593.83398911919,805,22398.83398911919
20216.9126047399,730,20946.9126047399
18689.15585606032,620,19309.15585606032
16384.82383601478,570,16954.82383601478
17692.61858111891,560,18252.61858111891
17307.885994595206,545,17852.885994595206
17094.80139148386,460,17554.80139148386
16753.958490587083,460,17213.958490587083
17208.957628342443,615,17823.957628342443
18028.9295119081,1020,19048.9295119081
18033.09962147555,1180,19213.09962147555
18116.669929336098,1260,19376.669929336098
18776.273012274698,1400,20176.273012274698
19859.177069732505,1530,21389.177069732505
20106.064367776642,1520,21626.064367776642
20190.99395913927,1500,21690.99395913927
20165.15937179442,1490,21655.15937179442
20168.14036457272,1270,21438.14036457272
20168.14036457272,660,20828.14036457272
20142.30577722787,625,20767.30577722787
20168.14036457272,750,20918.14036457272
20189.73923590658,785,20974.73923590658
22103.999945085423,785,22888.999945085423
22231.873054147058,775,23006.873054147058
21741.747816480638,805,22546.747816480638
20216.9126047399,730,20946.9126047399
18689.15585606032,620,19309.15585606032
16334.067000930547,570,16904.067000930547
17692.61858111891,560,18252.61858111891
17254.02925505375,545,17799.02925505375
17040.94362684173,460,17500.94362684173
16753.958490587083,460,17213.958490587083
16270.207328950752,615,16885.207328950753
17552.778446715492,1020,18572.778446715492
17713.278460229623,1180,18893.278460229623
17885.638888614787,1260,19145.638888614787
18881.32327979019,1400,20281.32327979019
19859.177069732505,1530,21389.177069732505
20106.064367776642,1520,21626.064367776642
20190.99395913927,1500,21690.99395913927
20190.99395913927,1490,21680.99395913927
20168.14036457272,1270,21438.14036457272
20142.30577722787,660,20802.30577722787
20168.14036457272,625,20793.14036457272
20168.14036457272,750,20918.14036457272
20189.73923590658,785,20974.73923590658
22103.999945085423,785,22888.999945085423
22231.873054147058,775,23006.873054147058
21593.83398911919,805,22398.83398911919
20216.9126047399,730,20946.9126047399
18689.15585606032,620,19309.15585606032
16334.067000930547,570,16904.067000930547
17692.61858111891,560,18252.61858111891
17254.02925505375,545,17799.02925505375
16236.53892220707,460,16696.53892220707
15971.541170444118,460,16431.541170444118
16426.538257998116,615,17041.538257998116
17709.108350662176,1020,18729.108350662176
17713.278460229623,1180,18893.278460229623
17885.638888614787,1260,19145.638888614787
18881.32327979019,1400,20281.32327979019
19859.177069732505,1530,21389.177069732505
20106.064367776642,1520,21626.064367776642
20165.15937179442,1500,21665.15937179442
20165.15937179442,1490,21655.15937179442
20142.30577722787,1270,21412.30577722787
20141.350383393838,660,20801.350383393838
20157.739693070427,625,20782.739693070427
20142.30577722787,750,20892.30577722787
20163.904648561733,785,20948.904648561733
22084.62144182509,785,22869.62144182509
22212.49455088672,775,22987.49455088672
21593.83398911919,805,22398.83398911919
20216.9126047399,730,20946.9126047399
18689.15585606032,620,19309.15585606032
16334.067000930547,570,16904.067000930547
17784.801784895317,560,18344.801784895317
17454.3195765743,545,17999.3195765743
17329.374155055597,460,17789.374155055597
17161.606177718153,460,17621.606177718153
17091.777344476995,615,17706.777344476995
18140.788498142134,1020,19160.788498142134
18666.972677338686,1180,19846.972677338686
18921.376013570763,1260,20181.376013570763
19757.329216742255,1400,21157.329216742255
20585.973452063223,1530,22115.973452063223
20732.386532028715,1520,22252.386532028715
20546.861760707165,1500,22046.861760707165
20546.861760707165,1490,22036.861760707165
20550.580825975278,1270,21820.580825975278
20541.549688981864,660,21201.549688981864
20541.549688981864,625,21166.549688981864
20491.081932289464,750,21241.081932289464
20561.541202449018,785,21346.541202449018
23268.77469347585,785,24053.77469347585
23390.32293134005,775,24165.32293134005
22754.865069825177,805,23559.865069825177
20592.853927829376,730,21322.853927829376
17721.466964463838,620,18341.466964463838
15427.76626357366,570,15997.76626357366
17719.213793168543,560,18279.213793168543
17493.781852363023,545,18038.781852363023
17329.374155055597,460,17789.374155055597
17161.606177718153,460,17621.606177718153
17874.200815224038,615,18489.200815224038
18460.615809992138,1020,19480.615809992138
18666.972677338686,1180,19846.972677338686
19050.991793788908,1260,20310.991793788908
19757.329216742255,1400,21157.329216742255
20653.826916293456,1530,22183.826916293456
20732.386532028715,1520,22252.386532028715
20573.434420541824,1500,22073.434420541824
20573.434420541824,1490,22063.434420541824
20550.580825975278,1270,21820.580825975278
20529.607266056402,660,21189.607266056402
20541.549688981864,625,21166.549688981864
20472.72647950807,750,21222.72647950807
20543.185749667617,785,21328.185749667617
23331.102865039284,785,24116.102865039284
23452.651102903477,775,24227.651102903477
22756.148495876896,805,23561.148495876896
20592.853927829376,730,21322.853927829376
17721.466964463838,620,18341.466964463838
15513.935201658762,570,16083.935201658762
18088.02041552315,560,18648.02041552315
17242.298002868432,545,17787.298002868432
17061.91513655925,460,17521.91513655925
16836.448342330605,460,17296.448342330605
17208.957628342443,615,17823.957628342443
18028.9295119081,1020,19048.9295119081
18115.587423017707,1180,19295.587423017707
18199.16183128097,1260,19459.16183128097
18898.352252291286,1400,20298.352252291286
19929.443620964154,1530,21459.443620964154
20189.18978194195,1520,21709.18978194195
20475.34253644419,1500,21975.34253644419
20475.34253644419,1490,21965.34253644419
20308.96664583059,1270,21578.96664583059
20393.33858242313,660,21053.33858242313
20368.76691911641,625,20993.76691911641
20142.30577722787,750,20892.30577722787
20166.479701470646,785,20951.479701470646
22075.098256505127,785,22860.098256505127
22202.971365566762,775,22977.971365566762
21741.747816480638,805,22546.747816480638
20364.82643210135,730,21094.82643210135
18837.06968342176,620,19457.06968342176
16384.82383601478,570,16954.82383601478
17680.88937913495,560,18240.88937913495
17242.298002868432,545,17787.298002868432
17094.80139148386,460,17554.80139148386
16753.958490587083,460,17213.958490587083
16426.538257998116,615,17041.538257998116
17709.108350662176,1020,18729.108350662176
18033.09962147555,1180,19213.09962147555
18170.52871907892,1260,19430.52871907892
18898.352252291286,1400,20298.352252291286
19929.443620964154,1530,21459.443620964154
20176.33091900829,1520,21696.33091900829
20513.092894096808,1500,22013.092894096808
20453.928183232776,1490,21943.928183232776
20474.23132730674,1270,21744.23132730674
20434.672692054075,660,21094.672692054075
20427.91727857092,625,21052.91727857092
20141.350383393838,750,20891.350383393838
20162.9492547277,785,20947.9492547277
22218.345825569857,785,23003.345825569857
22346.218934631495,775,23121.218934631495
21741.747816480638,805,22546.747816480638
20364.82643210135,730,21094.82643210135
18689.15585606032,620,19309.15585606032
16384.82383601478,570,16954.82383601478
18510.187628689953,560,19070.187628689953
18022.03468473242,545,18567.03468473242
17608.314301171264,460,18068.314301171264
17103.48091894394,460,17563.48091894394
16561.72443531299,615,17176.72443531299
17762.87693154512,1020,18782.87693154512
18099.02999682954,1180,19279.02999682954
18142.44301064013,1260,19402.44301064013
18802.04404337737,1400,20202.04404337737
19884.948100835172,1530,21414.948100835172
19992.325346894948,1520,21512.325346894948
20077.254938257574,1500,21577.254938257574
20077.254938257574,1490,21567.254938257574
20054.40134369102,1270,21324.40134369102
20054.40134369102,660,20714.40134369102
20054.40134369102,625,20679.40134369102
19906.48751632958,750,20656.48751632958
19906.405508275162,785,20691.405508275162
21885.883122734507,785,22670.883122734507
22054.37892155496,775,22829.37892155496
21564.249583485816,805,22369.249583485816
20189.329195634462,730,20919.329195634462
18417.506225982917,620,19037.506225982917
15980.748624754546,570,16550.748624754546
18383.27606406643,560,18943.27606406643
17895.1231201089,545,18440.1231201089
17297.8707609487,460,17757.8707609487
16229.145896100765,460,16689.145896100767
16961.665415529587,615,17576.665415529587
17892.17288035101,1020,18912.17288035101
18099.02999682954,1180,19279.02999682954
18142.44301064013,1260,19402.44301064013
18802.04404337737,1400,20202.04404337737
19884.948100835172,1530,21414.948100835172
20140.239174256392,1520,21660.239174256392
20051.42035091272,1500,21551.42035091272
20051.42035091272,1490,21541.42035091272
20028.566756346172,1270,21298.566756346172
20028.566756346172,660,20688.566756346172
20054.40134369102,625,20679.40134369102
20054.40134369102,750,20804.40134369102
20054.3193356366,785,20839.3193356366
21885.883122734507,785,22670.883122734507
22054.37892155496,775,22829.37892155496
21564.249583485816,805,22369.249583485816
20189.329195634462,730,20919.329195634462
18417.506225982917,620,19037.506225982917
15980.748624754546,570,16550.748624754546
16894.99491748442,560,17454.99491748442
16218.280853990294,545,16763.280853990294
15875.625575090753,460,16335.625575090753
15625.100194732235,460,16085.100194732235
16169.997586847618,615,16784.997586847618
17371.151108180424,1020,18391.151108180424
17738.69890689963,1180,18918.69890689963
17911.409919717466,1260,19171.409919717466
18802.04404337737,1400,20202.04404337737
19884.948100835172,1530,21414.948100835172
20013.35426225056,1520,21533.35426225056
20084.635663155706,1500,21584.635663155706
20097.494526089355,1490,21587.494526089355
20061.782068589164,1270,21331.782068589164
20061.782068589164,660,20721.782068589164
20096.826160445806,625,20721.826160445806
20061.782068589164,750,20811.782068589164
20061.70006053474,785,20846.70006053474
22035.535520849735,785,22820.535520849735
22204.03131967019,775,22979.03131967019
21712.16341084726,805,22517.16341084726
20335.24407666933,730,21065.24407666933
18807.487327989744,620,19427.487327989744
16355.235329978683,570,16925.235329978685
18874.883597316573,560,19434.883597316573
18211.41588481325,545,18756.41588481325
17972.391108986987,460,18432.391108986987
17695.48476262102,460,18155.48476262102
18201.613872108243,615,18816.613872108243
18786.47891464773,1020,19806.47891464773
18920.512878797956,1180,20100.512878797956
19346.815348109074,1260,20606.815348109074
20121.00623529266,1400,21521.00623529266
21151.597354833535,1530,22681.597354833535
21125.028795401595,1520,22645.028795401595
21017.61259551597,1500,22517.61259551597
21132.173747143257,1490,22622.173747143257
21109.32015257672,1270,22379.32015257672
21183.633801294185,660,21843.633801294185
21171.49045863538,625,21796.49045863538
20908.882216558202,750,21658.882216558202
20857.58002791205,785,21642.58002791205
23619.555945468113,785,24404.555945468113
23745.423957599087,775,24520.423957599087
23176.445925402837,805,23981.445925402837
20952.032804594637,730,21682.032804594637
18320.984796127494,620,18940.984796127494
16112.16858217001,570,16682.16858217001
18874.883597316573,560,19434.883597316573
18357.53988638689,545,18902.53988638689
17867.33879127013,460,18327.33879127013
17590.432444904163,460,18050.432444904163
18205.824985702908,615,18820.824985702908
18790.6900282424,1020,19810.6900282424
18924.723992392617,1180,20104.723992392617
19351.026461703732,1260,20611.026461703732
20121.00623529266,1400,21521.00623529266
21130.424925382675,1530,22660.424925382675
21056.353200425765,1520,22576.353200425765
21082.56707502232,1500,22582.56707502232
21098.33107328393,1490,22588.33107328393
21075.477478717392,1270,22345.477478717392
21154.95968506491,660,21814.95968506491
21131.87236754326,625,21756.87236754326
20834.252836831205,750,21584.252836831205
20969.668636698472,785,21754.668636698472
23619.555945468113,785,24404.555945468113
23745.423957599087,775,24520.423957599087
23135.161020604555,805,23940.161020604555
20952.032804594637,730,21682.032804594637
18320.984796127494,620,18940.984796127494
16112.16858217001,570,16682.16858217001
19051.10865526646,560,19611.10865526646
18425.655776391282,545,18970.655776391282
17604.86586248275,460,18064.86586248275
17161.55389758346,460,17621.55389758346
17599.18065410982,615,18214.18065410982
18181.273824409793,1020,19201.273824409793
18157.097849965663,1180,19337.097849965663
18200.510863776246,1260,19460.510863776246
18924.123283393965,1400,20324.123283393965
19985.85491140092,1530,21515.85491140092
20106.091020394335,1520,21626.091020394335
20798.556780941897,1500,22298.556780941897
20853.227450423507,1490,22343.227450423507
20775.70318637535,1270,22045.70318637535
20775.70318637535,660,21435.70318637535
20622.499839503576,625,21247.499839503576
20297.5306226412,750,21047.5306226412
20297.44861458677,785,21082.44861458677
22328.43958843242,785,23113.43958843242
22506.66359270889,775,23281.66359270889
21692.784907586924,805,22497.784907586924
20335.24407666933,730,21065.24407666933
18807.487327989744,620,19427.487327989744
16355.235329978683,570,16925.235329978685
18932.360992460828,560,19492.360992460828
18306.908113585654,545,18851.908113585654
17608.314301171264,460,18068.314301171264
17103.48091894394,460,17563.48091894394
17436.064583659565,615,18051.064583659565
18123.205971273674,1020,19143.205971273674
18099.02999682954,1180,19279.02999682954
18305.561131291743,1260,19565.561131291743
18902.9508539431,1400,20302.9508539431
19998.71377433456,1530,21528.71377433456
20128.27624931732,1520,21648.27624931732
20371.56954437634,1500,21871.56954437634
20920.176775853717,1490,22410.176775853717
20978.00680563201,1270,22248.00680563201
20897.32318128717,660,21557.32318128717
20723.941752624425,625,21348.941752624425
20293.25390260299,750,21043.25390260299
20293.171894548574,785,21078.171894548574
22413.783320469884,785,23198.783320469884
22554.019143735903,775,23329.019143735903
22106.158807118132,805,22911.158807118132
20208.359164663507,730,20938.359164663507
18659.573500628296,620,19279.573500628296
16355.235329978683,570,16925.235329978685
18932.360992460828,560,19492.360992460828
18037.0770121151,545,18582.0770121151
17662.173090914082,460,18122.173090914082
17103.48091894394,460,17563.48091894394
17436.064583659565,615,18051.064583659565
18123.205971273674,1020,19143.205971273674
18262.14811748116,1180,19442.14811748116
18200.510863776246,1260,19460.510863776246
18881.46269348272,1400,20281.46269348272
20141.7112188333,1530,21671.7112188333
20216.162231041926,1520,21736.162231041926
20798.556780941897,1500,22298.556780941897
20853.227450423507,1490,22343.227450423507
20859.047972086235,1270,22129.047972086235
20897.32318128717,660,21557.32318128717
20807.286538335306,625,21432.286538335306
20439.05192216031,750,21189.05192216031
20416.956902097176,785,21201.956902097176
22483.78539572602,785,23268.78539572602
22554.019143735903,775,23329.019143735903
21873.538860342367,805,22678.538860342367
20315.865573408988,730,21045.865573408988
18788.10882472941,620,19408.10882472941
16674.002687725268,570,17244.002687725268
18932.360992460828,560,19492.360992460828
18306.908113585654,545,18851.908113585654
17604.86586248275,460,18064.86586248275
17161.55389758346,460,17621.55389758346
17599.18065410982,615,18214.18065410982
18177.062710815124,1020,19197.062710815124
18157.097849965663,1180,19337.097849965663
18200.510863776246,1260,19460.510863776246
18881.46269348272,1400,20281.46269348272
19964.366750940517,1530,21494.366750940517
20239.36025943705,1520,21759.36025943705
20853.227450423507,1500,22353.227450423507
20920.176775853717,1490,22410.176775853717
20897.32318128717,1270,22167.32318128717
20978.00680563201,660,21638.00680563201
20978.00680563201,625,21603.00680563201
20417.03891015161,750,21167.03891015161
20373.80016345667,785,21158.80016345667
22483.78539572602,785,23268.78539572602
22658.259581713966,775,23433.259581713966
21895.72408926536,805,22700.72408926536
20315.865573408988,730,21045.865573408988
18788.10882472941,620,19408.10882472941
16674.002687725268,570,17244.002687725268
19051.10865526646,560,19611.10865526646
18425.655776391282,545,18970.655776391282
17604.86586248275,460,18064.86586248275
17161.55389758346,460,17621.55389758346
17599.18065410982,615,18214.18065410982
18286.324091925282,1020,19306.324091925282
18157.097849965663,1180,19337.097849965663
18200.510863776246,1260,19460.510863776246
18881.46269348272,1400,20281.46269348272
20261.74435789202,1530,21791.74435789202
20321.01567922681,1520,21841.01567922681
20920.176775853717,1500,22420.176775853717
21000.86040019855,1490,22490.86040019855
20978.00680563201,1270,22248.00680563201
21180.2509690492,660,21840.2509690492
21180.2509690492,625,21805.2509690492
20814.671363636167,750,21564.671363636167
20858.527220940647,785,21643.527220940647
22655.545115112538,785,23440.545115112538
22724.731210227157,775,23499.731210227157
22016.53835504247,805,22821.53835504247
20557.96565127614,730,21287.96565127614
19030.208902596558,620,19650.208902596558
16931.380866131567,570,17501.380866131567
18869.710939283785,560,19429.710939283785
18352.36722835411,545,18897.36722835411
17867.33879127013,460,18327.33879127013
17590.432444904163,460,18050.432444904163
18205.824985702908,615,18820.824985702908
18790.6900282424,1020,19810.6900282424
18924.723992392617,1180,20104.723992392617
19351.026461703732,1260,20611.026461703732
20002.80392604895,1400,21402.80392604895
21026.701138147484,1530,22556.701138147484
21011.734668215144,1520,22531.734668215144
21215.51853285415,1500,22715.51853285415
21215.51853285415,1490,22705.51853285415
21180.521595628798,1270,22450.521595628798
21171.49045863538,660,21831.49045863538
21171.49045863538,625,21796.49045863538
20899.207316337557,750,21649.207316337557
20904.714157192117,785,21689.714157192117
23617.296623568738,785,24402.296623568738
23740.49117312549,775,24515.49117312549
23232.978177719873,805,24037.978177719873
20973.149878608758,730,21703.149878608758
18342.101870141618,620,18962.101870141618
16310.972507704128,570,16880.97250770413
18874.883597316573,560,19434.883597316573
18357.53988638689,545,18902.53988638689
17867.33879127013,460,18327.33879127013
17590.432444904163,460,18050.432444904163
18205.824985702908,615,18820.824985702908
18790.6900282424,1020,19810.6900282424
18924.723992392617,1180,20104.723992392617
19351.026461703732,1260,20611.026461703732
20052.33064031682,1400,21452.33064031682
21033.395045589827,1530,22563.395045589827
21026.393607943395,1520,22546.393607943395
21215.51853285415,1500,22715.51853285415
21197.249188529888,1490,22687.249188529888
21163.990822058327,1270,22433.990822058327
21183.633801294185,660,21843.633801294185
21171.49045863538,625,21796.49045863538
20873.050847379098,750,21623.050847379098
20857.58002791205,785,21642.58002791205
23689.558020724246,785,24474.558020724246
23815.426032855215,775,24590.426032855215
23234.435870887257,805,24039.435870887257
20952.032804594637,730,21682.032804594637
18320.984796127494,620,18940.984796127494
16112.16858217001,570,16682.16858217001
19051.10865526646,560,19611.10865526646
18425.655776391282,545,18970.655776391282
17604.86586248275,460,18064.86586248275
17161.55389758346,460,17621.55389758346
17494.13448699704,615,18109.13448699704
18181.273824409793,1020,19201.273824409793
18157.097849965663,1180,19337.097849965663
18200.510863776246,1260,19460.510863776246
19058.80716137549,1400,20458.80716137549
20148.92587742123,1530,21678.92587742123
20328.980711512715,1520,21848.980711512715
20371.56954437634,1500,21871.56954437634
20798.556780941897,1490,22288.556780941897
20775.70318637535,1270,22045.70318637535
20859.047972086235,660,21519.047972086235
20778.612422106035,625,21403.612422106035
20814.671363636167,750,21564.671363636167
20858.527220940647,785,21643.527220940647
22584.495386961138,785,23369.495386961138
22724.731210227157,775,23499.731210227157
22148.01571809603,805,22953.01571809603
20557.96565127614,730,21287.96565127614
18809.225898743534,620,19429.225898743534
16931.380866131567,570,17501.380866131567
19045.93599723368,560,19605.93599723368
18425.655776391282,545,18970.655776391282
17604.86586248275,460,18064.86586248275
17161.55389758346,460,17621.55389758346
17494.13448699704,615,18109.13448699704
18181.273824409793,1020,19201.273824409793
18157.097849965663,1180,19337.097849965663
18200.510863776246,1260,19460.510863776246
18881.46269348272,1400,20281.46269348272
20261.74435789202,1530,21791.74435789202
20380.166038681313,1520,21900.166038681313
21000.86040019855,1500,22500.86040019855
21203.104563615747,1490,22693.104563615747
21059.957454417683,1270,22329.957454417683
21269.5208366922,660,21929.5208366922
21180.2509690492,625,21805.2509690492
20889.228986315546,750,21639.228986315546
20858.527220940647,785,21643.527220940647
22659.05095943915,785,23444.05095943915
22799.28678270517,775,23574.28678270517
22106.158807118132,805,22911.158807118132
20580.150880199137,730,21310.150880199137
19030.208902596558,620,19650.208902596558
16931.380866131567,570,17501.380866131567
19045.93599723368,560,19605.93599723368
18420.4831183585,545,18965.4831183585
17604.86586248275,460,18064.86586248275
17161.55389758346,460,17621.55389758346
17494.13448699704,615,18109.13448699704
18181.273824409793,1020,19201.273824409793
18157.097849965663,1180,19337.097849965663
18200.510863776246,1260,19460.510863776246
19051.36288023517,1400,20451.36288023517
20312.92968506062,1530,21842.92968506062
20450.168113937445,1520,21970.168113937445
20920.176775853717,1500,22420.176775853717
20920.176775853717,1490,22410.176775853717
20978.00680563201,1270,22248.00680563201
20978.00680563201,660,21638.00680563201
20978.00680563201,625,21603.00680563201
20504.00640166666,750,21254.00640166666
20416.956902097176,785,21201.956902097176
22494.41158937798,785,23279.41158937798
22554.019143735903,775,23329.019143735903
21873.538860342367,805,22678.538860342367
20336.982647423112,730,21066.982647423112
18788.10882472941,620,19408.10882472941
16931.380866131567,570,17501.380866131567
19051.10865526646,560,19611.10865526646
18425.655776391282,545,18970.655776391282
17604.86586248275,460,18064.86586248275
17161.55389758346,460,17621.55389758346
17494.13448699704,615,18109.13448699704
18181.273824409793,1020,19201.273824409793
18157.097849965663,1180,19337.097849965663
18200.510863776246,1260,19460.510863776246
19110.51323968968,1400,20510.51323968968
20312.92968506062,1530,21842.92968506062
20528.467354099914,1520,22048.467354099914
20920.176775853717,1500,22420.176775853717
20994.734398533095,1490,22484.734398533095
20897.32318128717,1270,22167.32318128717
21180.2509690492,660,21840.2509690492
21180.2509690492,625,21805.2509690492
20776.39615443523,750,21526.39615443523
20776.314146380813,785,21561.314146380813
22584.495386961138,785,23369.495386961138
22724.731210227157,775,23499.731210227157
21839.191836948325,805,22644.191836948325
20336.982647423112,730,21066.982647423112
18809.225898743534,620,19429.225898743534
16674.002687725268,570,17244.002687725268
19051.10865526646,560,19611.10865526646
18425.655776391282,545,18970.655776391282
17604.86586248275,460,18064.86586248275
17161.55389758346,460,17621.55389758346
17494.13448699704,615,18109.13448699704
18181.273824409793,1020,19201.273824409793
18157.097849965663,1180,19337.097849965663
18200.510863776246,1260,19460.510863776246
19058.80716137549,1400,20458.80716137549
20261.74435789202,1530,21791.74435789202
20328.980711512715,1520,21848.980711512715
20920.176775853717,1500,22420.176775853717
20920.176775853717,1490,22410.176775853717
20897.32318128717,1270,22167.32318128717
21180.2509690492,660,21840.2509690492
21009.791077325302,625,21634.791077325302
20814.671363636167,750,21564.671363636167
20747.64003015154,785,21532.64003015154
22584.495386961138,785,23369.495386961138
22724.731210227157,775,23499.731210227157
22106.158807118132,805,22911.158807118132
20523.618627882104,730,21253.618627882104
18995.861879202526,620,19615.861879202526
16965.416258918794,570,17535.416258918794
18869.710939283785,560,19429.710939283785
18352.36722835411,545,18897.36722835411
17867.33879127013,460,18327.33879127013
17590.432444904163,460,18050.432444904163
18205.824985702908,615,18820.824985702908
18790.6900282424,1020,19810.6900282424
18924.723992392617,1180,20104.723992392617
19424.052583966753,1260,20684.052583966753
20096.28900768933,1400,21496.28900768933
21092.6930195423,1530,22622.6930195423
21189.15089315554,1520,22709.15089315554
21203.375190195347,1500,22703.375190195347
21203.375190195347,1490,22693.375190195347
21180.521595628798,1270,22450.521595628798
21236.635606868273,660,21896.635606868273
21236.635606868273,625,21861.635606868273
21071.776865261512,750,21821.776865261512
21142.23818562242,785,21927.23818562242
23768.131987869026,785,24553.131987869026
23894.0,775,24669.0
23175.824714390583,805,23980.824714390583
21106.554430941276,730,21836.554430941276
18505.2732960286,620,19125.2732960286
16477.406829056505,570,17047.406829056505
18892.07453572515,560,19452.07453572515
18367.725286746325,545,18912.725286746325
17877.52419162956,460,18337.52419162956
17585.25978687138,460,18045.25978687138
18205.824985702908,615,18820.824985702908
18790.6900282424,1020,19810.6900282424
18919.551334359836,1180,20099.551334359836
19418.87992593397,1260,20678.87992593397
20121.00623529266,1400,21521.00623529266
21151.597354833535,1530,22681.597354833535
21125.028795401595,1520,22645.028795401595
20943.290745993054,1500,22443.290745993054
21056.41060606385,1490,22546.41060606385
20882.297255515376,1270,22152.297255515376
20881.231150807864,660,21541.231150807864
20848.69445521523,625,21473.69445521523
20819.101848776412,750,21569.101848776412
20889.561118935966,785,21674.561118935966
23656.412415327515,785,24441.412415327515
23784.654560634062,775,24559.654560634062
23234.435870887257,805,24039.435870887257
20973.149878608758,730,21703.149878608758
18342.101870141618,620,18962.101870141618
16310.972507704128,570,16880.97250770413
19051.10865526646,560,19611.10865526646
18425.655776391282,545,18970.655776391282
17604.86586248275,460,18064.86586248275
17161.55389758346,460,17621.55389758346
17494.13448699704,615,18109.13448699704
18181.273824409793,1020,19201.273824409793
18157.097849965663,1180,19337.097849965663
18195.338205743465,1260,19455.338205743465
18915.80971687675,1400,20315.80971687675
20382.931760316755,1530,21912.931760316755
20528.467354099914,1520,22048.467354099914
20609.511813884208,1500,22109.511813884208
20609.511813884208,1490,22099.511813884208
20775.70318637535,1270,22045.70318637535
20456.533989162093,660,21116.533989162093
20304.224530083535,625,20929.224530083535
20074.640931522812,750,20824.640931522812
20074.558923468387,785,20859.558923468387
22195.17239959106,785,22980.17239959106
22204.03131967019,775,22979.03131967019
21692.784907586924,805,22497.784907586924
20336.527502721063,730,21066.527502721063
18807.487327989744,620,19427.487327989744
16674.002687725268,570,17244.002687725268
19051.10865526646,560,19611.10865526646
18425.655776391282,545,18970.655776391282
17604.86586248275,460,18064.86586248275
17161.55389758346,460,17621.55389758346
17494.13448699704,615,18109.13448699704
18286.324091925282,1020,19306.324091925282
18157.097849965663,1180,19337.097849965663
18200.510863776246,1260,19460.510863776246
18924.123283393965,1400,20324.123283393965
19985.85491140092,1530,21515.85491140092
20093.232157460683,1520,21613.232157460683
20522.544322369155,1500,22022.544322369155
20320.384217207742,1490,21810.384217207742
20456.533989162093,1270,21726.533989162093
20586.658219317662,660,21246.658219317662
20394.146361759205,625,21019.146361759205
20074.640931522812,750,20824.640931522812
20074.558923468387,785,20859.558923468387
22035.535520849735,785,22820.535520849735
22204.03131967019,775,22979.03131967019
21692.784907586924,805,22497.784907586924
20335.24407666933,730,21065.24407666933
18807.487327989744,620,19427.487327989744
16674.002687725268,570,17244.002687725268
19051.10865526646,560,19611.10865526646
18425.655776391282,545,18970.655776391282
17604.86586248275,460,18064.86586248275
17161.55389758346,460,17621.55389758346
17599.18065410982,615,18214.18065410982
18286.324091925282,1020,19306.324091925282
18157.097849965663,1180,19337.097849965663
18200.510863776246,1260,19460.510863776246
18924.123283393965,1400,20324.123283393965
19985.85491140092,1530,21515.85491140092
20093.232157460683,1520,21613.232157460683
20697.11486782105,1500,22197.11486782105
20798.556780941897,1490,22288.556780941897
20586.658219317662,1270,21856.658219317662
20859.047972086235,660,21519.047972086235
20778.612422106035,625,21403.612422106035
20417.03891015161,750,21167.03891015161
20416.956902097176,785,21201.956902097176
22485.5034644662,785,23270.5034644662
22554.019143735903,775,23329.019143735903
21895.72408926536,805,22700.72408926536
20336.982647423112,730,21066.982647423112
18809.225898743534,620,19429.225898743534
16931.380866131567,570,17501.380866131567
19051.10865526646,560,19611.10865526646
18425.655776391282,545,18970.655776391282
17604.86586248275,460,18064.86586248275
17161.55389758346,460,17621.55389758346
17494.13448699704,615,18109.13448699704
18286.324091925282,1020,19306.324091925282
18157.097849965663,1180,19337.097849965663
18200.510863776246,1260,19460.510863776246
18924.123283393965,1400,20324.123283393965
20007.027340851768,1530,21537.027340851768
20093.232157460683,1520,21613.232157460683
20712.878866082654,1500,22212.878866082654
20920.176775853717,1490,22410.176775853717
20897.32318128717,1270,22167.32318128717
20859.047972086235,660,21519.047972086235
20723.941752624425,625,21348.941752624425
20264.99392704856,750,21014.99392704856
20207.82816251111,785,20992.82816251111
22418.060040508084,785,23203.060040508084
22586.55583932854,775,23361.55583932854
21873.538860342367,805,22678.538860342367
20336.982647423112,730,21066.982647423112
18809.225898743534,620,19429.225898743534
16931.380866131567,570,17501.380866131567
19045.93599723368,560,19605.93599723368
18425.655776391282,545,18970.655776391282
17604.86586248275,460,18064.86586248275
17161.55389758346,460,17621.55389758346
17494.13448699704,615,18109.13448699704
18181.273824409793,1020,19201.273824409793
18157.097849965663,1180,19337.097849965663
18200.510863776246,1260,19460.510863776246
18924.123283393965,1400,20324.123283393965
20007.027340851768,1530,21537.027340851768
20114.40458691154,1520,21634.40458691154
20371.56954437634,1500,21871.56954437634
20320.384217207742,1490,21810.384217207742
20418.718025065933,1270,21688.718025065933
20586.658219317662,660,21246.658219317662
20534.896785566732,625,21159.896785566732
20293.25390260299,750,21043.25390260299
20293.171894548574,785,21078.171894548574
22418.060040508084,785,23203.060040508084
22496.935387252874,775,23271.935387252874
21895.72408926536,805,22700.72408926536
20315.865573408988,730,21045.865573408988
18788.10882472941,620,19408.10882472941
16674.002687725268,570,17244.002687725268
18874.883597316573,560,19434.883597316573
18357.53988638689,545,18902.53988638689
17867.33879127013,460,18327.33879127013
17590.432444904163,460,18050.432444904163
18201.613872108243,615,18816.613872108243
18786.47891464773,1020,19806.47891464773
18919.551334359836,1180,20099.551334359836
19418.87992593397,1260,20678.87992593397
20002.80392604895,1400,21402.80392604895
21033.395045589827,1530,22563.395045589827
21019.699700501053,1520,22539.699700501053
21215.51853285415,1500,22715.51853285415
21215.51853285415,1490,22705.51853285415
21163.990822058327,1270,22433.990822058327
21165.36445696992,660,21825.36445696992
21131.87236754326,625,21756.87236754326
20857.122833008638,750,21607.122833008638
20979.343536919114,785,21764.343536919114
23619.555945468113,785,24404.555945468113
23745.423957599087,775,24520.423957599087
23234.435870887257,805,24039.435870887257
20952.032804594637,730,21682.032804594637
18320.984796127494,620,18940.984796127494
16112.16858217001,570,16682.16858217001
18874.883597316573,560,19434.883597316573
18357.53988638689,545,18902.53988638689
17867.33879127013,460,18327.33879127013
17695.48476262102,460,18155.48476262102
18201.613872108243,615,18816.613872108243
18786.47891464773,1020,19806.47891464773
18924.723992392617,1180,20104.723992392617
19351.026461703732,1260,20611.026461703732
20121.00623529266,1400,21521.00623529266
21092.6930195423,1530,22622.6930195423
21204.914891417153,1520,22724.914891417153
21215.51853285415,1500,22715.51853285415
21203.375190195347,1490,22693.375190195347
21174.395593963345,1270,22444.395593963345
21165.36445696992,660,21825.36445696992
21131.87236754326,625,21756.87236754326
20834.252836831205,750,21584.252836831205
20943.512167740006,785,21728.512167740006
23689.558020724246,785,24474.558020724246
23745.423957599087,775,24520.423957599087
23234.435870887257,805,24039.435870887257
20952.032804594637,730,21682.032804594637
18320.984796127494,620,18940.984796127494
16310.972507704128,570,16880.97250770413
19051.10865526646,560,19611.10865526646
18425.655776391282,545,18970.655776391282
17604.86586248275,460,18064.86586248275
17161.55389758346,460,17621.55389758346
17494.13448699704,615,18109.13448699704
18181.273824409793,1020,19201.273824409793
18157.097849965663,1180,19337.097849965663
18200.510863776246,1260,19460.510863776246
18915.80971687675,1400,20315.80971687675
20020.89900325755,1530,21550.89900325755
20071.743997000292,1520,21591.743997000292
20609.511813884208,1500,22109.511813884208
20712.878866082654,1490,22202.878866082654
20775.70318637535,1270,22045.70318637535
20775.70318637535,660,21435.70318637535
20583.142123984242,625,21208.142123984242
20207.91017056553,750,20957.91017056553
20207.82816251111,785,20992.82816251111
22160.825376197023,785,22945.825376197023
22329.321175017478,775,23104.321175017478
21692.784907586924,805,22497.784907586924
20315.865573408988,730,21045.865573408988
18788.10882472941,620,19408.10882472941
16674.002687725268,570,17244.002687725268
19051.10865526646,560,19611.10865526646
18425.655776391282,545,18970.655776391282
17604.86586248275,460,18064.86586248275
17161.55389758346,460,17621.55389758346
17599.18065410982,615,18214.18065410982
18286.324091925282,1020,19306.324091925282
18157.097849965663,1180,19337.097849965663
18200.510863776246,1260,19460.510863776246
18937.994945799746,1400,20337.994945799746
20141.7112188333,1530,21671.7112188333
20239.36025943705,1520,21759.36025943705
20609.511813884208,1500,22109.511813884208
20798.556780941897,1490,22288.556780941897
20586.658219317662,1270,21856.658219317662
20586.658219317662,660,21246.658219317662
20469.942306060388,625,21094.942306060388
20040.293908128777,750,20790.293908128777
20207.82816251111,785,20992.82816251111
22328.43958843242,785,23113.43958843242
22329.321175017478,775,23104.321175017478
21692.784907586924,805,22497.784907586924
20335.24407666933,730,21065.24407666933
18807.487327989744,620,19427.487327989744
16355.235329978683,570,16925.235329978685
18932.360992460828,560,19492.360992460828
18037.0770121151,545,18582.0770121151
17709.914079796887,460,18169.914079796887
17266.607240400997,460,17726.607240400997
17436.064583659565,615,18051.064583659565
18123.205971273674,1020,19143.205971273674
18099.02999682954,1180,19279.02999682954
18305.561131291743,1260,19565.561131291743
18924.123283393965,1400,20324.123283393965
19998.71377433456,1530,21528.71377433456
20128.27624931732,1520,21648.27624931732
20712.878866082654,1500,22212.878866082654
20798.556780941897,1490,22288.556780941897
20690.025271516108,1270,21960.025271516108
20775.70318637535,660,21435.70318637535
20723.941752624425,625,21348.941752624425
20040.293908128777,750,20790.293908128777
20207.82816251111,785,20992.82816251111
22338.167793888435,785,23123.167793888435
22329.321175017478,775,23104.321175017478
21713.901981601044,805,22518.901981601044
20335.24407666933,730,21065.24407666933
18807.487327989744,620,19427.487327989744
16674.002687725268,570,17244.002687725268
18932.360992460828,560,19492.360992460828
18037.0770121151,545,18582.0770121151
17709.914079796887,460,18169.914079796887
17266.607240400997,460,17726.607240400997
17599.18065410982,615,18214.18065410982
18286.324091925282,1020,19306.324091925282
18157.097849965663,1180,19337.097849965663
18200.510863776246,1260,19460.510863776246
18902.9508539431,1400,20302.9508539431
19985.85491140092,1530,21515.85491140092
20093.232157460683,1520,21613.232157460683
20441.571619632476,1500,21941.571619632476
20609.511813884208,1490,22099.511813884208
20521.703739811306,1270,21791.703739811306
20690.025271516108,660,21350.025271516108
20723.941752624425,625,21348.941752624425
20297.5306226412,750,21047.5306226412
20297.44861458677,785,21082.44861458677
22305.24361023865,785,23090.24361023865
22473.739409059104,775,23248.739409059104
21713.901981601044,805,22518.901981601044
20336.527502721063,730,21066.527502721063
18808.77075404148,620,19428.77075404148
16674.002687725268,570,17244.002687725268
19051.10865526646,560,19611.10865526646
18306.908113585654,545,18851.908113585654
17604.86586248275,460,18064.86586248275
17103.48091894394,460,17563.48091894394
17436.064583659565,615,18051.064583659565
18123.205971273674,1020,19143.205971273674
18157.097849965663,1180,19337.097849965663
18195.338205743465,1260,19455.338205743465
18915.80971687675,1400,20315.80971687675
20433.69474600507,1530,21963.69474600507
20618.108308189185,1520,22138.108308189185
20881.901566652785,1500,22381.901566652785
20798.556780941897,1490,22288.556780941897
20859.047972086235,1270,22129.047972086235
20978.00680563201,660,21638.00680563201
20978.00680563201,625,21603.00680563201
20417.03891015161,750,21167.03891015161
20438.969914105885,785,21223.969914105885
22488.176927040407,785,23273.176927040407
22625.739287732213,775,23400.739287732213
21813.176831883746,805,22618.176831883746
20315.865573408988,730,21045.865573408988
18788.10882472941,620,19408.10882472941
16674.002687725268,570,17244.002687725268
18531.899261098642,560,19091.899261098642
18005.65562606263,545,18550.65562606263
17665.60512799172,460,18125.60512799172
17391.731029438077,460,17851.731029438077
18007.12357023682,615,18622.12357023682
18591.988612776302,1020,19611.988612776302
18835.28395803669,1180,20015.28395803669
19080.268669218192,1260,20340.268669218192
19788.580436081797,1400,21188.580436081797
20762.639303305645,1530,22292.639303305645
20826.697844817423,1520,22346.697844817423
20929.24481647163,1500,22429.24481647163
20929.24481647163,1490,22419.24481647163
20825.67274413712,1270,22095.67274413712
20813.968144569484,660,21473.968144569484
20762.206710818562,625,21387.206710818562
20649.365678132803,750,21399.365678132803
20719.82494829235,785,21504.82494829235
23471.986551935246,785,24256.986551935246
23572.417715785326,775,24347.417715785326
22927.436668950486,805,23732.436668950486
20765.427577156057,730,21495.427577156057
18134.377518487545,620,18754.377518487545
15758.680039281086,570,16328.680039281086
18353.523541921488,560,18913.523541921488
17916.84090312168,545,18461.84090312168
17617.86208890756,460,18077.86208890756
17391.731029438077,460,17851.731029438077
17132.782396789557,615,17747.782396789557
18231.649322040954,1020,19251.649322040954
18726.02257692653,1180,19906.02257692653
19076.057555623534,1260,20336.057555623534
19782.394978576882,1400,21182.394978576882
20886.014270582134,1530,22416.014270582134
20925.333032275616,1520,22445.333032275616
20720.114026684194,1500,22220.114026684194
20708.17160375873,1490,22198.17160375873
20697.260432117644,1270,21967.260432117644
20744.761547441267,660,21404.761547441267
20718.188887606597,625,21343.188887606597
20663.653531414784,750,21413.653531414784
20734.112801574334,785,21519.112801574334
23450.869477921126,785,24235.869477921126
23571.13428973359,775,24346.13428973359
22927.436668950486,805,23732.436668950486
20679.25761397027,730,21409.25761397027
18048.20960550313,620,18668.20960550313
15758.680039281086,570,16328.680039281086
18273.38117073585,560,18833.38117073585
17776.33035287334,545,18321.33035287334
17407.710298842547,460,17867.710298842547
17015.170545537698,460,17475.170545537698
17347.75216005197,615,17962.75216005197
18034.895597867424,1020,19054.895597867424
18097.13356057099,1180,19277.13356057099
18112.653584870695,1260,19372.653584870695
18767.590409512573,1400,20167.590409512573
19933.041724352,1530,21463.041724352
20130.52942061262,1520,21650.52942061262
20555.40699997812,1500,22055.40699997812
20729.977545430014,1490,22219.977545430014
20532.553405411574,1270,21802.553405411574
20774.723190124987,660,21434.723190124987
20823.753755663598,625,21448.753755663598
20210.163341860825,750,20960.163341860825
20290.17450015938,785,21075.17450015938
22427.009169447072,785,23212.009169447072
22290.949606352588,775,23065.949606352588
21654.417439324756,805,22459.417439324756
20296.874558205807,730,21026.874558205807
18769.117809526226,620,19389.117809526226
16635.63726966446,570,17205.63726966446
18695.554534506737,560,19255.554534506737
18061.205831927935,545,18606.205831927935
17509.312127669524,460,17969.312127669524
17015.170545537698,460,17475.170545537698
17347.75216005197,615,17962.75216005197
18034.895597867424,1020,19054.895597867424
18097.13356057099,1180,19277.13356057099
18112.653584870695,1260,19372.653584870695
18815.093575037554,1400,20215.093575037554
19910.85649542901,1530,21440.85649542901
20108.344191689623,1520,21628.344191689623
20831.419458550863,1500,22331.419458550863
20898.368783981077,1490,22388.368783981077
20950.072812093906,1270,22220.072812093906
20774.723190124987,660,21434.723190124987
20269.963615146644,625,20894.963615146644
20064.03523988446,750,20814.03523988446
20016.45006630506,785,20801.45006630506
22197.423520684988,785,22982.423520684988
22325.29662974663,775,23100.29662974663
21675.53451333888,805,22480.53451333888
20148.96073084436,730,20878.96073084436
18621.203982164774,620,19241.203982164774
16316.869911917882,570,16886.869911917882
18393.47376563403,560,18953.47376563403
17722.473613331887,545,18267.473613331887
17407.710298842547,460,17867.710298842547
17015.170545537698,460,17475.170545537698
17347.75216005197,615,17962.75216005197
18034.895597867424,1020,19054.895597867424
18039.06570743488,1180,19219.06570743488
18217.703852386192,1260,19477.703852386192
18827.952437971202,1400,20227.952437971202
19876.50947203497,1530,21406.50947203497
20251.341636188365,1520,21771.341636188365
20642.374491493174,1500,22142.374491493174
20979.052408325904,1490,22469.052408325904
20875.51518941453,1270,22145.51518941453
20875.51518941453,660,21535.51518941453
20823.753755663598,625,21448.753755663598
20471.914599769272,750,21221.914599769272
20471.832591714847,785,21256.832591714847
22521.039604649377,785,23306.039604649377
22617.979275582366,775,23392.979275582366
21835.171392080207,805,22640.171392080207
20277.496054945466,730,21007.496054945466
18749.73930626589,620,19369.73930626589
16635.63726966446,570,17205.63726966446
18814.30219731236,560,19374.30219731236
18061.205831927935,545,18606.205831927935
17509.312127669524,460,17969.312127669524
17015.170545537698,460,17475.170545537698
17347.75216005197,615,17962.75216005197
18034.895597867424,1020,19054.895597867424
18039.06570743488,1180,19219.06570743488
18054.58573173458,1260,19314.58573173458
18836.266004488414,1400,20236.266004488414
19897.997632495357,1530,21427.997632495357
20095.485328755974,1520,21615.485328755974
20121.932926307643,1500,21621.932926307643
20233.016936427368,1490,21723.016936427368
20219.89154731684,1270,21489.89154731684
20042.547079424065,660,20702.547079424065
20076.894102818107,625,20701.894102818107
20030.819927641463,750,20780.819927641463
20056.572506931898,785,20841.572506931898
22036.048071189885,785,22821.048071189885
22163.92118025152,775,22938.92118025152
21525.88211522365,805,22330.88211522365
20148.96073084436,730,20878.96073084436
18621.203982164774,620,19241.203982164774
15931.391052098916,570,16501.391052098916
18146.469606112336,560,18706.469606112336
17649.418788249826,545,18194.418788249826
16453.025834476317,460,16913.025834476317
16540.77547781043,460,17000.77547781043
16424.254333682413,615,17039.254333682413
17674.562457736156,1020,18694.562457736156
18039.06570743488,1180,19219.06570743488
18054.58573173458,1260,19314.58573173458
18836.266004488414,1400,20236.266004488414
19897.997632495357,1530,21427.997632495357
20108.344191689623,1520,21628.344191689623
20376.53923247442,1500,21876.53923247442
20552.733537403914,1490,22042.733537403914
20353.685637907874,1270,21623.685637907874
20808.56586398432,660,21468.56586398432
20785.478546462666,625,21410.478546462666
20290.25650821381,750,21040.25650821381
20219.809539262424,785,21004.809539262424
22219.60874960799,785,23004.60874960799
22347.481858669624,775,23122.481858669624
21654.417439324756,805,22459.417439324756
20296.874558205807,730,21026.874558205807
18769.117809526226,620,19389.117809526226
16316.869911917882,570,16886.869911917882
18248.475324607352,560,18808.475324607352
17859.53162448898,545,18404.53162448898
17617.86208890756,460,18077.86208890756
17391.731029438077,460,17851.731029438077
18007.12357023682,615,18622.12357023682
18591.988612776302,1020,19611.988612776302
18726.02257692653,1180,19906.02257692653
19185.31893673369,1260,20445.31893673369
19788.580436081797,1400,21188.580436081797
20762.639303305645,1530,22292.639303305645
20826.697844817423,1520,22346.697844817423
20991.761606560234,1500,22491.761606560234
20991.761606560234,1490,22481.761606560234
20968.908011993688,1270,22238.908011993688
20941.607530676018,660,21601.607530676018
20947.733532341466,625,21572.733532341466
20779.7277316462,750,21529.7277316462
20850.18700180575,785,21635.18700180575
23571.261402217948,785,24356.261402217948
23692.809640082152,775,24467.809640082152
22949.837169016337,805,23754.837169016337
20766.711003207784,730,21496.711003207784
18135.660944539286,620,18755.660944539286
15926.845755682476,570,16496.845755682476
18531.899261098642,560,19091.899261098642
18005.65562606263,545,18550.65562606263
17665.60512799172,460,18125.60512799172
17500.994460749593,460,17960.994460749593
18007.12357023682,615,18622.12357023682
18591.988612776302,1020,19611.988612776302
18730.23369052119,1180,19910.23369052119
19080.268669218192,1260,20340.268669218192
19788.580436081797,1400,21188.580436081797
20762.639303305645,1530,22292.639303305645
20826.697844817423,1520,22346.697844817423
20991.761606560234,1500,22491.761606560234
20973.492262235977,1490,22463.492262235977
20950.638667669427,1270,22220.638667669427
20947.733532341466,660,21607.733532341466
20947.733532341466,625,21572.733532341466
20662.493117444687,750,21412.493117444687
20810.255229905455,785,21595.255229905455
23506.950685938824,785,24291.950685938824
23562.816622813658,775,24337.816622813658
23049.11201929905,805,23854.11201929905
20766.711003207784,730,21496.711003207784
18135.660944539286,620,18755.660944539286
15926.845755682476,570,16496.845755682476
18814.30219731236,560,19374.30219731236
18179.953494733567,545,18724.953494733567
17404.25980995267,460,17864.25980995267
17073.239423774492,460,17533.239423774492
17405.82001318808,615,18020.82001318808
18092.963451003543,1020,19112.963451003543
18097.13356057099,1180,19277.13356057099
18112.653584870695,1260,19372.653584870695
18815.093575037554,1400,20215.093575037554
19897.997632495357,1530,21427.997632495357
20116.657758206835,1520,21636.657758206835
20329.331295945376,1500,21829.331295945376
20313.11010278035,1490,21803.11010278035
20294.535278453364,1270,21564.535278453364
20353.685637907874,660,21013.685637907874
20290.25650821381,625,20915.25650821381
20219.89154731684,750,20969.89154731684
20042.465071369646,785,20827.465071369646
22219.60874960799,785,23004.60874960799
22325.29662974663,775,23100.29662974663
21654.417439324756,805,22459.417439324756
20296.874558205807,730,21026.874558205807
18769.117809526226,620,19389.117809526226
16316.869911917882,570,16886.869911917882
18695.554534506737,560,19255.554534506737
18061.205831927935,545,18606.205831927935
17461.569088585366,460,17921.569088585366
17015.170545537698,460,17475.170545537698
17347.75216005197,615,17962.75216005197
18034.895597867424,1020,19054.895597867424
18039.06570743488,1180,19219.06570743488
18217.703852386192,1260,19477.703852386192
18815.093575037554,1400,20215.093575037554
19910.85649542901,1530,21440.85649542901
20130.52942061262,1520,21650.52942061262
20376.53923247442,1500,21876.53923247442
20577.420011986822,1490,22067.420011986822
20619.520896926628,1270,21889.520896926628
20353.685637907874,660,21013.685637907874
20099.079331741104,625,20724.079331741104
20056.654514986316,750,20806.654514986316
20051.399848899116,785,20836.399848899116
22016.669567929544,785,22801.669567929544
22144.542676991183,775,22919.542676991183
21673.795942585097,805,22478.795942585097
20148.96073084436,730,20878.96073084436
18621.203982164774,620,19241.203982164774
16316.869911917882,570,16886.869911917882
18273.38117073585,560,18833.38117073585
17776.33035287334,545,18321.33035287334
17461.569088585366,460,17921.569088585366
17015.170545537698,460,17475.170545537698
17401.60889959342,615,18016.60889959342
18198.013718519047,1020,19218.013718519047
18097.13356057099,1180,19277.13356057099
18217.703852386192,1260,19477.703852386192
18836.266004488414,1400,20236.266004488414
19919.17006194622,1530,21449.17006194622
20116.657758206835,1520,21636.657758206835
20065.40067399061,1500,21565.40067399061
20065.40067399061,1490,21555.40067399061
20186.965313465695,1270,21456.965313465695
20489.396666771063,660,21149.396666771063
20399.116049857286,625,21024.116049857286
20056.654514986316,750,20806.654514986316
20056.572506931898,785,20841.572506931898
22036.048071189885,785,22821.048071189885
22163.92118025152,775,22938.92118025152
21673.795942585097,805,22478.795942585097
20148.96073084436,730,20878.96073084436
18621.203982164774,620,19241.203982164774
16316.869911917882,570,16886.869911917882
18345.730726549868,560,18905.730726549868
17848.679908687358,545,18393.679908687358
17461.569088585366,460,17921.569088585366
17069.028310179834,460,17529.028310179834
17347.75216005197,615,17962.75216005197
18034.895597867424,1020,19054.895597867424
18092.922446976332,1180,19272.922446976332
18108.44247127603,1260,19368.44247127603
18836.266004488414,1400,20236.266004488414
19919.17006194622,1530,21449.17006194622
20116.657758206835,1520,21636.657758206835
20642.374491493174,1500,22142.374491493174
20642.374491493174,1490,22132.374491493174
20875.51518941453,1270,22145.51518941453
20722.88794912508,660,21382.88794912508
20478.118509086435,625,21103.118509086435
20076.894102818107,750,20826.894102818107
20098.997323686675,785,20883.997323686675
22197.423520684988,785,22982.423520684988
22325.29662974663,775,23100.29662974663
21654.417439324756,805,22459.417439324756
20296.874558205807,730,21026.874558205807
18769.117809526226,620,19389.117809526226
16635.63726966446,570,17205.63726966446
18814.30219731236,560,19374.30219731236
18179.953494733567,545,18724.953494733567
17404.25980995267,460,17864.25980995267
17073.239423774492,460,17533.239423774492
17405.82001318808,615,18020.82001318808
18198.013718519047,1020,19218.013718519047
18097.13356057099,1180,19277.13356057099
18112.653584870695,1260,19372.653584870695
18850.137666894192,1400,20250.137666894192
20053.853939927743,1530,21583.853939927743
20241.61343073234,1520,21761.61343073234
20831.419458550863,1500,22331.419458550863
20898.368783981077,1490,22388.368783981077
20875.51518941453,1270,22145.51518941453
20808.56586398432,660,21468.56586398432
20756.80443023339,625,21381.80443023339
20210.163341860825,750,20960.163341860825
20219.809539262424,785,21004.809539262424
22197.423520684988,785,22982.423520684988
22325.29662974663,775,23100.29662974663
21654.417439324756,805,22459.417439324756
20296.874558205807,730,21026.874558205807
18769.117809526226,620,19389.117809526226
16635.63726966446,570,17205.63726966446
18531.899261098642,560,19091.899261098642
18005.65562606263,545,18550.65562606263
17560.55486047622,460,18020.55486047622
17395.942143032735,460,17855.942143032735
18007.12357023682,615,18622.12357023682
18591.988612776302,1020,19611.988612776302
18730.23369052119,1180,19910.23369052119
19080.268669218192,1260,20340.268669218192
19715.82699059974,1400,21115.82699059974
20788.83677629132,1530,22318.83677629132
20993.908167384776,1520,22513.908167384776
20979.61826390144,1500,22479.61826390144
20979.61826390144,1490,22469.61826390144
20956.764669334887,1270,22226.764669334887
20947.733532341466,660,21607.733532341466
20947.733532341466,625,21572.733532341466
20745.88505778687,750,21495.88505778687
20800.580329684803,785,21585.580329684803
23436.948610682695,785,24221.948610682695
23562.816622813658,775,24337.816622813658
22928.72009500222,805,23733.72009500222
20765.427577156057,730,21495.427577156057
18135.660944539286,620,18755.660944539286
15926.845755682476,570,16496.845755682476
18531.899261098642,560,19091.899261098642
18005.65562606263,545,18550.65562606263
17665.60512799172,460,18125.60512799172
17500.994460749593,460,17960.994460749593
18007.12357023682,615,18622.12357023682
18591.988612776302,1020,19611.988612776302
18730.23369052119,1180,19910.23369052119
19080.268669218192,1260,20340.268669218192
19732.048183764768,1400,21132.048183764768
20750.696880380183,1530,22280.696880380183
20852.89531780309,1520,22372.89531780309
20979.61826390144,1500,22479.61826390144
20979.61826390144,1490,22469.61826390144
20956.764669334887,1270,22226.764669334887
21012.87868057436,660,21672.87868057436
21012.87868057436,625,21637.87868057436
20808.401847875473,750,21558.401847875473
20878.861118035024,785,21663.861118035024
23519.128882020756,785,24304.128882020756
23628.61783548194,775,24403.61783548194
22991.12207381463,805,23796.12207381463
20948.449052616314,730,21678.449052616314
18317.39899394781,620,18937.39899394781
16159.68507400383,570,16729.685074003828
18809.12953927958,560,19369.12953927958
18174.780836700782,545,18719.780836700782
17404.25980995267,460,17864.25980995267
17073.239423774492,460,17533.239423774492
17405.82001318808,615,18020.82001318808
18092.963451003543,1020,19112.963451003543
18097.13356057099,1180,19277.13356057099
18112.653584870695,1260,19372.653584870695
19429.629131667567,1400,20829.629131667567
20636.69543372433,1530,22166.69543372433
20906.965278286047,1520,22426.965278286047
21276.811352730478,1500,22776.811352730478
21301.55113254877,1490,22791.55113254877
21382.732955824227,1270,22652.732955824227
21382.732955824227,660,22042.732955824227
21382.732955824227,625,22007.732955824227
21127.552593276483,750,21877.552593276483
21139.62417888767,785,21924.62417888767
22769.688025662268,785,23554.688025662268
22869.301159169467,775,23644.301159169467
22132.93033648477,805,22937.93033648477
20639.39554891623,730,21369.39554891623
19134.83682863178,620,19754.83682863178
17148.033844711015,570,17718.033844711015
18824.487597671796,560,19384.487597671796
18190.138895092998,545,18735.138895092998
17399.087151919888,460,17859.087151919888
17073.239423774492,460,17533.239423774492
17405.82001318808,615,18020.82001318808
18092.963451003543,1020,19112.963451003543
18097.13356057099,1180,19277.13356057099
18107.48092683791,1260,19367.48092683791
19429.629131667567,1400,20829.629131667567
20674.970642925262,1530,22204.970642925262
20906.965278286047,1520,22426.965278286047
21270.566439386104,1500,22770.566439386104
21405.586550390773,1490,22895.586550390773
21382.732955824227,1270,22652.732955824227
21382.732955824227,660,22042.732955824227
21382.732955824227,625,22007.732955824227
21007.259078644965,750,21757.259078644965
20969.16428716376,785,21754.16428716376
22769.688025662268,785,23554.688025662268
22869.301159169467,775,23644.301159169467
22140.255705946176,805,22945.255705946176
20541.78136173561,730,21271.78136173561
19014.02461305603,620,19634.02461305603
17087.67284135308,570,17657.67284135308
18824.487597671796,560,19384.487597671796
18174.780836700782,545,18719.780836700782
17404.25980995267,460,17864.25980995267
17073.239423774492,460,17533.239423774492
17405.82001318808,615,18020.82001318808
18092.963451003543,1020,19112.963451003543
18097.13356057099,1180,19277.13356057099
18112.653584870695,1260,19372.653584870695
19169.380671356426,1400,20569.380671356426
20376.446973413193,1530,21906.446973413193
20650.970985798143,1520,22170.970985798143
21270.566439386104,1500,22770.566439386104
21276.811352730478,1490,22766.811352730478
21278.69753798223,1270,22548.69753798223
21382.732955824227,660,22042.732955824227
21382.732955824227,625,22007.732955824227
20925.308429859284,750,21675.308429859284
20969.16428716376,785,21754.16428716376
22633.737123239895,785,23418.737123239895
22716.971198077306,775,23491.971198077306
21978.166786377587,805,22783.166786377587
20519.596132812618,730,21249.596132812618
18770.85638028001,620,19390.85638028001
16833.15776914685,570,17403.15776914685
18814.30219731236,560,19374.30219731236
18174.780836700782,545,18719.780836700782
17404.25980995267,460,17864.25980995267
17073.239423774492,460,17533.239423774492
17347.75216005197,615,17962.75216005197
18034.895597867424,1020,19054.895597867424
18097.13356057099,1180,19277.13356057099
18112.653584870695,1260,19372.653584870695
18827.952437971202,1400,20227.952437971202
19876.50947203497,1530,21406.50947203497
20337.927790250345,1520,21857.927790250345
20972.926406660456,1500,22472.926406660456
20979.052408325904,1490,22469.052408325904
20875.51518941453,1270,22145.51518941453
20875.51518941453,660,21535.51518941453
20756.80443023339,625,21381.80443023339
20210.163341860825,750,20960.163341860825
20042.465071369646,785,20827.465071369646
22037.78664194367,785,22822.78664194367
22165.6597510053,775,22940.6597510053
21546.90898037791,805,22351.90898037791
20148.96073084436,730,20878.96073084436
18621.203982164774,620,19241.203982164774
15954.810502240987,570,16524.810502240987
18219.5244311944,560,18779.5244311944
17649.418788249826,545,18194.418788249826
16284.792461430021,460,16744.79246143002
16140.83449759384,460,16600.834497593838
16424.254333682413,615,17039.254333682413
17625.40477971319,1020,18645.40477971319
18092.922446976332,1180,19272.922446976332
18054.58573173458,1260,19314.58573173458
18815.093575037554,1400,20215.093575037554
19910.85649542901,1530,21440.85649542901
20130.52942061262,1520,21650.52942061262
20209.818908032248,1500,21709.818908032248
20376.53923247442,1490,21866.53923247442
20219.89154731684,1270,21489.89154731684
20076.894102818107,660,20736.894102818107
20042.547079424065,625,20667.547079424065
20030.819927641463,750,20780.819927641463
20056.572506931898,785,20841.572506931898
21966.546245065732,785,22751.546245065732
22163.92118025152,775,22938.92118025152
21525.88211522365,805,22330.88211522365
20148.96073084436,730,20878.96073084436
18621.203982164774,620,19241.203982164774
15867.451422266062,570,16437.451422266062
17637.15038330803,560,18197.15038330803
17844.491347307667,545,18389.491347307667
15885.165162021596,460,16345.165162021596
15956.929385347163,460,16416.92938534716
16741.055548324188,615,17356.055548324188
17839.92554887762,1020,18859.92554887762
18730.23369052119,1180,19910.23369052119
19080.268669218192,1260,20340.268669218192
19850.25049300848,1400,21250.25049300848
20880.841612549353,1530,22410.841612549353
20925.333032275616,1520,22445.333032275616
20720.114026684194,1500,22220.114026684194
20848.526338703665,1490,22338.526338703665
20940.23389576442,1270,22210.23389576442
20941.607530676018,660,21601.607530676018
20889.846096925085,625,21514.846096925085
20790.13250355122,750,21540.13250355122
20878.861118035024,785,21663.861118035024
23503.450992216287,785,24288.450992216287
23676.639701951142,775,24451.639701951142
22991.12207381463,805,23796.12207381463
20766.711003207784,730,21496.711003207784
18135.660944539286,620,18755.660944539286
15926.845755682476,570,16496.845755682476
18531.899261098642,560,19091.899261098642
18005.65562606263,545,18550.65562606263
17560.55486047622,460,18020.55486047622
17395.942143032735,460,17855.942143032735
18007.12357023682,615,18622.12357023682
18591.988612776302,1020,19611.988612776302
18730.23369052119,1180,19910.23369052119
19080.268669218192,1260,20340.268669218192
19758.24565675044,1400,21158.24565675044
20762.266166658017,1530,22292.266166658017
20852.89531780309,1520,22372.89531780309
20991.761606560234,1500,22491.761606560234
20979.61826390144,1490,22469.61826390144
20956.764669334887,1270,22226.764669334887
20947.733532341466,660,21607.733532341466
20947.733532341466,625,21572.733532341466
20745.88505778687,750,21495.88505778687
20800.580329684803,785,21585.580329684803
23503.450992216287,785,24288.450992216287
23629.319004347264,775,24404.319004347264
23047.654326131662,805,23852.654326131662
20787.828077221908,730,21517.828077221908
18156.778018553403,620,18776.778018553403
16125.649681216597,570,16695.649681216597
18814.30219731236,560,19374.30219731236
18179.953494733567,545,18724.953494733567
17404.25980995267,460,17864.25980995267
17073.239423774492,460,17533.239423774492
17510.87028070358,615,18125.87028070358
18092.963451003543,1020,19112.963451003543
18097.13356057099,1180,19277.13356057099
18112.653584870695,1260,19372.653584870695
18827.952437971202,1400,20227.952437971202
20053.853939927743,1530,21583.853939927743
20073.997168295587,1520,21593.997168295587
20860.093574780134,1500,22360.093574780134
20972.926406660456,1490,22462.926406660456
20956.198813759365,1270,22226.198813759365
20956.198813759365,660,21616.198813759365
21158.44297717656,625,21783.44297717656
20449.901587760574,750,21199.901587760574
20536.78707122121,785,21321.78707122121
22521.039604649377,785,23306.039604649377
22613.32736869518,775,23388.32736869518
21835.171392080207,805,22640.171392080207
20298.61312895959,730,21028.61312895959
18770.85638028001,620,19390.85638028001
16893.01544807076,570,17463.01544807076
18809.12953927958,560,19369.12953927958
18174.780836700782,545,18719.780836700782
17404.25980995267,460,17864.25980995267
17073.239423774492,460,17533.239423774492
17510.87028070358,615,18125.87028070358
18198.013718519047,1020,19218.013718519047
18097.13356057099,1180,19277.13356057099
18112.653584870695,1260,19372.653584870695
18827.952437971202,1400,20227.952437971202
19933.041724352,1530,21463.041724352
20073.997168295587,1520,21593.997168295587
20860.093574780134,1500,22360.093574780134
20898.368783981077,1490,22388.368783981077
20956.198813759365,1270,22226.198813759365
20875.51518941453,660,21535.51518941453
20956.198813759365,625,21581.198813759365
20042.547079424065,750,20792.547079424065
20076.81209476368,785,20861.81209476368
22197.423520684988,785,22982.423520684988
22325.29662974663,775,23100.29662974663
21673.795942585097,805,22478.795942585097
20296.874558205807,730,21026.874558205807
18769.117809526226,620,19389.117809526226
16316.869911917882,570,16886.869911917882
18695.554534506737,560,19255.554534506737
18061.205831927935,545,18606.205831927935
17509.312127669524,460,17969.312127669524
17178.29481679339,460,17638.29481679339
17347.75216005197,615,17962.75216005197
18198.013718519047,1020,19218.013718519047
18097.13356057099,1180,19277.13356057099
18112.653584870695,1260,19372.653584870695
18793.605414577163,1400,20193.605414577163
19876.50947203497,1530,21406.50947203497
20251.341636188365,1520,21771.341636188365
20898.368783981077,1500,22398.368783981077
20979.052408325904,1490,22469.052408325904
20956.198813759365,1270,22226.198813759365
20956.198813759365,660,21616.198813759365
20956.198813759365,625,21581.198813759365
20725.914046333317,750,21475.914046333317
20725.832038278888,785,21510.832038278888
22197.423520684988,785,22982.423520684988
22165.6597510053,775,22940.6597510053
21675.53451333888,805,22480.53451333888
20277.496054945466,730,21007.496054945466
18749.73930626589,620,19369.73930626589
16635.63726966446,570,17205.63726966446
18814.30219731236,560,19374.30219731236
18061.205831927935,545,18606.205831927935
17404.25980995267,460,17864.25980995267
17073.239423774492,460,17533.239423774492
17405.82001318808,615,18020.82001318808
18092.963451003543,1020,19112.963451003543
18097.13356057099,1180,19277.13356057099
18112.653584870695,1260,19372.653584870695
18978.16454105787,1400,20378.16454105787
20168.638563503344,1530,21698.638563503344
20385.135726779397,1520,21905.135726779397
20979.052408325904,1500,22479.052408325904
20979.052408325904,1490,22469.052408325904
20956.198813759365,1270,22226.198813759365
20875.51518941453,660,21535.51518941453
20823.753755663598,625,21448.753755663598
20306.47770137883,750,21056.47770137883
20210.081333806404,785,20995.081333806404
22340.4230153851,785,23125.4230153851
22290.949606352588,775,23065.949606352588
21654.417439324756,805,22459.417439324756
20277.496054945466,730,21007.496054945466
18749.73930626589,620,19369.73930626589
16635.63726966446,570,17205.63726966446
18288.423498118536,560,18848.423498118536
17896.422947771523,545,18441.422947771523
17404.25980995267,460,17864.25980995267
17073.239423774492,460,17533.239423774492
17510.87028070358,615,18125.87028070358
18198.013718519047,1020,19218.013718519047
18097.13356057099,1180,19277.13356057099
18112.653584870695,1260,19372.653584870695
18961.943347892848,1400,20361.943347892848
20168.638563503344,1530,21698.638563503344
20325.985367324887,1520,21845.985367324887
20979.052408325904,1500,22479.052408325904
21181.296571743103,1490,22671.296571743103
21158.44297717656,1270,22428.44297717656
21253.95775816394,660,21913.95775816394
21253.95775816394,625,21878.95775816394
20640.236131474077,750,21390.236131474077
20624.390125158043,785,21409.390125158043
22583.923380781536,785,23368.923380781536
22683.536514288728,775,23458.536514288728
21800.824368686164,805,22605.824368686164
20298.61312895959,730,21028.61312895959
18991.839384133036,620,19611.839384133036
16893.01544807076,570,17463.01544807076
18526.72660306586,560,19086.72660306586
18000.482968029846,545,18545.482968029846
17560.55486047622,460,18020.55486047622
17395.942143032735,460,17855.942143032735
18011.33468383148,615,18626.33468383148
18596.199726370967,1020,19616.199726370967
18730.23369052119,1180,19910.23369052119
19153.29479148121,1260,20413.29479148121
19899.258506332128,1400,21299.258506332128
20917.501263078146,1530,22447.501263078146
21020.06463634324,1520,22540.06463634324
20979.61826390144,1500,22479.61826390144
21044.76341213432,1490,22534.76341213432
20956.764669334887,1270,22226.764669334887
21012.87868057436,660,21672.87868057436
21012.87868057436,625,21637.87868057436
20808.401847875473,750,21558.401847875473
20850.18700180575,785,21635.18700180575
23502.749823350958,785,24287.749823350958
23628.61783548194,775,24403.61783548194
23024.61006283858,805,23829.61006283858
20946.991359448934,730,21676.991359448934
18345.708174334904,620,18965.708174334904
16159.68507400383,570,16729.685074003828
18526.72660306586,560,19086.72660306586
18000.482968029846,545,18545.482968029846
17560.55486047622,460,18020.55486047622
17395.942143032735,460,17855.942143032735
18011.33468383148,615,18626.33468383148
18596.199726370967,1020,19616.199726370967
18725.061032488407,1180,19905.061032488407
19148.12213344843,1260,20408.12213344843
19964.21298583848,1400,21364.21298583848
20951.343936937476,1530,22481.343936937476
21035.82863460485,1520,22555.82863460485
20979.61826390144,1500,22479.61826390144
21044.76341213432,1490,22534.76341213432
21021.909817567775,1270,22291.909817567775
21116.91409841636,660,21776.91409841636
21116.91409841636,625,21741.91409841636
20790.13250355122,750,21540.13250355122
20878.861118035024,785,21663.861118035024
23519.128882020756,785,24304.128882020756
23628.61783548194,775,24403.61783548194
22991.12207381463,805,23796.12207381463
20948.449052616314,730,21678.449052616314
18317.39899394781,620,18937.39899394781
16125.649681216597,570,16695.649681216597
13670.74267244357,560,14230.74267244357
13073.272991939142,545,13618.272991939142
12336.932922274853,460,12796.932922274853
12384.90148350868,460,12844.90148350868
13268.34350079562,615,13883.34350079562
14840.081169062676,1020,15860.081169062676
15042.864535437708,1180,16222.864535437708
16106.539754334499,1260,17366.5397543345
17966.65464558004,1400,19366.65464558004
18906.128666052027,1530,20436.128666052027
19109.1908598121,1520,20629.1908598121
19430.902306712498,1500,20930.902306712498
19412.72112104674,1490,20902.72112104674
19417.91633129449,1270,20687.91633129449
19417.91633129449,660,20077.91633129449
19380.772833244602,625,20005.772833244602
18692.794963475375,750,19442.794963475375
18587.250597431972,785,19372.250597431972
20976.03041152039,785,21761.03041152039
21060.65657308165,775,21835.65657308165
20660.467518500416,805,21465.467518500416
18577.48548835146,730,19307.48548835146
16842.03719123958,620,17462.03719123958
14639.17783733531,570,15209.17783733531
12438.438391637885,560,12998.438391637885
12215.23091930861,545,12760.23091930861
12080.571643743408,460,12540.571643743408
12128.540204977233,460,12588.540204977233
12984.113835169612,615,13599.113835169612
14792.596455349949,1020,15812.596455349949
14954.908846866845,1180,16134.908846866845
16076.924595680712,1260,17336.924595680714
18036.82278714639,1400,19436.82278714639
18291.379888480507,1530,19821.379888480507
18540.19847620633,1520,20060.19847620633
19405.61922353364,1500,20905.61922353364
19430.902306712498,1490,20920.902306712498
19408.048712145945,1270,20678.048712145945
19389.867526480197,660,20049.867526480197
19380.772833244602,625,20005.772833244602
18692.794963475375,750,19442.794963475375
18510.009261171577,785,19295.009261171577
21033.57136290684,785,21818.57136290684
21060.65657308165,775,21835.65657308165
20660.467518500416,805,21465.467518500416
18577.48548835146,730,19307.48548835146
16842.03719123958,620,17462.03719123958
14639.17783733531,570,15209.17783733531
13456.24855589682,560,14016.24855589682
12911.278381633132,545,13456.278381633132
12336.932922274853,460,12796.932922274853
12384.90148350868,460,12844.90148350868
13239.622229935052,615,13854.622229935052
14840.081169062676,1020,15860.081169062676
15042.864535437708,1180,16222.864535437708
16106.539754334499,1260,17366.5397543345
18032.215984689134,1400,19432.215984689134
18381.57439693714,1530,19911.57439693714
18540.19847620633,1520,20060.19847620633
19405.61922353364,1500,20905.61922353364
19405.61922353364,1490,20895.61922353364
19408.048712145945,1270,20678.048712145945
19408.048712145945,660,20068.048712145945
19370.905214096056,625,19995.905214096056
18451.83274736335,750,19201.83274736335
18413.295112388256,785,19198.295112388256
20976.03041152039,785,21761.03041152039
21060.65657308165,775,21835.65657308165
20684.100189583995,805,21489.100189583995
18595.17872609339,730,19325.17872609339
16859.730428981515,620,17479.730428981515
15092.639324070218,570,15662.639324070218
13623.417874436966,560,14183.417874436966
13030.028094640124,545,13575.028094640124
12336.932922274853,460,12796.932922274853
12384.90148350868,460,12844.90148350868
13268.34350079562,615,13883.34350079562
14840.081169062676,1020,15860.081169062676
15091.284140970864,1180,16271.284140970864
16154.959359867658,1260,17414.95935986766
18032.215984689134,1400,19432.215984689134
18309.194088102715,1530,19839.194088102715
18418.93726653262,1520,19938.93726653262
19327.525003507246,1500,20827.525003507246
19353.989002669798,1490,20843.989002669798
19331.13540810325,1270,20601.13540810325
19382.765628967092,660,20042.765628967092
19345.62213091721,625,19970.62213091721
18445.827707578166,750,19195.827707578166
18510.009261171577,785,19295.009261171577
20945.242537688344,785,21730.242537688344
21053.120032880102,775,21828.120032880102
20660.467518500416,805,21465.467518500416
18577.48548835146,730,19307.48548835146
16559.425134487086,620,17179.425134487086
14639.17783733531,570,15209.17783733531
13007.73625524638,560,13567.73625524638
12600.066015900346,545,13145.066015900346
12308.211651414287,460,12768.211651414287
12356.180212648114,460,12816.180212648114
13201.966181545013,615,13816.966181545013
14752.125480491814,1020,15772.125480491814
15042.864535437708,1180,16222.864535437708
16114.58269427211,1260,17374.58269427211
17966.65464558004,1400,19366.65464558004
18270.879925075926,1530,19800.879925075926
18418.93726653262,1520,19938.93726653262
19327.525003507246,1500,20827.525003507246
19353.989002669798,1490,20843.989002669798
19382.765628967092,1270,20652.765628967092
19408.048712145945,660,20068.048712145945
19370.905214096056,625,19995.905214096056
18389.551730431216,750,19139.551730431216
18384.03668877121,785,19169.03668877121
20993.84256094124,785,21778.84256094124
21073.41292594727,775,21848.41292594727
20660.467518500416,805,21465.467518500416
18578.76891440319,730,19308.76891440319
16842.03719123958,620,17462.03719123958
14639.17783733531,570,15209.17783733531
13136.96762270941,560,13696.96762270941
12790.758319751269,545,13335.758319751269
12393.559483854471,460,12853.559483854471
12808.416704070074,460,13268.416704070074
13865.104836729955,615,14480.104836729955
15177.855943623328,1020,16197.855943623328
15398.840997677717,1180,16578.84099767772
16796.23364264254,1260,18056.23364264254
19413.37103487805,1400,20813.37103487805
19809.724162713606,1530,21339.724162713606
19749.335481637296,1520,21269.335481637296
19776.605209934565,1500,21276.605209934565
19776.605209934565,1490,21266.605209934565
19753.751615368015,1270,21023.751615368015
19744.72047837459,660,20404.72047837459
19707.576980324706,625,20332.576980324706
19487.50631607715,750,20237.50631607715
19594.219296896084,785,20379.219296896084
22146.43091244429,785,22931.43091244429
22309.799157661895,775,23084.799157661895
21894.293048715666,805,22699.293048715666
19275.747168145426,730,20005.747168145426
16021.39796713106,620,16641.39796713106
14276.539245774045,570,14846.539245774045
13136.96762270941,560,13696.96762270941
12926.311483109692,545,13471.311483109692
12393.559483854471,460,12853.559483854471
12618.432744789232,460,13078.432744789232
13607.634399262428,615,14222.634399262428
15194.787531559794,1020,16214.787531559794
15354.074850969135,1180,16534.074850969133
16607.38139451275,1260,17867.38139451275
19417.977837335304,1400,20817.977837335304
19798.154876435772,1530,21328.154876435772
19660.463353058254,1520,21180.463353058254
19776.605209934565,1500,21276.605209934565
19776.605209934565,1490,21266.605209934565
19753.751615368015,1270,21023.751615368015
19744.72047837459,660,20404.72047837459
19707.576980324706,625,20332.576980324706
19462.516411692854,750,20212.516411692854
19585.495690106756,785,20370.495690106756
22146.43091244429,785,22931.43091244429
22330.092050729054,775,23105.092050729054
21893.009622663936,805,22698.009622663936
19275.747168145426,730,20005.747168145426
16021.39796713106,620,16641.39796713106
14253.959353089138,570,14823.959353089138
12733.612032126743,560,13293.612032126743
12325.94179278071,545,12870.94179278071
12063.464763590604,460,12523.464763590604
12078.146255533826,460,12538.146255533826
12971.281624853653,615,13586.281624853653
14824.489387715357,1020,15844.489387715357
15006.141328666741,1180,16186.141328666741
16055.346226360454,1260,17315.346226360452
17966.65464558004,1400,19366.65464558004
18289.048809533517,1530,19819.048809533517
18429.20467494647,1520,19949.20467494647
19295.74073181395,1500,20795.74073181395
19353.989002669798,1490,20843.989002669798
19382.765628967092,1270,20652.765628967092
19331.13540810325,660,19991.13540810325
19345.62213091721,625,19970.62213091721
18896.494769858593,750,19646.494769858593
18756.976517068775,785,19541.976517068775
20945.242537688344,785,21730.242537688344
21053.120032880102,775,21828.120032880102
20625.872420741754,805,21430.872420741754
18294.871381397603,730,19024.871381397603
16559.425134487086,620,17179.425134487086
14282.540185156504,570,14852.540185156504
12622.901158654644,560,13182.901158654644
12215.23091930861,545,12760.23091930861
12080.571643743408,460,12540.571643743408
12076.856678878012,460,12536.856678878012
12971.281624853653,615,13586.281624853653
14824.489387715357,1020,15844.489387715357
15042.864535437708,1180,16222.864535437708
16114.58269427211,1260,17374.58269427211
17825.15999867862,1400,19225.15999867862
18266.720066515278,1530,19796.720066515278
18416.60413738426,1520,19936.60413738426
18434.080053781967,1500,19934.080053781967
18396.270240289883,1490,19886.270240289883
18512.49205501926,1270,19782.49205501926
18472.053883382894,660,19132.053883382894
18319.855135177808,625,18944.855135177808
18396.1082743824,750,19146.1082743824
18460.2898279758,785,19245.2898279758
21089.345040720447,785,21874.345040720447
20866.010455906813,775,21641.010455906813
20360.162224006,805,21165.162224006
18248.532730245446,730,18978.532730245446
16317.35991004306,620,16937.35991004306
14195.79616558975,570,14765.79616558975
12282.079784872149,560,12842.079784872149
11881.759517403847,545,12426.759517403847
12000.439523564573,460,12460.439523564573
12065.314045217865,460,12525.314045217865
12971.281624853653,615,13586.281624853653
14824.489387715357,1020,15844.489387715357
15027.272754090385,1180,16207.272754090385
16137.637208571992,1260,17397.637208571992
17635.073529329748,1400,19035.073529329748
18009.30703468585,1530,19539.30703468585
18151.14816561721,1520,19671.14816561721
18142.268743524477,1500,19642.268743524477
18275.601538809373,1490,19765.601538809373
18252.74794424283,1270,19522.74794424283
18254.746890569408,660,18914.746890569408
18254.746890569408,625,18879.746890569408
18041.550551483917,750,18791.550551483917
18105.732105077324,785,18890.732105077324
20349.36176323838,785,21134.36176323838
20408.63923517725,775,21183.63923517725
19914.61656472434,805,20719.61656472434
17824.85861907862,730,18554.85861907862
15845.347176296815,620,16465.347176296815
13692.427652234574,570,14262.427652234574
12182.181673375826,560,12742.181673375826
11740.855328494274,545,12285.855328494274
11955.736933098175,460,12415.736933098175
12065.314045217865,460,12525.314045217865
12971.281624853653,615,13586.281624853653
14824.489387715357,1020,15844.489387715357
15027.272754090385,1180,16207.272754090385
15941.039299701873,1260,17201.03929970187
17412.764045196414,1400,18812.764045196414
17556.565168628505,1530,19086.565168628505
17664.55337469373,1520,19184.55337469373
18076.231757699737,1500,19576.231757699737
18076.231757699737,1490,19566.231757699737
18053.37816313318,1270,19323.37816313318
18053.37816313318,660,18713.37816313318
18119.41514895793,625,18744.41514895793
18041.550551483917,750,18791.550551483917
18105.732105077324,785,18890.732105077324
20361.19142508901,785,21146.19142508901
20420.46889702788,775,21195.46889702788
19914.61656472434,805,20719.61656472434
17907.72365767112,730,18637.72365767112
15877.998683165635,620,16497.998683165635
13774.247088133177,570,14344.247088133177
12182.181673375826,560,12742.181673375826
11740.855328494274,545,12285.855328494274
11955.736933098175,460,12415.736933098175
12065.314045217865,460,12525.314045217865
12971.281624853653,615,13586.281624853653
14824.489387715357,1020,15844.489387715357
15027.272754090385,1180,16207.272754090385
16030.161552846914,1260,17290.161552846912
17569.62290109413,1400,18969.62290109413
18009.30703468585,1530,19539.30703468585
18151.14816561721,1520,19671.14816561721
18277.600485135954,1500,19777.600485135954
18277.600485135954,1490,19767.600485135954
18254.746890569408,1270,19524.746890569408
18254.746890569408,660,18914.746890569408
18254.746890569408,625,18879.746890569408
18041.550551483917,750,18791.550551483917
18105.732105077324,785,18890.732105077324
20349.36176323838,785,21134.36176323838
20408.63923517725,775,21183.63923517725
19914.61656472434,805,20719.61656472434
18013.837979692762,730,18743.837979692762
16024.559377629088,620,16644.559377629088
13788.73996155122,570,14358.73996155122
12463.46417454598,560,13023.46417454598
12196.270657125833,545,12741.270657125833
12381.649864150779,460,12841.649864150779
12566.077777744411,460,13026.077777744411
13607.634399262428,615,14222.634399262428
15194.787531559794,1020,16214.787531559794
15341.352326425971,1180,16521.35232642597
16482.703524271605,1260,17742.703524271605
18773.417081779386,1400,20173.417081779386
19208.968009428147,1530,20738.968009428147
19045.32708742958,1520,20565.32708742958
18953.64823318788,1500,20453.64823318788
19089.080434666026,1490,20579.080434666026
19066.226840099484,1270,20336.226840099484
19057.19570310606,660,19717.19570310606
19057.19570310606,625,19682.19570310606
19057.19570310606,750,19807.19570310606
19389.521042450255,785,20174.521042450255
22068.802088126744,785,22853.802088126744
22232.170333344347,775,23007.170333344347
21700.13487946465,805,22505.13487946465
19025.481138259034,730,19755.481138259034
15720.576021893754,620,16340.576021893754
13756.5302730756,570,14326.5302730756
12463.46417454598,560,13023.46417454598
12196.270657125833,545,12741.270657125833
12381.649864150779,460,12841.649864150779
12566.077777744411,460,13026.077777744411
13607.634399262428,615,14222.634399262428
15194.787531559794,1020,16214.787531559794
15341.352326425971,1180,16521.35232642597
16486.45846806353,1260,17746.45846806353
18816.80754337501,1400,20216.80754337501
19344.400210906293,1530,20874.400210906293
19175.572279465425,1520,20695.572279465425
19443.267071118236,1500,20943.267071118236
19511.120535348466,1490,21001.120535348466
19523.997850094365,1270,20793.997850094365
19539.15088835052,660,20199.15088835052
19539.15088835052,625,20164.15088835052
19411.382339558273,750,20161.382339558273
19582.397835850894,785,20367.397835850894
22261.676831326018,785,23046.676831326018
22425.045076543625,775,23200.045076543625
21700.13487946465,805,22505.13487946465
19082.870374744787,730,19812.870374744787
15646.450991701466,620,16266.450991701466
13756.5302730756,570,14326.5302730756
12182.181673375826,560,12742.181673375826
11740.855328494274,545,12285.855328494274
11955.736933098175,460,12415.736933098175
12065.314045217865,460,12525.314045217865
12940.106262964451,615,13555.106262964451
14836.44206164762,1020,15856.44206164762
15027.272754090385,1180,16207.272754090385
15876.410802211862,1260,17136.41080221186
17825.15999867862,1400,19225.15999867862
18134.594839831778,1530,19664.594839831778
18284.48096090211,1520,19804.48096090211
18375.7702768853,1500,19875.7702768853
18392.6741871034,1490,19882.6741871034
18472.053883382894,1270,19742.053883382894
18877.784632241805,660,19537.784632241805
18783.51842388304,625,19408.51842388304
18384.871120724973,750,19134.871120724973
18449.052674318387,785,19234.052674318387
20806.73298396795,785,21591.73298396795
20866.010455906813,775,21641.010455906813
19902.791003276434,805,20707.791003276434
17824.85861907862,730,18554.85861907862
15833.521614848902,620,16453.5216148489
13847.535636170345,570,14417.535636170345
12223.843815224467,560,12783.843815224467
11785.559969162037,545,12330.559969162037
11955.736933098175,460,12415.736933098175
12065.314045217865,460,12525.314045217865
12940.106262964451,615,13555.106262964451
14836.44206164762,1020,15856.44206164762
15027.272754090385,1180,16207.272754090385
15876.410802211862,1260,17136.41080221186
17835.201884942813,1400,19235.201884942813
18134.594839831778,1530,19664.594839831778
18284.48096090211,1520,19804.48096090211
18424.351848325943,1500,19924.351848325943
18535.345649585808,1490,20025.345649585808
18568.768032166216,1270,19838.768032166216
19081.484438625026,660,19741.484438625026
18958.544114036988,625,19583.544114036988
18384.871120724973,750,19134.871120724973
18449.052674318387,785,19234.052674318387
21089.345040720447,785,21874.345040720447
21148.622512659313,775,21923.622512659313
19902.791003276434,805,20707.791003276434
17824.85861907862,730,18554.85861907862
15845.347176296815,620,16465.347176296815
13766.876614241839,570,14336.876614241839
12182.181673375826,560,12742.181673375826
11740.855328494274,545,12285.855328494274
11924.561571208975,460,12384.561571208975
12034.138683328665,460,12494.138683328665
12858.557453645451,615,13473.557453645451
14881.172329832389,1020,15901.172329832389
14998.10248913185,1180,16178.10248913185
15782.18354767894,1260,17042.183547678942
17825.15999867862,1400,19225.15999867862
18134.594839831778,1530,19664.594839831778
18284.48096090211,1520,19804.48096090211
18414.08443991209,1500,19914.08443991209
18428.505556282504,1490,19918.505556282504
18472.053883382894,1270,19742.053883382894
18825.9493912419,660,19485.9493912419
18635.707106589623,625,19260.707106589623
18252.74794424283,750,19002.74794424283
18449.052674318387,785,19234.052674318387
20806.73298396795,785,21591.73298396795
20866.010455906813,775,21641.010455906813
19902.791003276434,805,20707.791003276434
17824.85861907862,730,18554.85861907862
15877.998683165635,620,16497.998683165635
13678.357120296814,570,14248.357120296814
12132.915334680745,560,12692.915334680745
11709.679966605076,545,12254.679966605076
11924.561571208975,460,12384.561571208975
12034.138683328665,460,12494.138683328665
12905.29384386156,615,13520.29384386156
14839.015064355166,1020,15859.015064355166
15002.768747428565,1180,16182.768747428565
15876.410802211862,1260,17136.41080221186
17825.15999867862,1400,19225.15999867862
18134.594839831778,1530,19664.594839831778
18284.48096090211,1520,19804.48096090211
18396.270240289883,1500,19896.270240289883
18535.345649585808,1490,20025.345649585808
18568.768032166216,1270,19838.768032166216
18877.784632241805,660,19537.784632241805
18754.844307653762,625,19379.844307653762
18384.871120724973,750,19134.871120724973
18449.052674318387,785,19234.052674318387
20806.73298396795,785,21591.73298396795
20866.010455906813,775,21641.010455906813
19902.791003276434,805,20707.791003276434
17824.85861907862,730,18554.85861907862
15833.521614848902,620,16453.5216148489
13774.247088133177,570,14344.247088133177
12182.181673375826,560,12742.181673375826
11740.855328494274,545,12285.855328494274
11955.736933098175,460,12415.736933098175
12065.314045217865,460,12525.314045217865
12940.106262964451,615,13555.106262964451
14836.44206164762,1020,15856.44206164762
15027.272754090385,1180,16207.272754090385
15811.35586283884,1260,17071.355862838842
17825.15999867862,1400,19225.15999867862
18134.594839831778,1530,19664.594839831778
18284.48096090211,1520,19804.48096090211
18414.08443991209,1500,19914.08443991209
18535.345649585808,1490,20025.345649585808
18568.768032166216,1270,19838.768032166216
18906.458748471076,660,19566.458748471076
18958.544114036988,625,19583.544114036988
18396.1082743824,750,19146.1082743824
18460.2898279758,785,19245.2898279758
21089.345040720447,785,21874.345040720447
21148.622512659313,775,21923.622512659313
20362.15912013121,805,21167.15912013121
18296.870327724177,730,19026.870327724177
16048.699473549414,620,16668.699473549415
13847.535636170345,570,14417.535636170345
12463.46417454598,560,13023.46417454598
12196.270657125833,545,12741.270657125833
12381.649864150779,460,12841.649864150779
12566.077777744411,460,13026.077777744411
13607.634399262428,615,14222.634399262428
15194.787531559794,1020,16214.787531559794
15341.352326425971,1180,16521.35232642597
16609.112789561772,1260,17869.112789561772
19326.762328601104,1400,20726.762328601104
19802.761678893028,1530,21332.761678893028
19610.579903753634,1520,21130.579903753634
19707.308403946474,1500,21207.308403946474
19717.0673624229,1490,21207.0673624229
19722.887884085634,1270,20992.887884085634
19713.856747092206,660,20373.856747092206
19590.916422504164,625,20215.916422504164
19539.15088835052,750,20289.15088835052
19637.140262380126,785,20422.140262380126
22209.644770995495,785,22994.644770995495
22409.959694932375,775,23184.959694932375
21893.009622663936,805,22698.009622663936
19275.747168145426,730,20005.747168145426
15700.553755406192,620,16320.553755406192
13849.122492023444,570,14419.122492023444
12463.46417454598,560,13023.46417454598
12196.270657125833,545,12741.270657125833
12381.649864150779,460,12841.649864150779
12566.077777744411,460,13026.077777744411
13607.634399262428,615,14222.634399262428
15240.234345120087,1020,16260.234345120087
15341.352326425971,1180,16521.35232642597
16609.112789561772,1260,17869.112789561772
19326.762328601104,1400,20726.762328601104
19698.586847358503,1530,21228.586847358503
19529.75891591764,1520,21049.75891591764
19566.428817453227,1500,21066.428817453227
19717.0673624229,1490,21207.0673624229
19722.887884085634,1270,20992.887884085634
19713.856747092206,660,20373.856747092206
19707.576980324706,625,20332.576980324706
19479.23580378851,750,20229.23580378851
19577.225177818113,785,20362.225177818113
22262.960257377752,785,23047.960257377752
22425.045076543625,775,23200.045076543625
21893.009622663936,805,22698.009622663936
19082.870374744787,730,19812.870374744787
15646.450991701466,620,16266.450991701466
13849.122492023444,570,14419.122492023444
12182.181673375826,560,12742.181673375826
11740.855328494274,545,12285.855328494274
11955.736933098175,460,12415.736933098175
12065.314045217865,460,12525.314045217865
12944.772521261164,615,13559.772521261164
14841.110370145698,1020,15861.110370145698
15027.272754090385,1180,16207.272754090385
15941.039299701873,1260,17201.03929970187
17569.62290109413,1400,18969.62290109413
18277.9572201727,1530,19807.9572201727
18439.82676819571,1520,19959.82676819571
18535.345649585808,1500,20035.345649585808
18929.312343037633,1490,20419.312343037633
19081.484438625026,1270,20351.484438625026
19081.484438625026,660,19741.484438625026
18958.544114036988,625,19583.544114036988
18396.1082743824,750,19146.1082743824
18460.2898279758,785,19245.2898279758
21089.345040720447,785,21874.345040720447
20866.010455906813,775,21641.010455906813
20313.819472451112,805,21118.819472451112
17813.033057630706,730,18543.033057630706
15845.347176296815,620,16465.347176296815
13788.73996155122,570,14358.73996155122
12182.181673375826,560,12742.181673375826
11740.855328494274,545,12285.855328494274
11955.736933098175,460,12415.736933098175
12034.138683328665,460,12494.138683328665
12905.29384386156,615,13520.29384386156
14836.44206164762,1020,15856.44206164762
14998.10248913185,1180,16178.10248913185
15782.18354767894,1260,17042.183547678942
17259.007143957275,1400,18659.007143957275
18309.661534012936,1530,19839.661534012936
18439.82676819571,1520,19959.82676819571
18396.270240289883,1500,19896.270240289883
18900.638226808358,1490,20390.638226808358
18877.784632241805,1270,20147.784632241805
19081.484438625026,660,19741.484438625026
19235.74363919751,625,19860.74363919751
18412.120347008637,750,19162.120347008637
18496.020737288247,785,19281.020737288247
20806.73298396795,785,21591.73298396795
20866.010455906813,775,21641.010455906813
20313.819472451112,805,21118.819472451112
17824.85861907862,730,18554.85861907862
15845.347176296815,620,16465.347176296815
13788.73996155122,570,14358.73996155122
12182.181673375826,560,12742.181673375826
11740.855328494274,545,12285.855328494274
11929.227829505688,460,12389.227829505688
12034.138683328665,460,12494.138683328665
12940.106262964451,615,13555.106262964451
14836.44206164762,1020,15856.44206164762
14998.10248913185,1180,16178.10248913185
15782.18354767894,1260,17042.183547678942
17569.62290109413,1400,18969.62290109413
18266.720066515278,1530,19796.720066515278
18416.60413738426,1520,19936.60413738426
18414.08443991209,1500,19914.08443991209
18668.862962993157,1490,20158.862962993157
18877.784632241805,1270,20147.784632241805
18906.458748471076,660,19566.458748471076
18958.544114036988,625,19583.544114036988
18396.1082743824,750,19146.1082743824
18449.052674318387,785,19234.052674318387
21089.345040720447,785,21874.345040720447
21148.622512659313,775,21923.622512659313
20360.162224006,805,21165.162224006
17813.033057630706,730,18543.033057630706
15845.347176296815,620,16465.347176296815
13766.876614241839,570,14336.876614241839
12182.181673375826,560,12742.181673375826
11740.855328494274,545,12285.855328494274
11924.561571208975,460,12384.561571208975
12034.138683328665,460,12494.138683328665
12940.106262964451,615,13555.106262964451
14836.44206164762,1020,15856.44206164762
15027.272754090385,1180,16207.272754090385
16028.418881690412,1260,17288.418881690413
17835.201884942813,1400,19235.201884942813
18144.636726095967,1530,19674.636726095967
18284.48096090211,1520,19804.48096090211
18414.08443991209,1500,19914.08443991209
18668.862962993157,1490,20158.862962993157
18825.9493912419,1270,20095.9493912419
18906.458748471076,660,19566.458748471076
18958.544114036988,625,19583.544114036988
18396.1082743824,750,19146.1082743824
18449.052674318387,785,19234.052674318387
20806.73298396795,785,21591.73298396795
20866.010455906813,775,21641.010455906813
19914.61656472434,805,20719.61656472434
17670.15042440815,730,18400.15042440815
16002.37619890746,620,16622.37619890746
13631.286547258927,570,14201.286547258927
12053.95285437813,560,12613.95285437813
11656.86677955616,545,12201.86677955616
11935.234919492232,460,12395.234919492232
11985.210627858083,460,12445.210627858083
12488.875395309866,615,13103.875395309866
14397.642589942998,1020,15417.642589942998
15032.966163268755,1180,16212.966163268755
15668.723354182275,1260,16928.723354182275
17569.62290109413,1400,18969.62290109413
18134.594839831778,1530,19664.594839831778
18284.48096090211,1520,19804.48096090211
18464.11140331195,1500,19964.11140331195
18494.907477949437,1490,19984.907477949437
18512.49205501926,1270,19782.49205501926
18877.784632241805,660,19537.784632241805
18754.844307653762,625,19379.844307653762
18252.74794424283,750,19002.74794424283
18316.92949783624,785,19101.92949783624
20808.733980495886,785,21593.733980495886
20819.671804754656,775,21594.671804754656
19902.791003276434,805,20707.791003276434
17688.76215235963,730,18418.76215235963
16020.989977060299,620,16640.9899770603
13659.604953552138,570,14229.604953552138
12459.644649411191,560,13019.644649411191
12215.209392194323,545,12760.209392194323
12331.447608534585,460,12791.447608534585
12432.748057761555,460,12892.748057761555
13289.898292800226,615,13904.898292800226
14945.292377384974,1020,15965.292377384974
15405.99210002347,1180,16585.992100023468
16544.77132026223,1260,17804.77132026223
18816.80754337501,1400,20216.80754337501
19698.586847358503,1530,21228.586847358503
19529.75891591764,1520,21049.75891591764
19571.03561991048,1500,21071.03561991048
19717.0673624229,1490,21207.0673624229
19694.21376785635,1270,20964.21376785635
19713.856747092206,660,20373.856747092206
19590.916422504164,625,20215.916422504164
19479.23580378851,750,20229.23580378851
19582.397835850894,785,20367.397835850894
22261.676831326018,785,23046.676831326018
22425.045076543625,775,23200.045076543625
21700.13487946465,805,22505.13487946465
19025.481138259034,730,19755.481138259034
15646.450991701466,620,16266.450991701466
13803.320993627762,570,14373.320993627762
12463.46417454598,560,13023.46417454598
12196.270657125833,545,12741.270657125833
12381.649864150779,460,12841.649864150779
12566.077777744411,460,13026.077777744411
13626.57313433092,615,14241.57313433092
15256.855327550427,1020,16276.855327550427
15403.4201224166,1180,16583.420122416603
16482.703524271605,1260,17742.703524271605
18777.171000470633,1400,20177.171000470633
19146.90226363887,1530,20676.90226363887
18978.074332198004,1520,20498.074332198004
18953.64823318788,1500,20453.64823318788
19089.080434666026,1490,20579.080434666026
19066.226840099484,1270,20336.226840099484
19057.19570310606,660,19717.19570310606
19169.807113239436,625,19794.807113239436
18805.297712936634,750,19555.297712936634
19137.625102482187,785,19922.625102482187
21887.605291877408,785,22672.605291877408
22053.083194295064,775,22828.083194295064
21521.04774041537,805,22326.04774041537
19081.152306004613,730,19811.152306004613
15887.822222984923,620,16507.822222984923
13666.675072944148,570,14236.675072944148
12128.24907638403,560,12688.24907638403
11703.894298365474,545,12248.894298365474
11952.661631057279,460,12412.661631057279
12062.238743176971,460,12522.238743176971
12903.942761164928,615,13518.942761164928
14839.015064355166,1020,15859.015064355166
14990.807872690857,1180,16170.807872690857
15666.150351474733,1260,16926.15035147473
17164.78193962572,1400,18564.78193962572
17824.817615051397,1530,19354.817615051397
18085.111179792464,1520,19605.111179792464
18229.260837455862,1500,19729.260837455862
18277.600485135954,1490,19767.600485135954
18206.40724288932,1270,19476.40724288932
18119.41514895793,660,18779.41514895793
18041.550551483917,625,18666.550551483917
17445.07316843802,750,18195.07316843802
17566.14575958656,785,18351.14575958656
19579.150316895717,785,20364.150316895717
19638.42778883458,775,20413.42778883458
19164.255167954943,805,19969.255167954943
17735.633855865544,730,18465.633855865544
16067.863730767564,620,16687.863730767564
13659.604953552138,570,14229.604953552138
12128.24907638403,560,12688.24907638403
11709.679966605076,545,12254.679966605076
11952.661631057279,460,12412.661631057279
12062.238743176971,460,12522.238743176971
12905.29384386156,615,13520.29384386156
14839.015064355166,1020,15859.015064355166
14998.10248913185,1180,16178.10248913185
15782.18354767894,1260,17042.183547678942
17210.573187014594,1400,18610.573187014594
17281.836136107497,1530,18811.836136107497
17389.828442575446,1520,18909.828442575446
18076.231757699737,1500,19576.231757699737
18277.600485135954,1490,19767.600485135954
18254.746890569408,1270,19524.746890569408
18252.74794424283,660,18912.74794424283
18254.746890569408,625,18879.746890569408
18053.37816313318,750,18803.37816313318
18117.559716726595,785,18902.559716726595
19970.238527637262,785,20755.238527637262
20029.51599957613,775,20804.51599957613
19523.663667272584,805,20328.663667272584
17688.76215235963,730,18418.76215235963
16037.610959490632,620,16657.61095949063
13678.357120296814,570,14248.357120296814
12132.915334680745,560,12692.915334680745
11709.679966605076,545,12254.679966605076
11924.561571208975,460,12384.561571208975
12034.138683328665,460,12494.138683328665
12940.106262964451,615,13555.106262964451
14836.44206164762,1020,15856.44206164762
14998.10248913185,1180,16178.10248913185
15827.976845269177,1260,17087.97684526918
17569.62290109413,1400,18969.62290109413
18009.30703468585,1530,19539.30703468585
18286.47990722869,1520,19806.47990722869
18275.601538809373,1500,19775.601538809373
18434.973941575176,1490,19924.973941575176
18412.120347008637,1270,19682.120347008637
18411.226459215417,660,19071.226459215417
18411.226459215417,625,19036.226459215417
18252.74794424283,750,19002.74794424283
18316.92949783624,785,19101.92949783624
20808.733980495886,785,21593.733980495886
20868.011452434755,775,21643.011452434755
19902.791003276434,805,20707.791003276434
18013.837979692762,730,18743.837979692762
15877.998683165635,620,16497.998683165635
13717.374502390288,570,14287.374502390288
12086.34808607688,560,12646.34808607688
11697.940513614309,545,12242.940513614309
11828.542440686897,460,12288.542440686897
11881.8866298882,460,12341.8866298882
13000.926511427166,615,13615.926511427166
14847.358358792102,1020,15867.358358792102
15127.59013176495,1180,16307.59013176495
16138.023671528466,1260,17398.023671528466
17858.738196562437,1400,19258.738196562437
18045.523841720747,1530,19575.523841720747
18054.872759925063,1520,19574.872759925063
18148.165122637547,1500,19648.165122637547
18174.217031326618,1490,19664.217031326618
18150.711472727406,1270,19420.711472727406
18329.575139828386,660,18989.575139828386
18064.91464618925,625,18689.91464618925
18143.42300689049,750,18893.42300689049
18189.42337481815,785,18974.42337481815
21292.57945139481,785,22077.57945139481
21351.856923333675,775,22126.856923333675
20537.922882774976,805,21342.922882774976
17028.74185344415,730,17758.74185344415
15419.009853562566,620,16039.009853562566
13440.133973202548,570,14010.133973202548
12034.406234606222,560,12594.406234606222
11697.940513614309,545,12242.940513614309
11859.717802576095,460,12319.717802576095
11913.061991777402,460,12373.061991777402
13032.101873316364,615,13647.101873316364
14832.832682152293,1020,15852.832682152293
15127.59013176495,1180,16307.59013176495
16360.30445284275,1260,17620.30445284275
17912.898365905257,1400,19312.898365905257
18143.917105418393,1530,19673.917105418393
18153.26807382407,1520,19673.26807382407
18183.31992536767,1500,19683.31992536767
18213.683407518067,1490,19703.683407518067
18150.711472727406,1270,19420.711472727406
18150.711472727406,660,18810.711472727406
18156.349526469035,625,18781.349526469035
18105.73005487597,750,18855.73005487597
18182.434238379883,785,18967.434238379883
21276.16963970461,785,22061.16963970461
20832.590123527767,775,21607.590123527767
20537.922882774976,805,21342.922882774976
16815.991433154595,730,17545.991433154595
15203.829944660696,620,15823.829944660696
13451.959534650457,570,14021.959534650457
12194.167150529864,560,12754.167150529864
11899.168802257333,545,12444.168802257333
12055.006657877475,460,12515.006657877475
12235.946153856055,460,12695.946153856055
13545.523549043226,615,14160.523549043226
15127.636261295565,1020,16147.636261295565
15259.600547172266,1180,16439.600547172267
16506.137325823194,1260,17766.137325823194
17470.04052060734,1400,18870.04052060734
17396.672014717107,1530,18926.672014717107
17337.80868345308,1520,18857.80868345308
17163.497488473306,1500,18663.497488473306
17143.08465862654,1490,18633.08465862654
17155.57141001325,1270,18425.57141001325
17196.42679762649,660,17856.42679762649
17137.819741532538,625,17762.819741532538
17161.58260040251,750,17911.58260040251
17432.06464080505,785,18217.06464080505
20051.350644066457,785,20836.350644066457
20216.359050372543,775,20991.359050372543
19705.92861843079,805,20510.92861843079
17371.458638384516,730,18101.458638384516
15220.590340783558,620,15840.590340783558
13591.362976164071,570,14161.362976164071
12194.167150529864,560,12754.167150529864
11899.168802257333,545,12444.168802257333
12055.006657877475,460,12515.006657877475
12235.946153856055,460,12695.946153856055
13545.523549043226,615,14160.523549043226
15173.08307485586,1020,16193.08307485586
15259.600547172266,1180,16439.600547172267
16506.137325823194,1260,17766.137325823194
17470.04052060734,1400,18870.04052060734
17396.672014717107,1530,18926.672014717107
17337.80868345308,1520,18857.80868345308
17170.406667058505,1500,18670.406667058505
17178.42500457979,1490,18668.42500457979
17205.455884418545,1270,18475.455884418545
17244.65163403039,660,17904.65163403039
17158.85275729088,625,17783.85275729088
17161.58260040251,750,17911.58260040251
17432.06464080505,785,18217.06464080505
20051.350644066457,785,20836.350644066457
20216.359050372543,775,20991.359050372543
19705.92861843079,805,20510.92861843079
17371.458638384516,730,18101.458638384516
15220.590340783558,620,15840.590340783558
13497.844066201238,570,14067.844066201238
12034.406234606222,560,12594.406234606222
11697.940513614309,545,12242.940513614309
11859.717802576095,460,12319.717802576095
11913.061991777402,460,12373.061991777402
13032.101873316364,615,13647.101873316364
14832.832682152293,1020,15852.832682152293
15127.59013176495,1180,16307.59013176495
16360.30445284275,1260,17620.30445284275
17771.746102631052,1400,19171.746102631052
18081.48232338421,1530,19611.48232338421
18082.78830165092,1520,19602.78830165092
18155.074301222754,1500,19655.074301222754
18224.824201711537,1490,19714.824201711537
18201.97060714499,1270,19471.97060714499
18242.1463530072,660,18902.1463530072
18143.363551051036,625,18768.363551051036
18105.73005487597,750,18855.73005487597
18113.91650890882,785,18898.91650890882
20773.3126515889,785,21558.3126515889
20832.590123527767,775,21607.590123527767
20537.922882774976,805,21342.922882774976
16827.816994602497,730,17557.816994602497
15215.657556309963,620,15835.657556309963
13485.4946783057,570,14055.4946783057
12086.34808607688,560,12646.34808607688
11697.940513614309,545,12242.940513614309
11859.717802576095,460,12319.717802576095
11913.061991777402,460,12373.061991777402
13032.101873316364,615,13647.101873316364
14832.832682152293,1020,15852.832682152293
15127.59013176495,1180,16307.59013176495
16360.30445284275,1260,17620.30445284275
17676.797177219207,1400,19076.797177219207
17904.36952824518,1530,19434.36952824518
17992.669650644628,1520,19512.669650644628
18143.837147565333,1500,19643.837147565333
18121.67447085731,1490,19611.67447085731
18143.42300689049,1270,19413.42300689049
18163.6564441182,660,18823.6564441182
18133.975679020874,625,18758.975679020874
18094.49290121855,750,18844.49290121855
18182.434238379883,785,18967.434238379883
20584.374295001962,785,21369.374295001962
20643.65176694083,775,21418.65176694083
20348.98862659075,805,21153.98862659075
17167.705526765923,730,17897.705526765923
15642.556634217019,620,16262.556634217019
13630.773996918775,570,14200.773996918775
12086.34808607688,560,12646.34808607688
11697.940513614309,545,12242.940513614309
11859.717802576095,460,12319.717802576095
11913.061991777402,460,12373.061991777402
13000.926511427166,615,13615.926511427166
14844.787406285917,1020,15864.787406285917
15127.59013176495,1180,16307.59013176495
16138.023671528466,1260,17398.023671528466
17473.51356171219,1400,18873.51356171219
17514.53399053496,1530,19044.53399053496
17710.59064624588,1520,19230.59064624588
18045.441833666326,1500,19545.441833666326
18121.67447085731,1490,19611.67447085731
18098.820876290763,1270,19368.820876290763
18143.42300689049,660,18803.42300689049
18143.42300689049,625,18768.42300689049
17846.90238410772,750,18596.90238410772
17934.843721269062,785,18719.843721269062
20079.93865183859,785,20864.93865183859
19948.510493617683,775,20723.510493617683
18541.896042932905,805,19346.896042932905
17014.09418982339,730,17744.09418982339
15591.14578489875,620,16211.14578489875
13351.847177111948,570,13921.847177111948
12032.413438883723,560,12592.413438883723
11614.67158535377,545,12159.67158535377
11665.367939497868,460,12125.367939497868
11762.424471908407,460,12222.424471908407
12535.777851836185,615,13150.777851836185
14339.153420427278,1020,15359.153420427278
14878.6587829643,1180,16058.6587829643
15642.012305755781,1260,16902.01230575578
17469.759643020938,1400,18869.759643020938
17872.185467286577,1530,19402.185467286577
17839.642621089853,1520,19359.642621089853
18108.063184024326,1500,19608.063184024326
18121.67447085731,1490,19611.67447085731
18098.820876290763,1270,19368.820876290763
18101.482037656813,660,18761.482037656813
18133.975679020874,625,18758.975679020874
17769.03983683507,750,18519.03983683507
17934.843721269062,785,18719.843721269062
19889.233021678818,785,20674.233021678818
19960.336055065593,775,20735.336055065593
18475.662237777542,805,19280.662237777542
16872.231531777736,730,17602.231531777736
15503.434070289803,620,16123.434070289803
13392.61850646941,570,13962.61850646941
11853.378579969138,560,12413.378579969138
11524.559084951563,545,12069.559084951563
11844.082967000202,460,12304.082967000202
11834.51877765303,460,12294.51877765303
12429.86137424584,615,13044.86137424584
14145.235124735456,1020,15165.235124735456
14381.099515164362,1180,15561.099515164362
15332.281210506018,1260,16592.28121050602
17356.697188588238,1400,18756.697188588238
17303.93525657334,1530,18833.93525657334
17336.027058470725,1520,18856.027058470725
18143.837147565333,1500,19643.837147565333
18128.58364944251,1490,19618.58364944251
18105.73005487597,1270,19375.73005487597
18143.42300689049,660,18803.42300689049
18143.42300689049,625,18768.42300689049
17529.85514530268,750,18279.85514530268
17739.7568108017,785,18524.7568108017
19584.540296272717,785,20369.540296272717
19514.925709073734,775,20289.925709073734
18095.544654516532,805,18900.544654516532
16922.686987261965,730,17652.686987261965
15482.850048629434,620,16102.850048629434
13252.960839987078,570,13822.960839987078
12041.734679369665,560,12601.734679369665
11880.998892699063,545,12425.998892699063
11993.03932175351,460,12453.03932175351
12091.415158739592,460,12551.415158739592
12647.67989229879,615,13262.67989229879
14042.125372807759,1020,15062.125372807759
14369.396965798087,1180,15549.396965798087
15709.6115450173,1260,16969.611545017302
17237.07819020436,1400,18637.07819020436
17138.81511429311,1530,18668.81511429311
16985.63842003902,1520,18505.63842003902
17219.229137159018,1500,18719.229137159018
17149.089698411728,1490,18639.089698411728
17121.062420711718,1270,18391.062420711718
17105.124155334455,660,17765.124155334455
17105.124155334455,625,17730.124155334455
16832.754904579488,750,17582.754904579488
17327.912361485494,785,18112.912361485494
19725.596200082975,785,20510.596200082975
19890.604606389054,775,20665.604606389054
19048.511050142584,805,19853.511050142584
17794.616098808485,730,18524.616098808485
15821.057415677165,620,16441.057415677165
13834.305686790429,570,14404.305686790429
12045.407615107171,560,12605.407615107171
11822.019725058166,545,12367.019725058166
11994.947034119545,460,12454.947034119545
12093.322871105625,460,12553.322871105625
12745.211046324306,615,13360.211046324306
14217.36325880253,1020,15237.36325880253
14632.511607611337,1180,15812.511607611337
15758.497571359989,1260,17018.49757135999
17237.07819020436,1400,18637.07819020436
17138.81511429311,1530,18668.81511429311
16985.63842003902,1520,18505.63842003902
17219.229137159018,1500,18719.229137159018
17143.916015278264,1490,18633.916015278264
17121.062420711718,1270,18391.062420711718
17068.97910534718,660,17728.97910534718
17068.97910534718,625,17693.97910534718
16944.935772427136,750,17694.935772427136
17327.912361485494,785,18112.912361485494
19947.196314545545,785,20732.196314545545
20112.204720851623,775,20887.204720851623
19048.511050142584,805,19853.511050142584
17744.16064332425,730,18474.16064332425
15768.01050567315,620,16388.010505673148
13742.042525160961,570,14312.042525160961
11853.378579969138,560,12413.378579969138
11586.8401018837,545,12131.8401018837
11836.817053378256,460,12296.817053378256
11827.252864031085,460,12287.252864031085
12462.019807687439,615,13077.019807687439
14152.790116749247,1020,15172.790116749247
14602.989733119453,1180,15782.989733119453
15332.281210506018,1260,16592.28121050602
17356.697188588238,1400,18756.697188588238
17238.878266998956,1530,18768.878266998956
17271.396510779352,1520,18791.396510779352
18045.441833666326,1500,19545.441833666326
18128.58364944251,1490,19618.58364944251
18105.73005487597,1270,19375.73005487597
18101.482037656813,660,18761.482037656813
18101.482037656813,625,18726.482037656813
17780.867448484336,750,18530.867448484336
17856.9811739964,785,18641.9811739964
19901.05858312673,785,20686.05858312673
19960.336055065593,775,20735.336055065593
18333.089184960445,805,19138.089184960445
16914.650197928437,730,17644.650197928437
15503.434070289803,620,16123.434070289803
13387.704173808068,570,13957.704173808068
11890.752725672091,560,12450.752725672091
11524.559084951563,545,12069.559084951563
11714.740888663702,460,12174.740888663702
11729.63970195114,460,12189.63970195114
12370.418861097442,615,12985.418861097442
14061.189170159252,1020,15081.189170159252
14723.126407346886,1180,15903.126407346886
15366.343255910933,1260,16626.343255910935
17340.076206157897,1400,18740.076206157897
17303.93525657334,1530,18833.93525657334
17336.027058470725,1520,18856.027058470725
18143.837147565333,1500,19643.837147565333
18128.58364944251,1490,19618.58364944251
18105.73005487597,1270,19375.73005487597
18101.482037656813,660,18761.482037656813
18101.482037656813,625,18726.482037656813
17780.867448484336,750,18530.867448484336
17856.9811739964,785,18641.9811739964
20079.93865183859,785,20864.93865183859
19960.336055065593,775,20735.336055065593
18128.780468773126,805,18933.780468773126
16922.686987261965,730,17652.686987261965
15545.852736440494,620,16165.852736440494
13392.61850646941,570,13962.61850646941
11853.378579969138,560,12413.378579969138
11505.339472296671,545,12050.339472296671
11714.740888663702,460,12174.740888663702
11729.63970195114,460,12189.63970195114
12377.684774719391,615,12992.684774719391
14152.790116749247,1020,15172.790116749247
14381.099515164362,1180,15561.099515164362
15339.547124127967,1260,16599.547124127967
17310.901840796643,1400,18710.901840796643
17238.878266998956,1530,18768.878266998956
17271.396510779352,1520,18791.396510779352
18143.837147565333,1500,19643.837147565333
18128.58364944251,1490,19618.58364944251
18105.73005487597,1270,19375.73005487597
18101.482037656813,660,18761.482037656813
18101.482037656813,625,18726.482037656813
17769.03983683507,750,18519.03983683507
17868.808785645677,785,18653.808785645677
19462.577917733677,785,20247.577917733677
19521.855389672543,775,20296.855389672543
18333.089184960445,805,19138.089184960445
16872.231531777736,730,17602.231531777736
15482.658354802215,620,16102.658354802215
13392.61850646941,570,13962.61850646941
11853.378579969138,560,12413.378579969138
11505.339472296671,545,12050.339472296671
11714.740888663702,460,12174.740888663702
11729.63970195114,460,12189.63970195114
12370.418861097442,615,12985.418861097442
14061.189170159252,1020,15081.189170159252
14642.306444611575,1180,15822.306444611575
15405.659967403053,1260,16665.65996740305
17356.697188588238,1400,18756.697188588238
17303.93525657334,1530,18833.93525657334
17336.027058470725,1520,18856.027058470725
18155.074301222754,1500,19655.074301222754
18166.27660145704,1490,19656.27660145704
18143.42300689049,1270,19413.42300689049
18201.97060714499,660,18861.97060714499
18143.363551051036,625,18768.363551051036
17933.894478039103,750,18683.894478039103
17856.9811739964,785,18641.9811739964
19901.05858312673,785,20686.05858312673
19643.81776821158,775,20418.81776821158
18333.089184960445,805,19138.089184960445
16881.421559376602,730,17611.421559376602
15458.47315445197,620,16078.47315445197
13455.621194280478,570,14025.621194280478
11878.887185297652,560,12438.887185297652
11534.719882894668,545,12079.719882894668
11694.631488618312,460,12154.631488618312
11732.88722090632,460,12192.88722090632
12535.777851836185,615,13150.777851836185
14339.153420427278,1020,15359.153420427278
14878.6587829643,1180,16058.6587829643
15642.012305755781,1260,16902.01230575578
17405.12909532956,1400,18805.12909532956
17368.56580426472,1530,18898.56580426472
17481.99319453961,1520,19001.99319453961
18148.165122637547,1500,19648.165122637547
18124.33563222336,1490,19614.33563222336
18133.975679020874,1270,19403.975679020874
18194.669840099912,660,18854.669840099912
18108.873013561755,625,18733.873013561755
17846.90238410772,750,18596.90238410772
17868.808785645677,785,18653.808785645677
18774.858373335883,785,19559.858373335883
19270.939445954835,775,20045.939445954835
18333.089184960445,805,19138.089184960445
16872.231531777736,730,17602.231531777736
15503.434070289803,620,16123.434070289803
13466.249438133802,570,14036.249438133802
12102.970093607903,560,12662.970093607903
11830.86326862709,545,12375.86326862709
11935.304626338495,460,12395.304626338495
12087.26247588371,460,12547.26247588371
13206.969697965542,615,13821.969697965542
14897.157749840939,1020,15917.157749840939
15259.71638354914,1180,16439.716383549137
16356.575136567835,1260,17616.575136567837
17220.45515757266,1400,18620.45515757266
17274.002316708662,1530,18804.002316708662
17072.341435578554,1520,18592.341435578554
17170.406667058505,1500,18670.406667058505
17137.007861793743,1490,18627.007861793743
17114.154267227193,1270,18384.154267227193
17068.97910534718,660,17728.97910534718
17111.200952167266,625,17736.200952167266
16944.935772427136,750,17694.935772427136
17327.912361485494,785,18112.912361485494
19947.196314545545,785,20732.196314545545
20112.204720851623,775,20887.204720851623
19048.511050142584,805,19853.511050142584
17677.84688031583,730,18407.84688031583
15747.23479018556,620,16367.23479018556
13742.042525160961,570,14312.042525160961
12068.447777997531,560,12628.447777997531
11796.340953016721,545,12341.340953016721
11935.967866478642,460,12395.967866478642
12082.842241750268,460,12542.842241750268
12745.211046324306,615,13360.211046324306
14217.36325880253,1020,15237.36325880253
14371.30467816412,1180,15551.30467816412
15758.497571359989,1260,17018.49757135999
17237.07819020436,1400,18637.07819020436
17200.881885183062,1530,18730.881885183062
16937.155258263683,1520,18457.155258263683
17219.229137159018,1500,18719.229137159018
17143.916015278264,1490,18633.916015278264
17121.062420711718,1270,18391.062420711718
17068.97910534718,660,17728.97910534718
17068.97910534718,625,17693.97910534718
16944.935772427136,750,17694.935772427136
17327.912361485494,785,18112.912361485494
19725.596200082975,785,20510.596200082975
19890.604606389054,775,20665.604606389054
18966.006846989545,805,19771.006846989545
17794.616098808485,730,18524.616098808485
15821.057415677165,620,16441.057415677165
13871.63370296277,570,14441.63370296277
11917.625740006082,560,12477.625740006082
11676.365219596097,545,12221.365219596097
11920.863007954462,460,12380.863007954462
11911.29881860729,460,12371.29881860729
12092.504840762746,615,12707.504840762746
13667.038983685652,1020,14687.038983685652
14353.956899351451,1180,15533.956899351451
15418.23487744826,1260,16678.23487744826
17176.1718332845,1400,18576.1718332845
17209.70800204042,1530,18739.70800204042
17222.95845343394,1520,18742.95845343394
18045.441833666326,1500,19545.441833666326
18117.346495785092,1490,19607.346495785092
18089.320243185768,1270,19359.320243185768
18143.42300689049,660,18803.42300689049
18143.42300689049,625,18768.42300689049
17423.218021934084,750,18173.218021934084
17460.62804616085,785,18245.62804616085
18710.23192604723,785,19495.23192604723
18752.843311125824,775,19527.843311125824
18211.49174226359,805,19016.49174226359
16966.80834564264,730,17696.80834564264
15327.416082677328,620,15947.416082677328
13283.08444857829,570,13853.08444857829
12137.438078882215,560,12697.438078882215
11789.688049601591,545,12334.688049601591
11849.891187454767,460,12309.891187454767
11816.858343132868,460,12276.858343132868
12092.504840762746,615,12707.504840762746
13801.459410792344,1020,14821.459410792344
14465.14546974057,1180,15645.14546974057
15433.397141610534,1260,16693.397141610534
17176.1718332845,1400,18576.1718332845
17074.97799452828,1530,18604.97799452828
17177.16208054166,1520,18697.16208054166
17261.965584520618,1500,18761.965584520618
18018.951181886085,1490,19508.951181886085
17996.09758731954,1270,19266.09758731954
18089.320243185768,660,18749.320243185768
18105.73005487597,625,18730.73005487597
17846.90238410772,750,18596.90238410772
17856.9811739964,785,18641.9811739964
19901.05858312673,785,20686.05858312673
19960.336055065593,775,20735.336055065593
18508.949307068153,805,19313.949307068153
16922.686987261965,730,17652.686987261965
15482.850048629434,620,16102.850048629434
13392.61850646941,570,13962.61850646941
11947.836482155122,560,12507.836482155122
11767.966166186094,545,12312.966166186094
11920.863007954462,460,12380.863007954462
11886.695377179476,460,12346.695377179476
12462.019807687439,615,13077.019807687439
14152.790116749247,1020,15172.790116749247
14602.989733119453,1180,15782.989733119453
15405.659967403053,1260,16665.65996740305
16717.772436572595,1400,18117.772436572595
17096.94590210705,1530,18626.94590210705
17177.16208054166,1520,18697.16208054166
17818.38408318186,1500,19318.38408318186
18117.346495785092,1490,19607.346495785092
18105.73005487597,1270,19375.73005487597
18105.73005487597,660,18765.73005487597
18105.73005487597,625,18730.73005487597
17251.16717395436,750,18001.16717395436
17362.714529581583,785,18147.714529581583
18693.565839186955,785,19478.565839186955
18711.7162718323,775,19486.7162718323
18211.49174226359,805,19016.49174226359
16966.80834564264,730,17696.80834564264
15327.416082677328,620,15947.416082677328
13325.257090565718,570,13895.257090565718
12076.47944182766,560,12636.47944182766
11741.634405011302,545,12286.634405011302
11796.6802613419,460,12256.6802613419
11696.543301387068,460,12156.543301387068
11860.377967414208,615,12475.377967414208
13466.56824444537,1020,14486.56824444537
13810.337807784399,1180,14990.337807784399
14966.776437442648,1260,16226.776437442648
16873.304812190003,1400,18273.304812190003
16904.33050937988,1530,18434.33050937988
17068.197978628792,1520,18588.197978628792
17983.23872438589,1500,19483.23872438589
18046.866723611936,1490,19536.866723611936
18024.013129045394,1270,19294.013129045394
18094.49290121855,660,18754.49290121855
18094.49290121855,625,18719.49290121855
17186.112234581342,750,17936.112234581342
17362.714529581583,785,18147.714529581583
18693.565839186955,785,19478.565839186955
18593.649275878393,775,19368.649275878393
18211.49174226359,805,19016.49174226359
16966.80834564264,730,17696.80834564264
15327.416082677328,620,15947.416082677328
13307.163038457795,570,13877.163038457795
12076.47944182766,560,12636.47944182766
11725.643859499343,545,12270.643859499343
11796.781746309249,460,12256.781746309249
11718.013010035213,460,12178.013010035213
11871.367046706993,615,12486.367046706993
13477.557323738158,1020,14497.557323738158
13837.603435678948,1180,15017.603435678948
14966.776437442648,1260,16226.776437442648
16873.304812190003,1400,18273.304812190003
16904.33050937988,1530,18434.33050937988
17068.197978628792,1520,18588.197978628792
17818.38408318186,1500,19318.38408318186
18046.866723611936,1490,19536.866723611936
18024.013129045394,1270,19294.013129045394
17996.09758731954,660,18656.09758731954
17996.09758731954,625,18621.09758731954
17202.73116681032,750,17952.73116681032
17338.21052291976,785,18123.21052291976
18406.19526507652,785,19191.19526507652
18465.472737015385,775,19240.472737015385
18211.49174226359,805,19016.49174226359
16966.80834564264,730,17696.80834564264
15327.416082677328,620,15947.416082677328
13369.327193912379,570,13939.327193912379
12099.573935054077,560,12659.573935054077
11879.091180333031,545,12424.091180333031
11918.976822702714,460,12378.976822702714
12028.933222074114,460,12488.933222074114
11917.378690742133,615,12532.378690742133
13385.969703457005,1020,14405.969703457005
13640.454022642827,1180,14820.454022642827
15227.107930908885,1260,16487.107930908885
16606.645372224295,1400,18006.645372224295
17111.8283137836,1530,18641.8283137836
16999.223054254315,1520,18519.223054254315
17076.429537091582,1500,18576.429537091582
17192.739510479463,1490,18682.739510479463
17169.885915912913,1270,18439.885915912913
17160.854778919496,660,17820.854778919496
17160.854778919496,625,17785.854778919496
16849.2785024452,750,17599.2785024452
17186.811353245303,785,17971.811353245303
19389.3939299659,785,20174.3939299659
19556.51404367339,775,20331.51404367339
19046.21687482008,805,19851.21687482008
17768.888121934386,730,18498.888121934386
15891.666350536037,620,16511.666350536037
14004.940870730665,570,14574.940870730665
12043.2989830078,560,12603.2989830078
11826.839748456921,545,12371.839748456921
11874.427997338362,460,12334.427997338362
11796.02009650379,460,12256.02009650379
11907.561301526926,615,12522.561301526926
13376.152314241795,1020,14396.152314241795
13897.480591515783,1180,15077.480591515783
15637.561318601927,1260,16897.561318601925
17112.908769900638,1400,18512.908769900638
17139.119569195158,1530,18669.119569195158
16940.513488092336,1520,18460.513488092336
17076.429537091582,1500,18576.429537091582
17192.739510479463,1490,18682.739510479463
17169.885915912913,1270,18439.885915912913
17160.854778919496,660,17820.854778919496
17117.205991952444,625,17742.205991952444
16865.899484875543,750,17615.899484875543
17248.881199437303,785,18033.881199437303
19389.3939299659,785,20174.3939299659
19556.51404367339,775,20331.51404367339
19046.21687482008,805,19851.21687482008
17802.16904062092,730,18532.16904062092
15891.666350536037,620,16511.666350536037
14004.940870730665,570,14574.940870730665
12137.438078882215,560,12697.438078882215
11741.634405011302,545,12286.634405011302
11796.6802613419,460,12256.6802613419
11696.543301387068,460,12156.543301387068
11871.367046706993,615,12486.367046706993
13477.557323738158,1020,14497.557323738158
13810.337807784399,1180,14990.337807784399
14949.991438903458,1260,16209.991438903458
16219.94766769646,1400,17619.947667696462
17368.56580426472,1530,18898.56580426472
17839.642621089853,1520,19359.642621089853
18073.357375392177,1500,19573.357375392177
18117.346495785092,1490,19607.346495785092
18094.49290121855,1270,19364.49290121855
18094.49290121855,660,18754.49290121855
18094.49290121855,625,18719.49290121855
17251.16717395436,750,18001.16717395436
17341.46624268038,785,18126.46624268038
18314.522561438902,785,19099.522561438902
18399.87859468453,775,19174.87859468453
18257.07181891232,805,19062.07181891232
16966.80834564264,730,17696.80834564264
15327.416082677328,620,15947.416082677328
13237.184540517308,570,13807.184540517308
11947.836482155122,560,12507.836482155122
11683.631133218045,545,12228.631133218045
11910.849824509321,460,12370.849824509321
11867.898106004866,460,12327.898106004866
11890.74144956461,615,12505.74144956461
13496.931726595778,1020,14516.931726595778
13986.949328690764,1180,15166.949328690764
15165.967851033916,1260,16425.967851033914
16597.635762345166,1400,17997.635762345166
17743.13554264396,1530,19273.13554264396
17839.642621089853,1520,19359.642621089853
18045.441833666326,1500,19545.441833666326
18128.58364944251,1490,19618.58364944251
18105.73005487597,1270,19375.73005487597
18101.482037656813,660,18761.482037656813
18101.482037656813,625,18726.482037656813
17846.90238410772,750,18596.90238410772
17856.9811739964,785,18641.9811739964
18693.565839186955,785,19478.565839186955
18752.843311125824,775,19527.843311125824
18333.089184960445,805,19138.089184960445
16849.05605559758,730,17579.05605559758
15343.1923821471,620,15963.1923821471
13252.960839987078,570,13822.960839987078
11940.570568533176,560,12500.570568533176
11676.365219596097,545,12221.365219596097
11928.417999968256,460,12388.417999968256
11918.853810621082,460,12378.853810621082
11890.74144956461,615,12505.74144956461
13491.825700107216,1020,14511.825700107216
13837.603435678948,1180,15017.603435678948
15165.967851033916,1260,16425.967851033914
17211.979625147957,1400,18611.979625147957
17209.70800204042,1530,18739.70800204042
17206.333370600885,1520,18726.333370600885
18045.441833666326,1500,19545.441833666326
18121.67447085731,1490,19611.67447085731
18099.07100085676,1270,19369.07100085676
18101.482037656813,660,18761.482037656813
18091.753832200793,625,18716.753832200793
17423.218021934084,750,18173.218021934084
17739.7568108017,785,18524.7568108017
19211.661974015966,785,19996.661974015966
18769.5093979861,775,19544.5093979861
18211.49174226359,805,19016.49174226359
16966.80834564264,730,17696.80834564264
15327.416082677328,620,15947.416082677328
13334.936091189084,570,13904.936091189084
12076.47944182766,560,12636.47944182766
11728.729412547036,545,12273.729412547036
11849.891187454767,460,12309.891187454767
11877.816980187423,460,12337.816980187423
11860.377967414208,615,12475.377967414208
13466.56824444537,1020,14486.56824444537
13824.606184153457,1180,15004.606184153457
14960.980518196247,1260,16220.980518196247
17121.92760568589,1400,18521.92760568589
17074.97799452828,1530,18604.97799452828
17075.67096258816,1520,18595.67096258816
18045.441833666326,1500,19545.441833666326
18117.346495785092,1490,19607.346495785092
18094.49290121855,1270,19364.49290121855
18105.73005487597,660,18765.73005487597
18098.820876290763,625,18723.820876290763
17251.16717395436,750,18001.16717395436
17395.999548670832,785,18180.999548670832
18710.23192604723,785,19495.23192604723
18593.649275878393,775,19368.649275878393
18211.49174226359,805,19016.49174226359
16974.074259264584,730,17704.074259264584
15420.924741633356,620,16040.924741633356
13310.965136881017,570,13880.965136881017
12137.438078882215,560,12697.438078882215
11789.688049601591,545,12334.688049601591
11888.799908876128,460,12348.799908876128
11821.528701832303,460,12281.528701832303
11890.74144956461,615,12505.74144956461
13518.816601019442,1020,14538.816601019442
13837.603435678948,1180,15017.603435678948
14966.776437442648,1260,16226.776437442648
17109.65407524069,1400,18509.65407524069
17074.97799452828,1530,18604.97799452828
17042.435148331566,1520,18562.435148331566
18073.357375392177,1500,19573.357375392177
18018.951181886085,1490,19508.951181886085
17996.09758731954,1270,19266.09758731954
18094.49290121855,660,18754.49290121855
18094.49290121855,625,18719.49290121855
17202.73116681032,750,17952.73116681032
17341.46624268038,785,18126.46624268038
18332.634040258392,785,19117.634040258392
18465.472737015385,775,19240.472737015385
18257.07181891232,805,19062.07181891232
17060.317004598674,730,17790.317004598674
15420.924741633356,620,16040.924741633356
13334.936091189084,570,13904.936091189084
11679.27753062882,560,12239.27753062882
11548.515687850107,545,12093.515687850107
11688.026764935155,460,12148.026764935155
11726.67511078372,460,12186.67511078372
12277.87174657953,615,12892.87174657953
13645.124381342259,1020,14665.124381342259
14033.358711789859,1180,15213.358711789859
15422.459317351766,1260,16682.459317351764
16837.851705161927,1400,18237.851705161927
16893.913436266703,1530,18423.913436266703
16563.433278147048,1520,18083.433278147048
16812.6352535273,1500,18312.6352535273
16928.94215161314,1490,18418.94215161314
16906.088557046594,1270,18176.088557046594
16932.160967749274,660,17592.160967749274
16979.446811930025,625,17604.446811930025
16699.14840741295,750,17449.14840741295
17153.63704502952,785,17938.63704502952
19369.101036898737,785,20154.101036898737
19575.449703439837,775,20350.449703439837
19330.444490244732,805,20135.444490244732
18227.270091934726,730,18957.270091934726
16136.673613932513,620,16756.673613932515
13720.236583489674,570,14290.236583489674
11652.27535360911,560,12212.27535360911
11537.504056342355,545,12082.504056342355
11403.028273798927,460,11863.028273798927
11394.628598824569,460,11854.628598824569
11512.050806450578,615,12127.050806450578
12953.4489734192,1020,13973.4489734192
13184.038195747295,1180,14364.038195747295
14796.39547847113,1260,16056.39547847113
16270.607118216065,1400,17670.607118216067
16775.449726349518,1530,18305.449726349518
16591.240159200792,1520,18111.240159200792
16401.337182873693,1500,17901.337182873693
16786.145626847738,1490,18276.145626847738
16906.088557046594,1270,18176.088557046594
16932.160967749274,660,17592.160967749274
16979.446811930025,625,17604.446811930025
16699.14840741295,750,17449.14840741295
17153.63704502952,785,17938.63704502952
19369.101036898737,785,20154.101036898737
19574.978157126905,775,20349.978157126905
19330.444490244732,805,20135.444490244732
18178.63111485598,730,18908.63111485598
16068.14973385737,620,16688.149733857368
13720.236583489674,570,14290.236583489674
12077.527094722924,560,12637.527094722924
11794.697716626208,545,12339.697716626208
11938.598274824282,460,12398.598274824282
11807.61193499659,460,12267.61193499659
11941.82221646382,615,12556.82221646382
13552.128272726375,1020,14572.128272726375
13953.27067094028,1180,15133.27067094028
15115.767645619084,1260,16375.767645619084
16743.030917335112,1400,18143.030917335112
16980.773292210324,1530,18510.773292210324
17037.789392048453,1520,18557.789392048453
17886.02842687331,1500,19386.02842687331
17925.572710716453,1490,19415.572710716453
18079.831911288933,1270,19349.831911288933
18051.916369563078,660,18711.916369563078
18072.483989612563,625,18697.483989612563
17232.977787483174,750,17982.977787483174
17452.677365284468,785,18237.677365284468
18381.79171828136,785,19166.79171828136
18503.479369838085,775,19278.479369838085
18498.89306939444,805,19303.89306939444
17579.80625125221,730,18309.80625125221
15972.736437837344,620,16592.736437837346
13645.489317184447,570,14215.489317184447
12081.99448348766,560,12641.99448348766
11788.88437066824,545,12333.88437066824
11923.493416300105,460,12383.493416300105
11792.507076472408,460,12252.507076472408
11941.82221646382,615,12556.82221646382
13548.01249349498,1020,14568.01249349498
13932.369893169702,1180,15112.369893169702
15098.982647079898,1260,16358.982647079898
16684.373631307826,1400,18084.373631307826
16947.120261976845,1530,18477.120261976845
17037.789392048453,1520,18557.789392048453
17102.54705222419,1500,18602.54705222419
18074.769964129628,1490,19564.769964129628
18051.916369563078,1270,19321.916369563078
18051.916369563078,660,18711.916369563078
18072.483989612563,625,18697.483989612563
17131.48154402626,750,17881.48154402626
17364.205025970736,785,18149.205025970736
18381.79171828136,785,19166.79171828136
18490.792723818726,775,19265.792723818726
18498.89306939444,805,19303.89306939444
17518.84761419765,730,18248.84761419765
15911.77780078279,620,16531.777800782787
13645.489317184447,570,14215.489317184447
12077.628579690272,560,12637.628579690272
11795.507546163639,545,12340.507546163639
11927.6091955315,460,12387.6091955315
11796.622855703805,460,12256.622855703805
11941.82221646382,615,12556.82221646382
13548.01249349498,1020,14568.01249349498
13936.485672401095,1180,15116.485672401095
15098.982647079898,1260,16358.982647079898
16684.373631307826,1400,18084.373631307826
17020.09000370244,1530,18550.09000370244
17037.789392048453,1520,18557.789392048453
17886.02842687331,1500,19386.02842687331
17925.572710716453,1490,19415.572710716453
17902.71911614991,1270,19172.71911614991
18051.916369563078,660,18711.916369563078
18072.483989612563,625,18697.483989612563
17232.977787483174,750,17982.977787483174
17400.01589313624,785,18185.01589313624
18381.79171828136,785,19166.79171828136
18503.479369838085,775,19278.479369838085
18599.449295527513,805,19404.449295527513
17579.80625125221,730,18309.80625125221
15972.736437837344,620,16592.736437837346
13645.489317184447,570,14215.489317184447
12107.92543029646,560,12667.92543029646
11828.37637437669,545,12373.37637437669
11931.831585233644,460,12391.831585233644
11800.845245405946,460,12260.845245405946
11998.186352269282,615,12613.186352269282
13577.385728388219,1020,14597.385728388219
13974.740379588422,1180,15154.740379588422
15137.237354267229,1260,16397.23735426723
16684.373631307826,1400,18084.373631307826
16947.120261976845,1530,18477.120261976845
17090.66203493683,1520,18610.66203493683
17028.36154109176,1500,18528.36154109176
17847.7101634438,1490,19337.7101634438
17824.856568877243,1270,19094.856568877243
17902.71911614991,660,18562.71911614991
17923.28673619939,625,18548.28673619939
17110.575640752286,750,17860.575640752286
17391.060613593163,785,18176.060613593163
18237.695365853342,785,19022.695365853342
18323.05139909897,775,19098.05139909897
18642.92381537892,805,19447.92381537892
17518.84761419765,730,18248.84761419765
15911.77780078279,620,16531.777800782787
13645.489317184447,570,14215.489317184447
12077.628579690272,560,12637.628579690272
11795.507546163639,545,12340.507546163639
11927.6091955315,460,12387.6091955315
11792.507076472408,460,12252.507076472408
11941.82221646382,615,12556.82221646382
13548.01249349498,1020,14568.01249349498
13932.369893169702,1180,15112.369893169702
15094.866867848508,1260,16354.866867848508
16770.616376641916,1400,18170.616376641916
17047.675463009244,1530,18577.675463009244
17090.66203493683,1520,18610.66203493683
17415.765539988322,1500,18915.765539988322
17859.537775093067,1490,19349.537775093067
17836.684180526525,1270,19106.684180526525
18079.831911288933,660,18739.831911288933
18100.39953133842,625,18725.39953133842
17155.717999410524,750,17905.717999410524
17391.060613593163,785,18176.060613593163
18237.695365853342,785,19022.695365853342
18278.920814812176,775,19053.920814812176
18642.92381537892,805,19447.92381537892
17518.84761419765,730,18248.84761419765
15911.77780078279,620,16531.777800782787
13645.489317184447,570,14215.489317184447
11454.450399224675,560,12014.450399224675
11333.202515859803,545,11878.202515859803
11394.499436138854,460,11854.499436138854
11368.926249467479,460,11828.926249467479
11512.050806450578,615,12127.050806450578
12953.4489734192,1020,13973.4489734192
13184.038195747295,1180,14364.038195747295
14770.69312911404,1260,16030.69312911404
16051.352434110018,1400,17451.35243411002
16684.045599090136,1530,18214.045599090136
16572.80474856632,1520,18092.80474856632
16446.188412938733,1500,17946.188412938733
16663.475928839296,1490,18153.475928839296
16640.622334272743,1270,17910.622334272743
16789.364442983868,660,17449.364442983868
16836.650287164615,625,17461.650287164615
16650.233678251214,750,17400.233678251214
17120.359201645035,785,17905.359201645035
19388.098202706005,785,20173.098202706005
19574.978157126905,775,20349.978157126905
19281.809613568705,805,20086.809613568705
18100.301121673114,730,18830.301121673114
15989.817690473143,620,16609.817690473144
13720.236583489674,570,14290.236583489674
11461.398531635728,560,12021.398531635728
11307.500166502712,545,11852.500166502712
11394.499436138854,460,11854.499436138854
11368.926249467479,460,11828.926249467479
11512.050806450578,615,12127.050806450578
12953.4489734192,1020,13973.4489734192
13184.038195747295,1180,14364.038195747295
14770.69312911404,1260,16030.69312911404
16051.352434110018,1400,17451.35243411002
16684.045599090136,1530,18214.045599090136
16572.80474856632,1520,18092.80474856632
16577.78468767121,1500,18077.78468767121
16663.475928839296,1490,18153.475928839296
16640.622334272743,1270,17910.622334272743
16789.364442983868,660,17449.364442983868
16836.650287164615,625,17461.650287164615
16650.233678251214,750,17400.233678251214
17120.359201645035,785,17905.359201645035
19388.098202706005,785,20173.098202706005
19574.978157126905,775,20349.978157126905
19281.809613568705,805,20086.809613568705
18100.301121673114,730,18830.301121673114
15989.817690473143,620,16609.817690473144
13720.236583489674,570,14290.236583489674
12066.889624963482,560,12626.889624963482
11784.768591436845,545,12329.768591436845
11923.493416300105,460,12383.493416300105
11792.507076472408,460,12252.507076472408
11941.82221646382,615,12556.82221646382
13548.01249349498,1020,14568.01249349498
13932.369893169702,1180,15112.369893169702
15094.866867848508,1260,16354.866867848508
16798.927607230366,1400,18198.927607230366
16947.120261976845,1530,18477.120261976845
17090.66203493683,1520,18610.66203493683
17027.06171342915,1500,18527.06171342915
18102.685505855483,1490,19592.685505855483
18079.831911288933,1270,19349.831911288933
18051.916369563078,660,18711.916369563078
18072.483989612563,625,18697.483989612563
17110.575640752286,750,17860.575640752286
17367.88718761436,785,18152.88718761436
18418.123336592456,785,19203.123336592456
18323.05139909897,775,19098.05139909897
18642.92381537892,805,19447.92381537892
17518.84761419765,730,18248.84761419765
15911.77780078279,620,16531.777800782787
13645.489317184447,570,14215.489317184447
12066.889624963482,560,12626.889624963482
11784.768591436845,545,12329.768591436845
11923.493416300105,460,12383.493416300105
11792.507076472408,460,12252.507076472408
11941.82221646382,615,12556.82221646382
13548.01249349498,1020,14568.01249349498
13932.369893169702,1180,15112.369893169702
15094.866867848508,1260,16354.866867848508
16798.927607230366,1400,18198.927607230366
16947.120261976845,1530,18477.120261976845
17090.66203493683,1520,18610.66203493683
17886.02842687331,1500,19386.02842687331
17925.572710716453,1490,19415.572710716453
17902.71911614991,1270,19172.71911614991
18051.916369563078,660,18711.916369563078
18072.483989612563,625,18697.483989612563
17128.86343688878,750,17878.86343688878
17391.060613593163,785,18176.060613593163
18237.695365853342,785,19022.695365853342
18323.05139909897,775,19098.05139909897
18599.449295527513,805,19404.449295527513
17518.84761419765,730,18248.84761419765
15911.77780078279,620,16531.777800782787
13645.489317184447,570,14215.489317184447
12071.005404194873,560,12631.005404194873
11788.88437066824,545,12333.88437066824
11923.493416300105,460,12383.493416300105
11796.622855703805,460,12256.622855703805
11941.82221646382,615,12556.82221646382
13548.01249349498,1020,14568.01249349498
13936.485672401095,1180,15116.485672401095
15094.866867848508,1260,16354.866867848508
16670.061175609524,1400,18070.061175609524
16947.120261976845,1530,18477.120261976845
17037.789392048453,1520,18557.789392048453
17874.200815224038,1500,19374.200815224038
18012.566854849192,1490,19502.566854849192
18079.831911288933,1270,19349.831911288933
18079.831911288933,660,18739.831911288933
18072.483989612563,625,18697.483989612563
17949.281239250362,750,18699.281239250362
17486.977234047215,785,18271.977234047215
18479.35055002525,785,19264.35055002525
18384.040789173938,775,19159.040789173938
18510.30859057023,805,19315.30859057023
17450.087960966033,730,18180.087960966033
15929.26294308662,620,16549.26294308662
13680.26893306557,570,14250.26893306557
12214.13508668137,560,12774.13508668137
11848.758451203039,545,12393.758451203039
12023.849747800523,460,12483.849747800523
11818.71582556557,460,12278.71582556557
11945.937995695216,615,12560.937995695216
13552.128272726375,1020,14572.128272726375
14124.086272600247,1180,15304.086272600247
15314.959059210356,1260,16574.959059210356
16684.373631307826,1400,18084.373631307826
17020.09000370244,1530,18550.09000370244
17037.789392048453,1520,18557.789392048453
17756.974401827974,1500,19256.974401827974
18102.685505855483,1490,19592.685505855483
18079.831911288933,1270,19349.831911288933
18051.916369563078,660,18711.916369563078
18072.483989612563,625,18697.483989612563
17949.281239250362,750,18699.281239250362
17486.977234047215,785,18271.977234047215
18479.35055002525,785,19264.35055002525
18588.35155556261,775,19363.35155556261
18430.09856273969,805,19235.09856273969
17435.775505267724,730,18165.775505267724
15828.70774205423,620,16448.70774205423
13663.439855197132,570,14233.439855197132
11935.937113458232,560,12495.937113458232
11753.481493573496,545,12298.481493573496
11943.266583322358,460,12403.266583322358
12015.60076262617,460,12475.60076262617
12506.54300553479,615,13121.54300553479
14119.606582627346,1020,15139.606582627346
14489.636150093545,1180,15669.636150093545
15452.672109702162,1260,16712.672109702162
16703.714205842996,1400,18103.714205842996
17100.19957166631,1530,18630.19957166631
17066.834594723998,1520,18586.834594723998
17886.02842687331,1500,19386.02842687331
18074.769964129628,1490,19564.769964129628
18051.916369563078,1270,19321.916369563078
18051.916369563078,660,18711.916369563078
18072.483989612563,625,18697.483989612563
17949.281239250362,750,18699.281239250362
17631.7460525215,785,18416.7460525215
18609.374320314146,785,19394.374320314146
18685.0882565609,775,19460.0882565609
18323.34867829626,805,19128.34867829626
17318.02219012199,730,18048.02219012199
15801.902384365136,620,16421.902384365138
13524.250659725696,570,14094.250659725696
11697.572502470084,560,12257.572502470084
11613.672112190476,545,12158.672112190476
11636.987002063159,460,12096.987002063159
11726.67511078372,460,12186.67511078372
12019.722692461644,615,12634.722692461644
13645.124381342259,1020,14665.124381342259
14035.266424155896,1180,15215.266424155896
15422.459317351766,1260,16682.459317351764
16179.200940755325,1400,17579.200940755327
16775.449726349518,1530,18305.449726349518
16591.240159200792,1520,18111.240159200792
16459.773047154034,1500,17959.773047154034
16551.295060991648,1490,18041.295060991648
16528.441466425105,1270,17798.441466425105
16666.694744975423,660,17326.694744975423
16713.980589156174,625,17338.980589156174
16637.08061142232,750,17387.08061142232
17153.63704502952,785,17938.63704502952
19420.987532932657,785,20205.987532932657
19419.732809699974,775,20194.732809699974
19275.962439288294,805,20080.962439288294
18219.717150122295,730,18949.717150122295
16066.064679073646,620,16686.064679073646
13502.740972151018,570,14072.740972151018
11678.300609680495,560,12238.300609680495
11556.600656915614,545,12101.600656915614
11677.077664568906,460,12137.077664568906
11814.697430898803,460,12274.697430898803
12377.310612971081,615,12992.310612971081
13822.269979703062,1020,14842.269979703062
14035.266424155896,1180,15215.266424155896
15422.459317351766,1260,16682.459317351764
16252.171707581601,1400,17652.1717075816
16775.449726349518,1530,18305.449726349518
16591.240159200792,1520,18111.240159200792
16401.337182873693,1500,17901.337182873693
16419.698786259174,1490,17909.698786259174
16528.441466425105,1270,17798.441466425105
16666.694744975423,660,17326.694744975423
16566.222577098135,625,17191.222577098135
16637.08061142232,750,17387.08061142232
17137.01606259918,785,17922.01606259918
19420.987532932657,785,20205.987532932657
19614.180057342826,775,20389.180057342826
19327.850985523575,805,20132.850985523575
18219.717150122295,730,18949.717150122295
16066.064679073646,620,16686.064679073646
13410.47781052155,570,13980.47781052155
11957.1300449227,560,12517.1300449227
11690.840666302573,545,12235.840666302573
11806.877962909497,460,12266.877962909497
11791.028881291422,460,12251.028881291422
12578.425115438593,615,13193.425115438593
14381.800684029686,1020,15401.800684029686
14817.350586577766,1180,15997.350586577766
15472.421699408767,1260,16732.42169940877
16979.38325568784,1400,18379.38325568784
17000.428572654342,1530,18530.428572654342
17037.789392048453,1520,18557.789392048453
17131.169913419453,1500,18631.169913419453
17104.680286739887,1490,18594.680286739887
17081.826692173345,1270,18351.826692173345
16977.71849218304,660,17637.71849218304
16980.000366297387,625,17605.000366297387
17081.530438076737,750,17831.530438076737
17312.51329906607,785,18097.51329906607
18237.695365853342,785,19022.695365853342
18323.05139909897,775,19098.05139909897
18453.3129927457,805,19258.3129927457
17435.775505267724,730,18165.775505267724
15828.70774205423,620,16448.70774205423
13663.439855197132,570,14233.439855197132
12089.813951476968,560,12649.813951476968
11919.730271702738,545,12464.730271702738
12045.899663433715,460,12505.899663433715
11982.118924206305,460,12442.118924206305
12178.064869043754,615,12793.064869043754
13752.599011966659,1020,14772.599011966659
14258.50669970694,1180,15438.50669970694
15314.959059210356,1260,16574.959059210356
16546.660580816028,1400,17946.660580816028
17020.819875386816,1530,18550.819875386816
17173.732093665392,1520,18693.732093665392
17181.78938501253,1500,18681.78938501253
17081.23418398013,1490,18571.23418398013
16930.387543572357,1270,18200.387543572357
16938.441759617453,660,17598.441759617453
17030.317433189768,625,17655.317433189768
17160.89168254399,750,17910.89168254399
17358.364002294395,785,18143.364002294395
18365.429061222458,785,19150.429061222458
18494.259614319493,775,19269.259614319493
18581.96517832436,805,19386.96517832436
17518.84761419765,730,18248.84761419765
15911.77780078279,620,16531.777800782787
13645.489317184447,570,14215.489317184447
12077.527094722924,560,12637.527094722924
11794.697716626208,545,12339.697716626208
11931.730100266293,460,12391.730100266293
11822.314954054093,460,12282.314954054093
11945.937995695216,615,12560.937995695216
13552.128272726375,1020,14572.128272726375
13971.141251099902,1180,15151.141251099902
15124.240102741738,1260,16384.240102741736
16355.941624347406,1400,17755.941624347404
16920.687015834705,1530,18450.687015834705
17173.732093665392,1520,18693.732093665392
17210.099590500296,1500,18710.099590500296
17081.23418398013,1490,18571.23418398013
16930.387543572357,1270,18200.387543572357
16926.027790379056,660,17586.027790379056
17025.140674754268,625,17650.140674754268
17081.530438076737,750,17831.530438076737
17344.051546596093,785,18129.051546596093
18264.87283508939,785,19049.87283508939
18350.228868335016,775,19125.228868335016
18513.205525092748,805,19318.205525092748
17518.84761419765,730,18248.84761419765
15911.77780078279,620,16531.777800782787
13645.489317184447,570,14215.489317184447
12081.99448348766,560,12641.99448348766
11788.88437066824,545,12333.88437066824
11923.493416300105,460,12383.493416300105
11792.507076472408,460,12252.507076472408
11941.82221646382,615,12556.82221646382
13548.01249349498,1020,14568.01249349498
13932.369893169702,1180,15112.369893169702
15094.866867848508,1260,16354.866867848508
16330.684168685562,1400,17730.684168685562
16947.89318788979,1530,18477.89318788979
17173.732093665392,1520,18693.732093665392
17081.23418398013,1500,18581.23418398013
17076.057425544634,1490,18566.057425544634
17004.573054704786,1270,18274.573054704786
17081.826692173345,660,17741.826692173345
17127.955197686042,625,17752.955197686042
17081.530438076737,750,17831.530438076737
17316.87202715869,785,18101.87202715869
18237.695365853342,785,19022.695365853342
18350.228868335016,775,19125.228868335016
18513.205525092748,805,19318.205525092748
17518.84761419765,730,18248.84761419765
15911.77780078279,620,16531.777800782787
13645.489317184447,570,14215.489317184447
12077.628579690272,560,12637.628579690272
11799.873449961024,545,12344.873449961024
11927.6091955315,460,12387.6091955315
11792.507076472408,460,12252.507076472408
11941.82221646382,615,12556.82221646382
13548.01249349498,1020,14568.01249349498
13947.47475169388,1180,15127.47475169388
15097.033930686652,1260,16357.033930686652
16546.660580816028,1400,17946.660580816028
17020.819875386816,1530,18550.819875386816
17173.732093665392,1520,18693.732093665392
17028.36154109176,1500,18528.36154109176
17003.189168786383,1490,18493.189168786383
17081.826692173345,1270,18351.826692173345
17155.824609881274,660,17815.824609881274
17176.39120483008,625,17801.39120483008
17155.717999410524,750,17905.717999410524
17391.060613593163,785,18176.060613593163
18237.695365853342,785,19022.695365853342
18323.05139909897,775,19098.05139909897
18513.205525092748,805,19318.205525092748
17518.84761419765,730,18248.84761419765
15911.77780078279,620,16531.777800782787
13645.489317184447,570,14215.489317184447
11461.398531635728,560,12021.398531635728
11307.500166502712,545,11852.500166502712
11394.499436138854,460,11854.499436138854
11368.926249467479,460,11828.926249467479
11512.050806450578,615,12127.050806450578
12953.4489734192,1020,13973.4489734192
13184.038195747295,1180,14364.038195747295
14770.69312911404,1260,16030.69312911404
15411.004842350121,1400,16811.00484235012
16493.025263021515,1530,18023.025263021515
16524.166796588263,1520,18044.166796588263
16459.48909426559,1500,17959.48909426559
16433.283420474476,1490,17923.283420474476
16410.429825907922,1270,17680.429825907922
16518.936732917384,660,17178.936732917384
16566.222577098135,625,17191.222577098135
16699.14840741295,750,17449.14840741295
17092.552320591294,785,17877.552320591294
19388.098202706005,785,20173.098202706005
19574.978157126905,775,20349.978157126905
19330.444490244732,805,20135.444490244732
18100.301121673114,730,18830.301121673114
15989.817690473143,620,16609.817690473144
13720.236583489674,570,14290.236583489674
11461.398531635728,560,12021.398531635728
11307.500166502712,545,11852.500166502712
11394.499436138854,460,11854.499436138854
11368.926249467479,460,11828.926249467479
11512.050806450578,615,12127.050806450578
12953.4489734192,1020,13973.4489734192
13184.038195747295,1180,14364.038195747295
14770.69312911404,1260,16030.69312911404
15411.004842350121,1400,16811.00484235012
16423.697704013015,1530,17953.697704013015
16445.83475320403,1520,17965.83475320403
16459.48909426559,1500,17959.48909426559
16371.215624483835,1490,17861.215624483833
16396.845191692628,1270,17666.845191692628
16666.694744975423,660,17326.694744975423
16713.980589156174,625,17338.980589156174
16699.14840741295,750,17449.14840741295
17114.520228170062,785,17899.520228170062
19388.098202706005,785,20173.098202706005
19574.978157126905,775,20349.978157126905
19330.444490244732,805,20135.444490244732
18100.301121673114,730,18830.301121673114
15989.817690473143,620,16609.817690473144
13720.236583489674,570,14290.236583489674
12071.005404194873,560,12631.005404194873
11784.768591436845,545,12329.768591436845
11923.493416300105,460,12383.493416300105
11792.507076472408,460,12252.507076472408
11941.82221646382,615,12556.82221646382
13548.01249349498,1020,14568.01249349498
13932.369893169702,1180,15112.369893169702
15098.982647079898,1260,16358.982647079898
16368.9388758729,1400,17768.9388758729
16951.49231637832,1530,18481.49231637832
17234.69585622334,1520,18754.69585622334
17102.54705222419,1500,18602.54705222419
17178.678204447824,1490,18668.678204447824
17220.45105716994,1270,18490.45105716994
17836.684180526525,660,18496.684180526525
17857.251800576003,625,18482.251800576003
17131.48154402626,750,17881.48154402626
17345.919280035596,785,18130.919280035596
18237.695365853342,785,19022.695365853342
18323.05139909897,775,19098.05139909897
18498.89306939444,805,19303.89306939444
17518.84761419765,730,18248.84761419765
15911.77780078279,620,16531.777800782787
13645.489317184447,570,14215.489317184447
12071.005404194873,560,12631.005404194873
11788.88437066824,545,12333.88437066824
11923.493416300105,460,12383.493416300105
11792.507076472408,460,12252.507076472408
11941.82221646382,615,12556.82221646382
13548.01249349498,1020,14568.01249349498
13932.369893169702,1180,15112.369893169702
15094.866867848508,1260,16354.866867848508
16347.469167224752,1400,17747.46916722475
16951.49231637832,1530,18481.49231637832
17234.69585622334,1520,18754.69585622334
17102.54705222419,1500,18602.54705222419
17130.23809690106,1490,18620.23809690106
17155.824609881274,1270,18425.824609881274
17707.630155481183,660,18367.630155481183
17606.233346790264,625,18231.233346790264
17132.545598532408,750,17882.545598532408
17316.87202715869,785,18101.87202715869
18264.87283508939,785,19049.87283508939
18479.096325056533,775,19254.096325056533
18581.96517832436,805,19386.96517832436
17518.84761419765,730,18248.84761419765
15911.77780078279,620,16531.777800782787
13645.489317184447,570,14215.489317184447
12066.889624963482,560,12626.889624963482
11784.768591436845,545,12329.768591436845
11923.493416300105,460,12383.493416300105
11792.507076472408,460,12252.507076472408
11941.82221646382,615,12556.82221646382
13548.01249349498,1020,14568.01249349498
13932.369893169702,1180,15112.369893169702
15094.866867848508,1260,16354.866867848508
16330.684168685562,1400,17730.684168685562
16920.687015834705,1530,18450.687015834705
17173.732093665392,1520,18693.732093665392
17028.36154109176,1500,18528.36154109176
17104.680286739887,1490,18594.680286739887
17081.826692173345,1270,18351.826692173345
17155.824609881274,660,17815.824609881274
17176.39120483008,625,17801.39120483008
17132.545598532408,750,17882.545598532408
17316.87202715869,785,18101.87202715869
18264.87283508939,785,19049.87283508939
18479.096325056533,775,19254.096325056533
18581.96517832436,805,19386.96517832436
17518.84761419765,730,18248.84761419765
15911.77780078279,620,16531.777800782787
13769.219994396999,570,14339.219994396999
12066.889624963482,560,12626.889624963482
11784.768591436845,545,12329.768591436845
11923.493416300105,460,12383.493416300105
11792.507076472408,460,12252.507076472408
11941.82221646382,615,12556.82221646382
13548.01249349498,1020,14568.01249349498
13932.369893169702,1180,15112.369893169702
15094.866867848508,1260,16354.866867848508
16326.568389454165,1400,17726.568389454165
16905.582157310524,1530,18435.582157310524
17173.732093665392,1520,18693.732093665392
17028.36154109176,1500,18528.36154109176
17030.91711708775,1490,18520.91711708775
16980.335574219844,1270,18250.335574219844
17155.824609881274,660,17815.824609881274
17111.331139953658,625,17736.331139953658
17081.530438076737,750,17831.530438076737
17316.87202715869,785,18101.87202715869
18393.740291810904,785,19178.740291810904
18433.300977264935,775,19208.300977264935
18581.96517832436,805,19386.96517832436
17546.64629444595,730,18276.64629444595
15939.577506131773,620,16559.577506131773
13688.365178238555,570,14258.365178238555
12066.889624963482,560,12626.889624963482
11784.768591436845,545,12329.768591436845
11923.493416300105,460,12383.493416300105
11792.507076472408,460,12252.507076472408
11941.82221646382,615,12556.82221646382
13548.01249349498,1020,14568.01249349498
13932.369893169702,1180,15112.369893169702
15125.38309000027,1260,16385.383090000272
16326.568389454165,1400,17726.568389454165
16941.393024476027,1530,18471.393024476027
17173.732093665392,1520,18693.732093665392
17081.23418398013,1500,18581.23418398013
17076.057425544634,1490,18566.057425544634
16981.400653826662,1270,18251.400653826662
17081.826692173345,660,17741.826692173345
17102.394312222827,625,17727.394312222827
17081.530438076737,750,17831.530438076737
17358.364002294395,785,18143.364002294395
18408.903581073864,785,19193.903581073864
18433.300977264935,775,19208.300977264935
18581.96517832436,805,19386.96517832436
17789.029300100865,730,18519.029300100865
16086.234560059173,620,16706.234560059173
13838.204144677595,570,14408.204144677595
11461.398531635728,560,12021.398531635728
11307.500166502712,545,11852.500166502712
11394.499436138854,460,11854.499436138854
11368.926249467479,460,11828.926249467479
11512.050806450578,615,12127.050806450578
12953.4489734192,1020,13973.4489734192
13184.038195747295,1180,14364.038195747295
14770.69312911404,1260,16030.69312911404
15385.302492993029,1400,16785.30249299303
16195.963387079544,1530,17725.963387079544
16558.961788979595,1520,18078.961788979595
16441.053683631126,1500,17941.053683631126
16432.999467586025,1490,17922.999467586025
16361.515096746183,1270,17631.51509674618
16359.780626395117,660,17019.780626395117
16425.352216511015,625,17050.352216511015
16658.287894296307,750,17408.287894296307
17076.22964245892,785,17861.22964245892
19295.330691541832,785,20080.330691541832
19403.88065277986,775,20178.88065277986
19203.475519983112,805,20008.475519983112
18083.073279640037,730,18813.073279640037
16116.935300333396,620,16736.935300333396
13772.520818587553,570,14342.520818587553
11461.398531635728,560,12021.398531635728
11307.500166502712,545,11852.500166502712
11394.499436138854,460,11854.499436138854
11368.926249467479,460,11828.926249467479
11512.050806450578,615,12127.050806450578
12953.4489734192,1020,13973.4489734192
13184.038195747295,1180,14364.038195747295
14770.69312911404,1260,16030.69312911404
15385.302492993029,1400,16785.30249299303
16192.100807716186,1530,17722.100807716186
16509.572438202875,1520,18029.572438202875
16459.48909426559,1500,17959.48909426559
16374.847556194129,1490,17864.84755619413
16410.429825907922,1270,17680.429825907922
16374.43444061997,660,17034.43444061997
16473.958390367985,625,17098.958390367985
16622.42679719747,750,17372.42679719747
17120.359201645035,785,17905.359201645035
19388.098202706005,785,20173.098202706005
19530.84757284011,775,20305.84757284011
19330.444490244732,805,20135.444490244732
18100.301121673114,730,18830.301121673114
15989.817690473143,620,16609.817690473144
13720.236583489674,570,14290.236583489674
12066.889624963482,560,12626.889624963482
11784.768591436845,545,12329.768591436845
11923.493416300105,460,12383.493416300105
11792.507076472408,460,12252.507076472408
11941.82221646382,615,12556.82221646382
13548.01249349498,1020,14568.01249349498
13932.369893169702,1180,15112.369893169702
15164.158548333198,1260,16424.1585483332
16326.568389454165,1400,17726.568389454165
16909.697936541917,1530,18439.697936541917
17173.732093665392,1520,18693.732093665392
17131.169913419453,1500,18631.169913419453
17178.678204447824,1490,18668.678204447824
17155.824609881274,1270,18425.824609881274
17836.684180526525,660,18496.684180526525
17845.424188926736,625,18470.424188926736
17081.530438076737,750,17831.530438076737
17316.87202715869,785,18101.87202715869
18237.695365853342,785,19022.695365853342
18350.228868335016,775,19125.228868335016
18581.96517832436,805,19386.96517832436
17518.84761419765,730,18248.84761419765
15911.77780078279,620,16531.777800782787
13645.489317184447,570,14215.489317184447
12086.002627147624,560,12646.002627147624
12001.266779813575,545,12546.266779813575
12237.725728637051,460,12697.725728637051
12106.739388809356,460,12566.739388809356
12256.054528800769,615,12871.054528800769
13716.515468020198,1020,14736.515468020198
