,BD_demand
2013-01-01 00:00:00,52019.46123090963
2013-01-01 01:00:00,52019.46123090963
2013-01-01 02:00:00,52019.46123090963
2013-01-01 03:00:00,52019.46123090963
2013-01-01 04:00:00,52019.46123090963
2013-01-01 05:00:00,52019.46123090963
2013-01-01 06:00:00,52019.46123090963
2013-01-01 07:00:00,55559.699937129684
2013-01-01 08:00:00,57615.86066613346
2013-01-01 09:00:00,58397.8551721887
2013-01-01 10:00:00,58708.20414285386
2013-01-01 11:00:00,58870.644381955346
2013-01-01 12:00:00,58885.10403203065
2013-01-01 13:00:00,58732.089766607736
2013-01-01 14:00:00,58632.098292398405
2013-01-01 15:00:00,58306.79500738557
2013-01-01 16:00:00,57560.29374948118
2013-01-01 17:00:00,57953.93484114946
2013-01-01 18:00:00,58801.841846521485
2013-01-01 19:00:00,58811.14348420439
2013-01-01 20:00:00,58603.45415202041
2013-01-01 21:00:00,57922.20926142224
2013-01-01 22:00:00,55325.10820351359
2013-01-01 23:00:00,52019.46123090963
2013-01-02 00:00:00,52019.46123090963
2013-01-02 01:00:00,52019.46123090963
2013-01-02 02:00:00,52019.46123090963
2013-01-02 03:00:00,52019.46123090963
2013-01-02 04:00:00,52019.46123090963
2013-01-02 05:00:00,52019.46123090963
2013-01-02 06:00:00,52055.66105373553
2013-01-02 07:00:00,55335.06009804896
2013-01-02 08:00:00,57579.48155399308
2013-01-02 09:00:00,58388.67281003513
2013-01-02 10:00:00,58678.0993088627
2013-01-02 11:00:00,58821.49832897491
2013-01-02 12:00:00,58802.30941996648
2013-01-02 13:00:00,58649.78620478249
2013-01-02 14:00:00,58405.19311098479
2013-01-02 15:00:00,57822.45052212619
2013-01-02 16:00:00,57415.32945538219
2013-01-02 17:00:00,57842.024170820005
2013-01-02 18:00:00,58667.07446916135
2013-01-02 19:00:00,58707.59909424798
2013-01-02 20:00:00,58521.834709344934
2013-01-02 21:00:00,57700.23751020564
2013-01-02 22:00:00,54719.51081325167
2013-01-02 23:00:00,52019.46123090963
2013-01-03 00:00:00,52019.46123090963
2013-01-03 01:00:00,52019.46123090963
2013-01-03 02:00:00,52019.46123090963
2013-01-03 03:00:00,52019.46123090963
2013-01-03 04:00:00,52019.46123090963
2013-01-03 05:00:00,52019.46123090963
2013-01-03 06:00:00,52103.32452595993
2013-01-03 07:00:00,55713.1229029906
2013-01-03 08:00:00,57395.91424564349
2013-01-03 09:00:00,58360.45210837919
2013-01-03 10:00:00,58642.78600218732
2013-01-03 11:00:00,58795.48171749675
2013-01-03 12:00:00,58845.967202277294
2013-01-03 13:00:00,58760.868834505374
2013-01-03 14:00:00,58725.132614899325
2013-01-03 15:00:00,58370.70736090575
2013-01-03 16:00:00,57974.67563615168
2013-01-03 17:00:00,57975.212077196986
2013-01-03 18:00:00,58815.84090127012
2013-01-03 19:00:00,58826.62456167451
2013-01-03 20:00:00,58671.30215640406
2013-01-03 21:00:00,58130.6322441053
2013-01-03 22:00:00,56071.92405941812
2013-01-03 23:00:00,52811.45173847185
2013-01-04 00:00:00,52019.46123090963
2013-01-04 01:00:00,52019.46123090963
2013-01-04 02:00:00,52019.46123090963
2013-01-04 03:00:00,52019.46123090963
2013-01-04 04:00:00,52019.46123090963
2013-01-04 05:00:00,52019.46123090963
2013-01-04 06:00:00,52873.75177122223
2013-01-04 07:00:00,55983.2443491289
2013-01-04 08:00:00,57660.2624683427
2013-01-04 09:00:00,58467.44065594485
2013-01-04 10:00:00,58712.14937014357
2013-01-04 11:00:00,58865.79460705966
2013-01-04 12:00:00,58861.36153661871
2013-01-04 13:00:00,58769.98252711
2013-01-04 14:00:00,58583.00083365089
2013-01-04 15:00:00,58275.58277816822
2013-01-04 16:00:00,57777.81141437134
2013-01-04 17:00:00,57953.93484114946
2013-01-04 18:00:00,58747.58658854337
2013-01-04 19:00:00,58817.04255940772
2013-01-04 20:00:00,58671.30215640406
2013-01-04 21:00:00,58054.29000312896
2013-01-04 22:00:00,55703.84072779223
2013-01-04 23:00:00,52254.59324366377
2013-01-05 00:00:00,52019.46123090963
2013-01-05 01:00:00,52019.46123090963
2013-01-05 02:00:00,52019.46123090963
2013-01-05 03:00:00,52019.46123090963
2013-01-05 04:00:00,52019.46123090963
2013-01-05 05:00:00,52019.46123090963
2013-01-05 06:00:00,52019.46123090963
2013-01-05 07:00:00,54970.780247649745
2013-01-05 08:00:00,56661.787834139934
2013-01-05 09:00:00,57507.688325108706
2013-01-05 10:00:00,57780.22455726031
2013-01-05 11:00:00,58373.99596182792
2013-01-05 12:00:00,58554.68004960076
2013-01-05 13:00:00,58074.5842460644
2013-01-05 14:00:00,57771.59446586251
2013-01-05 15:00:00,56616.49603288719
2013-01-05 16:00:00,55794.99338306719
2013-01-05 17:00:00,55889.2945227354
2013-01-05 18:00:00,57849.59484726927
2013-01-05 19:00:00,58582.766441244225
2013-01-05 20:00:00,58261.9213542465
2013-01-05 21:00:00,56972.004009340635
2013-01-05 22:00:00,53704.79268913662
2013-01-05 23:00:00,52019.46123090963
2013-01-06 00:00:00,52019.46123090963
2013-01-06 01:00:00,52019.46123090963
2013-01-06 02:00:00,52019.46123090963
2013-01-06 03:00:00,52019.46123090963
2013-01-06 04:00:00,52019.46123090963
2013-01-06 05:00:00,52019.46123090963
2013-01-06 06:00:00,52019.46123090963
2013-01-06 07:00:00,55399.89378252033
2013-01-06 08:00:00,57699.222620031695
2013-01-06 09:00:00,58420.33108823228
2013-01-06 10:00:00,58624.10600141343
2013-01-06 11:00:00,58848.93035020553
2013-01-06 12:00:00,58779.03322664345
2013-01-06 13:00:00,58778.86605634876
2013-01-06 14:00:00,58709.627595374164
2013-01-06 15:00:00,58442.802898230555
2013-01-06 16:00:00,57995.60479224057
2013-01-06 17:00:00,57953.93484114946
2013-01-06 18:00:00,58854.239918890315
2013-01-06 19:00:00,58907.168061739656
2013-01-06 20:00:00,58766.1621574251
2013-01-06 21:00:00,58344.853126441456
2013-01-06 22:00:00,56365.85049364077
2013-01-06 23:00:00,53654.761446000106
2013-01-07 00:00:00,52407.39234515931
2013-01-07 01:00:00,52019.46123090963
2013-01-07 02:00:00,52019.46123090963
2013-01-07 03:00:00,52019.46123090963
2013-01-07 04:00:00,52019.46123090963
2013-01-07 05:00:00,52019.46123090963
2013-01-07 06:00:00,54317.40586096443
2013-01-07 07:00:00,57053.19251526864
2013-01-07 08:00:00,58232.20301839862
2013-01-07 09:00:00,58693.75184989382
2013-01-07 10:00:00,58851.91575345795
2013-01-07 11:00:00,58960.617272805364
2013-01-07 12:00:00,58971.657956312905
2013-01-07 13:00:00,58937.491872482475
2013-01-07 14:00:00,58704.32677561362
2013-01-07 15:00:00,58694.99515595812
2013-01-07 16:00:00,58504.00978681585
2013-01-07 17:00:00,58434.16855889874
2013-01-07 18:00:00,58933.185572215734
2013-01-07 19:00:00,58972.48976675707
2013-01-07 20:00:00,58905.59098070623
2013-01-07 21:00:00,58603.71529553538
2013-01-07 22:00:00,57362.54874559255
2013-01-07 23:00:00,55386.897673351086
2013-01-08 00:00:00,54408.15369875939
2013-01-08 01:00:00,52588.06923841457
2013-01-08 02:00:00,52019.46123090963
2013-01-08 03:00:00,52019.46123090963
2013-01-08 04:00:00,52019.46123090963
2013-01-08 05:00:00,52524.20715045617
2013-01-08 06:00:00,55699.1183450527
2013-01-08 07:00:00,57549.5520291373
2013-01-08 08:00:00,58389.3902014576
2013-01-08 09:00:00,58804.425340571404
2013-01-08 10:00:00,58894.86229444599
2013-01-08 11:00:00,58976.91213690219
2013-01-08 12:00:00,58980.75963616725
2013-01-08 13:00:00,58966.80314389361
2013-01-08 14:00:00,58901.318986118844
2013-01-08 15:00:00,58791.28877626236
2013-01-08 16:00:00,58523.29557614091
2013-01-08 17:00:00,58504.30841825717
2013-01-08 18:00:00,58958.14497436214
2013-01-08 19:00:00,58992.04134020809
2013-01-08 20:00:00,58918.88750559539
2013-01-08 21:00:00,58680.07186510107
2013-01-08 22:00:00,57626.959209353336
2013-01-08 23:00:00,55546.17568442492
2013-01-09 00:00:00,54194.50743789194
2013-01-09 01:00:00,52753.489635689075
2013-01-09 02:00:00,52019.46123090963
2013-01-09 03:00:00,52019.46123090963
2013-01-09 04:00:00,52019.46123090963
2013-01-09 05:00:00,53042.22242964935
2013-01-09 06:00:00,55742.47924405402
2013-01-09 07:00:00,57675.70955011136
2013-01-09 08:00:00,58463.9342829393
2013-01-09 09:00:00,58863.906208112734
2013-01-09 10:00:00,58954.33659613466
2013-01-09 11:00:00,59005.22182286075
2013-01-09 12:00:00,59010.35044852675
2013-01-09 13:00:00,58961.86006243005
2013-01-09 14:00:00,58914.88546593572
2013-01-09 15:00:00,58830.944329396545
2013-01-09 16:00:00,58642.794748052336
2013-01-09 17:00:00,58563.9582149911
2013-01-09 18:00:00,58952.912536329706
2013-01-09 19:00:00,58970.13290978981
2013-01-09 20:00:00,58912.34776020833
2013-01-09 21:00:00,58619.958344274375
2013-01-09 22:00:00,57535.15547548625
2013-01-09 23:00:00,55455.71675695166
2013-01-10 00:00:00,54194.50743789194
2013-01-10 01:00:00,52941.54792432041
2013-01-10 02:00:00,52588.06923841457
2013-01-10 03:00:00,52414.708623548126
2013-01-10 04:00:00,52423.835782090726
2013-01-10 05:00:00,53228.161638511454
2013-01-10 06:00:00,56155.02961023819
2013-01-10 07:00:00,57901.16945241566
2013-01-10 08:00:00,58553.2183047718
2013-01-10 09:00:00,58450.67379292461
2013-01-10 10:00:00,58934.19054236789
2013-01-10 11:00:00,58981.36763072831
2013-01-10 12:00:00,58995.70350093207
2013-01-10 13:00:00,58940.38049456657
2013-01-10 14:00:00,58914.88546593572
2013-01-10 15:00:00,58830.944329396545
2013-01-10 16:00:00,58672.405649319684
2013-01-10 17:00:00,58666.853065705516
2013-01-10 18:00:00,58970.497615923276
2013-01-10 19:00:00,58960.3079056533
2013-01-10 20:00:00,58918.88750559539
2013-01-10 21:00:00,58693.954335316055
2013-01-10 22:00:00,57626.959209353336
2013-01-10 23:00:00,55635.13620919112
2013-01-11 00:00:00,54408.15369875939
2013-01-11 01:00:00,53633.07130093109
2013-01-11 02:00:00,52706.30087327765
2013-01-11 03:00:00,52533.38406634784
2013-01-11 04:00:00,52660.85345096464
2013-01-11 05:00:00,54553.23612021875
2013-01-11 06:00:00,56801.133012372346
2013-01-11 07:00:00,58125.41229316319
2013-01-11 08:00:00,58721.412781540545
2013-01-11 09:00:00,58908.73332769712
2013-01-11 10:00:00,58991.41812377677
2013-01-11 11:00:00,59043.18411439798
2013-01-11 12:00:00,59036.999544871454
2013-01-11 13:00:00,59014.9857539492
2013-01-11 14:00:00,58970.861400627364
2013-01-11 15:00:00,58830.944329396545
2013-01-11 16:00:00,58484.12246859249
2013-01-11 17:00:00,58389.3902014576
2013-01-11 18:00:00,58841.119777202155
2013-01-11 19:00:00,58830.37171426946
2013-01-11 20:00:00,58699.17207365172
2013-01-11 21:00:00,57951.2045954766
2013-01-11 22:00:00,56007.21109804936
2013-01-11 23:00:00,53080.82463280117
2013-01-12 00:00:00,52019.46123090963
2013-01-12 01:00:00,52019.46123090963
2013-01-12 02:00:00,52019.46123090963
2013-01-12 03:00:00,52019.46123090963
2013-01-12 04:00:00,52019.46123090963
2013-01-12 05:00:00,52019.46123090963
2013-01-12 06:00:00,52019.46123090963
2013-01-12 07:00:00,54697.7523276587
2013-01-12 08:00:00,56585.937474207174
2013-01-12 09:00:00,57678.51419949863
2013-01-12 10:00:00,58036.3913700668
2013-01-12 11:00:00,58476.29538040951
2013-01-12 12:00:00,58612.50526049827
2013-01-12 13:00:00,58385.823053871376
2013-01-12 14:00:00,58079.306131620986
2013-01-12 15:00:00,57291.883937177285
2013-01-12 16:00:00,56420.30858489877
2013-01-12 17:00:00,56645.39375220602
2013-01-12 18:00:00,58462.58549919972
2013-01-12 19:00:00,58631.259757177664
2013-01-12 20:00:00,58435.20833438281
2013-01-12 21:00:00,57654.28154907464
2013-01-12 22:00:00,55490.645207358924
2013-01-12 23:00:00,52099.75802399171
2013-01-13 00:00:00,52019.46123090963
2013-01-13 01:00:00,52019.46123090963
2013-01-13 02:00:00,52019.46123090963
2013-01-13 03:00:00,52019.46123090963
2013-01-13 04:00:00,52019.46123090963
2013-01-13 05:00:00,52019.46123090963
2013-01-13 06:00:00,53095.95677527514
2013-01-13 07:00:00,56191.1305299947
2013-01-13 08:00:00,57968.15957886535
2013-01-13 09:00:00,58566.94605527817
2013-01-13 10:00:00,58750.789692371465
2013-01-13 11:00:00,58903.461734205826
2013-01-13 12:00:00,58943.87059267354
2013-01-13 13:00:00,58887.98497251162
2013-01-13 14:00:00,58840.373568878145
2013-01-13 15:00:00,58688.12529843395
2013-01-13 16:00:00,58484.12246859249
2013-01-13 17:00:00,58434.16855889874
2013-01-13 18:00:00,58917.6441168251
2013-01-13 19:00:00,58960.3079056533
2013-01-13 20:00:00,58905.59098070623
2013-01-13 21:00:00,58635.701442182675
2013-01-13 22:00:00,57581.66193906148
2013-01-13 23:00:00,55409.92973385474
2013-01-14 00:00:00,53976.415011276214
2013-01-14 01:00:00,52824.14853399849
2013-01-14 02:00:00,52019.46123090963
2013-01-14 03:00:00,52019.46123090963
2013-01-14 04:00:00,52019.46123090963
2013-01-14 05:00:00,53228.161638511454
2013-01-14 06:00:00,55655.377937655394
2013-01-14 07:00:00,57453.59113354228
2013-01-14 08:00:00,58412.11830883933
2013-01-14 09:00:00,58799.31287719332
2013-01-14 10:00:00,58919.37752949185
2013-01-14 11:00:00,59001.56719654886
2013-01-14 12:00:00,58999.548845353835
2013-01-14 13:00:00,58971.58621486179
2013-01-14 14:00:00,58948.47454326495
2013-01-14 15:00:00,58857.50384470792
2013-01-14 16:00:00,58678.10741876704
2013-01-14 17:00:00,58624.35693943349
2013-01-14 18:00:00,58979.67329353746
2013-01-14 19:00:00,59003.552016820155
2013-01-14 20:00:00,58943.008697266196
2013-01-14 21:00:00,58707.404796109106
2013-01-14 22:00:00,57626.959209353336
2013-01-14 23:00:00,55808.51599140166
2013-01-15 00:00:00,54820.81387645502
2013-01-15 01:00:00,53857.276033518574
2013-01-15 02:00:00,53174.749801665435
2013-01-15 03:00:00,52769.80394786458
2013-01-15 04:00:00,52660.85345096464
2013-01-15 05:00:00,54018.63615059337
2013-01-15 06:00:00,56599.39365742584
2013-01-15 07:00:00,57994.54926393979
2013-01-15 08:00:00,58636.881938871236
2013-01-15 09:00:00,58887.412519362595
2013-01-15 10:00:00,58943.438574290885
2013-01-15 11:00:00,59008.75750317487
2013-01-15 12:00:00,59016.977996620044
2013-01-15 13:00:00,58995.64386029645
2013-01-15 14:00:00,58958.02569989395
2013-01-15 15:00:00,58865.79927998763
2013-01-15 16:00:00,58743.6121983772
2013-01-15 17:00:00,58672.62438572673
2013-01-15 18:00:00,58986.16879026414
2013-01-15 19:00:00,59013.97524378602
2013-01-15 20:00:00,58943.008697266196
2013-01-15 21:00:00,58693.954335316055
2013-01-15 22:00:00,57796.49811245182
2013-01-15 23:00:00,56057.11328108664
2013-01-16 00:00:00,55019.27104826948
2013-01-16 01:00:00,53967.95262258101
2013-01-16 02:00:00,53405.41433358006
2013-01-16 03:00:00,53004.54992871423
2013-01-16 04:00:00,53361.25998571515
2013-01-16 05:00:00,54127.81141641169
2013-01-16 06:00:00,56294.12922062511
2013-01-16 07:00:00,57959.438964478264
2013-01-16 08:00:00,58604.97196765862
2013-01-16 09:00:00,58879.830167552194
2013-01-16 10:00:00,58943.438574290885
2013-01-16 11:00:00,59008.75750317487
2013-01-16 12:00:00,59003.26913651571
2013-01-16 13:00:00,58989.21760161237
2013-01-16 14:00:00,58945.16332547562
2013-01-16 15:00:00,58881.60424082674
2013-01-16 16:00:00,58795.32856582459
2013-01-16 17:00:00,58708.41319230899
2013-01-16 18:00:00,58994.3441027193
2013-01-16 19:00:00,59017.2257844292
2013-01-16 20:00:00,58973.74408530019
2013-01-16 21:00:00,58800.90463521658
2013-01-16 22:00:00,57983.883761703495
2013-01-16 23:00:00,56404.03891183177
2013-01-17 00:00:00,55399.323174082565
2013-01-17 01:00:00,54293.696246027605
2013-01-17 02:00:00,53745.63190114897
2013-01-17 03:00:00,53580.820744258206
2013-01-17 04:00:00,53925.4877714848
2013-01-17 05:00:00,54235.90194926718
2013-01-17 06:00:00,56735.37571578789
2013-01-17 07:00:00,57959.438964478264
2013-01-17 08:00:00,58476.307079064354
2013-01-17 09:00:00,58809.45631064894
2013-01-17 10:00:00,58864.03159977783
2013-01-17 11:00:00,58976.91213690219
2013-01-17 12:00:00,58999.548845353835
2013-01-17 13:00:00,58971.58621486179
2013-01-17 14:00:00,58921.34364463559
2013-01-17 15:00:00,58769.467511527546
2013-01-17 16:00:00,58642.794748052336
2013-01-17 17:00:00,58636.881938871236
2013-01-17 18:00:00,58979.67329353746
2013-01-17 19:00:00,58992.04134020809
2013-01-17 20:00:00,58953.93403063254
2013-01-17 21:00:00,58768.6074761802
2013-01-17 22:00:00,57912.04459514281
2013-01-17 23:00:00,56215.1490146259
2013-01-18 00:00:00,55116.42769182381
2013-01-18 01:00:00,54293.696246027605
2013-01-18 02:00:00,53633.07130093109
2013-01-18 03:00:00,53352.42920244706
2013-01-18 04:00:00,53814.43300080871
2013-01-18 05:00:00,54958.7462258164
2013-01-18 06:00:00,57108.123342406005
2013-01-18 07:00:00,58330.831329948094
2013-01-18 08:00:00,58821.503821645354
2013-01-18 09:00:00,58961.47349246015
2013-01-18 10:00:00,59013.46421534949
2013-01-18 11:00:00,59040.809853943676
2013-01-18 12:00:00,59044.25367161736
2013-01-18 13:00:00,59035.420313208866
2013-01-18 14:00:00,59017.71581475792
2013-01-18 15:00:00,58957.55065097961
2013-01-18 16:00:00,58899.15466394508
2013-01-18 17:00:00,58811.754209079736
2013-01-18 18:00:00,59017.4711115945
2013-01-18 19:00:00,59017.2257844292
2013-01-18 20:00:00,58964.164748834795
2013-01-18 21:00:00,58745.28868223626
2013-01-18 22:00:00,57714.01423448223
2013-01-18 23:00:00,55975.784478407084
2013-01-19 00:00:00,55019.27104826948
2013-01-19 01:00:00,54077.61255639311
2013-01-19 02:00:00,53633.07130093109
2013-01-19 03:00:00,53467.01642117043
2013-01-19 04:00:00,53475.78905924452
2013-01-19 05:00:00,54127.81141641169
2013-01-19 06:00:00,56384.09562237012
2013-01-19 07:00:00,57768.41432637519
2013-01-19 08:00:00,58264.929337891044
2013-01-19 09:00:00,58648.62797706836
2013-01-19 10:00:00,58672.397436500854
2013-01-19 11:00:00,58840.07997403321
2013-01-19 12:00:00,58892.51761282098
2013-01-19 13:00:00,58756.2239190208
2013-01-19 14:00:00,58676.79299549429
2013-01-19 15:00:00,58412.11830883933
2013-01-19 16:00:00,57606.14782719017
2013-01-19 17:00:00,57395.91424564349
2013-01-19 18:00:00,58709.93252631343
2013-01-19 19:00:00,58807.147028595406
2013-01-19 20:00:00,58725.333168379824
2013-01-19 21:00:00,58289.342211541094
2013-01-19 22:00:00,56678.60217050766
2013-01-19 23:00:00,54314.21268823526
2013-01-20 00:00:00,53299.28943652464
2013-01-20 01:00:00,52019.46123090963
2013-01-20 02:00:00,52019.46123090963
2013-01-20 03:00:00,52019.46123090963
2013-01-20 04:00:00,52019.46123090963
2013-01-20 05:00:00,52048.39079251644
2013-01-20 06:00:00,54905.3450684696
2013-01-20 07:00:00,56830.951077159196
2013-01-20 08:00:00,57753.85734966055
2013-01-20 09:00:00,58336.145143529764
2013-01-20 10:00:00,58365.589534727886
2013-01-20 11:00:00,58726.490978961156
2013-01-20 12:00:00,58757.56835157159
2013-01-20 13:00:00,58692.88747496855
2013-01-20 14:00:00,58536.58295908166
2013-01-20 15:00:00,58139.08561222696
2013-01-20 16:00:00,57338.55179915009
2013-01-20 17:00:00,57115.444726219044
2013-01-20 18:00:00,58646.303122383484
2013-01-20 19:00:00,58660.102256840044
2013-01-20 20:00:00,58521.834709344934
2013-01-20 21:00:00,57914.858400647114
2013-01-20 22:00:00,55874.8310984982
2013-01-20 23:00:00,52752.556803497224
2013-01-21 00:00:00,52019.46123090963
2013-01-21 01:00:00,52019.46123090963
2013-01-21 02:00:00,52019.46123090963
2013-01-21 03:00:00,52019.46123090963
2013-01-21 04:00:00,52019.46123090963
2013-01-21 05:00:00,52019.46123090963
2013-01-21 06:00:00,52953.49730007924
2013-01-21 07:00:00,55568.64098841617
2013-01-21 08:00:00,56901.2037891748
2013-01-21 09:00:00,57744.28584028545
2013-01-21 10:00:00,57948.349961546475
2013-01-21 11:00:00,58368.800640959686
2013-01-21 12:00:00,58492.87359900624
2013-01-21 13:00:00,58431.68320434397
2013-01-21 14:00:00,58137.62437997062
2013-01-21 15:00:00,57436.07088060978
2013-01-21 16:00:00,55962.748216177315
2013-01-21 17:00:00,55867.4802889561
2013-01-21 18:00:00,58223.98610236547
2013-01-21 19:00:00,58507.01213368538
2013-01-21 20:00:00,58396.461790908004
2013-01-21 21:00:00,57612.42580743296
2013-01-21 22:00:00,55067.96910206587
2013-01-21 23:00:00,52019.46123090963
2013-01-22 00:00:00,52019.46123090963
2013-01-22 01:00:00,52019.46123090963
2013-01-22 02:00:00,52019.46123090963
2013-01-22 03:00:00,52019.46123090963
2013-01-22 04:00:00,52019.46123090963
2013-01-22 05:00:00,52019.46123090963
2013-01-22 06:00:00,52019.46123090963
2013-01-22 07:00:00,54294.0201933233
2013-01-22 08:00:00,56344.39078884337
2013-01-22 09:00:00,57320.95988879838
2013-01-22 10:00:00,57772.08766191108
2013-01-22 11:00:00,58098.69345743805
2013-01-22 12:00:00,58278.25313510619
2013-01-22 13:00:00,58047.75450832894
2013-01-22 14:00:00,57500.17095268478
2013-01-22 15:00:00,56645.39375220602
2013-01-22 16:00:00,55362.05388133536
2013-01-22 17:00:00,54866.1356367792
2013-01-22 18:00:00,58107.07301584173
2013-01-22 19:00:00,58320.441241147244
2013-01-22 20:00:00,58040.52043746975
2013-01-22 21:00:00,57003.572122526995
2013-01-22 22:00:00,54183.64362358365
2013-01-22 23:00:00,52019.46123090963
2013-01-23 00:00:00,52019.46123090963
2013-01-23 01:00:00,52019.46123090963
2013-01-23 02:00:00,52019.46123090963
2013-01-23 03:00:00,52019.46123090963
2013-01-23 04:00:00,52019.46123090963
2013-01-23 05:00:00,52019.46123090963
2013-01-23 06:00:00,52019.46123090963
2013-01-23 07:00:00,54101.92654391698
2013-01-23 08:00:00,56327.882417955465
2013-01-23 09:00:00,57493.282033414034
2013-01-23 10:00:00,57873.70463335263
2013-01-23 11:00:00,58351.071213941344
2013-01-23 12:00:00,58498.428857925144
2013-01-23 13:00:00,58357.49755658186
2013-01-23 14:00:00,58211.78053892573
2013-01-23 15:00:00,57458.79085784476
2013-01-23 16:00:00,56050.78042662491
2013-01-23 17:00:00,56172.8283072659
2013-01-23 18:00:00,58418.03250260616
2013-01-23 19:00:00,58596.9859557115
2013-01-23 20:00:00,58442.972639418644
2013-01-23 21:00:00,57758.9580706534
2013-01-23 22:00:00,55343.736758173676
2013-01-23 23:00:00,52242.6889190101
2013-01-24 00:00:00,52019.46123090963
2013-01-24 01:00:00,52019.46123090963
2013-01-24 02:00:00,52019.46123090963
2013-01-24 03:00:00,52019.46123090963
2013-01-24 04:00:00,52019.46123090963
2013-01-24 05:00:00,52019.46123090963
2013-01-24 06:00:00,52713.62161226536
2013-01-24 07:00:00,55829.83978247221
2013-01-24 08:00:00,57805.799455722794
2013-01-24 09:00:00,58516.50110607282
2013-01-24 10:00:00,58762.46241336378
2013-01-24 11:00:00,58938.96330143434
2013-01-24 12:00:00,58946.1021594272
2013-01-24 13:00:00,58898.16873992033
2013-01-24 14:00:00,58858.27903659008
2013-01-24 15:00:00,58666.853065705516
2013-01-24 16:00:00,57934.64841615927
2013-01-24 17:00:00,57734.74427335404
2013-01-24 18:00:00,58841.119777202155
2013-01-24 19:00:00,58862.00364485604
2013-01-24 20:00:00,58712.45993823916
2013-01-24 21:00:00,58410.40911329466
2013-01-24 22:00:00,57034.97782659424
2013-01-24 23:00:00,54659.760701846375
2013-01-25 00:00:00,53414.218823992305
2013-01-25 01:00:00,52019.46123090963
2013-01-25 02:00:00,52019.46123090963
2013-01-25 03:00:00,52019.46123090963
2013-01-25 04:00:00,52019.46123090963
2013-01-25 05:00:00,52019.46123090963
2013-01-25 06:00:00,54805.226207253196
2013-01-25 07:00:00,57246.298222203426
2013-01-25 08:00:00,58291.32797055204
2013-01-25 09:00:00,58773.598479468776
2013-01-25 10:00:00,58897.73047582299
2013-01-25 11:00:00,58976.91213690219
2013-01-25 12:00:00,59006.86837780114
2013-01-25 13:00:00,58991.26240357609
2013-01-25 14:00:00,58953.3206948107
2013-01-25 15:00:00,58826.2621205371
2013-01-25 16:00:00,58560.12816659701
2013-01-25 17:00:00,58404.01522878476
2013-01-25 18:00:00,58946.12567154005
2013-01-25 19:00:00,58965.301208630204
2013-01-25 20:00:00,58905.59098070623
2013-01-25 21:00:00,58619.958344274375
2013-01-25 22:00:00,57626.959209353336
2013-01-25 23:00:00,55808.51599140166
2013-01-26 00:00:00,54820.81387645502
2013-01-26 01:00:00,53633.07130093109
2013-01-26 02:00:00,52706.30087327765
2013-01-26 03:00:00,52462.20920056503
2013-01-26 04:00:00,52896.43591555516
2013-01-26 05:00:00,53458.17373918794
2013-01-26 06:00:00,56075.59562771021
2013-01-26 07:00:00,57403.72055460686
2013-01-26 08:00:00,58248.71101164831
2013-01-26 09:00:00,58601.15500360772
2013-01-26 10:00:00,58738.738816203695
2013-01-26 11:00:00,58892.06800379024
2013-01-26 12:00:00,58946.1021594272
2013-01-26 13:00:00,58787.524943415876
2013-01-26 14:00:00,58759.09138637966
2013-01-26 15:00:00,58341.826820742186
2013-01-26 16:00:00,57931.74087654762
2013-01-26 17:00:00,57542.327889526554
2013-01-26 18:00:00,58817.7897892837
2013-01-26 19:00:00,58878.047168487814
2013-01-26 20:00:00,58783.895294680085
2013-01-26 21:00:00,58419.330129421396
2013-01-26 22:00:00,57283.73371530513
2013-01-26 23:00:00,54832.39739482493
2013-01-27 00:00:00,53299.28943652464
2013-01-27 01:00:00,52231.725410902174
2013-01-27 02:00:00,52019.46123090963
2013-01-27 03:00:00,52019.46123090963
2013-01-27 04:00:00,52019.46123090963
2013-01-27 05:00:00,52995.50172002893
2013-01-27 06:00:00,55440.18453155067
2013-01-27 07:00:00,57549.5520291373
2013-01-27 08:00:00,58434.16855889874
2013-01-27 09:00:00,58762.287158979125
2013-01-27 10:00:00,58843.51903703778
2013-01-27 11:00:00,58970.42257602672
2013-01-27 12:00:00,58964.92052656971
2013-01-27 13:00:00,58934.55553431201
2013-01-27 14:00:00,58918.14093289379
2013-01-27 15:00:00,58769.467511527546
2013-01-27 16:00:00,58627.27731310461
2013-01-27 17:00:00,58455.55893401437
2013-01-27 18:00:00,58975.161022691536
2013-01-27 19:00:00,58987.94384951552
2013-01-27 20:00:00,58918.88750559539
2013-01-27 21:00:00,58680.07186510107
2013-01-27 22:00:00,57796.49811245182
2013-01-27 23:00:00,56176.21787142877
2013-01-28 00:00:00,55306.474801332435
2013-01-28 01:00:00,54077.61255639311
2013-01-28 02:00:00,53290.42918323667
2013-01-28 03:00:00,53237.11629956935
2013-01-28 04:00:00,53361.25998571515
2013-01-28 05:00:00,54171.18030934002
2013-01-28 06:00:00,56599.39365742584
2013-01-28 07:00:00,58125.41229316319
2013-01-28 08:00:00,58708.41319230899
2013-01-28 09:00:00,58934.10002891801
2013-01-28 10:00:00,58978.64378205826
2013-01-28 11:00:00,59030.48263806597
2013-01-28 12:00:00,59039.49842807808
2013-01-28 13:00:00,59021.31604301155
2013-01-28 14:00:00,58988.5823408543
2013-01-28 15:00:00,58923.290068258735
2013-01-28 16:00:00,58750.796482543024
2013-01-28 17:00:00,58666.853065705516
2013-01-28 18:00:00,59009.159512161605
2013-01-28 19:00:00,59020.37035189844
2013-01-28 20:00:00,58969.033239932476
2013-01-28 21:00:00,58768.6074761802
2013-01-28 22:00:00,58001.2200875429
2013-01-28 23:00:00,56348.3791528269
2013-01-29 00:00:00,55212.16966797372
2013-01-29 01:00:00,53405.41433358006
2013-01-29 02:00:00,52824.14853399849
2013-01-29 03:00:00,52414.708623548126
2013-01-29 04:00:00,52660.85345096464
2013-01-29 05:00:00,54553.23612021875
2013-01-29 06:00:00,56668.13314771215
2013-01-29 07:00:00,58185.40010082906
2013-01-29 08:00:00,58734.00619754427
2013-01-29 09:00:00,58951.0599451809
2013-01-29 10:00:00,58995.402753097
2013-01-29 11:00:00,59038.355305744735
2013-01-29 12:00:00,59046.06892712697
2013-01-29 13:00:00,59035.420313208866
2013-01-29 14:00:00,58996.603397671395
2013-01-29 15:00:00,58910.29070864157
2013-01-29 16:00:00,58726.30548062001
2013-01-29 17:00:00,58666.853065705516
2013-01-29 18:00:00,59014.228836803944
2013-01-29 19:00:00,59010.61521037249
2013-01-29 20:00:00,58948.56099742586
2013-01-29 21:00:00,58693.954335316055
2013-01-29 22:00:00,57796.49811245182
2013-01-29 23:00:00,56016.64134727545
2013-01-30 00:00:00,54920.72419269983
2013-01-30 01:00:00,53633.07130093109
2013-01-30 02:00:00,53058.435739948814
2013-01-30 03:00:00,52533.38406634784
2013-01-30 04:00:00,52423.835782090726
2013-01-30 05:00:00,53797.2179557925
2013-01-30 06:00:00,56529.14679686162
2013-01-30 07:00:00,57959.438964478264
2013-01-30 08:00:00,58636.881938871236
2013-01-30 09:00:00,58908.73332769712
2013-01-30 10:00:00,58969.39798920973
2013-01-30 11:00:00,59022.99556083885
2013-01-30 12:00:00,59023.18046786411
2013-01-30 13:00:00,58993.27372094217
2013-01-30 14:00:00,58950.646075722594
2013-01-30 15:00:00,58848.935335849004
2013-01-30 16:00:00,58700.20803401323
2013-01-30 17:00:00,58636.881938871236
2013-01-30 18:00:00,59006.35114695908
2013-01-30 19:00:00,59003.552016820155
2013-01-30 20:00:00,58948.56099742586
2013-01-30 21:00:00,58693.954335316055
2013-01-30 22:00:00,57874.589803602445
2013-01-30 23:00:00,56097.200064102835
2013-01-31 00:00:00,54920.72419269983
2013-01-31 01:00:00,53633.07130093109
2013-01-31 02:00:00,52941.54792432041
2013-01-31 03:00:00,52295.81082146385
2013-01-31 04:00:00,52423.835782090726
2013-01-31 05:00:00,53572.040669913426
2013-01-31 06:00:00,56529.14679686162
2013-01-31 07:00:00,58045.384637642
2013-01-31 08:00:00,58694.99515595812
2013-01-31 09:00:00,58921.831182020316
2013-01-31 10:00:00,58983.04311652256
2013-01-31 11:00:00,59024.78112588847
2013-01-31 12:00:00,59028.98478448786
2013-01-31 13:00:00,58997.198049125356
2013-01-31 14:00:00,58975.51302105636
2013-01-31 15:00:00,58857.50384470792
2013-01-31 16:00:00,58672.405649319684
2013-01-31 17:00:00,58721.412781540545
2013-01-31 18:00:00,58977.43574631577
2013-01-31 19:00:00,58967.25299088914
2013-01-31 20:00:00,58891.39819322139
2013-01-31 21:00:00,58619.958344274375
2013-01-31 22:00:00,57581.66193906148
2013-01-31 23:00:00,55156.357860820484
2013-02-01 00:00:00,53368.33466170027
2013-02-01 01:00:00,52019.46123090963
2013-02-01 02:00:00,52019.46123090963
2013-02-01 03:00:00,52019.46123090963
2013-02-01 04:00:00,52019.46123090963
2013-02-01 05:00:00,52019.46123090963
2013-02-01 06:00:00,54559.57659971543
2013-02-01 07:00:00,56490.65598359235
2013-02-01 08:00:00,58089.1775265545
2013-02-01 09:00:00,58526.783254933594
2013-02-01 10:00:00,58651.86570106493
2013-02-01 11:00:00,58830.93901098825
2013-02-01 12:00:00,58816.287889965606
2013-02-01 13:00:00,58550.4249997515
2013-02-01 14:00:00,58239.72522324449
2013-02-01 15:00:00,57426.108621298496
2013-02-01 16:00:00,56612.674691721935
2013-02-01 17:00:00,56902.45807234681
2013-02-01 18:00:00,58233.18101943799
2013-02-01 19:00:00,58058.714817788816
2013-02-01 20:00:00,57657.97878020987
2013-02-01 21:00:00,55887.933127644
2013-02-01 22:00:00,52019.46123090963
2013-02-01 23:00:00,52019.46123090963
2013-02-02 00:00:00,52019.46123090963
2013-02-02 01:00:00,52019.46123090963
2013-02-02 02:00:00,52019.46123090963
2013-02-02 03:00:00,52019.46123090963
2013-02-02 04:00:00,52019.46123090963
2013-02-02 05:00:00,52019.46123090963
2013-02-02 06:00:00,52019.46123090963
2013-02-02 07:00:00,52019.46123090963
2013-02-02 08:00:00,54236.738245390894
2013-02-02 09:00:00,56084.86416756859
2013-02-02 10:00:00,56722.777225050304
2013-02-02 11:00:00,57591.36304962147
2013-02-02 12:00:00,58009.9174638565
2013-02-02 13:00:00,57225.03659226871
2013-02-02 14:00:00,56156.51253022723
2013-02-02 15:00:00,54543.64304544615
2013-02-02 16:00:00,53717.972730466376
2013-02-02 17:00:00,54236.738245390894
2013-02-02 18:00:00,57696.02258063002
2013-02-02 19:00:00,57780.802315786124
2013-02-02 20:00:00,57104.34207498743
2013-02-02 21:00:00,55154.482248030814
2013-02-02 22:00:00,52019.46123090963
2013-02-02 23:00:00,52019.46123090963
2013-02-03 00:00:00,52019.46123090963
2013-02-03 01:00:00,52019.46123090963
2013-02-03 02:00:00,52019.46123090963
2013-02-03 03:00:00,52019.46123090963
2013-02-03 04:00:00,52019.46123090963
2013-02-03 05:00:00,52019.46123090963
2013-02-03 06:00:00,52019.46123090963
2013-02-03 07:00:00,52699.574906351605
2013-02-03 08:00:00,56135.0600505382
2013-02-03 09:00:00,57599.08192698019
2013-02-03 10:00:00,58038.39536278797
2013-02-03 11:00:00,58511.6924330172
2013-02-03 12:00:00,58615.73985679119
2013-02-03 13:00:00,58302.33172442557
2013-02-03 14:00:00,57889.11880207939
2013-02-03 15:00:00,57088.770732613724
2013-02-03 16:00:00,56693.28892985925
2013-02-03 17:00:00,56898.69348218087
2013-02-03 18:00:00,58576.84961848664
2013-02-03 19:00:00,58539.29575626455
2013-02-03 20:00:00,58283.698024087804
2013-02-03 21:00:00,57319.63460151283
2013-02-03 22:00:00,53954.311911398596
2013-02-03 23:00:00,52019.46123090963
2013-02-04 00:00:00,52019.46123090963
2013-02-04 01:00:00,52019.46123090963
2013-02-04 02:00:00,52019.46123090963
2013-02-04 03:00:00,52019.46123090963
2013-02-04 04:00:00,52019.46123090963
2013-02-04 05:00:00,52019.46123090963
2013-02-04 06:00:00,52019.46123090963
2013-02-04 07:00:00,55019.8772301014
2013-02-04 08:00:00,57737.25081852896
2013-02-04 09:00:00,58316.16898029267
2013-02-04 10:00:00,58581.147799006656
2013-02-04 11:00:00,58825.311163229875
2013-02-04 12:00:00,58854.63022663704
2013-02-04 13:00:00,58744.349008491874
2013-02-04 14:00:00,58596.54586353003
2013-02-04 15:00:00,57939.549265736474
2013-02-04 16:00:00,56794.07077296633
2013-02-04 17:00:00,56183.77718019015
2013-02-04 18:00:00,58492.758868193996
2013-02-04 19:00:00,58544.8192380566
2013-02-04 20:00:00,58184.049630625515
2013-02-04 21:00:00,56991.47624599285
2013-02-04 22:00:00,53865.751214889126
2013-02-04 23:00:00,52019.46123090963
2013-02-05 00:00:00,52019.46123090963
2013-02-05 01:00:00,52019.46123090963
2013-02-05 02:00:00,52019.46123090963
2013-02-05 03:00:00,52019.46123090963
2013-02-05 04:00:00,52019.46123090963
2013-02-05 05:00:00,52019.46123090963
2013-02-05 06:00:00,52019.46123090963
2013-02-05 07:00:00,53788.50605517399
2013-02-05 08:00:00,55951.638827682094
2013-02-05 09:00:00,57132.04775814092
2013-02-05 10:00:00,57548.146066097055
2013-02-05 11:00:00,57946.02216686067
2013-02-05 12:00:00,57937.41405687547
2013-02-05 13:00:00,57799.6361398856
2013-02-05 14:00:00,57272.17149590511
2013-02-05 15:00:00,54906.018018741364
2013-02-05 16:00:00,52019.46123090963
2013-02-05 17:00:00,52299.424363534905
2013-02-05 18:00:00,57519.90885855541
2013-02-05 19:00:00,57668.06083165708
2013-02-05 20:00:00,57369.776443440016
2013-02-05 21:00:00,55531.84195356157
2013-02-05 22:00:00,52019.46123090963
2013-02-05 23:00:00,52019.46123090963
2013-02-06 00:00:00,52019.46123090963
2013-02-06 01:00:00,52019.46123090963
2013-02-06 02:00:00,52019.46123090963
2013-02-06 03:00:00,52019.46123090963
2013-02-06 04:00:00,52019.46123090963
2013-02-06 05:00:00,52019.46123090963
2013-02-06 06:00:00,52019.46123090963
2013-02-06 07:00:00,53014.436579668596
2013-02-06 08:00:00,55932.61176985791
2013-02-06 09:00:00,57290.22581484746
2013-02-06 10:00:00,57832.0429771933
2013-02-06 11:00:00,58340.8320756021
2013-02-06 12:00:00,58466.44795863296
2013-02-06 13:00:00,58388.59971150669
2013-02-06 14:00:00,58095.291571290836
2013-02-06 15:00:00,57362.1633149237
2013-02-06 16:00:00,56236.89381937886
2013-02-06 17:00:00,55631.31541411476
2013-02-06 18:00:00,58420.028408610706
2013-02-06 19:00:00,58458.04906029689
2013-02-06 20:00:00,58168.76629509461
2013-02-06 21:00:00,57209.47362135004
2013-02-06 22:00:00,54194.44562440416
2013-02-06 23:00:00,52019.46123090963
2013-02-07 00:00:00,52019.46123090963
2013-02-07 01:00:00,52019.46123090963
2013-02-07 02:00:00,52019.46123090963
2013-02-07 03:00:00,52019.46123090963
2013-02-07 04:00:00,52019.46123090963
2013-02-07 05:00:00,52019.46123090963
2013-02-07 06:00:00,52270.058833512325
2013-02-07 07:00:00,55643.15173076328
2013-02-07 08:00:00,57494.77961919039
2013-02-07 09:00:00,58369.97247002531
2013-02-07 10:00:00,58627.26828884912
2013-02-07 11:00:00,58791.28272747769
2013-02-07 12:00:00,58816.287889965606
2013-02-07 13:00:00,58741.92827676794
2013-02-07 14:00:00,58644.43166110564
2013-02-07 15:00:00,58264.929337891044
2013-02-07 16:00:00,57541.611934608445
2013-02-07 17:00:00,57193.70660465012
2013-02-07 18:00:00,58734.19519630669
2013-02-07 19:00:00,58735.718020491775
2013-02-07 20:00:00,58518.01585283732
2013-02-07 21:00:00,57758.9580706534
2013-02-07 22:00:00,55380.81801373838
2013-02-07 23:00:00,52302.196615722736
2013-02-08 00:00:00,52019.46123090963
2013-02-08 01:00:00,52019.46123090963
2013-02-08 02:00:00,52019.46123090963
2013-02-08 03:00:00,52019.46123090963
2013-02-08 04:00:00,52019.46123090963
2013-02-08 05:00:00,52019.46123090963
2013-02-08 06:00:00,52697.094129344114
2013-02-08 07:00:00,56032.14241048742
2013-02-08 08:00:00,57633.76327365346
2013-02-08 09:00:00,58429.132515476595
2013-02-08 10:00:00,58577.69699650527
2013-02-08 11:00:00,58857.499017857685
2013-02-08 12:00:00,58835.195004454465
2013-02-08 13:00:00,58767.72590005215
2013-02-08 14:00:00,58668.18818172835
2013-02-08 15:00:00,58380.10506674562
2013-02-08 16:00:00,57650.8044940977
2013-02-08 17:00:00,57445.98215279589
2013-02-08 18:00:00,58720.327021247635
2013-02-08 19:00:00,58677.45068724011
2013-02-08 20:00:00,58562.32280284438
2013-02-08 21:00:00,57717.24214171529
2013-02-08 22:00:00,55306.421223132114
2013-02-08 23:00:00,52075.92672845475
2013-02-09 00:00:00,52019.46123090963
2013-02-09 01:00:00,52019.46123090963
2013-02-09 02:00:00,52019.46123090963
2013-02-09 03:00:00,52019.46123090963
2013-02-09 04:00:00,52019.46123090963
2013-02-09 05:00:00,52019.46123090963
2013-02-09 06:00:00,52019.46123090963
2013-02-09 07:00:00,54710.00453146069
2013-02-09 08:00:00,56406.74042405236
2013-02-09 09:00:00,57454.313742010614
2013-02-09 10:00:00,57769.63793119581
2013-02-09 11:00:00,58341.81279185529
2013-02-09 12:00:00,58568.56828597598
2013-02-09 13:00:00,58060.26609528759
2013-02-09 14:00:00,57765.87031041681
2013-02-09 15:00:00,56934.866186550105
2013-02-09 16:00:00,55645.837592481614
2013-02-09 17:00:00,55675.26269015252
2013-02-09 18:00:00,58462.16833134901
2013-02-09 19:00:00,58526.206956021895
2013-02-09 20:00:00,58339.56730529693
2013-02-09 21:00:00,57319.63460151283
2013-02-09 22:00:00,54429.20032802259
2013-02-09 23:00:00,52019.46123090963
2013-02-10 00:00:00,52019.46123090963
2013-02-10 01:00:00,52019.46123090963
2013-02-10 02:00:00,52019.46123090963
2013-02-10 03:00:00,52019.46123090963
2013-02-10 04:00:00,52019.46123090963
2013-02-10 05:00:00,52019.46123090963
2013-02-10 06:00:00,52103.32452595993
2013-02-10 07:00:00,55241.199005396724
2013-02-10 08:00:00,57445.98215279589
2013-02-10 09:00:00,58217.34612715292
2013-02-10 10:00:00,58560.11794517944
2013-02-10 11:00:00,58750.97054142126
2013-02-10 12:00:00,58790.876597447306
2013-02-10 13:00:00,58732.089766607736
2013-02-10 14:00:00,58606.48542973181
2013-02-10 15:00:00,58221.03459937096
2013-02-10 16:00:00,57650.8044940977
2013-02-10 17:00:00,57633.76327365346
2013-02-10 18:00:00,58779.62707438188
2013-02-10 19:00:00,58807.147028595406
2013-02-10 20:00:00,58635.456126640594
2013-02-10 21:00:00,57972.527562773925
2013-02-10 22:00:00,55738.526880331876
2013-02-10 23:00:00,52752.556803497224
2013-02-11 00:00:00,52019.46123090963
2013-02-11 01:00:00,52019.46123090963
2013-02-11 02:00:00,52019.46123090963
2013-02-11 03:00:00,52019.46123090963
2013-02-11 04:00:00,52019.46123090963
2013-02-11 05:00:00,52019.46123090963
2013-02-11 06:00:00,53510.767661756916
2013-02-11 07:00:00,56490.65598359235
2013-02-11 08:00:00,57953.93484114946
2013-02-11 09:00:00,58573.958995902576
2013-02-11 10:00:00,58723.762329343066
2013-02-11 11:00:00,58878.52039211415
2013-02-11 12:00:00,58869.53392127188
2013-02-11 13:00:00,58744.349008491874
2013-02-11 14:00:00,58647.466951690665
2013-02-11 15:00:00,58306.79500738557
2013-02-11 16:00:00,57761.46672177717
2013-02-11 17:00:00,57899.14799495364
2013-02-11 18:00:00,58843.35089650624
2013-02-11 19:00:00,58881.897897589304
2013-02-11 20:00:00,58737.803941784274
2013-02-11 21:00:00,58207.56459810329
2013-02-11 22:00:00,56244.800245263716
2013-02-11 23:00:00,53277.978299797825
2013-02-12 00:00:00,52019.46123090963
2013-02-12 01:00:00,52019.46123090963
2013-02-12 02:00:00,52019.46123090963
2013-02-12 03:00:00,52019.46123090963
2013-02-12 04:00:00,52019.46123090963
2013-02-12 05:00:00,52019.46123090963
2013-02-12 06:00:00,53959.357980957306
2013-02-12 07:00:00,56830.951077159196
2013-02-12 08:00:00,58108.16361882315
2013-02-12 09:00:00,58677.88320564774
2013-02-12 10:00:00,58825.16667481677
2013-02-12 11:00:00,58918.18832804558
2013-02-12 12:00:00,58938.16191834299
2013-02-12 13:00:00,58867.79711015693
2013-02-12 14:00:00,58798.5199414896
2013-02-12 15:00:00,58496.430298565276
2013-02-12 16:00:00,57777.81141437134
2013-02-12 17:00:00,57968.15957886535
2013-02-12 18:00:00,58895.80629909547
2013-02-12 19:00:00,58893.08148207029
2013-02-12 20:00:00,58712.45993823916
2013-02-12 21:00:00,58178.663028725074
2013-02-12 22:00:00,56244.800245263716
2013-02-12 23:00:00,53312.57207214121
2013-02-13 00:00:00,52019.46123090963
2013-02-13 01:00:00,52019.46123090963
2013-02-13 02:00:00,52019.46123090963
2013-02-13 03:00:00,52019.46123090963
2013-02-13 04:00:00,52019.46123090963
2013-02-13 05:00:00,52019.46123090963
2013-02-13 06:00:00,54434.02261688628
2013-02-13 07:00:00,56792.08181312353
2013-02-13 08:00:00,58186.73208984014
2013-02-13 09:00:00,58718.44539569062
2013-02-13 10:00:00,58884.52437030034
2013-02-13 11:00:00,58957.54769295039
2013-02-13 12:00:00,58969.76455197219
2013-02-13 13:00:00,58934.55553431201
2013-02-13 14:00:00,58886.83863360139
2013-02-13 15:00:00,58694.99515595812
2013-02-13 16:00:00,58504.00978681585
2013-02-13 17:00:00,58455.55893401437
2013-02-13 18:00:00,58955.550242461715
2013-02-13 19:00:00,58955.14771796598
2013-02-13 20:00:00,58860.08681502907
2013-02-13 21:00:00,58514.47831021445
2013-02-13 22:00:00,57229.52592169405
2013-02-13 23:00:00,54731.30491238726
2013-02-14 00:00:00,53183.661302474386
2013-02-14 01:00:00,52112.61578049469
2013-02-14 02:00:00,52019.46123090963
2013-02-14 03:00:00,52019.46123090963
2013-02-14 04:00:00,52019.46123090963
2013-02-14 05:00:00,52524.20715045617
2013-02-14 06:00:00,55742.47924405402
2013-02-14 07:00:00,57640.61595186482
2013-02-14 08:00:00,58476.307079064354
2013-02-14 09:00:00,58837.99903562321
2013-02-14 10:00:00,58928.15948931637
2013-02-14 11:00:00,59005.22182286075
2013-02-14 12:00:00,59003.26913651571
2013-02-14 13:00:00,58976.21435009909
2013-02-14 14:00:00,58945.16332547562
2013-02-14 15:00:00,58811.754209079736
2013-02-14 16:00:00,58700.20803401323
2013-02-14 17:00:00,58681.14608332709
2013-02-14 18:00:00,59007.4130080307
2013-02-14 19:00:00,58970.13290978981
2013-02-14 20:00:00,58912.34776020833
2013-02-14 21:00:00,58635.701442182675
2013-02-14 22:00:00,57487.41805720036
2013-02-14 23:00:00,55409.92973385474
2013-02-15 00:00:00,54194.50743789194
2013-02-15 01:00:00,53290.42918323667
2013-02-15 02:00:00,52941.54792432041
2013-02-15 03:00:00,52019.46123090963
2013-02-15 04:00:00,52019.46123090963
2013-02-15 05:00:00,53112.13268162747
2013-02-15 06:00:00,55912.10721480789
2013-02-15 07:00:00,57848.008118902995
2013-02-15 08:00:00,58596.67815495481
2013-02-15 09:00:00,58855.54842554551
2013-02-15 10:00:00,58943.438574290885
2013-02-15 11:00:00,59012.17805149588
2013-02-15 12:00:00,59016.977996620044
2013-02-15 13:00:00,59004.66804827202
2013-02-15 14:00:00,58980.01388004003
2013-02-15 15:00:00,58881.60424082674
2013-02-15 16:00:00,58731.32913272603
2013-02-15 17:00:00,58621.17637938032
2013-02-15 18:00:00,58990.323922536474
2013-02-15 19:00:00,58974.808132152015
2013-02-15 20:00:00,58922.71000328705
2013-02-15 21:00:00,58665.7444522149
2013-02-15 22:00:00,57487.41805720036
2013-02-15 23:00:00,55317.25043513991
2013-02-16 00:00:00,53976.415011276214
2013-02-16 01:00:00,52469.51877988487
2013-02-16 02:00:00,52019.46123090963
2013-02-16 03:00:00,52019.46123090963
2013-02-16 04:00:00,52019.46123090963
2013-02-16 05:00:00,52096.05504152927
2013-02-16 06:00:00,53095.95677527514
2013-02-16 07:00:00,56432.7107066697
2013-02-16 08:00:00,57597.76722866977
2013-02-16 09:00:00,58056.43373605661
2013-02-16 10:00:00,58325.09865556825
2013-02-16 11:00:00,58701.74957731203
2013-02-16 12:00:00,58785.54497244492
2013-02-16 13:00:00,58473.148024398004
2013-02-16 14:00:00,58234.201839979454
2013-02-16 15:00:00,57561.930826091695
2013-02-16 16:00:00,56800.58127123857
2013-02-16 17:00:00,56602.64195035176
2013-02-16 18:00:00,58623.011645453815
2013-02-16 19:00:00,58660.102256840044
2013-02-16 20:00:00,58492.612573029655
2013-02-16 21:00:00,57815.4858957506
2013-02-16 22:00:00,55490.645207358924
2013-02-16 23:00:00,52254.59324366377
2013-02-17 00:00:00,52019.46123090963
2013-02-17 01:00:00,52019.46123090963
2013-02-17 02:00:00,52019.46123090963
2013-02-17 03:00:00,52019.46123090963
2013-02-17 04:00:00,52019.46123090963
2013-02-17 05:00:00,52019.46123090963
2013-02-17 06:00:00,52578.835280364125
2013-02-17 07:00:00,55816.25493412488
2013-02-17 08:00:00,57485.12074606404
2013-02-17 09:00:00,58231.34000070668
2013-02-17 10:00:00,58463.60487091165
2013-02-17 11:00:00,58708.40563089049
2013-02-17 12:00:00,58763.3439666959
2013-02-17 13:00:00,58652.78797509767
2013-02-17 14:00:00,58396.09995004043
2013-02-17 15:00:00,57570.26618929058
2013-02-17 16:00:00,57090.21328984013
2013-02-17 17:00:00,57291.883937177285
2013-02-17 18:00:00,58765.107124192924
2013-02-17 19:00:00,58775.480098925465
2013-02-17 20:00:00,58613.265629216876
2013-02-17 21:00:00,57783.44919648662
2013-02-17 22:00:00,55212.115261214756
2013-02-17 23:00:00,52019.46123090963
2013-02-18 00:00:00,52019.46123090963
2013-02-18 01:00:00,52019.46123090963
2013-02-18 02:00:00,52019.46123090963
2013-02-18 03:00:00,52019.46123090963
2013-02-18 04:00:00,52019.46123090963
2013-02-18 05:00:00,52019.46123090963
2013-02-18 06:00:00,52341.442360554574
2013-02-18 07:00:00,55950.337864208275
2013-02-18 08:00:00,57802.60601809046
2013-02-18 09:00:00,58429.132515476595
2013-02-18 10:00:00,58672.397436500854
2013-02-18 11:00:00,58827.19922450704
2013-02-18 12:00:00,58844.20071839927
2013-02-18 13:00:00,58776.66644789314
2013-02-18 14:00:00,58647.466951690665
2013-02-18 15:00:00,58221.03459937096
2013-02-18 16:00:00,57856.90335630385
2013-02-18 17:00:00,57961.0672259506
2013-02-18 18:00:00,58851.66657178325
2013-02-18 19:00:00,58844.88576936948
2013-02-18 20:00:00,58665.514073000595
2013-02-18 21:00:00,57951.2045954766
2013-02-18 22:00:00,55668.91160565743
2013-02-18 23:00:00,52254.59324366377
2013-02-19 00:00:00,52019.46123090963
2013-02-19 01:00:00,52019.46123090963
2013-02-19 02:00:00,52019.46123090963
2013-02-19 03:00:00,52019.46123090963
2013-02-19 04:00:00,52019.46123090963
2013-02-19 05:00:00,52019.46123090963
2013-02-19 06:00:00,52222.44067048431
2013-02-19 07:00:00,55372.19606178526
2013-02-19 08:00:00,57465.652409845876
2013-02-19 09:00:00,58113.44995916518
2013-02-19 10:00:00,58500.06969748297
2013-02-19 11:00:00,58733.999101257934
2013-02-19 12:00:00,58729.78191331656
2013-02-19 13:00:00,58477.241379690684
2013-02-19 14:00:00,58283.28274859461
2013-02-19 15:00:00,57642.643457219674
2013-02-19 16:00:00,56946.28625793627
2013-02-19 17:00:00,57237.881013834296
2013-02-19 18:00:00,58641.732019522715
2013-02-19 19:00:00,58544.8192380566
2013-02-19 20:00:00,58373.25384204967
2013-02-19 21:00:00,57039.51842671631
2013-02-19 22:00:00,53229.926392688045
2013-02-19 23:00:00,52019.46123090963
2013-02-20 00:00:00,52019.46123090963
2013-02-20 01:00:00,52019.46123090963
2013-02-20 02:00:00,52019.46123090963
2013-02-20 03:00:00,52019.46123090963
2013-02-20 04:00:00,52019.46123090963
2013-02-20 05:00:00,52019.46123090963
2013-02-20 06:00:00,52019.46123090963
2013-02-20 07:00:00,54775.03205287391
2013-02-20 08:00:00,57182.526717619614
2013-02-20 09:00:00,58194.5244680117
2013-02-20 10:00:00,58371.27855214549
2013-02-20 11:00:00,58658.05019908842
2013-02-20 12:00:00,58727.26820372425
2013-02-20 13:00:00,58625.08181870908
2013-02-20 14:00:00,58490.29966788686
2013-02-20 15:00:00,58163.18613578263
2013-02-20 16:00:00,57668.33682413817
2013-02-20 17:00:00,57660.2624683427
2013-02-20 18:00:00,58787.19882387399
2013-02-20 19:00:00,58756.13812981539
2013-02-20 20:00:00,58555.16466937408
2013-02-20 21:00:00,57639.262908662095
2013-02-20 22:00:00,54678.64594288438
2013-02-20 23:00:00,52019.46123090963
2013-02-21 00:00:00,52019.46123090963
2013-02-21 01:00:00,52019.46123090963
2013-02-21 02:00:00,52019.46123090963
2013-02-21 03:00:00,52019.46123090963
2013-02-21 04:00:00,52019.46123090963
2013-02-21 05:00:00,52019.46123090963
2013-02-21 06:00:00,52019.46123090963
2013-02-21 07:00:00,54762.8803468054
2013-02-21 08:00:00,56788.54174914489
2013-02-21 09:00:00,58024.45555113797
2013-02-21 10:00:00,58393.627903983266
2013-02-21 11:00:00,58672.616176854375
2013-02-21 12:00:00,58688.96938346213
2013-02-21 13:00:00,58564.769102702056
2013-02-21 14:00:00,58309.144523633484
2013-02-21 15:00:00,57861.32976608237
2013-02-21 16:00:00,57253.39498544358
2013-02-21 17:00:00,57681.15818032706
2013-02-21 18:00:00,58706.7624245255
2013-02-21 19:00:00,58660.102256840044
2013-02-21 20:00:00,58349.3368501861
2013-02-21 21:00:00,57233.707401932275
2013-02-21 22:00:00,54194.44562440416
2013-02-21 23:00:00,52019.46123090963
2013-02-22 00:00:00,52019.46123090963
2013-02-22 01:00:00,52019.46123090963
2013-02-22 02:00:00,52019.46123090963
2013-02-22 03:00:00,52019.46123090963
2013-02-22 04:00:00,52019.46123090963
2013-02-22 05:00:00,52019.46123090963
2013-02-22 06:00:00,52019.46123090963
2013-02-22 07:00:00,53754.93730460469
2013-02-22 08:00:00,56808.06651600278
2013-02-22 09:00:00,57946.36379540723
2013-02-22 10:00:00,58363.20696918579
2013-02-22 11:00:00,58589.60111330304
2013-02-22 12:00:00,58592.331056019866
2013-02-22 13:00:00,58322.13261165539
2013-02-22 14:00:00,58120.39438482189
2013-02-22 15:00:00,57232.40671322985
2013-02-22 16:00:00,56390.866096781596
2013-02-22 17:00:00,56941.05373984663
2013-02-22 18:00:00,58551.685192450685
2013-02-22 19:00:00,58427.15042318608
2013-02-22 20:00:00,57988.77788705311
2013-02-22 21:00:00,56278.19630372386
2013-02-22 22:00:00,52381.18065177375
2013-02-22 23:00:00,52019.46123090963
2013-02-23 00:00:00,52019.46123090963
2013-02-23 01:00:00,52019.46123090963
2013-02-23 02:00:00,52019.46123090963
2013-02-23 03:00:00,52019.46123090963
2013-02-23 04:00:00,52019.46123090963
2013-02-23 05:00:00,52019.46123090963
2013-02-23 06:00:00,52019.46123090963
2013-02-23 07:00:00,52265.418174280356
2013-02-23 08:00:00,54690.16268959078
2013-02-23 09:00:00,56373.39319828332
2013-02-23 10:00:00,57124.89332436469
2013-02-23 11:00:00,57922.05128021856
2013-02-23 12:00:00,58288.22768267783
2013-02-23 13:00:00,57892.63380178537
2013-02-23 14:00:00,57477.94516172666
2013-02-23 15:00:00,56499.67615926626
2013-02-23 16:00:00,54808.40190069875
2013-02-23 17:00:00,55175.186654872545
2013-02-23 18:00:00,58245.850053639864
2013-02-23 19:00:00,58247.030085951774
2013-02-23 20:00:00,57810.89093664443
2013-02-23 21:00:00,56474.06014352581
2013-02-23 22:00:00,53090.628922226584
2013-02-23 23:00:00,52019.46123090963
2013-02-24 00:00:00,52019.46123090963
2013-02-24 01:00:00,52019.46123090963
2013-02-24 02:00:00,52019.46123090963
2013-02-24 03:00:00,52019.46123090963
2013-02-24 04:00:00,52019.46123090963
2013-02-24 05:00:00,52019.46123090963
2013-02-24 06:00:00,52019.46123090963
2013-02-24 07:00:00,54021.05153873586
2013-02-24 08:00:00,56641.28173173392
2013-02-24 09:00:00,57821.225009423906
2013-02-24 10:00:00,58279.9189423434
2013-02-24 11:00:00,58608.24408760183
2013-02-24 12:00:00,58699.88825134883
2013-02-24 13:00:00,58597.44254704975
2013-02-24 14:00:00,58502.19256913622
2013-02-24 15:00:00,58063.34806753086
2013-02-24 16:00:00,57503.65748105333
2013-02-24 17:00:00,57588.64850874632
2013-02-24 18:00:00,58827.34809848234
2013-02-24 19:00:00,58786.37598965367
2013-02-24 20:00:00,58583.27205306732
2013-02-24 21:00:00,57831.242558396894
2013-02-24 22:00:00,54699.104311202995
2013-02-24 23:00:00,52019.46123090963
2013-02-25 00:00:00,52019.46123090963
2013-02-25 01:00:00,52019.46123090963
2013-02-25 02:00:00,52019.46123090963
2013-02-25 03:00:00,52019.46123090963
2013-02-25 04:00:00,52019.46123090963
2013-02-25 05:00:00,52019.46123090963
2013-02-25 06:00:00,52019.46123090963
2013-02-25 07:00:00,55193.72597697185
2013-02-25 08:00:00,57354.931148770025
2013-02-25 09:00:00,58174.11267782547
2013-02-25 10:00:00,58442.46329324408
2013-02-25 11:00:00,58675.47472610895
2013-02-25 12:00:00,58729.78191331656
2013-02-25 13:00:00,58618.709869581486
2013-02-25 14:00:00,58396.09995004043
2013-02-25 15:00:00,57762.09323449328
2013-02-25 16:00:00,57007.25062039881
2013-02-25 17:00:00,57182.526717619614
2013-02-25 18:00:00,58668.52342692366
2013-02-25 19:00:00,58526.206956021895
2013-02-25 20:00:00,58160.44038775237
2013-02-25 21:00:00,57063.199525193944
2013-02-25 22:00:00,53253.05257176664
2013-02-25 23:00:00,52019.46123090963
2013-02-26 00:00:00,52019.46123090963
2013-02-26 01:00:00,52019.46123090963
2013-02-26 02:00:00,52019.46123090963
2013-02-26 03:00:00,52019.46123090963
2013-02-26 04:00:00,52019.46123090963
2013-02-26 05:00:00,52019.46123090963
2013-02-26 06:00:00,52019.46123090963
2013-02-26 07:00:00,53195.971813679695
2013-02-26 08:00:00,55887.62018569695
2013-02-26 09:00:00,57300.87421077935
2013-02-26 10:00:00,57883.54966111186
2013-02-26 11:00:00,58336.89744572114
2013-02-26 12:00:00,58524.74214205256
2013-02-26 13:00:00,58252.67738613028
2013-02-26 14:00:00,57978.44596032903
2013-02-26 15:00:00,57281.19053335231
2013-02-26 16:00:00,56346.24314792573
2013-02-26 17:00:00,57067.688875814296
2013-02-26 18:00:00,58590.20756367741
2013-02-26 19:00:00,58588.906061220216
2013-02-26 20:00:00,58232.422621617596
2013-02-26 21:00:00,57063.199525193944
2013-02-26 22:00:00,53641.68654481452
2013-02-26 23:00:00,52019.46123090963
2013-02-27 00:00:00,52019.46123090963
2013-02-27 01:00:00,52019.46123090963
2013-02-27 02:00:00,52019.46123090963
2013-02-27 03:00:00,52019.46123090963
2013-02-27 04:00:00,52019.46123090963
2013-02-27 05:00:00,52019.46123090963
2013-02-27 06:00:00,52019.46123090963
2013-02-27 07:00:00,54648.55743120058
2013-02-27 08:00:00,57102.72445128472
2013-02-27 09:00:00,57981.137789190754
2013-02-27 10:00:00,58391.32991574606
2013-02-27 11:00:00,58672.616176854375
2013-02-27 12:00:00,58732.279694655204
2013-02-27 13:00:00,58649.78620478249
2013-02-27 14:00:00,58565.58896544214
2013-02-27 15:00:00,58215.40097286107
2013-02-27 16:00:00,57856.90335630385
2013-02-27 17:00:00,57720.46341227825
2013-02-27 18:00:00,58855.941651998146
2013-02-27 19:00:00,58775.480098925465
2013-02-27 20:00:00,58626.06480361766
2013-02-27 21:00:00,57783.44919648662
2013-02-27 22:00:00,55259.44914356675
2013-02-27 23:00:00,52019.46123090963
2013-02-28 00:00:00,52019.46123090963
2013-02-28 01:00:00,52019.46123090963
2013-02-28 02:00:00,52019.46123090963
2013-02-28 03:00:00,52019.46123090963
2013-02-28 04:00:00,52019.46123090963
2013-02-28 05:00:00,52019.46123090963
2013-02-28 06:00:00,53281.43269415862
2013-02-28 07:00:00,56726.11881845291
2013-02-28 08:00:00,58056.797644749764
2013-02-28 09:00:00,58566.94605527817
2013-02-28 10:00:00,58738.738816203695
2013-02-28 11:00:00,58892.06800379024
2013-02-28 12:00:00,58878.997106351264
2013-02-28 13:00:00,58838.69440396946
2013-02-28 14:00:00,58754.4236340965
2013-02-28 15:00:00,58496.430298565276
2013-02-28 16:00:00,58113.94387629672
2013-02-28 17:00:00,58132.97256533143
2013-02-28 18:00:00,58899.37045375412
2013-02-28 19:00:00,58865.29615901886
2013-02-28 20:00:00,58730.36910104277
2013-02-28 21:00:00,58148.90590912052
2013-02-28 22:00:00,56087.948241936785
2013-02-28 23:00:00,52669.933775289814
2013-03-01 00:00:00,52019.46123090963
2013-03-01 01:00:00,52019.46123090963
2013-03-01 02:00:00,52019.46123090963
2013-03-01 03:00:00,52019.46123090963
2013-03-01 04:00:00,52019.46123090963
2013-03-01 05:00:00,52019.46123090963
2013-03-01 06:00:00,53736.8866918306
2013-03-01 07:00:00,56658.66886368429
2013-03-01 08:00:00,58237.73813798512
2013-03-01 09:00:00,58743.42084742036
2013-03-01 10:00:00,58868.91535306613
2013-03-01 11:00:00,58946.86758437242
2013-03-01 12:00:00,58969.76455197219
2013-03-01 13:00:00,58934.55553431201
2013-03-01 14:00:00,58927.5941141799
2013-03-01 15:00:00,58769.467511527546
2013-03-01 16:00:00,58577.70690570355
2013-03-01 17:00:00,58515.94555458768
2013-03-01 18:00:00,58979.67329353746
2013-03-01 19:00:00,58949.815198354765
2013-03-01 20:00:00,58842.84075909595
2013-03-01 21:00:00,58474.74700304063
2013-03-01 22:00:00,57023.03087162052
2013-03-01 23:00:00,54282.15168583797
2013-03-02 00:00:00,52597.165706810716
2013-03-02 01:00:00,52019.46123090963
2013-03-02 02:00:00,52019.46123090963
2013-03-02 03:00:00,52019.46123090963
2013-03-02 04:00:00,52019.46123090963
2013-03-02 05:00:00,52019.46123090963
2013-03-02 06:00:00,53396.47408789103
2013-03-02 07:00:00,56306.328824489996
2013-03-02 08:00:00,57677.69418674836
2013-03-02 09:00:00,58323.7160324132
2013-03-02 10:00:00,58513.71579262105
2013-03-02 11:00:00,58791.28272747769
2013-03-02 12:00:00,58869.53392127188
2013-03-02 13:00:00,58664.60811465774
2013-03-02 14:00:00,58606.48542973181
2013-03-02 15:00:00,58169.12419513422
2013-03-02 16:00:00,57415.32945538219
2013-03-02 17:00:00,57344.55500386182
2013-03-02 18:00:00,58810.913439293116
2013-03-02 19:00:00,58817.04255940772
2013-03-02 20:00:00,58641.61964013658
2013-03-02 21:00:00,58207.56459810329
2013-03-02 22:00:00,56678.60217050766
2013-03-02 23:00:00,54043.95808622698
2013-03-03 00:00:00,52715.37013961308
2013-03-03 01:00:00,52019.46123090963
2013-03-03 02:00:00,52019.46123090963
2013-03-03 03:00:00,52019.46123090963
2013-03-03 04:00:00,52019.46123090963
2013-03-03 05:00:00,52019.46123090963
2013-03-03 06:00:00,54703.77764643035
2013-03-03 07:00:00,56956.72028973399
2013-03-03 08:00:00,58180.89700483419
2013-03-03 09:00:00,58617.47674772539
2013-03-03 10:00:00,58805.5921861936
2013-03-03 11:00:00,58923.28646720394
2013-03-03 12:00:00,58954.741165348554
2013-03-03 13:00:00,58909.25247230077
2013-03-03 14:00:00,58859.954691549254
2013-03-03 15:00:00,58708.41319230899
2013-03-03 16:00:00,58398.21617418321
2013-03-03 17:00:00,58476.307079064354
2013-03-03 18:00:00,58994.3441027193
2013-03-03 19:00:00,58974.808132152015
2013-03-03 20:00:00,58883.94759406281
2013-03-03 21:00:00,58569.6706566264
2013-03-03 22:00:00,57283.73371530513
2013-03-03 23:00:00,54113.79622523439
2013-03-04 00:00:00,52019.46123090963
2013-03-04 01:00:00,52941.54792432041
2013-03-04 02:00:00,52019.46123090963
2013-03-04 03:00:00,52019.46123090963
2013-03-04 04:00:00,52019.46123090963
2013-03-04 05:00:00,52405.51212623735
2013-03-04 06:00:00,55291.96977726149
2013-03-04 07:00:00,57191.15361575377
2013-03-04 08:00:00,58291.32797055204
2013-03-04 09:00:00,58705.35021457597
2013-03-04 10:00:00,58805.5921861936
2013-03-04 11:00:00,58941.25881461218
2013-03-04 12:00:00,58949.39507395596
2013-03-04 13:00:00,58883.47645387559
2013-03-04 14:00:00,58837.30193959521
2013-03-04 15:00:00,58694.99515595812
2013-03-04 16:00:00,58442.475582737716
2013-03-04 17:00:00,58442.802898230555
2013-03-04 18:00:00,58975.161022691536
2013-03-04 19:00:00,58949.815198354765
2013-03-04 20:00:00,58853.32204501413
2013-03-04 21:00:00,58494.9172791029
2013-03-04 22:00:00,57117.02858412288
2013-03-04 23:00:00,54577.226337275766
2013-03-05 00:00:00,53067.39386238578
2013-03-05 01:00:00,52019.46123090963
2013-03-05 02:00:00,52019.46123090963
2013-03-05 03:00:00,52019.46123090963
2013-03-05 04:00:00,52019.46123090963
2013-03-05 05:00:00,52167.53710289972
2013-03-05 06:00:00,55385.044891528516
2013-03-05 07:00:00,57300.094430037476
2013-03-05 08:00:00,58248.71101164831
2013-03-05 09:00:00,58738.55202279054
2013-03-05 10:00:00,58828.93251206921
2013-03-05 11:00:00,58967.548434766984
2013-03-05 12:00:00,58969.76455197219
2013-03-05 13:00:00,58940.38049456657
2013-03-05 14:00:00,58874.55653845633
2013-03-05 15:00:00,58734.00619754427
2013-03-05 16:00:00,58560.12816659701
2013-03-05 17:00:00,58476.307079064354
2013-03-05 18:00:00,58996.30493755705
2013-03-05 19:00:00,58974.808132152015
2013-03-05 20:00:00,58876.2507679517
2013-03-05 21:00:00,58514.47831021445
2013-03-05 22:00:00,57283.73371530513
2013-03-05 23:00:00,55079.21306753675
2013-03-06 00:00:00,53865.81482061153
2013-03-06 01:00:00,52706.30087327765
2013-03-06 02:00:00,52019.46123090963
2013-03-06 03:00:00,52019.46123090963
2013-03-06 04:00:00,52019.46123090963
2013-03-06 05:00:00,52019.46123090963
2013-03-06 06:00:00,52885.49331241034
2013-03-06 07:00:00,55950.337864208275
2013-03-06 08:00:00,57494.77961919039
2013-03-06 09:00:00,58336.145143529764
2013-03-06 10:00:00,58663.70875185756
2013-03-06 11:00:00,58821.49832897491
2013-03-06 12:00:00,58869.53392127188
2013-03-06 13:00:00,58838.69440396946
2013-03-06 14:00:00,58777.17724123813
2013-03-06 15:00:00,58636.881938871236
2013-03-06 16:00:00,58398.21617418321
2013-03-06 17:00:00,58389.3902014576
2013-03-06 18:00:00,58965.67811749641
2013-03-06 19:00:00,58926.6468490312
2013-03-06 20:00:00,58839.25565523438
2013-03-06 21:00:00,58419.330129421396
2013-03-06 22:00:00,56610.09428178995
2013-03-06 23:00:00,53484.557049034294
2013-03-07 00:00:00,52019.46123090963
2013-03-07 01:00:00,52019.46123090963
2013-03-07 02:00:00,52019.46123090963
2013-03-07 03:00:00,52019.46123090963
2013-03-07 04:00:00,52019.46123090963
2013-03-07 05:00:00,52019.46123090963
2013-03-07 06:00:00,54069.09891272128
2013-03-07 07:00:00,56894.56165004093
2013-03-07 08:00:00,58237.73813798512
2013-03-07 09:00:00,58705.35021457597
2013-03-07 10:00:00,58860.72258275932
2013-03-07 11:00:00,58981.36763072831
2013-03-07 12:00:00,58978.98697292045
2013-03-07 13:00:00,58928.53662828047
2013-03-07 14:00:00,58866.54975059778
2013-03-07 15:00:00,58708.41319230899
2013-03-07 16:00:00,58442.475582737716
2013-03-07 17:00:00,58496.430298565276
2013-03-07 18:00:00,58955.550242461715
2013-03-07 19:00:00,58960.3079056533
2013-03-07 20:00:00,58898.61018784447
2013-03-07 21:00:00,58533.446740892636
2013-03-07 22:00:00,57229.52592169405
2013-03-07 23:00:00,54882.44378800251
2013-03-08 00:00:00,53528.39152405429
2013-03-08 01:00:00,52469.51877988487
2013-03-08 02:00:00,52019.46123090963
2013-03-08 03:00:00,52019.46123090963
2013-03-08 04:00:00,52019.46123090963
2013-03-08 05:00:00,52019.46123090963
2013-03-08 06:00:00,55385.044891528516
2013-03-08 07:00:00,57246.298222203426
2013-03-08 08:00:00,58180.89700483419
2013-03-08 09:00:00,58677.88320564774
2013-03-08 10:00:00,58843.51903703778
2013-03-08 11:00:00,58929.47441451863
2013-03-08 12:00:00,58949.39507395596
2013-03-08 13:00:00,58928.53662828047
2013-03-08 14:00:00,58885.3380772732
2013-03-08 15:00:00,58721.412781540545
2013-03-08 16:00:00,58541.99632233796
2013-03-08 17:00:00,58571.008001947914
2013-03-08 18:00:00,58984.039233282834
2013-03-08 19:00:00,58979.331843223976
2013-03-08 20:00:00,58898.61018784447
2013-03-08 21:00:00,58586.95770861077
2013-03-08 22:00:00,57336.60664078569
2013-03-08 23:00:00,55030.53995698258
2013-03-09 00:00:00,53641.75120433466
2013-03-09 01:00:00,52019.46123090963
2013-03-09 02:00:00,52019.46123090963
2013-03-09 03:00:00,52019.46123090963
2013-03-09 04:00:00,52019.46123090963
2013-03-09 05:00:00,52019.46123090963
2013-03-09 06:00:00,52019.46123090963
2013-03-09 07:00:00,55145.894732624685
2013-03-09 08:00:00,56688.91963010208
2013-03-09 09:00:00,57856.294474815666
2013-03-09 10:00:00,58301.26314856483
2013-03-09 11:00:00,58666.844752749676
2013-03-09 12:00:00,58829.65033711726
2013-03-09 13:00:00,58706.37116633401
2013-03-09 14:00:00,58616.24066131468
2013-03-09 15:00:00,57953.93484114946
2013-03-09 16:00:00,57522.733639831225
2013-03-09 17:00:00,57485.12074606404
2013-03-09 18:00:00,58858.473675745896
2013-03-09 19:00:00,58844.88576936948
2013-03-09 20:00:00,58772.918686699144
2013-03-09 21:00:00,58339.956041395846
2013-03-09 22:00:00,56745.61485742727
2013-03-09 23:00:00,54314.21268823526
2013-03-10 00:00:00,53183.661302474386
2013-03-10 01:00:00,52019.46123090963
2013-03-10 02:00:00,52019.46123090963
2013-03-10 03:00:00,52019.46123090963
2013-03-10 04:00:00,52019.46123090963
2013-03-10 05:00:00,52048.39079251644
2013-03-10 06:00:00,54177.779708298614
2013-03-10 07:00:00,56519.26333499126
2013-03-10 08:00:00,58043.58391371868
2013-03-10 09:00:00,58566.94605527817
2013-03-10 10:00:00,58750.789692371465
2013-03-10 11:00:00,58923.28646720394
2013-03-10 12:00:00,58949.39507395596
2013-03-10 13:00:00,58928.53662828047
2013-03-10 14:00:00,58863.273599208704
2013-03-10 15:00:00,58729.01679938323
2013-03-10 16:00:00,58594.74799278069
2013-03-10 17:00:00,58694.99515595812
2013-03-10 18:00:00,59007.4130080307
2013-03-10 19:00:00,58996.00571866354
2013-03-10 20:00:00,58931.34279608663
2013-03-10 21:00:00,58680.07186510107
2013-03-10 22:00:00,57626.959209353336
2013-03-10 23:00:00,55679.05072776085
2013-03-11 00:00:00,54513.20425772824
2013-03-11 01:00:00,52941.54792432041
2013-03-11 02:00:00,52019.46123090963
2013-03-11 03:00:00,52019.46123090963
2013-03-11 04:00:00,52019.46123090963
2013-03-11 05:00:00,52831.32455342531
2013-03-11 06:00:00,55994.62090648397
2013-03-11 07:00:00,57768.41432637519
2013-03-11 08:00:00,58496.430298565276
2013-03-11 09:00:00,58879.830167552194
2013-03-11 10:00:00,58948.9769999883
2013-03-11 11:00:00,59026.53149454123
2013-03-11 12:00:00,59023.18046786411
2013-03-11 13:00:00,58985.025345735696
2013-03-11 14:00:00,58945.16332547562
2013-03-11 15:00:00,58840.08512348147
2013-03-11 16:00:00,58726.30548062001
2013-03-11 17:00:00,58791.28877626236
2013-03-11 18:00:00,59023.6419404323
2013-03-11 19:00:00,59023.41235578304
2013-03-11 20:00:00,58953.93403063254
2013-03-11 21:00:00,58720.43586086272
2013-03-11 22:00:00,57755.8164002059
2013-03-11 23:00:00,55934.5430040042
2013-03-12 00:00:00,54820.81387645502
2013-03-12 01:00:00,53633.07130093109
2013-03-12 02:00:00,53290.42918323667
2013-03-12 03:00:00,53237.11629956935
2013-03-12 04:00:00,53361.25998571515
2013-03-12 05:00:00,54553.23612021875
2013-03-12 06:00:00,56668.13314771215
2013-03-12 07:00:00,57959.438964478264
2013-03-12 08:00:00,58604.97196765862
2013-03-12 09:00:00,58846.91559698778
2013-03-12 10:00:00,58943.438574290885
2013-03-12 11:00:00,59012.17805149588
2013-03-12 12:00:00,59023.18046786411
2013-03-12 13:00:00,59008.22175598721
2013-03-12 14:00:00,58975.51302105636
2013-03-12 15:00:00,58889.1298338224
2013-03-12 16:00:00,58795.32856582459
2013-03-12 17:00:00,58811.754209079736
2013-03-12 18:00:00,59020.607679046705
2013-03-12 19:00:00,59023.41235578304
2013-03-12 20:00:00,58982.71269851501
2013-03-12 21:00:00,58768.6074761802
2013-03-12 22:00:00,57874.589803602445
2013-03-12 23:00:00,56136.901592327835
2013-03-13 00:00:00,55019.27104826948
2013-03-13 01:00:00,53857.276033518574
2013-03-13 02:00:00,53174.749801665435
2013-03-13 03:00:00,53004.54992871423
2013-03-13 04:00:00,53130.070076500975
2013-03-13 05:00:00,54758.6207458506
2013-03-13 06:00:00,57049.580564518765
2013-03-13 07:00:00,58295.33048650761
2013-03-13 08:00:00,58769.467511527546
2013-03-13 09:00:00,58956.35224957321
2013-03-13 10:00:00,59010.08697299354
2013-03-13 11:00:00,59040.809853943676
2013-03-13 12:00:00,59031.74559075711
2013-03-13 13:00:00,59014.9857539492
2013-03-13 14:00:00,58977.78199266121
2013-03-13 15:00:00,58896.41449889439
2013-03-13 16:00:00,58815.54254281139
2013-03-13 17:00:00,58811.754209079736
2013-03-13 18:00:00,59020.607679046705
2013-03-13 19:00:00,59020.37035189844
2013-03-13 20:00:00,58964.164748834795
2013-03-13 21:00:00,58725.53362107894
2013-03-13 22:00:00,57755.8164002059
2013-03-13 23:00:00,55975.784478407084
2013-03-14 00:00:00,54920.72419269983
2013-03-14 01:00:00,53967.95262258101
2013-03-14 02:00:00,53519.64719269748
2013-03-14 03:00:00,53237.11629956935
2013-03-14 04:00:00,53589.53090851694
2013-03-14 05:00:00,55153.37796738317
2013-03-14 06:00:00,56925.75875118574
2013-03-14 07:00:00,58199.28450387041
2013-03-14 08:00:00,58734.00619754427
2013-03-14 09:00:00,58904.77221633835
2013-03-14 10:00:00,58986.290902812456
2013-03-14 11:00:00,59034.6742776096
2013-03-14 12:00:00,59028.98478448786
2013-03-14 13:00:00,58997.198049125356
2013-03-14 14:00:00,58961.085944620885
2013-03-14 15:00:00,58881.60424082674
2013-03-14 16:00:00,58750.796482543024
2013-03-14 17:00:00,58791.28877626236
2013-03-14 18:00:00,59019.05239362425
2013-03-14 19:00:00,59013.97524378602
2013-03-14 20:00:00,58964.164748834795
2013-03-14 21:00:00,58733.05982735603
2013-03-14 22:00:00,57730.870987420836
2013-03-14 23:00:00,55713.90955702851
2013-03-15 00:00:00,54344.54712729613
2013-03-15 01:00:00,53290.42918323667
2013-03-15 02:00:00,52824.14853399849
2013-03-15 03:00:00,52057.61505965023
2013-03-15 04:00:00,52185.90878005523
2013-03-15 05:00:00,54127.81141641169
2013-03-15 06:00:00,56668.13314771215
2013-03-15 07:00:00,58155.84204395783
2013-03-15 08:00:00,58708.41319230899
2013-03-15 09:00:00,58908.73332769712
2013-03-15 10:00:00,58978.64378205826
2013-03-15 11:00:00,59030.48263806597
2013-03-15 12:00:00,59026.13077896647
2013-03-15 13:00:00,58997.198049125356
2013-03-15 14:00:00,58955.951752164176
2013-03-15 15:00:00,58840.08512348147
2013-03-15 16:00:00,58686.52631182226
2013-03-15 17:00:00,58769.467511527546
2013-03-15 18:00:00,58975.161022691536
2013-03-15 19:00:00,58960.3079056533
2013-03-15 20:00:00,58891.39819322139
2013-03-15 21:00:00,58586.95770861077
2013-03-15 22:00:00,57336.60664078569
2013-03-15 23:00:00,55030.53995698258
2013-03-16 00:00:00,53641.75120433466
2013-03-16 01:00:00,52469.51877988487
2013-03-16 02:00:00,52231.725410902174
2013-03-16 03:00:00,52057.61505965023
2013-03-16 04:00:00,52019.46123090963
2013-03-16 05:00:00,52995.50172002893
2013-03-16 06:00:00,55291.96977726149
2013-03-16 07:00:00,57246.298222203426
2013-03-16 08:00:00,58023.478487171604
2013-03-16 09:00:00,58483.8028258465
2013-03-16 10:00:00,58611.25722774268
2013-03-16 11:00:00,58817.63604004141
2013-03-16 12:00:00,58859.69502748262
2013-03-16 13:00:00,58582.20603284896
2013-03-16 14:00:00,58405.19311098479
2013-03-16 15:00:00,57579.48155399308
2013-03-16 16:00:00,56050.78042662491
2013-03-16 17:00:00,56493.940801939134
2013-03-16 18:00:00,58327.372779739366
2013-03-16 19:00:00,58061.33510310498
2013-03-16 20:00:00,57673.69760052859
2013-03-16 21:00:00,55897.96925561076
2013-03-16 22:00:00,52019.46123090963
2013-03-16 23:00:00,52019.46123090963
2013-03-17 00:00:00,52019.46123090963
2013-03-17 01:00:00,52019.46123090963
2013-03-17 02:00:00,52019.46123090963
2013-03-17 03:00:00,52019.46123090963
2013-03-17 04:00:00,52019.46123090963
2013-03-17 05:00:00,52019.46123090963
2013-03-17 06:00:00,52019.46123090963
2013-03-17 07:00:00,52019.46123090963
2013-03-17 08:00:00,53631.80420466604
2013-03-17 09:00:00,56107.211102761124
2013-03-17 10:00:00,56742.744014184
2013-03-17 11:00:00,57659.36087972357
2013-03-17 12:00:00,57929.41971684758
2013-03-17 13:00:00,57408.33769170574
2013-03-17 14:00:00,56930.655841171356
2013-03-17 15:00:00,55852.317421509535
2013-03-17 16:00:00,54938.2373800946
2013-03-17 17:00:00,55554.843807175734
2013-03-17 18:00:00,57727.00069778264
2013-03-17 19:00:00,57526.225373261375
2013-03-17 20:00:00,56322.45695839961
2013-03-17 21:00:00,52816.210141354495
2013-03-17 22:00:00,52019.46123090963
2013-03-17 23:00:00,52019.46123090963
2013-03-18 00:00:00,52019.46123090963
2013-03-18 01:00:00,52019.46123090963
2013-03-18 02:00:00,52019.46123090963
2013-03-18 03:00:00,52019.46123090963
2013-03-18 04:00:00,52019.46123090963
2013-03-18 05:00:00,52019.46123090963
2013-03-18 06:00:00,52019.46123090963
2013-03-18 07:00:00,52019.46123090963
2013-03-18 08:00:00,53957.89893075193
2013-03-18 09:00:00,56220.22994184755
2013-03-18 10:00:00,57019.23783431542
2013-03-18 11:00:00,57867.42954403108
2013-03-18 12:00:00,57812.999208226145
2013-03-18 13:00:00,57337.56098299968
2013-03-18 14:00:00,56795.852205233045
2013-03-18 15:00:00,56000.07535688726
2013-03-18 16:00:00,55164.16098220987
2013-03-18 17:00:00,56570.548668058
2013-03-18 18:00:00,58047.40669607944
2013-03-18 19:00:00,57935.87017940353
2013-03-18 20:00:00,56940.30658601485
2013-03-18 21:00:00,53491.45055542614
2013-03-18 22:00:00,52019.46123090963
2013-03-18 23:00:00,52019.46123090963
2013-03-19 00:00:00,52019.46123090963
2013-03-19 01:00:00,52019.46123090963
2013-03-19 02:00:00,52019.46123090963
2013-03-19 03:00:00,52019.46123090963
2013-03-19 04:00:00,52019.46123090963
2013-03-19 05:00:00,52019.46123090963
2013-03-19 06:00:00,52019.46123090963
2013-03-19 07:00:00,52019.46123090963
2013-03-19 08:00:00,54803.89239691313
2013-03-19 09:00:00,56680.055068012865
2013-03-19 10:00:00,57557.47730600887
2013-03-19 11:00:00,58289.229849238545
2013-03-19 12:00:00,58354.011279571
2013-03-19 13:00:00,58254.305163123536
2013-03-19 14:00:00,57993.0891217892
2013-03-19 15:00:00,57383.70657683042
2013-03-19 16:00:00,56596.02258455974
2013-03-19 17:00:00,57617.65949097188
2013-03-19 18:00:00,58701.290777836155
2013-03-19 19:00:00,58668.85842763153
2013-03-19 20:00:00,58337.106578771534
2013-03-19 21:00:00,57510.30848857285
2013-03-19 22:00:00,53832.379291786136
2013-03-19 23:00:00,52019.46123090963
2013-03-20 00:00:00,52019.46123090963
2013-03-20 01:00:00,52019.46123090963
2013-03-20 02:00:00,52019.46123090963
2013-03-20 03:00:00,52019.46123090963
2013-03-20 04:00:00,52019.46123090963
2013-03-20 05:00:00,52019.46123090963
2013-03-20 06:00:00,52246.252309562544
2013-03-20 07:00:00,55950.337864208275
2013-03-20 08:00:00,57786.533515733514
2013-03-20 09:00:00,58566.94605527817
2013-03-20 10:00:00,58811.59738488738
2013-03-20 11:00:00,58937.80420967962
2013-03-20 12:00:00,58941.60955703167
2013-03-20 13:00:00,58906.5355205308
2013-03-20 14:00:00,58854.89498598556
2013-03-20 15:00:00,58666.853065705516
2013-03-20 16:00:00,58420.68132791909
2013-03-20 17:00:00,58534.86946539719
2013-03-20 18:00:00,58984.039233282834
2013-03-20 19:00:00,58938.61052562632
2013-03-20 20:00:00,58824.44316621158
2013-03-20 21:00:00,58432.51042077851
2013-03-20 22:00:00,57082.20072508607
2013-03-20 23:00:00,54649.48847973158
2013-03-21 00:00:00,53299.28943652464
2013-03-21 01:00:00,52019.46123090963
2013-03-21 02:00:00,52019.46123090963
2013-03-21 03:00:00,52019.46123090963
2013-03-21 04:00:00,52019.46123090963
2013-03-21 05:00:00,52048.39079251644
2013-03-21 06:00:00,55197.44083934597
2013-03-21 07:00:00,57453.59113354228
2013-03-21 08:00:00,58341.826820742186
2013-03-21 09:00:00,58771.36505215793
2013-03-21 10:00:00,58906.11407034017
2013-03-21 11:00:00,58989.84964784328
2013-03-21 12:00:00,58998.02594241766
2013-03-21 13:00:00,58968.73528584958
2013-03-21 14:00:00,58948.47454326495
2013-03-21 15:00:00,58821.503821645354
2013-03-21 16:00:00,58584.58700492421
2013-03-21 17:00:00,58738.93252551493
2013-03-21 18:00:00,59019.05239362425
2013-03-21 19:00:00,59003.552016820155
2013-03-21 20:00:00,58945.25149853184
2013-03-21 21:00:00,58702.07563854965
2013-03-21 22:00:00,57714.01423448223
2013-03-21 23:00:00,55722.5862962646
2013-03-22 00:00:00,54408.15369875939
2013-03-22 01:00:00,53359.50733173494
2013-03-22 02:00:00,52516.973021191625
2013-03-22 03:00:00,52019.46123090963
2013-03-22 04:00:00,52019.46123090963
2013-03-22 05:00:00,52843.08295063633
2013-03-22 06:00:00,56339.388538350424
2013-03-22 07:00:00,57973.60206145915
2013-03-22 08:00:00,58571.008001947914
2013-03-22 09:00:00,58843.38351516634
2013-03-22 10:00:00,58951.141978160216
2013-03-22 11:00:00,59030.48263806597
2013-03-22 12:00:00,59034.416206322174
2013-03-22 13:00:00,59027.24007716087
2013-03-22 14:00:00,59004.111450978904
2013-03-22 15:00:00,58941.26207875317
2013-03-22 16:00:00,58834.49619622746
2013-03-22 17:00:00,58929.477899671605
2013-03-22 18:00:00,59050.09504104348
2013-03-22 19:00:00,59043.275096730606
2013-03-22 20:00:00,58998.96834149158
2013-03-22 21:00:00,58848.27043008681
2013-03-22 22:00:00,58176.424076889816
2013-03-22 23:00:00,56720.04640289784
2013-03-23 00:00:00,55668.961774553776
2013-03-23 01:00:00,54609.089181096104
2013-03-23 02:00:00,54077.61255639311
2013-03-23 03:00:00,53805.860237137545
2013-03-23 04:00:00,53814.43300080871
2013-03-23 05:00:00,54758.6207458506
2013-03-23 06:00:00,56457.38339332093
2013-03-23 07:00:00,57886.19066926804
2013-03-23 08:00:00,58326.992369878426
2013-03-23 09:00:00,58766.85511733466
2013-03-23 10:00:00,58891.956507212206
2013-03-23 11:00:00,58976.91213690219
2013-03-23 12:00:00,58999.548845353835
2013-03-23 13:00:00,58946.01760295539
2013-03-23 14:00:00,58933.64337582447
2013-03-23 15:00:00,58780.55282883576
2013-03-23 16:00:00,58484.12246859249
2013-03-23 17:00:00,58604.97196765862
2013-03-23 18:00:00,58970.497615923276
2013-03-23 19:00:00,58938.61052562632
2013-03-23 20:00:00,58828.21827467219
2013-03-23 21:00:00,58423.75024685099
2013-03-23 22:00:00,56745.61485742727
2013-03-23 23:00:00,54098.55648437507
2013-03-24 00:00:00,52715.37013961308
2013-03-24 01:00:00,52019.46123090963
2013-03-24 02:00:00,52019.46123090963
2013-03-24 03:00:00,52019.46123090963
2013-03-24 04:00:00,52019.46123090963
2013-03-24 05:00:00,52019.46123090963
2013-03-24 06:00:00,54220.94500414066
2013-03-24 07:00:00,56313.885702947955
2013-03-24 08:00:00,57865.15896518961
2013-03-24 09:00:00,58336.145143529764
2013-03-24 10:00:00,58398.20311642255
2013-03-24 11:00:00,58795.48171749675
2013-03-24 12:00:00,58854.63022663704
2013-03-24 13:00:00,58789.655200646164
2013-03-24 14:00:00,58676.79299549429
2013-03-24 15:00:00,57720.46341227825
2013-03-24 16:00:00,56687.88944838887
2013-03-24 17:00:00,56853.110041476764
2013-03-24 18:00:00,58253.2065947799
2013-03-24 19:00:00,58327.95020282664
2013-03-24 20:00:00,58053.768963516355
2013-03-24 21:00:00,57166.99361937835
2013-03-24 22:00:00,54481.756896986706
2013-03-24 23:00:00,52019.46123090963
2013-03-25 00:00:00,52019.46123090963
2013-03-25 01:00:00,52019.46123090963
2013-03-25 02:00:00,52019.46123090963
2013-03-25 03:00:00,52019.46123090963
2013-03-25 04:00:00,52019.46123090963
2013-03-25 05:00:00,52019.46123090963
2013-03-25 06:00:00,53119.22946567606
2013-03-25 07:00:00,56328.953397561134
2013-03-25 08:00:00,57961.0672259506
2013-03-25 09:00:00,58633.29630479014
2013-03-25 10:00:00,58867.297983252436
2013-03-25 11:00:00,58976.91213690219
2013-03-25 12:00:00,58978.98697292045
2013-03-25 13:00:00,58966.80314389361
2013-03-25 14:00:00,58933.64337582447
2013-03-25 15:00:00,58840.08512348147
2013-03-25 16:00:00,58738.74582615618
2013-03-25 17:00:00,58889.1298338224
2013-03-25 18:00:00,59028.00868753866
2013-03-25 19:00:00,59029.201780449854
2013-03-25 20:00:00,58982.71269851501
2013-03-25 21:00:00,58800.90463521658
2013-03-25 22:00:00,57912.04459514281
2013-03-25 23:00:00,56097.200064102835
2013-03-26 00:00:00,54820.81387645502
2013-03-26 01:00:00,53633.07130093109
2013-03-26 02:00:00,53174.749801665435
2013-03-26 03:00:00,53121.13647478423
2013-03-26 04:00:00,53475.78905924452
2013-03-26 05:00:00,54958.7462258164
2013-03-26 06:00:00,56928.24397423766
2013-03-26 07:00:00,58269.05232282326
2013-03-26 08:00:00,58734.00619754427
2013-03-26 09:00:00,58934.10002891801
2013-03-26 10:00:00,58999.25787523602
2013-03-26 11:00:00,59039.34692948782
2013-03-26 12:00:00,59032.82449460717
2013-03-26 13:00:00,59006.10365916619
2013-03-26 14:00:00,58970.861400627364
2013-03-26 15:00:00,58873.830028790544
2013-03-26 16:00:00,58750.796482543024
2013-03-26 17:00:00,58896.41449889439
2013-03-26 18:00:00,59038.64380056471
2013-03-26 19:00:00,59029.201780449854
2013-03-26 20:00:00,58982.71269851501
2013-03-26 21:00:00,58800.90463521658
2013-03-26 22:00:00,57796.49811245182
2013-03-26 23:00:00,54577.226337275766
2013-03-27 00:00:00,52019.46123090963
2013-03-27 01:00:00,52019.46123090963
2013-03-27 02:00:00,52019.46123090963
2013-03-27 03:00:00,52019.46123090963
2013-03-27 04:00:00,52019.46123090963
2013-03-27 05:00:00,52019.46123090963
2013-03-27 06:00:00,53766.02310803338
2013-03-27 07:00:00,56662.758008454555
2013-03-27 08:00:00,58237.73813798512
2013-03-27 09:00:00,58718.44539569062
2013-03-27 10:00:00,58867.297983252436
2013-03-27 11:00:00,58972.307370668
2013-03-27 12:00:00,58969.76455197219
2013-03-27 13:00:00,58961.86006243005
2013-03-27 14:00:00,58921.34364463559
2013-03-27 15:00:00,58780.55282883576
2013-03-27 16:00:00,58577.70690570355
2013-03-27 17:00:00,58801.68583590588
2013-03-27 18:00:00,58963.20824292952
2013-03-27 19:00:00,58949.815198354765
2013-03-27 20:00:00,58851.60329708472
2013-03-27 21:00:00,58474.74700304063
2013-03-27 22:00:00,57105.4751435698
2013-03-27 23:00:00,54566.85265168944
2013-03-28 00:00:00,53067.39386238578
2013-03-28 01:00:00,52019.46123090963
2013-03-28 02:00:00,52019.46123090963
2013-03-28 03:00:00,52019.46123090963
2013-03-28 04:00:00,52019.46123090963
2013-03-28 05:00:00,52019.46123090963
2013-03-28 06:00:00,53669.414904291974
2013-03-28 07:00:00,56268.313958916755
2013-03-28 08:00:00,57720.46341227825
2013-03-28 09:00:00,58384.03989949384
2013-03-28 10:00:00,58606.35555787318
2013-03-28 11:00:00,58694.98735138745
2013-03-28 12:00:00,58673.498280722524
2013-03-28 13:00:00,58389.984275718176
2013-03-28 14:00:00,58149.1579790128
2013-03-28 15:00:00,57485.12074606404
2013-03-28 16:00:00,57192.85592637012
2013-03-28 17:00:00,58111.29617746067
2013-03-28 18:00:00,58665.183990724014
2013-03-28 19:00:00,58587.54763633735
2013-03-28 20:00:00,58079.815598329886
2013-03-28 21:00:00,56722.74801389703
2013-03-28 22:00:00,52882.469445842755
2013-03-28 23:00:00,52019.46123090963
2013-03-29 00:00:00,52019.46123090963
2013-03-29 01:00:00,52019.46123090963
2013-03-29 02:00:00,52019.46123090963
2013-03-29 03:00:00,52019.46123090963
2013-03-29 04:00:00,52019.46123090963
2013-03-29 05:00:00,52019.46123090963
2013-03-29 06:00:00,52019.46123090963
2013-03-29 07:00:00,54304.70594557235
2013-03-29 08:00:00,56792.45731207363
2013-03-29 09:00:00,57923.86431966138
2013-03-29 10:00:00,58301.26314856483
2013-03-29 11:00:00,58560.39018364794
2013-03-29 12:00:00,58628.47790768993
2013-03-29 13:00:00,58302.84520825153
2013-03-29 14:00:00,58086.36803249349
2013-03-29 15:00:00,57020.18662693312
2013-03-29 16:00:00,56555.421144639055
2013-03-29 17:00:00,57813.75247545506
2013-03-29 18:00:00,58389.51138318777
2013-03-29 19:00:00,58259.51249496111
2013-03-29 20:00:00,57561.36967073622
2013-03-29 21:00:00,55605.09735104988
2013-03-29 22:00:00,52019.46123090963
2013-03-29 23:00:00,52019.46123090963
2013-03-30 00:00:00,52019.46123090963
2013-03-30 01:00:00,52019.46123090963
2013-03-30 02:00:00,52019.46123090963
2013-03-30 03:00:00,52019.46123090963
2013-03-30 04:00:00,52019.46123090963
2013-03-30 05:00:00,52019.46123090963
2013-03-30 06:00:00,52019.46123090963
2013-03-30 07:00:00,52443.76119662184
2013-03-30 08:00:00,54886.10390364109
2013-03-30 09:00:00,56768.155819195985
2013-03-30 10:00:00,57589.75329205013
2013-03-30 11:00:00,58267.589242085814
2013-03-30 12:00:00,58505.50154588309
2013-03-30 13:00:00,57777.85245825619
2013-03-30 14:00:00,57150.481419815886
2013-03-30 15:00:00,55305.72165852298
2013-03-30 16:00:00,54140.02929011352
2013-03-30 17:00:00,57057.07965222935
2013-03-30 18:00:00,58266.675868592334
2013-03-30 19:00:00,58153.565514322196
2013-03-30 20:00:00,57666.73013967385
2013-03-30 21:00:00,56265.98223441911
2013-03-30 22:00:00,52347.89272930294
2013-03-30 23:00:00,52019.46123090963
2013-03-31 00:00:00,52019.46123090963
2013-03-31 01:00:00,52019.46123090963
2013-03-31 02:00:00,52019.46123090963
2013-03-31 03:00:00,52019.46123090963
2013-03-31 04:00:00,52019.46123090963
2013-03-31 05:00:00,52019.46123090963
2013-03-31 06:00:00,52019.46123090963
2013-03-31 07:00:00,54465.682397175624
2013-03-31 08:00:00,56715.81245721714
2013-03-31 09:00:00,57995.057331013726
2013-03-31 10:00:00,58420.66865945087
2013-03-31 11:00:00,58771.70662953111
2013-03-31 12:00:00,58777.93571873282
2013-03-31 13:00:00,58716.85485831969
2013-03-31 14:00:00,58641.37726155945
2013-03-31 15:00:00,58361.19588850463
2013-03-31 16:00:00,57909.72568370708
2013-03-31 17:00:00,58604.97196765862
2013-03-31 18:00:00,58920.85488111202
2013-03-31 19:00:00,58913.87420233731
2013-03-31 20:00:00,58685.457082998175
2013-03-31 21:00:00,58124.470108206086
2013-03-31 22:00:00,55841.12204424426
2013-03-31 23:00:00,52622.63909715447
2013-04-01 00:00:00,52019.46123090963
2013-04-01 01:00:00,52019.46123090963
2013-04-01 02:00:00,52019.46123090963
2013-04-01 03:00:00,52019.46123090963
2013-04-01 04:00:00,52019.46123090963
2013-04-01 05:00:00,52019.46123090963
2013-04-01 06:00:00,53624.2568275367
2013-04-01 07:00:00,56672.278379868505
2013-04-01 08:00:00,57925.00143056427
2013-04-01 09:00:00,58446.41780188033
2013-04-01 10:00:00,58701.54487371321
2013-04-01 11:00:00,58867.42169777566
2013-04-01 12:00:00,58915.99126187409
2013-04-01 13:00:00,58887.98497251162
2013-04-01 14:00:00,58808.68845103808
2013-04-01 15:00:00,58588.25414214975
2013-04-01 16:00:00,58301.27787044775
2013-04-01 17:00:00,58848.935335849004
2013-04-01 18:00:00,58984.039233282834
2013-04-01 19:00:00,58970.13290978981
2013-04-01 20:00:00,58851.60329708472
2013-04-01 21:00:00,58502.81386113824
2013-04-01 22:00:00,57283.73371530513
2013-04-01 23:00:00,54628.90565693484
2013-04-02 00:00:00,52833.18562599555
2013-04-02 01:00:00,52019.46123090963
2013-04-02 02:00:00,52019.46123090963
2013-04-02 03:00:00,52019.46123090963
2013-04-02 04:00:00,52019.46123090963
2013-04-02 05:00:00,52286.59988542219
2013-04-02 06:00:00,55566.76372236019
2013-04-02 07:00:00,57300.094430037476
2013-04-02 08:00:00,58341.826820742186
2013-04-02 09:00:00,58766.85511733466
2013-04-02 10:00:00,58891.956507212206
2013-04-02 11:00:00,58967.548434766984
2013-04-02 12:00:00,58974.451707625325
2013-04-02 13:00:00,58946.01760295539
2013-04-02 14:00:00,58894.196677300955
2013-04-02 15:00:00,58769.467511527546
2013-04-02 16:00:00,58523.29557614091
2013-04-02 17:00:00,58848.935335849004
2013-04-02 18:00:00,59003.832089395495
2013-04-02 19:00:00,58989.59909697915
2013-04-02 20:00:00,58874.6811689454
2013-04-02 21:00:00,58525.929429749725
2013-04-02 22:00:00,57117.02858412288
2013-04-02 23:00:00,54260.720254562344
2013-04-03 00:00:00,52359.851084714704
2013-04-03 01:00:00,52019.46123090963
2013-04-03 02:00:00,52019.46123090963
2013-04-03 03:00:00,52019.46123090963
2013-04-03 04:00:00,52019.46123090963
2013-04-03 05:00:00,52019.46123090963
2013-04-03 06:00:00,54177.779708298614
2013-04-03 07:00:00,56699.3179413997
2013-04-03 08:00:00,58108.16361882315
2013-04-03 09:00:00,58663.48573206892
2013-04-03 10:00:00,58884.52437030034
2013-04-03 11:00:00,58952.295307489956
2013-04-03 12:00:00,58969.76455197219
2013-04-03 13:00:00,58934.55553431201
2013-04-03 14:00:00,58886.83863360139
2013-04-03 15:00:00,58694.99515595812
2013-04-03 16:00:00,58463.616791555534
2013-04-03 17:00:00,58811.754209079736
2013-04-03 18:00:00,58979.67329353746
2013-04-03 19:00:00,58970.13290978981
2013-04-03 20:00:00,58860.08681502907
2013-04-03 21:00:00,58494.9172791029
2013-04-03 22:00:00,57058.701988003246
2013-04-03 23:00:00,54206.94314029114
2013-04-04 00:00:00,52359.851084714704
2013-04-04 01:00:00,52019.46123090963
2013-04-04 02:00:00,52019.46123090963
2013-04-04 03:00:00,52019.46123090963
2013-04-04 04:00:00,52019.46123090963
2013-04-04 05:00:00,52524.20715045617
2013-04-04 06:00:00,55329.3753412903
2013-04-04 07:00:00,57278.736512337986
2013-04-04 08:00:00,58264.929337891044
2013-04-04 09:00:00,58743.42084742036
2013-04-04 10:00:00,58884.52437030034
2013-04-04 11:00:00,58952.295307489956
2013-04-04 12:00:00,58954.741165348554
2013-04-04 13:00:00,58905.163691438465
2013-04-04 14:00:00,58808.68845103808
2013-04-04 15:00:00,58553.2183047718
2013-04-04 16:00:00,58101.38998402692
2013-04-04 17:00:00,58791.28877626236
2013-04-04 18:00:00,58894.65345496057
2013-04-04 19:00:00,58832.22723753697
2013-04-04 20:00:00,58619.705228852494
2013-04-04 21:00:00,58000.40257953517
2013-04-04 22:00:00,55755.77866178743
2013-04-04 23:00:00,52492.31250744138
2013-04-05 00:00:00,52019.46123090963
2013-04-05 01:00:00,52019.46123090963
2013-04-05 02:00:00,52019.46123090963
2013-04-05 03:00:00,52019.46123090963
2013-04-05 04:00:00,52019.46123090963
2013-04-05 05:00:00,52019.46123090963
2013-04-05 06:00:00,52222.44067048431
2013-04-05 07:00:00,55607.803034836
2013-04-05 08:00:00,57395.91424564349
2013-04-05 09:00:00,58197.40650447099
2013-04-05 10:00:00,58398.20311642255
2013-04-05 11:00:00,58708.40563089049
2013-04-05 12:00:00,58727.26820372425
2013-04-05 13:00:00,58585.628892269735
2013-04-05 14:00:00,58283.28274859461
2013-04-05 15:00:00,57716.23813132181
2013-04-05 16:00:00,57291.070310477495
2013-04-05 17:00:00,58455.55893401437
2013-04-05 18:00:00,58706.09894755831
2013-04-05 19:00:00,58642.08651981038
2013-04-05 20:00:00,58212.79590008959
2013-04-05 21:00:00,57008.39451262481
2013-04-05 22:00:00,52809.58935946252
2013-04-05 23:00:00,52019.46123090963
2013-04-06 00:00:00,52019.46123090963
2013-04-06 01:00:00,52019.46123090963
2013-04-06 02:00:00,52019.46123090963
2013-04-06 03:00:00,52019.46123090963
2013-04-06 04:00:00,52019.46123090963
2013-04-06 05:00:00,52019.46123090963
2013-04-06 06:00:00,52019.46123090963
2013-04-06 07:00:00,52067.697746099955
2013-04-06 08:00:00,54373.42983156569
2013-04-06 09:00:00,56171.960687002895
2013-04-06 10:00:00,56983.001767230424
2013-04-06 11:00:00,58007.12564037812
2013-04-06 12:00:00,58115.07481826139
2013-04-06 13:00:00,56835.54869957381
2013-04-06 14:00:00,56278.83264042561
2013-04-06 15:00:00,54330.91778042829
2013-04-06 16:00:00,53496.12650799627
2013-04-06 17:00:00,56644.02367908615
2013-04-06 18:00:00,57791.18255128093
2013-04-06 19:00:00,57571.116837419606
2013-04-06 20:00:00,56658.237143575214
2013-04-06 21:00:00,54275.77391290984
2013-04-06 22:00:00,52019.46123090963
2013-04-06 23:00:00,52019.46123090963
2013-04-07 00:00:00,52019.46123090963
2013-04-07 01:00:00,52019.46123090963
2013-04-07 02:00:00,52019.46123090963
2013-04-07 03:00:00,52019.46123090963
2013-04-07 04:00:00,52019.46123090963
2013-04-07 05:00:00,52019.46123090963
2013-04-07 06:00:00,52019.46123090963
2013-04-07 07:00:00,52019.46123090963
2013-04-07 08:00:00,54529.059905168346
2013-04-07 09:00:00,56429.39889061127
2013-04-07 10:00:00,57456.04790150844
2013-04-07 11:00:00,58161.3808886494
2013-04-07 12:00:00,58353.045196875886
2013-04-07 13:00:00,58031.75515207677
2013-04-07 14:00:00,57619.99903944421
2013-04-07 15:00:00,56688.91963010208
2013-04-07 16:00:00,56311.65839716811
2013-04-07 17:00:00,58113.17137894223
2013-04-07 18:00:00,58613.22253558519
2013-04-07 19:00:00,58441.05038594731
2013-04-07 20:00:00,57992.25097684264
2013-04-07 21:00:00,56656.58780701085
2013-04-07 22:00:00,52281.27484223283
2013-04-07 23:00:00,52019.46123090963
2013-04-08 00:00:00,52019.46123090963
2013-04-08 01:00:00,52019.46123090963
2013-04-08 02:00:00,52019.46123090963
2013-04-08 03:00:00,52019.46123090963
2013-04-08 04:00:00,52019.46123090963
2013-04-08 05:00:00,52019.46123090963
2013-04-08 06:00:00,52019.46123090963
2013-04-08 07:00:00,54291.88165931912
2013-04-08 08:00:00,56916.2169297831
2013-04-08 09:00:00,58094.556031477405
2013-04-08 10:00:00,58433.82479868154
2013-04-08 11:00:00,58753.33382428012
2013-04-08 12:00:00,58796.12340404392
2013-04-08 13:00:00,58573.55522934477
2013-04-08 14:00:00,58525.33065435016
2013-04-08 15:00:00,58132.97256533143
2013-04-08 16:00:00,57659.59407750147
2013-04-08 17:00:00,58694.99515595812
2013-04-08 18:00:00,58823.56169597082
2013-04-08 19:00:00,58803.098846706955
2013-04-08 20:00:00,58366.15404635248
2013-04-08 21:00:00,57371.61608756643
2013-04-08 22:00:00,54259.02254036968
2013-04-08 23:00:00,52019.46123090963
2013-04-09 00:00:00,52019.46123090963
2013-04-09 01:00:00,52019.46123090963
2013-04-09 02:00:00,52019.46123090963
2013-04-09 03:00:00,52019.46123090963
2013-04-09 04:00:00,52019.46123090963
2013-04-09 05:00:00,52019.46123090963
2013-04-09 06:00:00,52293.85970667054
2013-04-09 07:00:00,55572.213204604675
2013-04-09 08:00:00,57365.25498177789
2013-04-09 09:00:00,58285.29720487585
2013-04-09 10:00:00,58601.407794567036
2013-04-09 11:00:00,58821.49832897491
2013-04-09 12:00:00,58856.32944043102
2013-04-09 13:00:00,58778.86605634876
2013-04-09 14:00:00,58656.45927579122
2013-04-09 15:00:00,58264.929337891044
2013-04-09 16:00:00,57856.90335630385
2013-04-09 17:00:00,58681.14608332709
2013-04-09 18:00:00,58902.18026078964
2013-04-09 19:00:00,58860.34131065985
2013-04-09 20:00:00,58613.265629216876
2013-04-09 21:00:00,58014.10515164476
2013-04-09 22:00:00,55399.270435203834
2013-04-09 23:00:00,52019.46123090963
2013-04-10 00:00:00,52019.46123090963
2013-04-10 01:00:00,52019.46123090963
2013-04-10 02:00:00,52019.46123090963
2013-04-10 03:00:00,52019.46123090963
2013-04-10 04:00:00,52019.46123090963
2013-04-10 05:00:00,52019.46123090963
2013-04-10 06:00:00,53002.63348007857
2013-04-10 07:00:00,56191.1305299947
2013-04-10 08:00:00,57651.476463075094
2013-04-10 09:00:00,58406.92723762422
2013-04-10 10:00:00,58645.83158944586
2013-04-10 11:00:00,58834.63084533761
2013-04-10 12:00:00,58852.919974763565
2013-04-10 13:00:00,58800.103858822615
2013-04-10 14:00:00,58654.9723027697
2013-04-10 15:00:00,58264.929337891044
2013-04-10 16:00:00,57736.61402018644
2013-04-10 17:00:00,58581.41992973404
2013-04-10 18:00:00,58786.127515279244
2013-04-10 19:00:00,58718.052037042915
2013-04-10 20:00:00,58502.50329061494
2013-04-10 21:00:00,57656.917789339765
2013-04-10 22:00:00,54780.41652035456
2013-04-10 23:00:00,52019.46123090963
2013-04-11 00:00:00,52019.46123090963
2013-04-11 01:00:00,52019.46123090963
2013-04-11 02:00:00,52019.46123090963
2013-04-11 03:00:00,52019.46123090963
2013-04-11 04:00:00,52019.46123090963
2013-04-11 05:00:00,52019.46123090963
2013-04-11 06:00:00,52174.80419185299
2013-04-11 07:00:00,55335.06009804896
2013-04-11 08:00:00,57542.327889526554
2013-04-11 09:00:00,58374.6898784771
2013-04-11 10:00:00,58686.51835403651
2013-04-11 11:00:00,58836.45896489473
2013-04-11 12:00:00,58861.36153661871
2013-04-11 13:00:00,58695.61844474793
2013-04-11 14:00:00,58449.04181321005
2013-04-11 15:00:00,57720.46341227825
2013-04-11 16:00:00,57258.8173962524
2013-04-11 17:00:00,58356.39711399379
2013-04-11 18:00:00,58711.115112958134
2013-04-11 19:00:00,58578.980481275066
2013-04-11 20:00:00,58233.5319957268
2013-04-11 21:00:00,57136.32814617116
2013-04-11 22:00:00,53641.68654481452
2013-04-11 23:00:00,52019.46123090963
2013-04-12 00:00:00,52019.46123090963
2013-04-12 01:00:00,52019.46123090963
2013-04-12 02:00:00,52019.46123090963
2013-04-12 03:00:00,52019.46123090963
2013-04-12 04:00:00,52019.46123090963
2013-04-12 05:00:00,52019.46123090963
2013-04-12 06:00:00,52019.46123090963
2013-04-12 07:00:00,54440.448410224075
2013-04-12 08:00:00,56782.00400846223
2013-04-12 09:00:00,57840.81541146697
2013-04-12 10:00:00,58343.397777466205
2013-04-12 11:00:00,58616.35887177921
2013-04-12 12:00:00,58742.11343126899
2013-04-12 13:00:00,58667.51695721102
2013-04-12 14:00:00,58569.11470856078
2013-04-12 15:00:00,58043.58391371868
2013-04-12 16:00:00,57364.469499817096
2013-04-12 17:00:00,58588.25414214975
2013-04-12 18:00:00,58797.7250471134
2013-04-12 19:00:00,58702.2724133565
2013-04-12 20:00:00,58414.53011207046
2013-04-12 21:00:00,57387.974377623534
2013-04-12 22:00:00,54146.83421801684
2013-04-12 23:00:00,52019.46123090963
2013-04-13 00:00:00,52019.46123090963
2013-04-13 01:00:00,52019.46123090963
2013-04-13 02:00:00,52019.46123090963
2013-04-13 03:00:00,52019.46123090963
2013-04-13 04:00:00,52019.46123090963
2013-04-13 05:00:00,52019.46123090963
2013-04-13 06:00:00,52019.46123090963
2013-04-13 07:00:00,54377.06037753317
2013-04-13 08:00:00,56306.76432649225
2013-04-13 09:00:00,57438.50000487038
2013-04-13 10:00:00,57976.764440835126
2013-04-13 11:00:00,58413.447464872246
2013-04-13 12:00:00,58654.80729530751
2013-04-13 13:00:00,58271.489683865024
2013-04-13 14:00:00,58095.291571290836
2013-04-13 15:00:00,57017.78773263745
2013-04-13 16:00:00,55596.307630442665
2013-04-13 17:00:00,57872.02485756078
2013-04-13 18:00:00,58401.413827385535
2013-04-13 19:00:00,58298.5394575915
2013-04-13 20:00:00,57880.66930526108
2013-04-13 21:00:00,56524.208729733495
2013-04-13 22:00:00,53178.95607417666
2013-04-13 23:00:00,52019.46123090963
2013-04-14 00:00:00,52019.46123090963
2013-04-14 01:00:00,52019.46123090963
2013-04-14 02:00:00,52019.46123090963
2013-04-14 03:00:00,52019.46123090963
2013-04-14 04:00:00,52019.46123090963
2013-04-14 05:00:00,52019.46123090963
2013-04-14 06:00:00,52019.46123090963
2013-04-14 07:00:00,53223.766573497494
2013-04-14 08:00:00,56200.92155220523
2013-04-14 09:00:00,57730.93165305461
2013-04-14 10:00:00,58358.90027081817
2013-04-14 11:00:00,58688.11736956156
2013-04-14 12:00:00,58774.622038538306
2013-04-14 13:00:00,58701.028834589364
2013-04-14 14:00:00,58551.990063512894
2013-04-14 15:00:00,58045.57560861439
2013-04-14 16:00:00,57354.1416831174
2013-04-14 17:00:00,58584.84766211068
2013-04-14 18:00:00,58817.401014999574
2013-04-14 19:00:00,58750.24661725451
2013-04-14 20:00:00,58377.95155711152
2013-04-14 21:00:00,57566.73947193066
2013-04-14 22:00:00,54721.54860069335
2013-04-14 23:00:00,52019.46123090963
2013-04-15 00:00:00,52019.46123090963
2013-04-15 01:00:00,52019.46123090963
2013-04-15 02:00:00,52019.46123090963
2013-04-15 03:00:00,52019.46123090963
2013-04-15 04:00:00,52019.46123090963
2013-04-15 05:00:00,52019.46123090963
2013-04-15 06:00:00,52019.46123090963
2013-04-15 07:00:00,55049.16876119013
2013-04-15 08:00:00,57008.169416881785
2013-04-15 09:00:00,57938.42482102348
2013-04-15 10:00:00,58374.107696034574
2013-04-15 11:00:00,58680.57490818548
2013-04-15 12:00:00,58731.28248741549
2013-04-15 13:00:00,58628.23801799593
2013-04-15 14:00:00,58449.04181321005
2013-04-15 15:00:00,57890.16718698179
2013-04-15 16:00:00,57231.57055696448
2013-04-15 17:00:00,58591.63949069371
2013-04-15 18:00:00,58789.33116558151
2013-04-15 19:00:00,58735.718020491775
2013-04-15 20:00:00,58486.60493670974
2013-04-15 21:00:00,57551.86401266642
2013-04-15 22:00:00,54739.86518704551
2013-04-15 23:00:00,52019.46123090963
2013-04-16 00:00:00,52019.46123090963
2013-04-16 01:00:00,52019.46123090963
2013-04-16 02:00:00,52019.46123090963
2013-04-16 03:00:00,52019.46123090963
2013-04-16 04:00:00,52019.46123090963
2013-04-16 05:00:00,52019.46123090963
2013-04-16 06:00:00,52019.46123090963
2013-04-16 07:00:00,55427.458778582964
2013-04-16 08:00:00,57523.45711219439
2013-04-16 09:00:00,58331.1957795231
2013-04-16 10:00:00,58660.77586277561
2013-04-16 11:00:00,58825.311163229875
2013-04-16 12:00:00,58861.36153661871
2013-04-16 13:00:00,58793.87494232087
2013-04-16 14:00:00,58682.43976936541
2013-04-16 15:00:00,58412.11830883933
2013-04-16 16:00:00,57817.90038814191
2013-04-16 17:00:00,58716.2623669625
2013-04-16 18:00:00,58887.757868768225
2013-04-16 19:00:00,58839.53069898075
2013-04-16 20:00:00,58558.75482169308
2013-04-16 21:00:00,57750.70510096878
2013-04-16 22:00:00,55116.372468554095
2013-04-16 23:00:00,52019.46123090963
2013-04-17 00:00:00,52019.46123090963
2013-04-17 01:00:00,52019.46123090963
2013-04-17 02:00:00,52019.46123090963
2013-04-17 03:00:00,52019.46123090963
2013-04-17 04:00:00,52019.46123090963
2013-04-17 05:00:00,52019.46123090963
2013-04-17 06:00:00,52055.66105373553
2013-04-17 07:00:00,55695.72109291956
2013-04-17 08:00:00,57588.64850874632
2013-04-17 09:00:00,58274.75958584968
2013-04-17 10:00:00,58577.69699650527
2013-04-17 11:00:00,58811.748536695086
2013-04-17 12:00:00,58831.51050011811
2013-04-17 13:00:00,58763.16914187808
2013-04-17 14:00:00,58641.37726155945
2013-04-17 15:00:00,58365.965920565664
2013-04-17 16:00:00,57967.62010465239
2013-04-17 17:00:00,58769.467511527546
2013-04-17 18:00:00,58865.923735681856
2013-04-17 19:00:00,58848.39854699406
2013-04-17 20:00:00,58583.27205306732
2013-04-17 21:00:00,57839.056095723645
2013-04-17 22:00:00,54820.75628898742
2013-04-17 23:00:00,52019.46123090963
2013-04-18 00:00:00,52019.46123090963
2013-04-18 01:00:00,52019.46123090963
2013-04-18 02:00:00,52019.46123090963
2013-04-18 03:00:00,52019.46123090963
2013-04-18 04:00:00,52019.46123090963
2013-04-18 05:00:00,52019.46123090963
2013-04-18 06:00:00,52507.725185124014
2013-04-18 07:00:00,55782.1216163721
2013-04-18 08:00:00,57588.64850874632
2013-04-18 09:00:00,58406.92723762422
2013-04-18 10:00:00,58672.397436500854
2013-04-18 11:00:00,58801.67997820188
2013-04-18 12:00:00,58844.20071839927
2013-04-18 13:00:00,58789.655200646164
2013-04-18 14:00:00,58704.32677561362
2013-04-18 15:00:00,58389.3902014576
2013-04-18 16:00:00,58036.41050893812
2013-04-18 17:00:00,58746.2054034286
2013-04-18 18:00:00,58887.757868768225
2013-04-18 19:00:00,58844.88576936948
2013-04-18 20:00:00,58593.45736351292
2013-04-18 21:00:00,57799.55525341097
2013-04-18 22:00:00,55116.372468554095
2013-04-18 23:00:00,52019.46123090963
2013-04-19 00:00:00,52019.46123090963
2013-04-19 01:00:00,52019.46123090963
2013-04-19 02:00:00,52019.46123090963
2013-04-19 03:00:00,52019.46123090963
2013-04-19 04:00:00,52019.46123090963
2013-04-19 05:00:00,52019.46123090963
2013-04-19 06:00:00,52885.49331241034
2013-04-19 07:00:00,56191.1305299947
2013-04-19 08:00:00,57532.917140913574
2013-04-19 09:00:00,58258.71720616581
2013-04-19 10:00:00,58507.90339063526
2013-04-19 11:00:00,58594.994226872244
2013-04-19 12:00:00,58565.03914309046
2013-04-19 13:00:00,58413.141933379775
2013-04-19 14:00:00,58013.026589824156
2013-04-19 15:00:00,53719.68601957323
2013-04-19 16:00:00,52080.86557646165
2013-04-19 17:00:00,56227.270793204625
2013-04-19 18:00:00,58747.58658854337
2013-04-19 19:00:00,58757.30519753426
2013-04-19 20:00:00,58327.18973622423
2013-04-19 21:00:00,57255.51078502933
2013-04-19 22:00:00,53551.065227796666
2013-04-19 23:00:00,52019.46123090963
2013-04-20 00:00:00,52019.46123090963
2013-04-20 01:00:00,52019.46123090963
2013-04-20 02:00:00,52019.46123090963
2013-04-20 03:00:00,52019.46123090963
2013-04-20 04:00:00,52019.46123090963
2013-04-20 05:00:00,52019.46123090963
2013-04-20 06:00:00,52019.46123090963
2013-04-20 07:00:00,53410.34566071621
2013-04-20 08:00:00,55895.985733643116
2013-04-20 09:00:00,56946.54376359983
2013-04-20 10:00:00,57713.87440291033
2013-04-20 11:00:00,58288.708267880276
2013-04-20 12:00:00,58507.062662880984
2013-04-20 13:00:00,57828.96935394949
2013-04-20 14:00:00,57078.96028377383
2013-04-20 15:00:00,55105.99789955802
2013-04-20 16:00:00,54226.49114835821
2013-04-20 17:00:00,57382.68590458271
2013-04-20 18:00:00,57909.00416533808
2013-04-20 19:00:00,57694.87216915349
2013-04-20 20:00:00,57102.02360358354
2013-04-20 21:00:00,55067.605958336724
2013-04-20 22:00:00,52019.46123090963
2013-04-20 23:00:00,52019.46123090963
2013-04-21 00:00:00,52019.46123090963
2013-04-21 01:00:00,52019.46123090963
2013-04-21 02:00:00,52019.46123090963
2013-04-21 03:00:00,52019.46123090963
2013-04-21 04:00:00,52019.46123090963
2013-04-21 05:00:00,52019.46123090963
2013-04-21 06:00:00,52019.46123090963
2013-04-21 07:00:00,53910.86001664158
2013-04-21 08:00:00,56590.12173852601
2013-04-21 09:00:00,57810.13617812277
2013-04-21 10:00:00,58285.17286800644
2013-04-21 11:00:00,58636.87308685048
2013-04-21 12:00:00,58709.21815686939
2013-04-21 13:00:00,58518.7402801502
2013-04-21 14:00:00,58272.72109704876
2013-04-21 15:00:00,57477.357555087685
2013-04-21 16:00:00,57085.54691456949
2013-04-21 17:00:00,58437.20252863743
2013-04-21 18:00:00,58732.33250733392
2013-04-21 19:00:00,58599.319927597244
2013-04-21 20:00:00,58139.93595100406
2013-04-21 21:00:00,56462.49293618563
2013-04-21 22:00:00,52264.61268065068
2013-04-21 23:00:00,52019.46123090963
2013-04-22 00:00:00,52019.46123090963
2013-04-22 01:00:00,52019.46123090963
2013-04-22 02:00:00,52019.46123090963
2013-04-22 03:00:00,52019.46123090963
2013-04-22 04:00:00,52019.46123090963
2013-04-22 05:00:00,52019.46123090963
2013-04-22 06:00:00,52019.46123090963
2013-04-22 07:00:00,53879.826590959376
2013-04-22 08:00:00,56766.25316740764
2013-04-22 09:00:00,58066.89976862373
2013-04-22 10:00:00,58442.46329324408
2013-04-22 11:00:00,58750.97054142126
2013-04-22 12:00:00,58754.05847849112
2013-04-22 13:00:00,58655.77094209783
2013-04-22 14:00:00,58502.19256913622
2013-04-22 15:00:00,58076.336896837514
2013-04-22 16:00:00,57578.78047500381
2013-04-22 17:00:00,58545.94675040884
2013-04-22 18:00:00,58771.88369792492
2013-04-22 19:00:00,58654.17231515418
2013-04-22 20:00:00,58218.44477586691
2013-04-22 21:00:00,56736.07419306735
2013-04-22 22:00:00,52753.0490077304
2013-04-22 23:00:00,52019.46123090963
2013-04-23 00:00:00,52019.46123090963
2013-04-23 01:00:00,52019.46123090963
2013-04-23 02:00:00,52019.46123090963
2013-04-23 03:00:00,52019.46123090963
2013-04-23 04:00:00,52019.46123090963
2013-04-23 05:00:00,52019.46123090963
2013-04-23 06:00:00,52019.46123090963
2013-04-23 07:00:00,54038.58692460261
2013-04-23 08:00:00,56588.72758736574
2013-04-23 09:00:00,57934.0737842865
2013-04-23 10:00:00,58423.759884925996
2013-04-23 11:00:00,58733.999101257934
2013-04-23 12:00:00,58728.27560505576
2013-04-23 13:00:00,58642.50457951965
2013-04-23 14:00:00,58525.33065435016
2013-04-23 15:00:00,57962.48889340798
2013-04-23 16:00:00,57442.25888554776
2013-04-23 17:00:00,58694.99515595812
2013-04-23 18:00:00,58813.879425372106
2013-04-23 19:00:00,58720.62409464402
2013-04-23 20:00:00,58344.46671174595
2013-04-23 21:00:00,57098.299240695516
2013-04-23 22:00:00,53306.139506196334
2013-04-23 23:00:00,52019.46123090963
2013-04-24 00:00:00,52019.46123090963
2013-04-24 01:00:00,52019.46123090963
2013-04-24 02:00:00,52019.46123090963
2013-04-24 03:00:00,52019.46123090963
2013-04-24 04:00:00,52019.46123090963
2013-04-24 05:00:00,52019.46123090963
2013-04-24 06:00:00,52019.46123090963
2013-04-24 07:00:00,54861.55956172253
2013-04-24 08:00:00,57079.42346740241
2013-04-24 09:00:00,58162.26032792586
2013-04-24 10:00:00,58560.11794517944
2013-04-24 11:00:00,58825.311163229875
2013-04-24 12:00:00,58872.729367512635
2013-04-24 13:00:00,58800.103858822615
2013-04-24 14:00:00,58690.77737395016
2013-04-24 15:00:00,58430.24873021271
2013-04-24 16:00:00,57856.90335630385
2013-04-24 17:00:00,58769.467511527546
2013-04-24 18:00:00,58876.85500353702
2013-04-24 19:00:00,58826.62456167451
2013-04-24 20:00:00,58558.75482169308
2013-04-24 21:00:00,57750.70510096878
2013-04-24 22:00:00,55250.0112314312
2013-04-24 23:00:00,52019.46123090963
2013-04-25 00:00:00,52019.46123090963
2013-04-25 01:00:00,52019.46123090963
2013-04-25 02:00:00,52019.46123090963
2013-04-25 03:00:00,52019.46123090963
2013-04-25 04:00:00,52019.46123090963
2013-04-25 05:00:00,52019.46123090963
2013-04-25 06:00:00,52814.97405571951
2013-04-25 07:00:00,55464.00489074235
2013-04-25 08:00:00,57620.354153245244
2013-04-25 09:00:00,58393.27785170856
2013-04-25 10:00:00,58663.70875185756
2013-04-25 11:00:00,58811.748536695086
2013-04-25 12:00:00,58822.08854423369
2013-04-25 13:00:00,58557.641471714116
2013-04-25 14:00:00,58219.688005265205
2013-04-25 15:00:00,57370.39733231594
2013-04-25 16:00:00,57250.13507979537
2013-04-25 17:00:00,58614.755284831685
2013-04-25 18:00:00,58620.62176549404
2013-04-25 19:00:00,58441.48041789368
2013-04-25 20:00:00,57764.879661681116
2013-04-25 21:00:00,56041.0060894318
2013-04-25 22:00:00,52019.46123090963
2013-04-25 23:00:00,52019.46123090963
2013-04-26 00:00:00,52019.46123090963
2013-04-26 01:00:00,52019.46123090963
2013-04-26 02:00:00,52019.46123090963
2013-04-26 03:00:00,52019.46123090963
2013-04-26 04:00:00,52019.46123090963
2013-04-26 05:00:00,52019.46123090963
2013-04-26 06:00:00,52019.46123090963
2013-04-26 07:00:00,53334.55715989182
2013-04-26 08:00:00,55690.991033952734
2013-04-26 09:00:00,57178.54033034222
2013-04-26 10:00:00,57807.55983284973
2013-04-26 11:00:00,58261.15533828153
2013-04-26 12:00:00,58284.56592702017
2013-04-26 13:00:00,57548.220091756215
2013-04-26 14:00:00,55926.978069969504
2013-04-26 15:00:00,54067.65357870114
2013-04-26 16:00:00,54437.3424474319
2013-04-26 17:00:00,57174.66819086561
2013-04-26 18:00:00,57323.9210667402
2013-04-26 19:00:00,57051.07221572984
2013-04-26 20:00:00,55589.4749738403
2013-04-26 21:00:00,52625.05689760273
2013-04-26 22:00:00,52019.46123090963
2013-04-26 23:00:00,52019.46123090963
2013-04-27 00:00:00,52019.46123090963
2013-04-27 01:00:00,52019.46123090963
2013-04-27 02:00:00,52019.46123090963
2013-04-27 03:00:00,52019.46123090963
2013-04-27 04:00:00,52019.46123090963
2013-04-27 05:00:00,52019.46123090963
2013-04-27 06:00:00,52019.46123090963
2013-04-27 07:00:00,52019.46123090963
2013-04-27 08:00:00,52949.60543051469
2013-04-27 09:00:00,54879.01362004235
2013-04-27 10:00:00,56143.2871048872
2013-04-27 11:00:00,57578.53587347921
2013-04-27 12:00:00,58029.58018745263
2013-04-27 13:00:00,56920.31581856059
2013-04-27 14:00:00,55935.271130212896
2013-04-27 15:00:00,54217.36557613589
2013-04-27 16:00:00,53111.263012410134
2013-04-27 17:00:00,56986.394898438666
2013-04-27 18:00:00,57501.283219832774
2013-04-27 19:00:00,57194.733381289036
2013-04-27 20:00:00,56471.473559667495
2013-04-27 21:00:00,54076.79672765188
2013-04-27 22:00:00,52019.46123090963
2013-04-27 23:00:00,52019.46123090963
2013-04-28 00:00:00,52019.46123090963
2013-04-28 01:00:00,52019.46123090963
2013-04-28 02:00:00,52019.46123090963
2013-04-28 03:00:00,52019.46123090963
2013-04-28 04:00:00,52019.46123090963
2013-04-28 05:00:00,52019.46123090963
2013-04-28 06:00:00,52019.46123090963
2013-04-28 07:00:00,52372.47584923112
2013-04-28 08:00:00,55219.00336978787
2013-04-28 09:00:00,56927.976297554174
2013-04-28 10:00:00,57832.0429771933
2013-04-28 11:00:00,58388.91538162446
2013-04-28 12:00:00,58550.338811573
2013-04-28 13:00:00,58349.28452891594
2013-04-28 14:00:00,58071.5512129732
2013-04-28 15:00:00,57289.74952355001
2013-04-28 16:00:00,56938.874118171145
2013-04-28 17:00:00,58553.2183047718
2013-04-28 18:00:00,58726.69084978263
2013-04-28 19:00:00,58623.37972429386
2013-04-28 20:00:00,58160.44038775237
2013-04-28 21:00:00,56816.0810832084
2013-04-28 22:00:00,52597.09793136981
2013-04-28 23:00:00,52019.46123090963
2013-04-29 00:00:00,52019.46123090963
2013-04-29 01:00:00,52019.46123090963
2013-04-29 02:00:00,52019.46123090963
2013-04-29 03:00:00,52019.46123090963
2013-04-29 04:00:00,52019.46123090963
2013-04-29 05:00:00,52019.46123090963
2013-04-29 06:00:00,52019.46123090963
2013-04-29 07:00:00,54871.55662152632
2013-04-29 08:00:00,56872.19490790151
2013-04-29 09:00:00,57981.137789190754
2013-04-29 10:00:00,58503.998574277066
2013-04-29 11:00:00,58746.198529478104
2013-04-29 12:00:00,58751.69983243214
2013-04-29 13:00:00,58678.97077719814
2013-04-29 14:00:00,58529.10458018734
2013-04-29 15:00:00,58180.89700483419
2013-04-29 16:00:00,57817.90038814191
2013-04-29 17:00:00,58721.412781540545
2013-04-29 18:00:00,58814.86174164892
2013-04-29 19:00:00,58733.242174982195
2013-04-29 20:00:00,58418.97924135036
2013-04-29 21:00:00,57287.812703763564
2013-04-29 22:00:00,53686.79067751965
2013-04-29 23:00:00,52019.46123090963
2013-04-30 00:00:00,52019.46123090963
2013-04-30 01:00:00,52019.46123090963
2013-04-30 02:00:00,52019.46123090963
2013-04-30 03:00:00,52019.46123090963
2013-04-30 04:00:00,52019.46123090963
2013-04-30 05:00:00,52019.46123090963
2013-04-30 06:00:00,52019.46123090963
2013-04-30 07:00:00,54851.54903516344
2013-04-30 08:00:00,57102.72445128472
2013-04-30 09:00:00,58159.27561406686
2013-04-30 10:00:00,58523.28470325024
2013-04-30 11:00:00,58758.01539798527
2013-04-30 12:00:00,58806.36768533039
2013-04-30 13:00:00,58732.089766607736
2013-04-30 14:00:00,58565.58896544214
2013-04-30 15:00:00,58237.73813798512
2013-04-30 16:00:00,57967.62010465239
2013-04-30 17:00:00,58758.02205618732
2013-04-30 18:00:00,58842.90611355339
2013-04-30 19:00:00,58786.37598965367
2013-04-30 20:00:00,58502.50329061494
2013-04-30 21:00:00,57566.73947193066
2013-04-30 22:00:00,53976.35197590773
2013-04-30 23:00:00,52019.46123090963
2013-05-01 00:00:00,52019.46123090963
2013-05-01 01:00:00,52019.46123090963
2013-05-01 02:00:00,52019.46123090963
2013-05-01 03:00:00,52019.46123090963
2013-05-01 04:00:00,52019.46123090963
2013-05-01 05:00:00,52019.46123090963
2013-05-01 06:00:00,52019.46123090963
2013-05-01 07:00:00,54891.51022446968
2013-05-01 08:00:00,57114.29112424232
2013-05-01 09:00:00,58049.18257527636
2013-05-01 10:00:00,58560.11794517944
2013-05-01 11:00:00,58780.54658304988
2013-05-01 12:00:00,58796.12340404392
2013-05-01 13:00:00,58714.25880875408
2013-05-01 14:00:00,58572.618643886104
2013-05-01 15:00:00,58160.20411907864
2013-05-01 16:00:00,57856.90335630385
2013-05-01 17:00:00,58694.99515595812
2013-05-01 18:00:00,58836.60311177024
2013-05-01 19:00:00,58775.480098925465
2013-05-01 20:00:00,58510.30726288553
2013-05-01 21:00:00,57648.11388307842
2013-05-01 22:00:00,54719.51081325167
2013-05-01 23:00:00,52019.46123090963
2013-05-02 00:00:00,52019.46123090963
2013-05-02 01:00:00,52019.46123090963
2013-05-02 02:00:00,52019.46123090963
2013-05-02 03:00:00,52019.46123090963
2013-05-02 04:00:00,52019.46123090963
2013-05-02 05:00:00,52019.46123090963
2013-05-02 06:00:00,52222.44067048431
2013-05-02 07:00:00,55607.803034836
2013-05-02 08:00:00,57291.883937177285
2013-05-02 09:00:00,58285.29720487585
2013-05-02 10:00:00,58594.738387052326
2013-05-02 11:00:00,58780.54658304988
2013-05-02 12:00:00,58796.12340404392
2013-05-02 13:00:00,58714.25880875408
2013-05-02 14:00:00,58572.618643886104
2013-05-02 15:00:00,58160.20411907864
2013-05-02 16:00:00,57856.90335630385
2013-05-02 17:00:00,58666.853065705516
2013-05-02 18:00:00,58836.60311177024
2013-05-02 19:00:00,58775.480098925465
2013-05-02 20:00:00,58510.30726288553
2013-05-02 21:00:00,57730.714322221545
2013-05-02 22:00:00,54820.75628898742
2013-05-02 23:00:00,52019.46123090963
2013-05-03 00:00:00,52019.46123090963
2013-05-03 01:00:00,52019.46123090963
2013-05-03 02:00:00,52019.46123090963
2013-05-03 03:00:00,52019.46123090963
2013-05-03 04:00:00,52019.46123090963
2013-05-03 05:00:00,52019.46123090963
2013-05-03 06:00:00,52460.262719956605
2013-05-03 07:00:00,55782.1216163721
2013-05-03 08:00:00,57445.98215279589
2013-05-03 09:00:00,58360.45210837919
2013-05-03 10:00:00,58627.26828884912
2013-05-03 11:00:00,58801.67997820188
2013-05-03 12:00:00,58796.12340404392
2013-05-03 13:00:00,58739.49208010108
2013-05-03 14:00:00,58589.81550094041
2013-05-03 15:00:00,58180.89700483419
2013-05-03 16:00:00,57894.84272844345
2013-05-03 17:00:00,58636.881938871236
2013-05-03 18:00:00,58812.89394272164
2013-05-03 19:00:00,58775.480098925465
2013-05-03 20:00:00,58593.45736351292
2013-05-03 21:00:00,57799.55525341097
2013-05-03 22:00:00,54920.6673777616
2013-05-03 23:00:00,52019.46123090963
2013-05-04 00:00:00,52019.46123090963
2013-05-04 01:00:00,52019.46123090963
2013-05-04 02:00:00,52019.46123090963
2013-05-04 03:00:00,52019.46123090963
2013-05-04 04:00:00,52019.46123090963
2013-05-04 05:00:00,52019.46123090963
2013-05-04 06:00:00,52019.46123090963
2013-05-04 07:00:00,53988.10109481387
2013-05-04 08:00:00,55820.14398415396
2013-05-04 09:00:00,57114.805842566464
2013-05-04 10:00:00,57680.47354721011
2013-05-04 11:00:00,58388.91538162446
2013-05-04 12:00:00,58581.093356797945
2013-05-04 13:00:00,58029.067249969725
2013-05-04 14:00:00,57546.64442922025
2013-05-04 15:00:00,56202.47643502148
2013-05-04 16:00:00,54954.05853927733
2013-05-04 17:00:00,58008.51487513614
2013-05-04 18:00:00,58304.1146393925
2013-05-04 19:00:00,58145.11537171734
2013-05-04 20:00:00,57603.57401196473
2013-05-04 21:00:00,56029.669727279994
2013-05-04 22:00:00,52019.46123090963
2013-05-04 23:00:00,52019.46123090963
2013-05-05 00:00:00,52019.46123090963
2013-05-05 01:00:00,52019.46123090963
2013-05-05 02:00:00,52019.46123090963
2013-05-05 03:00:00,52019.46123090963
2013-05-05 04:00:00,52019.46123090963
2013-05-05 05:00:00,52019.46123090963
2013-05-05 06:00:00,52019.46123090963
2013-05-05 07:00:00,53072.7780419235
2013-05-05 08:00:00,55631.31541411476
2013-05-05 09:00:00,57013.51943802654
2013-05-05 10:00:00,57886.56463021672
2013-05-05 11:00:00,58436.32460062022
2013-05-05 12:00:00,58543.39893819943
2013-05-05 13:00:00,58430.81096094848
2013-05-05 14:00:00,58200.944593899585
2013-05-05 15:00:00,57445.98215279589
2013-05-05 16:00:00,57464.906070344514
2013-05-05 17:00:00,58496.430298565276
2013-05-05 18:00:00,58650.83138373002
2013-05-05 19:00:00,58516.299380456265
2013-05-05 20:00:00,58243.45777942792
2013-05-05 21:00:00,56816.0810832084
2013-05-05 22:00:00,52597.09793136981
2013-05-05 23:00:00,52019.46123090963
2013-05-06 00:00:00,52019.46123090963
2013-05-06 01:00:00,52019.46123090963
2013-05-06 02:00:00,52019.46123090963
2013-05-06 03:00:00,52019.46123090963
2013-05-06 04:00:00,52019.46123090963
2013-05-06 05:00:00,52019.46123090963
2013-05-06 06:00:00,52019.46123090963
2013-05-06 07:00:00,54101.92654391698
2013-05-06 08:00:00,56695.665211555446
2013-05-06 09:00:00,57863.970080032115
2013-05-06 10:00:00,58375.04847572065
2013-05-06 11:00:00,58708.40563089049
2013-05-06 12:00:00,58707.897942854535
2013-05-06 13:00:00,58531.98850754795
2013-05-06 14:00:00,58288.51677040178
2013-05-06 15:00:00,57786.533515733514
2013-05-06 16:00:00,57606.14782719017
2013-05-06 17:00:00,58588.25414214975
2013-05-06 18:00:00,58703.30084376985
2013-05-06 19:00:00,58597.32000393687
2013-05-06 20:00:00,58098.96192294705
2013-05-06 21:00:00,56542.645846573694
2013-05-06 22:00:00,52116.936312456164
2013-05-06 23:00:00,52019.46123090963
2013-05-07 00:00:00,52019.46123090963
2013-05-07 01:00:00,52019.46123090963
2013-05-07 02:00:00,52019.46123090963
2013-05-07 03:00:00,52019.46123090963
2013-05-07 04:00:00,52019.46123090963
2013-05-07 05:00:00,52019.46123090963
2013-05-07 06:00:00,52019.46123090963
2013-05-07 07:00:00,53547.28914970895
2013-05-07 08:00:00,56496.809696903205
2013-05-07 09:00:00,57774.726738926234
2013-05-07 10:00:00,58298.68795692518
2013-05-07 11:00:00,58694.98735138745
2013-05-07 12:00:00,58727.26820372425
2013-05-07 13:00:00,58568.29991524915
2013-05-07 14:00:00,58405.19311098479
2013-05-07 15:00:00,57686.34025523451
2013-05-07 16:00:00,57435.31293229215
2013-05-07 17:00:00,58534.86946539719
2013-05-07 18:00:00,58704.63559476985
2013-05-07 19:00:00,58590.59934385765
2013-05-07 20:00:00,58066.866886923715
2013-05-07 21:00:00,56383.39242634526
2013-05-07 22:00:00,52181.264916269276
2013-05-07 23:00:00,52019.46123090963
2013-05-08 00:00:00,52019.46123090963
2013-05-08 01:00:00,52019.46123090963
2013-05-08 02:00:00,52019.46123090963
2013-05-08 03:00:00,52019.46123090963
2013-05-08 04:00:00,52019.46123090963
2013-05-08 05:00:00,52019.46123090963
2013-05-08 06:00:00,52019.46123090963
2013-05-08 07:00:00,54216.745321500835
2013-05-08 08:00:00,56381.633832420805
2013-05-08 09:00:00,57732.60726098331
2013-05-08 10:00:00,58226.75178848466
2013-05-08 11:00:00,58670.604445217374
2013-05-08 12:00:00,58684.803115224124
2013-05-08 13:00:00,58537.579365051984
2013-05-08 14:00:00,58338.68659582479
2013-05-08 15:00:00,57606.83788921142
2013-05-08 16:00:00,57269.62191812939
2013-05-08 17:00:00,58375.42035973554
2013-05-08 18:00:00,58468.39918500391
2013-05-08 19:00:00,58123.06880588522
2013-05-08 20:00:00,57201.939658579635
2013-05-08 21:00:00,54920.29647684429
2013-05-08 22:00:00,52019.46123090963
2013-05-08 23:00:00,52019.46123090963
2013-05-09 00:00:00,52019.46123090963
2013-05-09 01:00:00,52019.46123090963
2013-05-09 02:00:00,52019.46123090963
2013-05-09 03:00:00,52019.46123090963
2013-05-09 04:00:00,52019.46123090963
2013-05-09 05:00:00,52019.46123090963
2013-05-09 06:00:00,52019.46123090963
2013-05-09 07:00:00,52019.46123090963
2013-05-09 08:00:00,54288.219150272475
2013-05-09 09:00:00,56333.062214453035
2013-05-09 10:00:00,57287.83607777442
2013-05-09 11:00:00,58132.34174986029
2013-05-09 12:00:00,58289.79235337953
2013-05-09 13:00:00,58038.448171812735
2013-05-09 14:00:00,57644.948438832565
2013-05-09 15:00:00,56638.537382332644
2013-05-09 16:00:00,56244.59052720884
2013-05-09 17:00:00,58254.14909011614
2013-05-09 18:00:00,58230.682159346994
2013-05-09 19:00:00,57851.263016988865
2013-05-09 20:00:00,56966.1444633891
2013-05-09 21:00:00,54129.062333212016
2013-05-09 22:00:00,52019.46123090963
2013-05-09 23:00:00,52019.46123090963
2013-05-10 00:00:00,52019.46123090963
2013-05-10 01:00:00,52019.46123090963
2013-05-10 02:00:00,52019.46123090963
2013-05-10 03:00:00,52019.46123090963
2013-05-10 04:00:00,52019.46123090963
2013-05-10 05:00:00,52019.46123090963
2013-05-10 06:00:00,52019.46123090963
2013-05-10 07:00:00,52403.375794561594
2013-05-10 08:00:00,55165.621205856434
2013-05-10 09:00:00,57520.0832337793
2013-05-10 10:00:00,57847.61831753514
2013-05-10 11:00:00,58339.358797225184
2013-05-10 12:00:00,58431.14368306178
2013-05-10 13:00:00,58161.56969127542
2013-05-10 14:00:00,57787.82932635495
2013-05-10 15:00:00,56981.53099268347
2013-05-10 16:00:00,56629.24007834733
2013-05-10 17:00:00,58280.862345516514
2013-05-10 18:00:00,58291.20448386496
2013-05-10 19:00:00,57991.22760958423
2013-05-10 20:00:00,57068.15419422995
2013-05-10 21:00:00,53936.237862096896
2013-05-10 22:00:00,52019.46123090963
2013-05-10 23:00:00,52019.46123090963
2013-05-11 00:00:00,52019.46123090963
2013-05-11 01:00:00,52019.46123090963
2013-05-11 02:00:00,52019.46123090963
2013-05-11 03:00:00,52019.46123090963
2013-05-11 04:00:00,52019.46123090963
2013-05-11 05:00:00,52019.46123090963
2013-05-11 06:00:00,52019.46123090963
2013-05-11 07:00:00,52019.46123090963
2013-05-11 08:00:00,52619.88246141234
2013-05-11 09:00:00,54372.255046402905
2013-05-11 10:00:00,55835.76511721956
2013-05-11 11:00:00,57185.8543964156
2013-05-11 12:00:00,57849.043989242076
2013-05-11 13:00:00,56525.774180155844
2013-05-11 14:00:00,55476.54410579082
2013-05-11 15:00:00,53316.79970257536
2013-05-11 16:00:00,52209.522686294906
2013-05-11 17:00:00,56754.384120057875
2013-05-11 18:00:00,57001.249001360295
2013-05-11 19:00:00,56571.839760071234
2013-05-11 20:00:00,55172.118898397675
2013-05-11 21:00:00,52104.57620262762
2013-05-11 22:00:00,52019.46123090963
2013-05-11 23:00:00,52019.46123090963
2013-05-12 00:00:00,52019.46123090963
2013-05-12 01:00:00,52019.46123090963
2013-05-12 02:00:00,52019.46123090963
2013-05-12 03:00:00,52019.46123090963
2013-05-12 04:00:00,52019.46123090963
2013-05-12 05:00:00,52019.46123090963
2013-05-12 06:00:00,52019.46123090963
2013-05-12 07:00:00,52019.46123090963
2013-05-12 08:00:00,53178.08906823368
2013-05-12 09:00:00,55187.497583151446
2013-05-12 10:00:00,56662.0722568954
2013-05-12 11:00:00,57836.54834393251
2013-05-12 12:00:00,58071.8404738913
2013-05-12 13:00:00,57611.61497414318
2013-05-12 14:00:00,57283.9806355097
2013-05-12 15:00:00,56098.532305160676
2013-05-12 16:00:00,56013.50476224383
2013-05-12 17:00:00,58108.16361882315
2013-05-12 18:00:00,58203.326421072714
2013-05-12 19:00:00,57770.21979953896
2013-05-12 20:00:00,56659.60098084233
2013-05-12 21:00:00,53891.97151274051
2013-05-12 22:00:00,52019.46123090963
2013-05-12 23:00:00,52019.46123090963
2013-05-13 00:00:00,52019.46123090963
2013-05-13 01:00:00,52019.46123090963
2013-05-13 02:00:00,52019.46123090963
2013-05-13 03:00:00,52019.46123090963
2013-05-13 04:00:00,52019.46123090963
2013-05-13 05:00:00,52019.46123090963
2013-05-13 06:00:00,52019.46123090963
2013-05-13 07:00:00,52253.515052509625
2013-05-13 08:00:00,55157.95857484315
2013-05-13 09:00:00,56909.27887527739
2013-05-13 10:00:00,57741.59314203757
2013-05-13 11:00:00,58354.45571053516
2013-05-13 12:00:00,58208.62556440976
2013-05-13 13:00:00,58084.24356572555
2013-05-13 14:00:00,57664.29212037346
2013-05-13 15:00:00,56702.3958688002
2013-05-13 16:00:00,56507.171006828015
2013-05-13 17:00:00,58180.89700483419
2013-05-13 18:00:00,58293.02347899546
2013-05-13 19:00:00,58023.42500360701
2013-05-13 20:00:00,57074.02740084494
2013-05-13 21:00:00,54571.049013672884
2013-05-13 22:00:00,52019.46123090963
2013-05-13 23:00:00,52019.46123090963
2013-05-14 00:00:00,52019.46123090963
2013-05-14 01:00:00,52019.46123090963
2013-05-14 02:00:00,52019.46123090963
2013-05-14 03:00:00,52019.46123090963
2013-05-14 04:00:00,52019.46123090963
2013-05-14 05:00:00,52019.46123090963
2013-05-14 06:00:00,52019.46123090963
2013-05-14 07:00:00,52058.16469244749
2013-05-14 08:00:00,54987.094952148705
2013-05-14 09:00:00,56940.36902225582
2013-05-14 10:00:00,57902.28363839711
2013-05-14 11:00:00,58434.15612480453
2013-05-14 12:00:00,58399.95346203506
2013-05-14 13:00:00,58084.24356572555
2013-05-14 14:00:00,57698.88417925274
2013-05-14 15:00:00,56884.84526862935
2013-05-14 16:00:00,56781.00554274022
2013-05-14 17:00:00,58237.73813798512
2013-05-14 18:00:00,58314.81167537772
2013-05-14 19:00:00,58202.27219068905
2013-05-14 20:00:00,57300.82057184089
2013-05-14 21:00:00,54946.052477643636
2013-05-14 22:00:00,52019.46123090963
2013-05-14 23:00:00,52019.46123090963
2013-05-15 00:00:00,52019.46123090963
2013-05-15 01:00:00,52019.46123090963
2013-05-15 02:00:00,52019.46123090963
2013-05-15 03:00:00,52019.46123090963
2013-05-15 04:00:00,52019.46123090963
2013-05-15 05:00:00,52019.46123090963
2013-05-15 06:00:00,52019.46123090963
2013-05-15 07:00:00,52895.00160330484
2013-05-15 08:00:00,55597.662921854666
2013-05-15 09:00:00,57078.774985728596
2013-05-15 10:00:00,57852.257502129396
2013-05-15 11:00:00,58389.37699112858
2013-05-15 12:00:00,58465.20277127932
2013-05-15 13:00:00,58176.37359301624
2013-05-15 14:00:00,57868.67581361238
2013-05-15 15:00:00,57067.688875814296
2013-05-15 16:00:00,57031.23691034653
2013-05-15 17:00:00,58291.32797055204
2013-05-15 18:00:00,58318.34769852859
2013-05-15 19:00:00,57882.577509483046
2013-05-15 20:00:00,56733.69150990183
2013-05-15 21:00:00,54116.01918133546
2013-05-15 22:00:00,52019.46123090963
2013-05-15 23:00:00,52019.46123090963
2013-05-16 00:00:00,52019.46123090963
2013-05-16 01:00:00,52019.46123090963
2013-05-16 02:00:00,52019.46123090963
2013-05-16 03:00:00,52019.46123090963
2013-05-16 04:00:00,52019.46123090963
2013-05-16 05:00:00,52019.46123090963
2013-05-16 06:00:00,52019.46123090963
2013-05-16 07:00:00,52301.118952279365
2013-05-16 08:00:00,55080.832690455034
2013-05-16 09:00:00,56761.57210735939
2013-05-16 10:00:00,57695.119060996454
2013-05-16 11:00:00,58310.34984781001
2013-05-16 12:00:00,58319.5002107497
2013-05-16 13:00:00,57999.09342275769
2013-05-16 14:00:00,57573.59334245039
2013-05-16 15:00:00,56739.81229973952
2013-05-16 16:00:00,56247.66490166618
2013-05-16 17:00:00,58159.60667408546
2013-05-16 18:00:00,58084.86838673083
2013-05-16 19:00:00,57717.86272776939
2013-05-16 20:00:00,56603.19119821046
2013-05-16 21:00:00,53537.00084467962
2013-05-16 22:00:00,52019.46123090963
2013-05-16 23:00:00,52019.46123090963
2013-05-17 00:00:00,52019.46123090963
2013-05-17 01:00:00,52019.46123090963
2013-05-17 02:00:00,52019.46123090963
2013-05-17 03:00:00,52019.46123090963
2013-05-17 04:00:00,52019.46123090963
2013-05-17 05:00:00,52019.46123090963
2013-05-17 06:00:00,52019.46123090963
2013-05-17 07:00:00,52019.46123090963
2013-05-17 08:00:00,54811.952652011736
2013-05-17 09:00:00,56773.41213807585
2013-05-17 10:00:00,57550.950575068506
2013-05-17 11:00:00,58240.477744267424
2013-05-17 12:00:00,58318.49280093934
2013-05-17 13:00:00,57961.27195491648
2013-05-17 14:00:00,57450.528576990066
2013-05-17 15:00:00,56479.55982059795
2013-05-17 16:00:00,56047.552002723525
2013-05-17 17:00:00,58057.45437482709
2013-05-17 18:00:00,57880.190558448994
2013-05-17 19:00:00,57519.584057334876
2013-05-17 20:00:00,56060.70566799317
2013-05-17 21:00:00,52806.795584211904
2013-05-17 22:00:00,52019.46123090963
2013-05-17 23:00:00,52019.46123090963
2013-05-18 00:00:00,52019.46123090963
2013-05-18 01:00:00,52019.46123090963
2013-05-18 02:00:00,52019.46123090963
2013-05-18 03:00:00,52019.46123090963
2013-05-18 04:00:00,52019.46123090963
2013-05-18 05:00:00,52019.46123090963
2013-05-18 06:00:00,52019.46123090963
2013-05-18 07:00:00,52019.46123090963
2013-05-18 08:00:00,52019.46123090963
2013-05-18 09:00:00,53698.20743920185
2013-05-18 10:00:00,55125.692941311536
2013-05-18 11:00:00,56831.28466351459
2013-05-18 12:00:00,57380.69461087187
2013-05-18 13:00:00,55788.24216305432
2013-05-18 14:00:00,54199.2610710294
2013-05-18 15:00:00,52168.4635117715
2013-05-18 16:00:00,52019.46123090963
2013-05-18 17:00:00,55815.043770420685
2013-05-18 18:00:00,55928.900525222045
2013-05-18 19:00:00,55283.069096787
2013-05-18 20:00:00,53787.79861874438
2013-05-18 21:00:00,52019.46123090963
2013-05-18 22:00:00,52019.46123090963
2013-05-18 23:00:00,52019.46123090963
2013-05-19 00:00:00,52019.46123090963
2013-05-19 01:00:00,52019.46123090963
2013-05-19 02:00:00,52019.46123090963
2013-05-19 03:00:00,52019.46123090963
2013-05-19 04:00:00,52019.46123090963
2013-05-19 05:00:00,52019.46123090963
2013-05-19 06:00:00,52019.46123090963
2013-05-19 07:00:00,52019.46123090963
2013-05-19 08:00:00,52144.638903117826
2013-05-19 09:00:00,53616.983607251925
2013-05-19 10:00:00,55339.70862813039
2013-05-19 11:00:00,56985.14498627927
2013-05-19 12:00:00,57109.72952669299
2013-05-19 13:00:00,56518.65902085093
2013-05-19 14:00:00,54980.41523703186
2013-05-19 15:00:00,53804.78537484377
2013-05-19 16:00:00,54346.32324369941
2013-05-19 17:00:00,57178.03942306063
2013-05-19 18:00:00,57186.18031232766
2013-05-19 19:00:00,56571.839760071234
2013-05-19 20:00:00,54888.886425390614
2013-05-19 21:00:00,52019.46123090963
2013-05-19 22:00:00,52019.46123090963
2013-05-19 23:00:00,52019.46123090963
2013-05-20 00:00:00,52019.46123090963
2013-05-20 01:00:00,52019.46123090963
2013-05-20 02:00:00,52019.46123090963
2013-05-20 03:00:00,52019.46123090963
2013-05-20 04:00:00,52019.46123090963
2013-05-20 05:00:00,52019.46123090963
2013-05-20 06:00:00,52019.46123090963
2013-05-20 07:00:00,52019.46123090963
2013-05-20 08:00:00,53443.05845831576
2013-05-20 09:00:00,55102.99494491601
2013-05-20 10:00:00,56294.95958034776
2013-05-20 11:00:00,57453.84638892439
2013-05-20 12:00:00,57630.24300878019
2013-05-20 13:00:00,56781.071668206976
2013-05-20 14:00:00,55816.07169256718
2013-05-20 15:00:00,54318.12766268119
2013-05-20 16:00:00,53984.8565106607
2013-05-20 17:00:00,57109.671145873726
2013-05-20 18:00:00,56922.15231279757
2013-05-20 19:00:00,56315.71027118411
2013-05-20 20:00:00,54299.75667004359
2013-05-20 21:00:00,52019.46123090963
2013-05-20 22:00:00,52019.46123090963
2013-05-20 23:00:00,52019.46123090963
2013-05-21 00:00:00,52019.46123090963
2013-05-21 01:00:00,52019.46123090963
2013-05-21 02:00:00,52019.46123090963
2013-05-21 03:00:00,52019.46123090963
2013-05-21 04:00:00,52019.46123090963
2013-05-21 05:00:00,52019.46123090963
2013-05-21 06:00:00,52019.46123090963
2013-05-21 07:00:00,52019.46123090963
2013-05-21 08:00:00,52579.636718330185
2013-05-21 09:00:00,54563.28352934602
2013-05-21 10:00:00,56151.1687158898
2013-05-21 11:00:00,57296.11589780853
2013-05-21 12:00:00,57512.087980574936
2013-05-21 13:00:00,56608.58978356673
2013-05-21 14:00:00,55730.27740147463
2013-05-21 15:00:00,54054.53805129364
2013-05-21 16:00:00,53818.702219997285
2013-05-21 17:00:00,56800.27251786427
2013-05-21 18:00:00,56873.795386289625
2013-05-21 19:00:00,56271.68804651672
2013-05-21 20:00:00,54297.6193731891
2013-05-21 21:00:00,52019.46123090963
2013-05-21 22:00:00,52019.46123090963
2013-05-21 23:00:00,52019.46123090963
2013-05-22 00:00:00,52019.46123090963
2013-05-22 01:00:00,52019.46123090963
2013-05-22 02:00:00,52019.46123090963
2013-05-22 03:00:00,52019.46123090963
2013-05-22 04:00:00,52019.46123090963
2013-05-22 05:00:00,52019.46123090963
2013-05-22 06:00:00,52019.46123090963
2013-05-22 07:00:00,52019.46123090963
2013-05-22 08:00:00,53178.08906823368
2013-05-22 09:00:00,55062.277816688715
2013-05-22 10:00:00,56125.89331721885
2013-05-22 11:00:00,57181.37361776345
2013-05-22 12:00:00,57485.16964753273
2013-05-22 13:00:00,56883.94632833601
2013-05-22 14:00:00,55714.67262347935
2013-05-22 15:00:00,54436.84241458022
2013-05-22 16:00:00,53780.73730163809
2013-05-22 17:00:00,57208.1587561138
2013-05-22 18:00:00,56868.721872541646
2013-05-22 19:00:00,56096.81046987511
2013-05-22 20:00:00,54465.0177469607
2013-05-22 21:00:00,52019.46123090963
2013-05-22 22:00:00,52019.46123090963
2013-05-22 23:00:00,52019.46123090963
2013-05-23 00:00:00,52019.46123090963
2013-05-23 01:00:00,52019.46123090963
2013-05-23 02:00:00,52019.46123090963
2013-05-23 03:00:00,52019.46123090963
2013-05-23 04:00:00,52019.46123090963
2013-05-23 05:00:00,52019.46123090963
2013-05-23 06:00:00,52019.46123090963
2013-05-23 07:00:00,52019.46123090963
2013-05-23 08:00:00,53291.44271003329
2013-05-23 09:00:00,54962.36784742904
2013-05-23 10:00:00,56301.024753336096
2013-05-23 11:00:00,57284.373515269894
2013-05-23 12:00:00,57599.63107725406
2013-05-23 13:00:00,56716.197803166324
2013-05-23 14:00:00,55880.253150367265
2013-05-23 15:00:00,54352.19729181039
2013-05-23 16:00:00,54382.412608306506
2013-05-23 17:00:00,56992.461920540016
2013-05-23 18:00:00,56995.807978237724
2013-05-23 19:00:00,56485.20567665917
2013-05-23 20:00:00,54289.06557608957
2013-05-23 21:00:00,52019.46123090963
2013-05-23 22:00:00,52019.46123090963
2013-05-23 23:00:00,52019.46123090963
2013-05-24 00:00:00,52019.46123090963
2013-05-24 01:00:00,52019.46123090963
2013-05-24 02:00:00,52019.46123090963
2013-05-24 03:00:00,52019.46123090963
2013-05-24 04:00:00,52019.46123090963
2013-05-24 05:00:00,52019.46123090963
2013-05-24 06:00:00,52019.46123090963
2013-05-24 07:00:00,52019.46123090963
2013-05-24 08:00:00,53038.46207017593
2013-05-24 09:00:00,55044.75183481545
2013-05-24 10:00:00,56340.208817867555
2013-05-24 11:00:00,57470.51043285107
2013-05-24 12:00:00,57559.190557417
2013-05-24 13:00:00,56730.88538271575
2013-05-24 14:00:00,55655.27733099343
2013-05-24 15:00:00,53735.40215216019
2013-05-24 16:00:00,54122.652481781806
2013-05-24 17:00:00,57086.437279192636
2013-05-24 18:00:00,56736.83963476304
2013-05-24 19:00:00,55403.96106923368
2013-05-24 20:00:00,54410.252282333124
2013-05-24 21:00:00,52019.46123090963
2013-05-24 22:00:00,52019.46123090963
2013-05-24 23:00:00,52019.46123090963
2013-05-25 00:00:00,52019.46123090963
2013-05-25 01:00:00,52019.46123090963
2013-05-25 02:00:00,52019.46123090963
2013-05-25 03:00:00,52019.46123090963
2013-05-25 04:00:00,52019.46123090963
2013-05-25 05:00:00,52019.46123090963
2013-05-25 06:00:00,52019.46123090963
2013-05-25 07:00:00,52019.46123090963
2013-05-25 08:00:00,52019.46123090963
2013-05-25 09:00:00,52143.31922769954
2013-05-25 10:00:00,53518.84602157391
2013-05-25 11:00:00,55647.129611936885
2013-05-25 12:00:00,56414.16522629036
2013-05-25 13:00:00,53632.45484836701
2013-05-25 14:00:00,52019.46123090963
2013-05-25 15:00:00,52019.46123090963
2013-05-25 16:00:00,52019.46123090963
2013-05-25 17:00:00,53620.49879697306
2013-05-25 18:00:00,54106.39151536576
2013-05-25 19:00:00,53367.22852387438
2013-05-25 20:00:00,52019.46123090963
2013-05-25 21:00:00,52019.46123090963
2013-05-25 22:00:00,52019.46123090963
2013-05-25 23:00:00,52019.46123090963
2013-05-26 00:00:00,52019.46123090963
2013-05-26 01:00:00,52019.46123090963
2013-05-26 02:00:00,52019.46123090963
2013-05-26 03:00:00,52019.46123090963
2013-05-26 04:00:00,52019.46123090963
2013-05-26 05:00:00,52019.46123090963
2013-05-26 06:00:00,52019.46123090963
2013-05-26 07:00:00,52019.46123090963
2013-05-26 08:00:00,52019.46123090963
2013-05-26 09:00:00,53257.84180813761
2013-05-26 10:00:00,54955.97717976825
2013-05-26 11:00:00,56396.38158456365
2013-05-26 12:00:00,56833.95855595534
2013-05-26 13:00:00,55740.106428713196
2013-05-26 14:00:00,54461.25520638631
2013-05-26 15:00:00,52579.636718330185
2013-05-26 16:00:00,53129.87040923119
2013-05-26 17:00:00,55942.54907496608
2013-05-26 18:00:00,56586.30398806669
2013-05-26 19:00:00,55811.50588016038
2013-05-26 20:00:00,53910.15929317411
2013-05-26 21:00:00,52019.46123090963
2013-05-26 22:00:00,52019.46123090963
2013-05-26 23:00:00,52019.46123090963
2013-05-27 00:00:00,52019.46123090963
2013-05-27 01:00:00,52019.46123090963
2013-05-27 02:00:00,52019.46123090963
2013-05-27 03:00:00,52019.46123090963
2013-05-27 04:00:00,52019.46123090963
2013-05-27 05:00:00,52019.46123090963
2013-05-27 06:00:00,52019.46123090963
2013-05-27 07:00:00,52019.46123090963
2013-05-27 08:00:00,52914.4468779024
2013-05-27 09:00:00,54619.175158005215
2013-05-27 10:00:00,55828.98614830382
2013-05-27 11:00:00,56898.657534229314
2013-05-27 12:00:00,57172.47480055902
2013-05-27 13:00:00,56243.13010343466
2013-05-27 14:00:00,54605.04714419319
2013-05-27 15:00:00,53217.48796163863
2013-05-27 16:00:00,53735.934785900135
2013-05-27 17:00:00,56368.27046729982
2013-05-27 18:00:00,56306.405223144335
2013-05-27 19:00:00,55588.62999969281
2013-05-27 20:00:00,53494.20714551425
2013-05-27 21:00:00,52019.46123090963
2013-05-27 22:00:00,52019.46123090963
2013-05-27 23:00:00,52019.46123090963
2013-05-28 00:00:00,52019.46123090963
2013-05-28 01:00:00,52019.46123090963
2013-05-28 02:00:00,52019.46123090963
2013-05-28 03:00:00,52019.46123090963
2013-05-28 04:00:00,52019.46123090963
2013-05-28 05:00:00,52019.46123090963
2013-05-28 06:00:00,52019.46123090963
2013-05-28 07:00:00,52019.46123090963
2013-05-28 08:00:00,52049.31759186785
2013-05-28 09:00:00,53927.97049343979
2013-05-28 10:00:00,55402.65004302289
2013-05-28 11:00:00,56944.72401985965
2013-05-28 12:00:00,56729.236789373215
2013-05-28 13:00:00,55987.464397727155
2013-05-28 14:00:00,54368.3476055024
2013-05-28 15:00:00,52883.93988099333
2013-05-28 16:00:00,53257.35944385871
2013-05-28 17:00:00,56248.83655007033
2013-05-28 18:00:00,56307.9177964565
2013-05-28 19:00:00,55796.160779691854
2013-05-28 20:00:00,53521.5481573548
2013-05-28 21:00:00,52019.46123090963
2013-05-28 22:00:00,52019.46123090963
2013-05-28 23:00:00,52019.46123090963
2013-05-29 00:00:00,52019.46123090963
2013-05-29 01:00:00,52019.46123090963
2013-05-29 02:00:00,52019.46123090963
2013-05-29 03:00:00,52019.46123090963
2013-05-29 04:00:00,52019.46123090963
2013-05-29 05:00:00,52019.46123090963
2013-05-29 06:00:00,52019.46123090963
2013-05-29 07:00:00,52019.46123090963
2013-05-29 08:00:00,52789.87323184687
2013-05-29 09:00:00,54429.352904615866
2013-05-29 10:00:00,55811.99589079156
2013-05-29 11:00:00,57026.13968702265
2013-05-29 12:00:00,56939.87983001058
2013-05-29 13:00:00,56029.833503870315
2013-05-29 14:00:00,54881.32517810985
2013-05-29 15:00:00,53557.03155909855
2013-05-29 16:00:00,53404.67329516364
2013-05-29 17:00:00,56444.79692531836
2013-05-29 18:00:00,56432.784475387016
2013-05-29 19:00:00,55570.80023134507
2013-05-29 20:00:00,53785.563190177716
2013-05-29 21:00:00,52019.46123090963
2013-05-29 22:00:00,52019.46123090963
2013-05-29 23:00:00,52019.46123090963
2013-05-30 00:00:00,52019.46123090963
2013-05-30 01:00:00,52019.46123090963
2013-05-30 02:00:00,52019.46123090963
2013-05-30 03:00:00,52019.46123090963
2013-05-30 04:00:00,52019.46123090963
2013-05-30 05:00:00,52019.46123090963
2013-05-30 06:00:00,52019.46123090963
2013-05-30 07:00:00,52019.46123090963
2013-05-30 08:00:00,52858.100842984895
2013-05-30 09:00:00,54910.88098901739
2013-05-30 10:00:00,55998.78317901352
2013-05-30 11:00:00,57240.03567604113
2013-05-30 12:00:00,57259.69794243706
2013-05-30 13:00:00,55911.48463083632
2013-05-30 14:00:00,54871.34132307054
2013-05-30 15:00:00,53500.14492217422
2013-05-30 16:00:00,53266.60035575008
2013-05-30 17:00:00,56430.20868312765
2013-05-30 18:00:00,56521.47096739166
2013-05-30 19:00:00,55641.75783577
2013-05-30 20:00:00,53787.79861874438
2013-05-30 21:00:00,52019.46123090963
2013-05-30 22:00:00,52019.46123090963
2013-05-30 23:00:00,52019.46123090963
2013-05-31 00:00:00,52019.46123090963
2013-05-31 01:00:00,52019.46123090963
2013-05-31 02:00:00,52019.46123090963
2013-05-31 03:00:00,52019.46123090963
2013-05-31 04:00:00,52019.46123090963
2013-05-31 05:00:00,52019.46123090963
2013-05-31 06:00:00,52019.46123090963
2013-05-31 07:00:00,52019.46123090963
2013-05-31 08:00:00,52787.517905613095
2013-05-31 09:00:00,54521.64679259946
2013-05-31 10:00:00,55956.108691564616
2013-05-31 11:00:00,57265.01927168263
2013-05-31 12:00:00,57456.875502392664
2013-05-31 13:00:00,56505.813477587166
2013-05-31 14:00:00,55399.69528961717
2013-05-31 15:00:00,53640.84231943074
2013-05-31 16:00:00,53771.788633182645
2013-05-31 17:00:00,56620.6405148846
2013-05-31 18:00:00,56660.10135721005
2013-05-31 19:00:00,55919.19602621804
2013-05-31 20:00:00,54094.70102299407
2013-05-31 21:00:00,52019.46123090963
2013-05-31 22:00:00,52019.46123090963
2013-05-31 23:00:00,52019.46123090963
2013-06-01 00:00:00,52019.46123090963
2013-06-01 01:00:00,52019.46123090963
2013-06-01 02:00:00,52019.46123090963
2013-06-01 03:00:00,52019.46123090963
2013-06-01 04:00:00,52019.46123090963
2013-06-01 05:00:00,52019.46123090963
2013-06-01 06:00:00,52019.46123090963
2013-06-01 07:00:00,52019.46123090963
2013-06-01 08:00:00,52019.46123090963
2013-06-01 09:00:00,52388.48376674271
2013-06-01 10:00:00,54254.37583374131
2013-06-01 11:00:00,56311.25651358364
2013-06-01 12:00:00,56733.23220993606
2013-06-01 13:00:00,53905.491776309864
2013-06-01 14:00:00,52019.46123090963
2013-06-01 15:00:00,52019.46123090963
2013-06-01 16:00:00,52019.46123090963
2013-06-01 17:00:00,53960.1041047284
2013-06-01 18:00:00,54803.413802678966
2013-06-01 19:00:00,54243.01763168723
2013-06-01 20:00:00,52378.8554487206
2013-06-01 21:00:00,52019.46123090963
2013-06-01 22:00:00,52019.46123090963
2013-06-01 23:00:00,52019.46123090963
2013-06-02 00:00:00,52019.46123090963
2013-06-02 01:00:00,52019.46123090963
2013-06-02 02:00:00,52019.46123090963
2013-06-02 03:00:00,52019.46123090963
2013-06-02 04:00:00,52019.46123090963
2013-06-02 05:00:00,52019.46123090963
2013-06-02 06:00:00,52019.46123090963
2013-06-02 07:00:00,52019.46123090963
2013-06-02 08:00:00,52019.46123090963
2013-06-02 09:00:00,53695.957391239164
2013-06-02 10:00:00,55384.20843523545
2013-06-02 11:00:00,56976.6230249296
2013-06-02 12:00:00,57200.44444022659
2013-06-02 13:00:00,56146.566347611515
2013-06-02 14:00:00,54760.63475867773
2013-06-02 15:00:00,53203.59102007314
2013-06-02 16:00:00,53468.74281496082
2013-06-02 17:00:00,56637.164306652194
2013-06-02 18:00:00,56275.262029747726
2013-06-02 19:00:00,55453.44691350633
2013-06-02 20:00:00,53743.01945242541
2013-06-02 21:00:00,52019.46123090963
2013-06-02 22:00:00,52019.46123090963
2013-06-02 23:00:00,52019.46123090963
2013-06-03 00:00:00,52019.46123090963
2013-06-03 01:00:00,52019.46123090963
2013-06-03 02:00:00,52019.46123090963
2013-06-03 03:00:00,52019.46123090963
2013-06-03 04:00:00,52019.46123090963
2013-06-03 05:00:00,52019.46123090963
2013-06-03 06:00:00,52019.46123090963
2013-06-03 07:00:00,52019.46123090963
2013-06-03 08:00:00,53417.878919876886
2013-06-03 09:00:00,55054.49408871438
2013-06-03 10:00:00,56326.69207548516
2013-06-03 11:00:00,57470.51043285107
2013-06-03 12:00:00,57520.657438676026
2013-06-03 13:00:00,56583.54704261465
2013-06-03 14:00:00,55699.01860613716
2013-06-03 15:00:00,53889.33960061767
2013-06-03 16:00:00,53960.62749932953
2013-06-03 17:00:00,56543.79564490692
2013-06-03 18:00:00,56754.07042385041
2013-06-03 19:00:00,56072.802369276375
2013-06-03 20:00:00,54228.98414016736
2013-06-03 21:00:00,52019.46123090963
2013-06-03 22:00:00,52019.46123090963
2013-06-03 23:00:00,52019.46123090963
2013-06-04 00:00:00,52019.46123090963
2013-06-04 01:00:00,52019.46123090963
2013-06-04 02:00:00,52019.46123090963
2013-06-04 03:00:00,52019.46123090963
2013-06-04 04:00:00,52019.46123090963
2013-06-04 05:00:00,52019.46123090963
2013-06-04 06:00:00,52019.46123090963
2013-06-04 07:00:00,52019.46123090963
2013-06-04 08:00:00,53372.00429555308
2013-06-04 09:00:00,54760.31390762759
2013-06-04 10:00:00,55889.64396077709
2013-06-04 11:00:00,57185.8543964156
2013-06-04 12:00:00,57433.137819562544
2013-06-04 13:00:00,56337.32810501588
2013-06-04 14:00:00,54873.33917463046
2013-06-04 15:00:00,53470.484456497514
2013-06-04 16:00:00,53416.13186683753
2013-06-04 17:00:00,56549.44602227307
2013-06-04 18:00:00,56693.32298257802
2013-06-04 19:00:00,56021.12164410263
2013-06-04 20:00:00,53938.90809569947
2013-06-04 21:00:00,52019.46123090963
2013-06-04 22:00:00,52019.46123090963
2013-06-04 23:00:00,52019.46123090963
2013-06-05 00:00:00,52019.46123090963
2013-06-05 01:00:00,52019.46123090963
2013-06-05 02:00:00,52019.46123090963
2013-06-05 03:00:00,52019.46123090963
2013-06-05 04:00:00,52019.46123090963
2013-06-05 05:00:00,52019.46123090963
2013-06-05 06:00:00,52019.46123090963
2013-06-05 07:00:00,52019.46123090963
2013-06-05 08:00:00,53443.05845831576
2013-06-05 09:00:00,54987.97207278498
2013-06-05 10:00:00,56232.224243825855
2013-06-05 11:00:00,57513.92033672011
2013-06-05 12:00:00,57496.753990334124
2013-06-05 13:00:00,56472.762218464406
2013-06-05 14:00:00,54877.33325738532
2013-06-05 15:00:00,53864.92074484212
2013-06-05 16:00:00,53361.06262457144
2013-06-05 17:00:00,56945.99340859634
2013-06-05 18:00:00,56609.940343102586
2013-06-05 19:00:00,55942.41817052304
2013-06-05 20:00:00,54418.69892830172
2013-06-05 21:00:00,52019.46123090963
2013-06-05 22:00:00,52019.46123090963
2013-06-05 23:00:00,52019.46123090963
2013-06-06 00:00:00,52019.46123090963
2013-06-06 01:00:00,52019.46123090963
2013-06-06 02:00:00,52019.46123090963
2013-06-06 03:00:00,52019.46123090963
2013-06-06 04:00:00,52019.46123090963
2013-06-06 05:00:00,52019.46123090963
2013-06-06 06:00:00,52019.46123090963
2013-06-06 07:00:00,52019.46123090963
2013-06-06 08:00:00,53319.103194423216
2013-06-06 09:00:00,54869.02663623594
2013-06-06 10:00:00,55969.28360932638
2013-06-06 11:00:00,57176.884066308696
2013-06-06 12:00:00,57437.114451903646
2013-06-06 13:00:00,56232.34631182174
2013-06-06 14:00:00,54988.28318090145
2013-06-06 15:00:00,53620.49879697306
2013-06-06 16:00:00,53498.406419946245
2013-06-06 17:00:00,56741.1399777908
2013-06-06 18:00:00,56470.559032652265
2013-06-06 19:00:00,55949.030939142685
2013-06-06 20:00:00,53938.90809569947
2013-06-06 21:00:00,52019.46123090963
2013-06-06 22:00:00,52019.46123090963
2013-06-06 23:00:00,52019.46123090963
2013-06-07 00:00:00,52019.46123090963
2013-06-07 01:00:00,52019.46123090963
2013-06-07 02:00:00,52019.46123090963
2013-06-07 03:00:00,52019.46123090963
2013-06-07 04:00:00,52019.46123090963
2013-06-07 05:00:00,52019.46123090963
2013-06-07 06:00:00,52019.46123090963
2013-06-07 07:00:00,52019.46123090963
2013-06-07 08:00:00,53106.05627895219
2013-06-07 09:00:00,54818.88997670444
2013-06-07 10:00:00,56039.423843947574
2013-06-07 11:00:00,57178.007277143886
2013-06-07 12:00:00,57442.07377545312
2013-06-07 13:00:00,56420.382615078386
2013-06-07 14:00:00,54899.262016856446
2013-06-07 15:00:00,53538.85000125917
2013-06-07 16:00:00,53562.11265126681
2013-06-07 17:00:00,56543.79564490692
2013-06-07 18:00:00,56515.05974243168
2013-06-07 19:00:00,55900.86557678419
2013-06-07 20:00:00,53625.91657557298
2013-06-07 21:00:00,52019.46123090963
2013-06-07 22:00:00,52019.46123090963
2013-06-07 23:00:00,52019.46123090963
2013-06-08 00:00:00,52019.46123090963
2013-06-08 01:00:00,52019.46123090963
2013-06-08 02:00:00,52019.46123090963
2013-06-08 03:00:00,52019.46123090963
2013-06-08 04:00:00,52019.46123090963
2013-06-08 05:00:00,52019.46123090963
2013-06-08 06:00:00,52019.46123090963
2013-06-08 07:00:00,52019.46123090963
2013-06-08 08:00:00,52019.46123090963
2013-06-08 09:00:00,52561.74188865806
2013-06-08 10:00:00,53704.42161612133
2013-06-08 11:00:00,55902.61934115675
2013-06-08 12:00:00,56791.21860839924
2013-06-08 13:00:00,52809.387214575545
2013-06-08 14:00:00,52019.46123090963
2013-06-08 15:00:00,52019.46123090963
2013-06-08 16:00:00,52019.46123090963
2013-06-08 17:00:00,53038.46207017593
2013-06-08 18:00:00,53789.73642972268
2013-06-08 19:00:00,53147.72691745753
2013-06-08 20:00:00,52019.46123090963
2013-06-08 21:00:00,52019.46123090963
2013-06-08 22:00:00,52019.46123090963
2013-06-08 23:00:00,52019.46123090963
2013-06-09 00:00:00,52019.46123090963
2013-06-09 01:00:00,52019.46123090963
2013-06-09 02:00:00,52019.46123090963
2013-06-09 03:00:00,52019.46123090963
2013-06-09 04:00:00,52019.46123090963
2013-06-09 05:00:00,52019.46123090963
2013-06-09 06:00:00,52019.46123090963
2013-06-09 07:00:00,52019.46123090963
2013-06-09 08:00:00,52019.46123090963
2013-06-09 09:00:00,52019.46123090963
2013-06-09 10:00:00,53564.31812829358
2013-06-09 11:00:00,55527.85475501629
2013-06-09 12:00:00,56082.62983409231
2013-06-09 13:00:00,54504.605698782885
2013-06-09 14:00:00,52901.78902175186
2013-06-09 15:00:00,52019.46123090963
2013-06-09 16:00:00,52114.22841751774
2013-06-09 17:00:00,55744.7898400568
2013-06-09 18:00:00,55947.11714080109
2013-06-09 19:00:00,55220.75138109448
2013-06-09 20:00:00,53039.385510605185
2013-06-09 21:00:00,52019.46123090963
2013-06-09 22:00:00,52019.46123090963
2013-06-09 23:00:00,52019.46123090963
2013-06-10 00:00:00,52019.46123090963
2013-06-10 01:00:00,52019.46123090963
2013-06-10 02:00:00,52019.46123090963
2013-06-10 03:00:00,52019.46123090963
2013-06-10 04:00:00,52019.46123090963
2013-06-10 05:00:00,52019.46123090963
2013-06-10 06:00:00,52019.46123090963
2013-06-10 07:00:00,52019.46123090963
2013-06-10 08:00:00,53140.94049823474
2013-06-10 09:00:00,54410.3589653732
2013-06-10 10:00:00,55486.71942576142
2013-06-10 11:00:00,56960.72204957794
2013-06-10 12:00:00,57272.6516955779
2013-06-10 13:00:00,55878.04439862133
2013-06-10 14:00:00,54327.94424035455
2013-06-10 15:00:00,52930.85987363169
2013-06-10 16:00:00,52797.49712551563
2013-06-10 17:00:00,55684.00672427782
2013-06-10 18:00:00,56143.372112949044
2013-06-10 19:00:00,55473.483886949274
2013-06-10 20:00:00,53326.92287145735
2013-06-10 21:00:00,52019.46123090963
2013-06-10 22:00:00,52019.46123090963
2013-06-10 23:00:00,52019.46123090963
2013-06-11 00:00:00,52019.46123090963
2013-06-11 01:00:00,52019.46123090963
2013-06-11 02:00:00,52019.46123090963
2013-06-11 03:00:00,52019.46123090963
2013-06-11 04:00:00,52019.46123090963
2013-06-11 05:00:00,52019.46123090963
2013-06-11 06:00:00,52019.46123090963
2013-06-11 07:00:00,52019.46123090963
2013-06-11 08:00:00,52480.05576762318
2013-06-11 09:00:00,54348.89379374176
2013-06-11 10:00:00,55614.000501331866
2013-06-11 11:00:00,56922.41216395264
2013-06-11 12:00:00,57235.74819057745
2013-06-11 13:00:00,56015.214386846215
2013-06-11 14:00:00,54486.431467014634
2013-06-11 15:00:00,52865.15012216976
2013-06-11 16:00:00,52966.552636294095
2013-06-11 17:00:00,55798.00331214904
2013-06-11 18:00:00,56073.35089722729
2013-06-11 19:00:00,55387.37005228744
2013-06-11 20:00:00,53366.021820452625
2013-06-11 21:00:00,52019.46123090963
2013-06-11 22:00:00,52019.46123090963
2013-06-11 23:00:00,52019.46123090963
2013-06-12 00:00:00,52019.46123090963
2013-06-12 01:00:00,52019.46123090963
2013-06-12 02:00:00,52019.46123090963
2013-06-12 03:00:00,52019.46123090963
2013-06-12 04:00:00,52019.46123090963
2013-06-12 05:00:00,52019.46123090963
2013-06-12 06:00:00,52019.46123090963
2013-06-12 07:00:00,52019.46123090963
2013-06-12 08:00:00,53233.68909685684
2013-06-12 09:00:00,54719.658304844066
2013-06-12 10:00:00,55764.0980322145
2013-06-12 11:00:00,57124.62062176926
2013-06-12 12:00:00,57190.41478570537
2013-06-12 13:00:00,55984.18799558298
2013-06-12 14:00:00,54660.66274700694
2013-06-12 15:00:00,52818.12359274944
2013-06-12 16:00:00,52968.89339871903
2013-06-12 17:00:00,56029.3666697126
2013-06-12 18:00:00,56317.73454959321
2013-06-12 19:00:00,55602.85048788492
2013-06-12 20:00:00,53747.5040148209
2013-06-12 21:00:00,52019.46123090963
2013-06-12 22:00:00,52019.46123090963
2013-06-12 23:00:00,52019.46123090963
2013-06-13 00:00:00,52019.46123090963
2013-06-13 01:00:00,52019.46123090963
2013-06-13 02:00:00,52019.46123090963
2013-06-13 03:00:00,52019.46123090963
2013-06-13 04:00:00,52019.46123090963
2013-06-13 05:00:00,52019.46123090963
2013-06-13 06:00:00,52019.46123090963
2013-06-13 07:00:00,52019.46123090963
2013-06-13 08:00:00,52678.995988923845
2013-06-13 09:00:00,54342.5126713742
2013-06-13 10:00:00,55528.28209536081
2013-06-13 11:00:00,56627.49651462994
2013-06-13 12:00:00,57033.400192400615
2013-06-13 13:00:00,55541.01094380808
2013-06-13 14:00:00,53917.2615310873
2013-06-13 15:00:00,52423.067847739665
2013-06-13 16:00:00,52354.70281397077
2013-06-13 17:00:00,55615.40190432109
2013-06-13 18:00:00,56003.768279378775
2013-06-13 19:00:00,55249.15567006642
2013-06-13 20:00:00,52815.52473608342
2013-06-13 21:00:00,52019.46123090963
2013-06-13 22:00:00,52019.46123090963
2013-06-13 23:00:00,52019.46123090963
2013-06-14 00:00:00,52019.46123090963
2013-06-14 01:00:00,52019.46123090963
2013-06-14 02:00:00,52019.46123090963
2013-06-14 03:00:00,52019.46123090963
2013-06-14 04:00:00,52019.46123090963
2013-06-14 05:00:00,52019.46123090963
2013-06-14 06:00:00,52019.46123090963
2013-06-14 07:00:00,52019.46123090963
2013-06-14 08:00:00,52629.346490500655
2013-06-14 09:00:00,54581.95488798887
2013-06-14 10:00:00,55484.90519358902
2013-06-14 11:00:00,56698.320720414005
2013-06-14 12:00:00,57088.8296213134
2013-06-14 13:00:00,56028.21162149731
2013-06-14 14:00:00,54138.655361833786
2013-06-14 15:00:00,52251.819638411696
2013-06-14 16:00:00,52482.992357312236
2013-06-14 17:00:00,55944.20314078098
2013-06-14 18:00:00,56070.94277553071
2013-06-14 19:00:00,55426.00804556253
2013-06-14 20:00:00,53402.74350410239
2013-06-14 21:00:00,52019.46123090963
2013-06-14 22:00:00,52019.46123090963
2013-06-14 23:00:00,52019.46123090963
2013-06-15 00:00:00,52019.46123090963
2013-06-15 01:00:00,52019.46123090963
2013-06-15 02:00:00,52019.46123090963
2013-06-15 03:00:00,52019.46123090963
2013-06-15 04:00:00,52019.46123090963
2013-06-15 05:00:00,52019.46123090963
2013-06-15 06:00:00,52019.46123090963
2013-06-15 07:00:00,52019.46123090963
2013-06-15 08:00:00,52019.46123090963
2013-06-15 09:00:00,52781.50191796073
2013-06-15 10:00:00,53991.39288589277
2013-06-15 11:00:00,55784.27793858681
2013-06-15 12:00:00,56780.760821560856
2013-06-15 13:00:00,53436.853711974916
2013-06-15 14:00:00,52019.46123090963
2013-06-15 15:00:00,52019.46123090963
2013-06-15 16:00:00,52019.46123090963
2013-06-15 17:00:00,53040.79612842953
2013-06-15 18:00:00,53781.9119288594
2013-06-15 19:00:00,53208.041090850784
2013-06-15 20:00:00,52019.46123090963
2013-06-15 21:00:00,52019.46123090963
2013-06-15 22:00:00,52019.46123090963
2013-06-15 23:00:00,52019.46123090963
2013-06-16 00:00:00,52019.46123090963
2013-06-16 01:00:00,52019.46123090963
2013-06-16 02:00:00,52019.46123090963
2013-06-16 03:00:00,52019.46123090963
2013-06-16 04:00:00,52019.46123090963
2013-06-16 05:00:00,52019.46123090963
2013-06-16 06:00:00,52019.46123090963
2013-06-16 07:00:00,52019.46123090963
2013-06-16 08:00:00,52019.46123090963
2013-06-16 09:00:00,53507.99848991551
2013-06-16 10:00:00,54589.74874510455
2013-06-16 11:00:00,56371.20184290011
2013-06-16 12:00:00,56762.36869892142
2013-06-16 13:00:00,55578.59388510628
2013-06-16 14:00:00,53714.303373033625
2013-06-16 15:00:00,52019.46123090963
2013-06-16 16:00:00,52228.574406612526
2013-06-16 17:00:00,55545.8796167131
2013-06-16 18:00:00,55968.54994006746
2013-06-16 19:00:00,55324.263170580125
2013-06-16 20:00:00,53111.631240792594
2013-06-16 21:00:00,52019.46123090963
2013-06-16 22:00:00,52019.46123090963
2013-06-16 23:00:00,52019.46123090963
2013-06-17 00:00:00,52019.46123090963
2013-06-17 01:00:00,52019.46123090963
2013-06-17 02:00:00,52019.46123090963
2013-06-17 03:00:00,52019.46123090963
2013-06-17 04:00:00,52019.46123090963
2013-06-17 05:00:00,52019.46123090963
2013-06-17 06:00:00,52019.46123090963
2013-06-17 07:00:00,52019.46123090963
2013-06-17 08:00:00,52332.7329057083
2013-06-17 09:00:00,54399.79001537859
2013-06-17 10:00:00,55526.481595182566
2013-06-17 11:00:00,57008.134933735135
2013-06-17 12:00:00,57293.00418239875
2013-06-17 13:00:00,56066.96674343458
2013-06-17 14:00:00,54395.8939364571
2013-06-17 15:00:00,52197.048556254966
2013-06-17 16:00:00,52019.46123090963
2013-06-17 17:00:00,55838.79765128584
2013-06-17 18:00:00,55993.968529546095
2013-06-17 19:00:00,55192.21759056006
2013-06-17 20:00:00,53204.50764057252
2013-06-17 21:00:00,52019.46123090963
2013-06-17 22:00:00,52019.46123090963
2013-06-17 23:00:00,52019.46123090963
2013-06-18 00:00:00,52019.46123090963
2013-06-18 01:00:00,52019.46123090963
2013-06-18 02:00:00,52019.46123090963
2013-06-18 03:00:00,52019.46123090963
2013-06-18 04:00:00,52019.46123090963
2013-06-18 05:00:00,52019.46123090963
2013-06-18 06:00:00,52019.46123090963
2013-06-18 07:00:00,52019.46123090963
2013-06-18 08:00:00,52019.46123090963
2013-06-18 09:00:00,52019.46123090963
2013-06-18 10:00:00,52759.73287722653
2013-06-18 11:00:00,54743.11219359121
2013-06-18 12:00:00,55497.305805994576
2013-06-18 13:00:00,53704.59955787595
2013-06-18 14:00:00,52019.46123090963
2013-06-18 15:00:00,52019.46123090963
2013-06-18 16:00:00,52019.46123090963
2013-06-18 17:00:00,52385.04638337795
2013-06-18 18:00:00,53099.68433420241
2013-06-18 19:00:00,52456.12976126167
2013-06-18 20:00:00,52019.46123090963
2013-06-18 21:00:00,52019.46123090963
2013-06-18 22:00:00,52019.46123090963
2013-06-18 23:00:00,52019.46123090963
2013-06-19 00:00:00,52019.46123090963
2013-06-19 01:00:00,52019.46123090963
2013-06-19 02:00:00,52019.46123090963
2013-06-19 03:00:00,52019.46123090963
2013-06-19 04:00:00,52019.46123090963
2013-06-19 05:00:00,52019.46123090963
2013-06-19 06:00:00,52019.46123090963
2013-06-19 07:00:00,52019.46123090963
2013-06-19 08:00:00,52555.94561925069
2013-06-19 09:00:00,54382.85491275214
2013-06-19 10:00:00,55668.62242156934
2013-06-19 11:00:00,56931.11121560213
2013-06-19 12:00:00,57224.77549967081
2013-06-19 13:00:00,55854.49022718552
2013-06-19 14:00:00,54549.06253368503
2013-06-19 15:00:00,52643.53842330656
2013-06-19 16:00:00,52426.00733358276
2013-06-19 17:00:00,55690.991033952734
2013-06-19 18:00:00,56279.07381278077
2013-06-19 19:00:00,55468.026390426734
2013-06-19 20:00:00,53239.230661101705
2013-06-19 21:00:00,52019.46123090963
2013-06-19 22:00:00,52019.46123090963
2013-06-19 23:00:00,52019.46123090963
2013-06-20 00:00:00,52019.46123090963
2013-06-20 01:00:00,52019.46123090963
2013-06-20 02:00:00,52019.46123090963
2013-06-20 03:00:00,52019.46123090963
2013-06-20 04:00:00,52019.46123090963
2013-06-20 05:00:00,52019.46123090963
2013-06-20 06:00:00,52019.46123090963
2013-06-20 07:00:00,52019.46123090963
2013-06-20 08:00:00,53217.48796163863
2013-06-20 09:00:00,54670.59652391954
2013-06-20 10:00:00,55670.374738736136
2013-06-20 11:00:00,57044.01680467738
2013-06-20 12:00:00,57270.49809990529
2013-06-20 13:00:00,56106.9591772545
2013-06-20 14:00:00,54387.426683698635
2013-06-20 15:00:00,52704.97719341381
2013-06-20 16:00:00,52879.80101757966
2013-06-20 17:00:00,56055.235834336134
2013-06-20 18:00:00,56500.05238032985
2013-06-20 19:00:00,55748.10417555182
2013-06-20 20:00:00,53594.22740135026
2013-06-20 21:00:00,52019.46123090963
2013-06-20 22:00:00,52019.46123090963
2013-06-20 23:00:00,52019.46123090963
2013-06-21 00:00:00,52019.46123090963
2013-06-21 01:00:00,52019.46123090963
2013-06-21 02:00:00,52019.46123090963
2013-06-21 03:00:00,52019.46123090963
2013-06-21 04:00:00,52019.46123090963
2013-06-21 05:00:00,52019.46123090963
2013-06-21 06:00:00,52019.46123090963
2013-06-21 07:00:00,52019.46123090963
2013-06-21 08:00:00,53355.920179967456
2013-06-21 09:00:00,54881.009395622685
2013-06-21 10:00:00,56037.805609300485
2013-06-21 11:00:00,57377.5454590452
2013-06-21 12:00:00,57273.72768995396
2013-06-21 13:00:00,56255.417505775295
2013-06-21 14:00:00,55082.004739405886
2013-06-21 15:00:00,53302.97282255413
2013-06-21 16:00:00,53146.139050581085
2013-06-21 17:00:00,56199.366053359896
2013-06-21 18:00:00,56332.786584064204
2013-06-21 19:00:00,55525.963167602844
2013-06-21 20:00:00,53639.47707371891
2013-06-21 21:00:00,52019.46123090963
2013-06-21 22:00:00,52019.46123090963
2013-06-21 23:00:00,52019.46123090963
2013-06-22 00:00:00,52019.46123090963
2013-06-22 01:00:00,52019.46123090963
2013-06-22 02:00:00,52019.46123090963
2013-06-22 03:00:00,52019.46123090963
2013-06-22 04:00:00,52019.46123090963
2013-06-22 05:00:00,52019.46123090963
2013-06-22 06:00:00,52019.46123090963
2013-06-22 07:00:00,52019.46123090963
2013-06-22 08:00:00,52019.46123090963
2013-06-22 09:00:00,52526.187121227675
2013-06-22 10:00:00,53982.592911780375
2013-06-22 11:00:00,56087.304649246806
2013-06-22 12:00:00,56562.19494358224
2013-06-22 13:00:00,53236.66839809989
2013-06-22 14:00:00,52019.46123090963
2013-06-22 15:00:00,52019.46123090963
2013-06-22 16:00:00,52019.46123090963
2013-06-22 17:00:00,53355.920179967456
2013-06-22 18:00:00,54262.00232042051
2013-06-22 19:00:00,53613.532373405425
2013-06-22 20:00:00,52019.46123090963
2013-06-22 21:00:00,52019.46123090963
2013-06-22 22:00:00,52019.46123090963
2013-06-22 23:00:00,52019.46123090963
2013-06-23 00:00:00,52019.46123090963
2013-06-23 01:00:00,52019.46123090963
2013-06-23 02:00:00,52019.46123090963
2013-06-23 03:00:00,52019.46123090963
2013-06-23 04:00:00,52019.46123090963
2013-06-23 05:00:00,52019.46123090963
2013-06-23 06:00:00,52019.46123090963
2013-06-23 07:00:00,52019.46123090963
2013-06-23 08:00:00,52019.46123090963
2013-06-23 09:00:00,53450.93915506696
2013-06-23 10:00:00,54653.68878499791
2013-06-23 11:00:00,56087.304649246806
2013-06-23 12:00:00,56414.16522629036
2013-06-23 13:00:00,54938.33735776564
2013-06-23 14:00:00,53745.72998193638
2013-06-23 15:00:00,52239.915014484584
2013-06-23 16:00:00,52504.34665965367
2013-06-23 17:00:00,55732.692813809364
2013-06-23 18:00:00,56337.29022410479
2013-06-23 19:00:00,55391.061071284596
2013-06-23 20:00:00,53496.48732596855
2013-06-23 21:00:00,52019.46123090963
2013-06-23 22:00:00,52019.46123090963
2013-06-23 23:00:00,52019.46123090963
2013-06-24 00:00:00,52019.46123090963
2013-06-24 01:00:00,52019.46123090963
2013-06-24 02:00:00,52019.46123090963
2013-06-24 03:00:00,52019.46123090963
2013-06-24 04:00:00,52019.46123090963
2013-06-24 05:00:00,52019.46123090963
2013-06-24 06:00:00,52019.46123090963
2013-06-24 07:00:00,52019.46123090963
2013-06-24 08:00:00,53493.304959519126
2013-06-24 09:00:00,55242.58736911207
2013-06-24 10:00:00,56165.31678519225
2013-06-24 11:00:00,57279.014726485446
2013-06-24 12:00:00,57538.61698978061
2013-06-24 13:00:00,56477.09151172126
2013-06-24 14:00:00,54619.50165914457
2013-06-24 15:00:00,53050.13009837695
2013-06-24 16:00:00,52931.416278182434
2013-06-24 17:00:00,56353.364063943925
2013-06-24 18:00:00,56363.45141531622
2013-06-24 19:00:00,55847.11842906921
2013-06-24 20:00:00,54146.88165685795
2013-06-24 21:00:00,52019.46123090963
2013-06-24 22:00:00,52019.46123090963
2013-06-24 23:00:00,52019.46123090963
2013-06-25 00:00:00,52019.46123090963
2013-06-25 01:00:00,52019.46123090963
2013-06-25 02:00:00,52019.46123090963
2013-06-25 03:00:00,52019.46123090963
2013-06-25 04:00:00,52019.46123090963
2013-06-25 05:00:00,52019.46123090963
2013-06-25 06:00:00,52019.46123090963
2013-06-25 07:00:00,52019.46123090963
2013-06-25 08:00:00,53036.12778660388
2013-06-25 09:00:00,54910.88098901739
2013-06-25 10:00:00,55886.29492925269
2013-06-25 11:00:00,56960.72204957794
2013-06-25 12:00:00,57441.08292912399
2013-06-25 13:00:00,56320.78791984614
2013-06-25 14:00:00,54342.849381549415
2013-06-25 15:00:00,52775.738714071704
2013-06-25 16:00:00,52539.91736017561
2013-06-25 17:00:00,56106.50085899637
2013-06-25 18:00:00,56410.06866611062
2013-06-25 19:00:00,55945.72578459861
2013-06-25 20:00:00,53634.958289812195
2013-06-25 21:00:00,52019.46123090963
2013-06-25 22:00:00,52019.46123090963
2013-06-25 23:00:00,52019.46123090963
2013-06-26 00:00:00,52019.46123090963
2013-06-26 01:00:00,52019.46123090963
2013-06-26 02:00:00,52019.46123090963
2013-06-26 03:00:00,52019.46123090963
2013-06-26 04:00:00,52019.46123090963
2013-06-26 05:00:00,52019.46123090963
2013-06-26 06:00:00,52019.46123090963
2013-06-26 07:00:00,52019.46123090963
2013-06-26 08:00:00,52787.517905613095
2013-06-26 09:00:00,54840.99141588654
2013-06-26 10:00:00,55937.92890835543
2013-06-26 11:00:00,57140.65069652425
2013-06-26 12:00:00,57374.55360418666
2013-06-26 13:00:00,56334.32632304015
2013-06-26 14:00:00,54524.06350068935
2013-06-26 15:00:00,52792.22838619175
2013-06-26 16:00:00,52799.8517198747
2013-06-26 17:00:00,56150.83996912313
2013-06-26 18:00:00,56579.318931394766
2013-06-26 19:00:00,55682.12082573952
2013-06-26 20:00:00,53883.562435695116
2013-06-26 21:00:00,52019.46123090963
2013-06-26 22:00:00,52019.46123090963
2013-06-26 23:00:00,52019.46123090963
2013-06-27 00:00:00,52019.46123090963
2013-06-27 01:00:00,52019.46123090963
2013-06-27 02:00:00,52019.46123090963
2013-06-27 03:00:00,52019.46123090963
2013-06-27 04:00:00,52019.46123090963
2013-06-27 05:00:00,52019.46123090963
2013-06-27 06:00:00,52019.46123090963
2013-06-27 07:00:00,52019.46123090963
2013-06-27 08:00:00,53106.05627895219
2013-06-27 09:00:00,54838.98487059984
2013-06-27 10:00:00,56052.34753947269
2013-06-27 11:00:00,57304.61535845892
2013-06-27 12:00:00,57494.82826789518
2013-06-27 13:00:00,56329.819046944394
2013-06-27 14:00:00,54931.041019483346
2013-06-27 15:00:00,52919.13730706136
2013-06-27 16:00:00,52516.20637187478
2013-06-27 17:00:00,55922.65233794769
2013-06-27 18:00:00,56202.884683319935
2013-06-27 19:00:00,55611.71871205878
2013-06-27 20:00:00,53489.64582934069
2013-06-27 21:00:00,52019.46123090963
2013-06-27 22:00:00,52019.46123090963
2013-06-27 23:00:00,52019.46123090963
2013-06-28 00:00:00,52019.46123090963
2013-06-28 01:00:00,52019.46123090963
2013-06-28 02:00:00,52019.46123090963
2013-06-28 03:00:00,52019.46123090963
2013-06-28 04:00:00,52019.46123090963
2013-06-28 05:00:00,52019.46123090963
2013-06-28 06:00:00,52019.46123090963
2013-06-28 07:00:00,52019.46123090963
2013-06-28 08:00:00,53552.48814583611
2013-06-28 09:00:00,55300.93933127138
2013-06-28 10:00:00,56058.79459822172
2013-06-28 11:00:00,57451.87629926102
2013-06-28 12:00:00,57560.120094368474
2013-06-28 13:00:00,56350.805751991276
2013-06-28 14:00:00,54829.26210453577
2013-06-28 15:00:00,52968.33777827121
2013-06-28 16:00:00,52759.80036202821
2013-06-28 17:00:00,56058.458388503175
2013-06-28 18:00:00,56384.98561427968
2013-06-28 19:00:00,55678.62372237096
2013-06-28 20:00:00,53758.708991080835
2013-06-28 21:00:00,52019.46123090963
2013-06-28 22:00:00,52019.46123090963
2013-06-28 23:00:00,52019.46123090963
2013-06-29 00:00:00,52019.46123090963
2013-06-29 01:00:00,52019.46123090963
2013-06-29 02:00:00,52019.46123090963
2013-06-29 03:00:00,52019.46123090963
2013-06-29 04:00:00,52019.46123090963
2013-06-29 05:00:00,52019.46123090963
2013-06-29 06:00:00,52019.46123090963
2013-06-29 07:00:00,52019.46123090963
2013-06-29 08:00:00,52019.46123090963
2013-06-29 09:00:00,52436.00450316115
2013-06-29 10:00:00,53860.93988870527
2013-06-29 11:00:00,56312.767115705334
2013-06-29 12:00:00,56642.72223667721
2013-06-29 13:00:00,53308.246377551644
2013-06-29 14:00:00,52019.46123090963
2013-06-29 15:00:00,52019.46123090963
2013-06-29 16:00:00,52019.46123090963
2013-06-29 17:00:00,53277.59740788789
2013-06-29 18:00:00,54186.64525230897
2013-06-29 19:00:00,53518.19055746125
2013-06-29 20:00:00,52019.46123090963
2013-06-29 21:00:00,52019.46123090963
2013-06-29 22:00:00,52019.46123090963
2013-06-29 23:00:00,52019.46123090963
2013-06-30 00:00:00,52019.46123090963
2013-06-30 01:00:00,52019.46123090963
2013-06-30 02:00:00,52019.46123090963
2013-06-30 03:00:00,52019.46123090963
2013-06-30 04:00:00,52019.46123090963
2013-06-30 05:00:00,52019.46123090963
2013-06-30 06:00:00,52019.46123090963
2013-06-30 07:00:00,52019.46123090963
2013-06-30 08:00:00,52019.46123090963
2013-06-30 09:00:00,52552.26322186005
2013-06-30 10:00:00,54232.88545132296
2013-06-30 11:00:00,55912.62311005392
2013-06-30 12:00:00,56468.08421875991
2013-06-30 13:00:00,55210.051143690514
2013-06-30 14:00:00,53487.84090436605
2013-06-30 15:00:00,52373.16025148387
2013-06-30 16:00:00,52380.85645719998
2013-06-30 17:00:00,55717.09567605354
2013-06-30 18:00:00,56464.05063006891
2013-06-30 19:00:00,55680.37257725388
2013-06-30 20:00:00,53836.88259043794
2013-06-30 21:00:00,52019.46123090963
2013-06-30 22:00:00,52019.46123090963
2013-06-30 23:00:00,52019.46123090963
2013-07-01 00:00:00,52019.46123090963
2013-07-01 01:00:00,52019.46123090963
2013-07-01 02:00:00,52019.46123090963
2013-07-01 03:00:00,52019.46123090963
2013-07-01 04:00:00,52019.46123090963
2013-07-01 05:00:00,52019.46123090963
2013-07-01 06:00:00,52019.46123090963
2013-07-01 07:00:00,52019.46123090963
2013-07-01 08:00:00,53609.18481274996
2013-07-01 09:00:00,55395.7180756098
2013-07-01 10:00:00,56227.59323802848
2013-07-01 11:00:00,57494.75204027119
2013-07-01 12:00:00,57613.2043649429
2013-07-01 13:00:00,56586.33922309604
2013-07-01 14:00:00,55308.72402791249
2013-07-01 15:00:00,53383.484130710494
2013-07-01 16:00:00,53224.982308696824
2013-07-01 17:00:00,56058.458388503175
2013-07-01 18:00:00,56584.90818447926
2013-07-01 19:00:00,55857.24384501284
2013-07-01 20:00:00,54026.93654003911
2013-07-01 21:00:00,52019.46123090963
2013-07-01 22:00:00,52019.46123090963
2013-07-01 23:00:00,52019.46123090963
2013-07-02 00:00:00,52019.46123090963
2013-07-02 01:00:00,52019.46123090963
2013-07-02 02:00:00,52019.46123090963
2013-07-02 03:00:00,52019.46123090963
2013-07-02 04:00:00,52019.46123090963
2013-07-02 05:00:00,52019.46123090963
2013-07-02 06:00:00,52019.46123090963
2013-07-02 07:00:00,52019.46123090963
2013-07-02 08:00:00,54091.659022135485
2013-07-02 09:00:00,55375.40468424433
2013-07-02 10:00:00,56344.703352677694
2013-07-02 11:00:00,57525.32594495906
2013-07-02 12:00:00,57558.26053253417
2013-07-02 13:00:00,56826.54121429584
2013-07-02 14:00:00,55323.67253739676
2013-07-02 15:00:00,53550.21594405195
2013-07-02 16:00:00,53199.50672229115
2013-07-02 17:00:00,56351.87005143921
2013-07-02 18:00:00,56696.01911000873
2013-07-02 19:00:00,56035.72061975035
2013-07-02 20:00:00,54029.128804969456
2013-07-02 21:00:00,52019.46123090963
2013-07-02 22:00:00,52019.46123090963
2013-07-02 23:00:00,52019.46123090963
2013-07-03 00:00:00,52019.46123090963
2013-07-03 01:00:00,52019.46123090963
2013-07-03 02:00:00,52019.46123090963
2013-07-03 03:00:00,52019.46123090963
2013-07-03 04:00:00,52019.46123090963
2013-07-03 05:00:00,52019.46123090963
2013-07-03 06:00:00,52019.46123090963
2013-07-03 07:00:00,52019.46123090963
2013-07-03 08:00:00,54069.838018517694
2013-07-03 09:00:00,55432.46861941982
2013-07-03 10:00:00,56437.814950244814
2013-07-03 11:00:00,57507.23408314694
2013-07-03 12:00:00,57620.399475162216
2013-07-03 13:00:00,56640.30484546911
2013-07-03 14:00:00,55180.16339919261
2013-07-03 15:00:00,53242.94104446135
2013-07-03 16:00:00,52982.93353487716
2013-07-03 17:00:00,55986.99295439188
2013-07-03 18:00:00,56438.622793603055
2013-07-03 19:00:00,55945.72578459861
2013-07-03 20:00:00,53943.324985338055
2013-07-03 21:00:00,52019.46123090963
2013-07-03 22:00:00,52019.46123090963
2013-07-03 23:00:00,52019.46123090963
2013-07-04 00:00:00,52019.46123090963
2013-07-04 01:00:00,52019.46123090963
2013-07-04 02:00:00,52019.46123090963
2013-07-04 03:00:00,52019.46123090963
2013-07-04 04:00:00,52019.46123090963
2013-07-04 05:00:00,52019.46123090963
2013-07-04 06:00:00,52019.46123090963
2013-07-04 07:00:00,52019.46123090963
2013-07-04 08:00:00,53960.1041047284
2013-07-04 09:00:00,55200.83936531059
2013-07-04 10:00:00,56243.00837640492
2013-07-04 11:00:00,57359.037381234804
2013-07-04 12:00:00,57551.73668165307
2013-07-04 13:00:00,56440.846443373426
2013-07-04 14:00:00,55005.95369070158
2013-07-04 15:00:00,52801.64727442738
2013-07-04 16:00:00,52719.70122478234
2013-07-04 17:00:00,55914.335914145486
2013-07-04 18:00:00,56168.5384978583
2013-07-04 19:00:00,55498.8813549171
2013-07-04 20:00:00,53646.25264837456
2013-07-04 21:00:00,52019.46123090963
2013-07-04 22:00:00,52019.46123090963
2013-07-04 23:00:00,52019.46123090963
2013-07-05 00:00:00,52019.46123090963
2013-07-05 01:00:00,52019.46123090963
2013-07-05 02:00:00,52019.46123090963
2013-07-05 03:00:00,52019.46123090963
2013-07-05 04:00:00,52019.46123090963
2013-07-05 05:00:00,52019.46123090963
2013-07-05 06:00:00,52019.46123090963
2013-07-05 07:00:00,52019.46123090963
2013-07-05 08:00:00,54268.94459937576
2013-07-05 09:00:00,55968.0293676106
2013-07-05 10:00:00,56800.5440381469
2013-07-05 11:00:00,57561.90425036358
2013-07-05 12:00:00,57603.26116129017
2013-07-05 13:00:00,56749.474650029006
2013-07-05 14:00:00,55375.697425550235
2013-07-05 15:00:00,53559.302769695176
2013-07-05 16:00:00,53032.012773942755
2013-07-05 17:00:00,56008.23184827626
2013-07-05 18:00:00,56680.483746600796
2013-07-05 19:00:00,56120.67987681651
2013-07-05 20:00:00,54075.0693924557
2013-07-05 21:00:00,52019.46123090963
2013-07-05 22:00:00,52019.46123090963
2013-07-05 23:00:00,52019.46123090963
2013-07-06 00:00:00,52019.46123090963
2013-07-06 01:00:00,52019.46123090963
2013-07-06 02:00:00,52019.46123090963
2013-07-06 03:00:00,52019.46123090963
2013-07-06 04:00:00,52019.46123090963
2013-07-06 05:00:00,52019.46123090963
2013-07-06 06:00:00,52019.46123090963
2013-07-06 07:00:00,52019.46123090963
2013-07-06 08:00:00,52019.46123090963
2013-07-06 09:00:00,53283.2431638144
2013-07-06 10:00:00,54612.49303114242
2013-07-06 11:00:00,57006.93006769811
2013-07-06 12:00:00,57461.78406715872
2013-07-06 13:00:00,54369.79789922284
2013-07-06 14:00:00,52019.46123090963
2013-07-06 15:00:00,52019.46123090963
2013-07-06 16:00:00,52019.46123090963
2013-07-06 17:00:00,53394.956551464566
2013-07-06 18:00:00,54521.26385714806
2013-07-06 19:00:00,53875.850417124006
2013-07-06 20:00:00,52186.08116758197
2013-07-06 21:00:00,52019.46123090963
2013-07-06 22:00:00,52019.46123090963
2013-07-06 23:00:00,52019.46123090963
2013-07-07 00:00:00,52019.46123090963
2013-07-07 01:00:00,52019.46123090963
2013-07-07 02:00:00,52019.46123090963
2013-07-07 03:00:00,52019.46123090963
2013-07-07 04:00:00,52019.46123090963
2013-07-07 05:00:00,52019.46123090963
2013-07-07 06:00:00,52019.46123090963
2013-07-07 07:00:00,52019.46123090963
2013-07-07 08:00:00,52394.55381030912
2013-07-07 09:00:00,54389.20914273253
2013-07-07 10:00:00,55531.88130049136
2013-07-07 11:00:00,57002.10490832019
2013-07-07 12:00:00,57150.98831859501
2013-07-07 13:00:00,56320.78791984614
2013-07-07 14:00:00,54285.23268874559
2013-07-07 15:00:00,52258.961788198954
2013-07-07 16:00:00,52447.38328673802
2013-07-07 17:00:00,56052.01081519308
2013-07-07 18:00:00,56628.58635489076
2013-07-07 19:00:00,55814.90917752983
2013-07-07 20:00:00,53956.56598394214
2013-07-07 21:00:00,52019.46123090963
2013-07-07 22:00:00,52019.46123090963
2013-07-07 23:00:00,52019.46123090963
2013-07-08 00:00:00,52019.46123090963
2013-07-08 01:00:00,52019.46123090963
2013-07-08 02:00:00,52019.46123090963
2013-07-08 03:00:00,52019.46123090963
2013-07-08 04:00:00,52019.46123090963
2013-07-08 05:00:00,52019.46123090963
2013-07-08 06:00:00,52019.46123090963
2013-07-08 07:00:00,52019.46123090963
2013-07-08 08:00:00,53988.73433876126
2013-07-08 09:00:00,55853.07020411472
2013-07-08 10:00:00,56481.301353621806
2013-07-08 11:00:00,57635.51763111417
2013-07-08 12:00:00,57706.945281085624
2013-07-08 13:00:00,56885.20857729778
2013-07-08 14:00:00,55204.947255080195
2013-07-08 15:00:00,53538.85000125917
2013-07-08 16:00:00,53046.0174744712
2013-07-08 17:00:00,56680.805216230416
2013-07-08 18:00:00,56817.47232462187
2013-07-08 19:00:00,56262.515441146366
2013-07-08 20:00:00,54682.78653234215
2013-07-08 21:00:00,52019.46123090963
2013-07-08 22:00:00,52019.46123090963
2013-07-08 23:00:00,52019.46123090963
2013-07-09 00:00:00,52019.46123090963
2013-07-09 01:00:00,52019.46123090963
2013-07-09 02:00:00,52019.46123090963
2013-07-09 03:00:00,52019.46123090963
2013-07-09 04:00:00,52019.46123090963
2013-07-09 05:00:00,52019.46123090963
2013-07-09 06:00:00,52019.46123090963
2013-07-09 07:00:00,52019.46123090963
2013-07-09 08:00:00,54384.02838618385
2013-07-09 09:00:00,55654.99924207349
2013-07-09 10:00:00,56469.75862125408
2013-07-09 11:00:00,57588.62233556197
2013-07-09 12:00:00,57780.907457025125
2013-07-09 13:00:00,56876.36061273665
2013-07-09 14:00:00,55669.31575573708
2013-07-09 15:00:00,53798.08653108536
2013-07-09 16:00:00,53344.96878925926
2013-07-09 17:00:00,56601.25322797782
2013-07-09 18:00:00,56899.650966881876
2013-07-09 19:00:00,56451.95320884341
2013-07-09 20:00:00,54361.53612639037
2013-07-09 21:00:00,52019.46123090963
2013-07-09 22:00:00,52019.46123090963
2013-07-09 23:00:00,52019.46123090963
2013-07-10 00:00:00,52019.46123090963
2013-07-10 01:00:00,52019.46123090963
2013-07-10 02:00:00,52019.46123090963
2013-07-10 03:00:00,52019.46123090963
2013-07-10 04:00:00,52019.46123090963
2013-07-10 05:00:00,52019.46123090963
2013-07-10 06:00:00,52019.46123090963
2013-07-10 07:00:00,52019.46123090963
2013-07-10 08:00:00,54413.641098348366
2013-07-10 09:00:00,55423.303150519765
2013-07-10 10:00:00,56609.86571051426
2013-07-10 11:00:00,57580.374127368064
2013-07-10 12:00:00,57784.14831613739
2013-07-10 13:00:00,56827.829757744694
2013-07-10 14:00:00,55351.600168963945
2013-07-10 15:00:00,53688.20071180333
2013-07-10 16:00:00,53502.96528521116
2013-07-10 17:00:00,56191.57931818936
2013-07-10 18:00:00,56934.572073438125
2013-07-10 19:00:00,56369.64007832907
2013-07-10 20:00:00,54596.34442382162
2013-07-10 21:00:00,52019.46123090963
2013-07-10 22:00:00,52019.46123090963
2013-07-10 23:00:00,52019.46123090963
2013-07-11 00:00:00,52019.46123090963
2013-07-11 01:00:00,52019.46123090963
2013-07-11 02:00:00,52019.46123090963
2013-07-11 03:00:00,52019.46123090963
2013-07-11 04:00:00,52019.46123090963
2013-07-11 05:00:00,52019.46123090963
2013-07-11 06:00:00,52019.46123090963
2013-07-11 07:00:00,52019.46123090963
2013-07-11 08:00:00,54765.490257463534
2013-07-11 09:00:00,55956.500183532255
2013-07-11 10:00:00,56575.04520351497
2013-07-11 11:00:00,57570.239738940014
2013-07-11 12:00:00,57509.22256213044
2013-07-11 13:00:00,56323.80075142441
2013-07-11 14:00:00,55301.23577738952
2013-07-11 15:00:00,53475.05108269511
2013-07-11 16:00:00,53150.785009465406
2013-07-11 17:00:00,56191.57931818936
2013-07-11 18:00:00,56857.272338573755
2013-07-11 19:00:00,56303.617833868346
2013-07-11 20:00:00,54386.98459310979
2013-07-11 21:00:00,52019.46123090963
2013-07-11 22:00:00,52019.46123090963
2013-07-11 23:00:00,52019.46123090963
2013-07-12 00:00:00,52019.46123090963
2013-07-12 01:00:00,52019.46123090963
2013-07-12 02:00:00,52019.46123090963
2013-07-12 03:00:00,52019.46123090963
2013-07-12 04:00:00,52019.46123090963
2013-07-12 05:00:00,52019.46123090963
2013-07-12 06:00:00,52019.46123090963
2013-07-12 07:00:00,52019.46123090963
2013-07-12 08:00:00,54545.724362586705
2013-07-12 09:00:00,55764.50610700114
2013-07-12 10:00:00,56690.5517409642
2013-07-12 11:00:00,57737.226919597764
2013-07-12 12:00:00,57845.170185119576
2013-07-12 13:00:00,57004.90039018407
2013-07-12 14:00:00,55456.51813943208
2013-07-12 15:00:00,53374.30085297097
2013-07-12 16:00:00,52975.914420880144
2013-07-12 17:00:00,56194.69586050299
2013-07-12 18:00:00,56840.65055728481
2013-07-12 19:00:00,56262.515441146366
2013-07-12 20:00:00,54538.22018117168
2013-07-12 21:00:00,52019.46123090963
2013-07-12 22:00:00,52019.46123090963
2013-07-12 23:00:00,52019.46123090963
2013-07-13 00:00:00,52019.46123090963
2013-07-13 01:00:00,52019.46123090963
2013-07-13 02:00:00,52019.46123090963
2013-07-13 03:00:00,52019.46123090963
2013-07-13 04:00:00,52019.46123090963
2013-07-13 05:00:00,52019.46123090963
2013-07-13 06:00:00,52019.46123090963
2013-07-13 07:00:00,52019.46123090963
2013-07-13 08:00:00,52019.46123090963
2013-07-13 09:00:00,53432.638906162174
2013-07-13 10:00:00,54774.01329993132
2013-07-13 11:00:00,56431.62842343076
2013-07-13 12:00:00,57180.34081669585
2013-07-13 13:00:00,54090.1065019624
2013-07-13 14:00:00,52019.46123090963
2013-07-13 15:00:00,52019.46123090963
2013-07-13 16:00:00,52019.46123090963
2013-07-13 17:00:00,53001.08683151733
2013-07-13 18:00:00,54631.16736025854
2013-07-13 19:00:00,54171.85059440391
2013-07-13 20:00:00,52186.08116758197
2013-07-13 21:00:00,52019.46123090963
2013-07-13 22:00:00,52019.46123090963
2013-07-13 23:00:00,52019.46123090963
2013-07-14 00:00:00,52019.46123090963
2013-07-14 01:00:00,52019.46123090963
2013-07-14 02:00:00,52019.46123090963
2013-07-14 03:00:00,52019.46123090963
2013-07-14 04:00:00,52019.46123090963
2013-07-14 05:00:00,52019.46123090963
2013-07-14 06:00:00,52019.46123090963
2013-07-14 07:00:00,52019.46123090963
2013-07-14 08:00:00,52865.15012216976
2013-07-14 09:00:00,54401.90476045409
2013-07-14 10:00:00,55448.49561451096
2013-07-14 11:00:00,56952.11980353018
2013-07-14 12:00:00,57243.39688343818
2013-07-14 13:00:00,56549.85229719316
2013-07-14 14:00:00,54530.31996103724
2013-07-14 15:00:00,52589.10966817271
2013-07-14 16:00:00,52154.734660335
2013-07-14 17:00:00,56332.39206561122
2013-07-14 18:00:00,56858.54684439082
2013-07-14 19:00:00,56236.406098984255
2013-07-14 20:00:00,54623.19647194266
2013-07-14 21:00:00,52019.46123090963
2013-07-14 22:00:00,52019.46123090963
2013-07-14 23:00:00,52019.46123090963
2013-07-15 00:00:00,52019.46123090963
2013-07-15 01:00:00,52019.46123090963
2013-07-15 02:00:00,52019.46123090963
2013-07-15 03:00:00,52019.46123090963
2013-07-15 04:00:00,52019.46123090963
2013-07-15 05:00:00,52019.46123090963
2013-07-15 06:00:00,52019.46123090963
2013-07-15 07:00:00,52019.46123090963
2013-07-15 08:00:00,54824.027046686955
2013-07-15 09:00:00,56021.9750261889
2013-07-15 10:00:00,56782.277252514155
2013-07-15 11:00:00,57624.810110617655
2013-07-15 12:00:00,57861.36849268053
2013-07-15 13:00:00,57004.90039018407
2013-07-15 14:00:00,55621.78091230501
2013-07-15 15:00:00,54098.196995330065
2013-07-15 16:00:00,53498.406419946245
2013-07-15 17:00:00,56573.35207103117
2013-07-15 18:00:00,57122.08165712061
2013-07-15 19:00:00,56516.71109601862
2013-07-15 20:00:00,54985.90652149295
2013-07-15 21:00:00,52019.46123090963
2013-07-15 22:00:00,52019.46123090963
2013-07-15 23:00:00,52019.46123090963
2013-07-16 00:00:00,52019.46123090963
2013-07-16 01:00:00,52019.46123090963
2013-07-16 02:00:00,52019.46123090963
2013-07-16 03:00:00,52019.46123090963
2013-07-16 04:00:00,52019.46123090963
2013-07-16 05:00:00,52019.46123090963
2013-07-16 06:00:00,52019.46123090963
2013-07-16 07:00:00,52019.46123090963
2013-07-16 08:00:00,54892.083834542325
2013-07-16 09:00:00,56214.034915499404
2013-07-16 10:00:00,56900.210924677296
2013-07-16 11:00:00,57747.21260664636
2013-07-16 12:00:00,57835.048143847824
2013-07-16 13:00:00,57207.36946868729
2013-07-16 14:00:00,55974.863842018756
2013-07-16 15:00:00,54375.55048965723
2013-07-16 16:00:00,53954.011051158705
2013-07-16 17:00:00,56574.75286584718
2013-07-16 18:00:00,57282.00791872515
2013-07-16 19:00:00,56677.988381339506
2013-07-16 20:00:00,55330.74368004455
2013-07-16 21:00:00,52019.46123090963
2013-07-16 22:00:00,52019.46123090963
2013-07-16 23:00:00,52019.46123090963
2013-07-17 00:00:00,52019.46123090963
2013-07-17 01:00:00,52019.46123090963
2013-07-17 02:00:00,52019.46123090963
2013-07-17 03:00:00,52019.46123090963
2013-07-17 04:00:00,52019.46123090963
2013-07-17 05:00:00,52019.46123090963
2013-07-17 06:00:00,52019.46123090963
2013-07-17 07:00:00,52019.46123090963
2013-07-17 08:00:00,55041.93152773468
2013-07-17 09:00:00,56277.06700604956
2013-07-17 10:00:00,56858.4781940031
2013-07-17 11:00:00,57796.175134227014
2013-07-17 12:00:00,57871.30211936035
2013-07-17 13:00:00,57294.32295845091
2013-07-17 14:00:00,55978.147240135855
2013-07-17 15:00:00,54345.81835565279
2013-07-17 16:00:00,53956.21693868757
2013-07-17 17:00:00,56481.00065774083
2013-07-17 18:00:00,57145.542457365395
2013-07-17 19:00:00,56691.5128798176
2013-07-17 20:00:00,54981.97231870639
2013-07-17 21:00:00,52019.46123090963
2013-07-17 22:00:00,52019.46123090963
2013-07-17 23:00:00,52019.46123090963
2013-07-18 00:00:00,52019.46123090963
2013-07-18 01:00:00,52019.46123090963
2013-07-18 02:00:00,52019.46123090963
2013-07-18 03:00:00,52019.46123090963
2013-07-18 04:00:00,52019.46123090963
2013-07-18 05:00:00,52019.46123090963
2013-07-18 06:00:00,52019.46123090963
2013-07-18 07:00:00,52019.46123090963
2013-07-18 08:00:00,54698.340602310695
2013-07-18 09:00:00,55994.268566195686
2013-07-18 10:00:00,56682.44166152002
2013-07-18 11:00:00,57719.59509642882
2013-07-18 12:00:00,57847.495750636306
2013-07-18 13:00:00,57112.31471890392
2013-07-18 14:00:00,56056.209908670906
2013-07-18 15:00:00,53986.53446443715
2013-07-18 16:00:00,53402.380676531575
2013-07-18 17:00:00,56297.676858536666
2013-07-18 18:00:00,57201.23614939379
2013-07-18 19:00:00,56750.31240310684
2013-07-18 20:00:00,55364.20105166602
2013-07-18 21:00:00,52019.46123090963
2013-07-18 22:00:00,52019.46123090963
2013-07-18 23:00:00,52019.46123090963
2013-07-19 00:00:00,52019.46123090963
2013-07-19 01:00:00,52019.46123090963
2013-07-19 02:00:00,52019.46123090963
2013-07-19 03:00:00,52019.46123090963
2013-07-19 04:00:00,52019.46123090963
2013-07-19 05:00:00,52019.46123090963
2013-07-19 06:00:00,52019.46123090963
2013-07-19 07:00:00,52019.46123090963
2013-07-19 08:00:00,55367.17394744447
2013-07-19 09:00:00,56455.61986888598
2013-07-19 10:00:00,57078.49701230853
2013-07-19 11:00:00,57873.52420557684
2013-07-19 12:00:00,58013.330745712694
2013-07-19 13:00:00,57416.38418358939
2013-07-19 14:00:00,56382.52944061098
2013-07-19 15:00:00,54535.31280242687
2013-07-19 16:00:00,54026.58957526643
2013-07-19 17:00:00,56606.80450095352
2013-07-19 18:00:00,57232.146483989294
2013-07-19 19:00:00,56827.35693193739
2013-07-19 20:00:00,55083.53888421607
2013-07-19 21:00:00,52019.46123090963
2013-07-19 22:00:00,52019.46123090963
2013-07-19 23:00:00,52019.46123090963
2013-07-20 00:00:00,52019.46123090963
2013-07-20 01:00:00,52019.46123090963
2013-07-20 02:00:00,52019.46123090963
2013-07-20 03:00:00,52019.46123090963
2013-07-20 04:00:00,52019.46123090963
2013-07-20 05:00:00,52019.46123090963
2013-07-20 06:00:00,52019.46123090963
2013-07-20 07:00:00,52019.46123090963
2013-07-20 08:00:00,52714.420340608514
2013-07-20 09:00:00,54269.900899645196
2013-07-20 10:00:00,55358.291304758626
2013-07-20 11:00:00,57023.74643758609
2013-07-20 12:00:00,57648.87606143096
2013-07-20 13:00:00,54926.44865635708
2013-07-20 14:00:00,52300.86254570916
2013-07-20 15:00:00,52019.46123090963
2013-07-20 16:00:00,52019.46123090963
2013-07-20 17:00:00,54143.85414400963
2013-07-20 18:00:00,55269.604875125144
2013-07-20 19:00:00,54694.090910763676
2013-07-20 20:00:00,53041.719479580555
2013-07-20 21:00:00,52019.46123090963
2013-07-20 22:00:00,52019.46123090963
2013-07-20 23:00:00,52019.46123090963
2013-07-21 00:00:00,52019.46123090963
2013-07-21 01:00:00,52019.46123090963
2013-07-21 02:00:00,52019.46123090963
2013-07-21 03:00:00,52019.46123090963
2013-07-21 04:00:00,52019.46123090963
2013-07-21 05:00:00,52019.46123090963
2013-07-21 06:00:00,52019.46123090963
2013-07-21 07:00:00,52019.46123090963
2013-07-21 08:00:00,53484.18055389508
2013-07-21 09:00:00,55379.103326383694
2013-07-21 10:00:00,55959.40611196081
2013-07-21 11:00:00,57362.133790733955
2013-07-21 12:00:00,57601.44707903715
2013-07-21 13:00:00,56652.62854875368
2013-07-21 14:00:00,54962.68009008765
2013-07-21 15:00:00,52991.734247049295
2013-07-21 16:00:00,53231.924672009285
2013-07-21 17:00:00,56186.89988383404
2013-07-21 18:00:00,57056.208409595434
2013-07-21 19:00:00,56546.51027157828
2013-07-21 20:00:00,54912.76775048272
2013-07-21 21:00:00,52019.46123090963
2013-07-21 22:00:00,52019.46123090963
2013-07-21 23:00:00,52019.46123090963
2013-07-22 00:00:00,52019.46123090963
2013-07-22 01:00:00,52019.46123090963
2013-07-22 02:00:00,52019.46123090963
2013-07-22 03:00:00,52019.46123090963
2013-07-22 04:00:00,52019.46123090963
2013-07-22 05:00:00,52019.46123090963
2013-07-22 06:00:00,52019.46123090963
2013-07-22 07:00:00,52322.53267760015
2013-07-22 08:00:00,54989.06089061522
2013-07-22 09:00:00,56359.999204765256
2013-07-22 10:00:00,56937.60131389236
2013-07-22 11:00:00,57642.61810346316
2013-07-22 12:00:00,57963.23498208021
2013-07-22 13:00:00,57265.36108363797
2013-07-22 14:00:00,56214.280193883365
2013-07-22 15:00:00,54529.059905168346
2013-07-22 16:00:00,53733.69080154541
2013-07-22 17:00:00,56443.34084825844
2013-07-22 18:00:00,57221.706790008175
2013-07-22 19:00:00,56783.209205488805
2013-07-22 20:00:00,55257.60398331127
2013-07-22 21:00:00,52019.46123090963
2013-07-22 22:00:00,52019.46123090963
2013-07-22 23:00:00,52019.46123090963
2013-07-23 00:00:00,52019.46123090963
2013-07-23 01:00:00,52019.46123090963
2013-07-23 02:00:00,52019.46123090963
2013-07-23 03:00:00,52019.46123090963
2013-07-23 04:00:00,52019.46123090963
2013-07-23 05:00:00,52019.46123090963
2013-07-23 06:00:00,52019.46123090963
2013-07-23 07:00:00,52019.46123090963
2013-07-23 08:00:00,54657.368408277114
2013-07-23 09:00:00,56391.17466449676
2013-07-23 10:00:00,56948.7170816001
2013-07-23 11:00:00,57899.87234972863
2013-07-23 12:00:00,57929.41971684758
2013-07-23 13:00:00,57312.358900170846
2013-07-23 14:00:00,55992.89206566202
2013-07-23 15:00:00,54472.58403656222
2013-07-23 16:00:00,54055.05722420355
2013-07-23 17:00:00,56387.55718062634
2013-07-23 18:00:00,57233.24255465573
2013-07-23 19:00:00,56722.39272241578
2013-07-23 20:00:00,55015.34246685142
2013-07-23 21:00:00,52019.46123090963
2013-07-23 22:00:00,52019.46123090963
2013-07-23 23:00:00,52019.46123090963
2013-07-24 00:00:00,52019.46123090963
2013-07-24 01:00:00,52019.46123090963
2013-07-24 02:00:00,52019.46123090963
2013-07-24 03:00:00,52019.46123090963
2013-07-24 04:00:00,52019.46123090963
2013-07-24 05:00:00,52019.46123090963
2013-07-24 06:00:00,52019.46123090963
2013-07-24 07:00:00,52019.46123090963
2013-07-24 08:00:00,55482.711447875074
2013-07-24 09:00:00,56572.57594430667
2013-07-24 10:00:00,57104.12553490369
2013-07-24 11:00:00,57617.63375707565
2013-07-24 12:00:00,57975.2475902671
2013-07-24 13:00:00,57363.49111563802
2013-07-24 14:00:00,55956.761158923146
2013-07-24 15:00:00,54593.45661597938
2013-07-24 16:00:00,53967.24029846094
2013-07-24 17:00:00,56431.670255152996
2013-07-24 18:00:00,57322.870178644436
2013-07-24 19:00:00,56877.16189620366
2013-07-24 20:00:00,55395.62498470867
2013-07-24 21:00:00,52019.46123090963
2013-07-24 22:00:00,52019.46123090963
2013-07-24 23:00:00,52019.46123090963
2013-07-25 00:00:00,52019.46123090963
2013-07-25 01:00:00,52019.46123090963
2013-07-25 02:00:00,52019.46123090963
2013-07-25 03:00:00,52019.46123090963
2013-07-25 04:00:00,52019.46123090963
2013-07-25 05:00:00,52019.46123090963
2013-07-25 06:00:00,52019.46123090963
2013-07-25 07:00:00,52019.46123090963
2013-07-25 08:00:00,55459.062918385906
2013-07-25 09:00:00,56618.49452076134
2013-07-25 10:00:00,57269.5910647574
2013-07-25 11:00:00,57932.2748965825
2013-07-25 12:00:00,58038.95703404044
2013-07-25 13:00:00,57362.46018849381
2013-07-25 14:00:00,55912.0118495724
2013-07-25 15:00:00,54360.6959624437
2013-07-25 16:00:00,54035.35639396788
2013-07-25 17:00:00,56715.81245721714
2013-07-25 18:00:00,57411.836676102
2013-07-25 19:00:00,56943.42701150148
2013-07-25 20:00:00,55585.91440300073
2013-07-25 21:00:00,52019.46123090963
2013-07-25 22:00:00,52019.46123090963
2013-07-25 23:00:00,52019.46123090963
2013-07-26 00:00:00,52019.46123090963
2013-07-26 01:00:00,52019.46123090963
2013-07-26 02:00:00,52019.46123090963
2013-07-26 03:00:00,52019.46123090963
2013-07-26 04:00:00,52019.46123090963
2013-07-26 05:00:00,52019.46123090963
2013-07-26 06:00:00,52019.46123090963
2013-07-26 07:00:00,52019.46123090963
2013-07-26 08:00:00,55682.259130259525
2013-07-26 09:00:00,57006.29698477351
2013-07-26 10:00:00,57530.281574398476
2013-07-26 11:00:00,58016.680564064955
2013-07-26 12:00:00,58147.01032047931
2013-07-26 13:00:00,57408.33769170574
2013-07-26 14:00:00,56422.31204699974
2013-07-26 15:00:00,54737.0720944488
2013-07-26 16:00:00,54263.02068277071
2013-07-26 17:00:00,56354.85746320392
2013-07-26 18:00:00,57160.86526802522
2013-07-26 19:00:00,56880.95626790513
2013-07-26 20:00:00,55141.44465065637
2013-07-26 21:00:00,52019.46123090963
2013-07-26 22:00:00,52019.46123090963
2013-07-26 23:00:00,52019.46123090963
2013-07-27 00:00:00,52019.46123090963
2013-07-27 01:00:00,52019.46123090963
2013-07-27 02:00:00,52019.46123090963
2013-07-27 03:00:00,52019.46123090963
2013-07-27 04:00:00,52019.46123090963
2013-07-27 05:00:00,52019.46123090963
2013-07-27 06:00:00,52019.46123090963
2013-07-27 07:00:00,52019.46123090963
2013-07-27 08:00:00,52518.015029869974
2013-07-27 09:00:00,55166.4752610678
2013-07-27 10:00:00,56110.016057849374
2013-07-27 11:00:00,57286.51329258718
2013-07-27 12:00:00,57814.58540887124
2013-07-27 13:00:00,55261.173055085084
2013-07-27 14:00:00,52854.820884387525
2013-07-27 15:00:00,52019.46123090963
2013-07-27 16:00:00,52019.46123090963
2013-07-27 17:00:00,53715.192433334974
2013-07-27 18:00:00,55461.36418671038
2013-07-27 19:00:00,54815.820308641014
2013-07-27 20:00:00,53102.32190261525
2013-07-27 21:00:00,52019.46123090963
2013-07-27 22:00:00,52019.46123090963
2013-07-27 23:00:00,52019.46123090963
2013-07-28 00:00:00,52019.46123090963
2013-07-28 01:00:00,52019.46123090963
2013-07-28 02:00:00,52019.46123090963
2013-07-28 03:00:00,52019.46123090963
2013-07-28 04:00:00,52019.46123090963
2013-07-28 05:00:00,52019.46123090963
2013-07-28 06:00:00,52019.46123090963
2013-07-28 07:00:00,52019.46123090963
2013-07-28 08:00:00,54283.939126959405
2013-07-28 09:00:00,55966.384186892545
2013-07-28 10:00:00,56653.8867621073
2013-07-28 11:00:00,57499.56279928784
2013-07-28 12:00:00,57849.043989242076
2013-07-28 13:00:00,57194.027634008926
2013-07-28 14:00:00,55323.67253739676
2013-07-28 15:00:00,53733.158081261034
2013-07-28 16:00:00,53132.19523842206
2013-07-28 17:00:00,56356.35024925973
2013-07-28 18:00:00,57256.13525410087
2013-07-28 19:00:00,56722.39272241578
2013-07-28 20:00:00,55133.753326483915
2013-07-28 21:00:00,52019.46123090963
2013-07-28 22:00:00,52019.46123090963
2013-07-28 23:00:00,52019.46123090963
2013-07-29 00:00:00,52019.46123090963
2013-07-29 01:00:00,52019.46123090963
2013-07-29 02:00:00,52019.46123090963
2013-07-29 03:00:00,52019.46123090963
2013-07-29 04:00:00,52019.46123090963
2013-07-29 05:00:00,52019.46123090963
2013-07-29 06:00:00,52019.46123090963
2013-07-29 07:00:00,52348.697456280446
2013-07-29 08:00:00,55843.87215894906
2013-07-29 09:00:00,56816.4164238939
2013-07-29 10:00:00,57304.86703443829
2013-07-29 11:00:00,58048.86859403601
2013-07-29 12:00:00,58094.939896871816
2013-07-29 13:00:00,57359.36427482562
2013-07-29 14:00:00,56258.9681243172
2013-07-29 15:00:00,54230.284741858435
2013-07-29 16:00:00,53333.464518780405
2013-07-29 17:00:00,56538.13557240532
2013-07-29 18:00:00,57262.6323866523
2013-07-29 19:00:00,56818.323290409215
2013-07-29 20:00:00,55263.26148423287
2013-07-29 21:00:00,52019.46123090963
2013-07-29 22:00:00,52019.46123090963
2013-07-29 23:00:00,52019.46123090963
2013-07-30 00:00:00,52019.46123090963
2013-07-30 01:00:00,52019.46123090963
2013-07-30 02:00:00,52019.46123090963
2013-07-30 03:00:00,52019.46123090963
2013-07-30 04:00:00,52019.46123090963
2013-07-30 05:00:00,52019.46123090963
2013-07-30 06:00:00,52019.46123090963
2013-07-30 07:00:00,52578.95488704536
2013-07-30 08:00:00,55806.53118287554
2013-07-30 09:00:00,56744.38514071188
2013-07-30 10:00:00,57417.30830061736
2013-07-30 11:00:00,58054.14811694802
2013-07-30 12:00:00,58222.18569117431
2013-07-30 13:00:00,57626.882430399135
2013-07-30 14:00:00,56384.01082608203
2013-07-30 15:00:00,54673.78204080948
2013-07-30 16:00:00,54359.07621949108
2013-07-30 17:00:00,56436.05130684368
2013-07-30 18:00:00,57332.309179463104
2013-07-30 19:00:00,56791.04946264385
2013-07-30 20:00:00,55349.354550504446
2013-07-30 21:00:00,52019.46123090963
2013-07-30 22:00:00,52019.46123090963
2013-07-30 23:00:00,52019.46123090963
2013-07-31 00:00:00,52019.46123090963
2013-07-31 01:00:00,52019.46123090963
2013-07-31 02:00:00,52019.46123090963
2013-07-31 03:00:00,52019.46123090963
2013-07-31 04:00:00,52019.46123090963
2013-07-31 05:00:00,52019.46123090963
2013-07-31 06:00:00,52019.46123090963
2013-07-31 07:00:00,52086.763296247394
2013-07-31 08:00:00,55803.12186817527
2013-07-31 09:00:00,57054.06082347788
2013-07-31 10:00:00,57578.754152916605
2013-07-31 11:00:00,58198.28399200563
2013-07-31 12:00:00,58308.35233344632
2013-07-31 13:00:00,57889.63234403859
2013-07-31 14:00:00,56514.83405679766
2013-07-31 15:00:00,54653.25986259078
2013-07-31 16:00:00,54506.59072197692
2013-07-31 17:00:00,56536.71903888937
2013-07-31 18:00:00,57426.8701673978
2013-07-31 19:00:00,56893.566356549025
2013-07-31 20:00:00,55557.343261198024
2013-07-31 21:00:00,52019.46123090963
2013-07-31 22:00:00,52019.46123090963
2013-07-31 23:00:00,52019.46123090963
2013-08-01 00:00:00,52019.46123090963
2013-08-01 01:00:00,52019.46123090963
2013-08-01 02:00:00,52019.46123090963
2013-08-01 03:00:00,52019.46123090963
2013-08-01 04:00:00,52019.46123090963
2013-08-01 05:00:00,52019.46123090963
2013-08-01 06:00:00,52019.46123090963
2013-08-01 07:00:00,52239.229570336545
2013-08-01 08:00:00,55869.16198694874
2013-08-01 09:00:00,57070.56449413709
2013-08-01 10:00:00,57622.335357528435
2013-08-01 11:00:00,58186.71543441798
2013-08-01 12:00:00,58288.749549366345
2013-08-01 13:00:00,57670.99450166975
2013-08-01 14:00:00,56599.31408346284
2013-08-01 15:00:00,54896.067744485306
2013-08-01 16:00:00,54443.659622212865
2013-08-01 17:00:00,56859.48625950617
2013-08-01 18:00:00,57441.78858900598
2013-08-01 19:00:00,57064.06432773046
2013-08-01 20:00:00,55516.003222618216
2013-08-01 21:00:00,52019.46123090963
2013-08-01 22:00:00,52019.46123090963
2013-08-01 23:00:00,52019.46123090963
2013-08-02 00:00:00,52019.46123090963
2013-08-02 01:00:00,52019.46123090963
2013-08-02 02:00:00,52019.46123090963
2013-08-02 03:00:00,52019.46123090963
2013-08-02 04:00:00,52019.46123090963
2013-08-02 05:00:00,52019.46123090963
2013-08-02 06:00:00,52019.46123090963
2013-08-02 07:00:00,52431.88588403679
2013-08-02 08:00:00,56072.92937608639
2013-08-02 09:00:00,56994.213991884084
2013-08-02 10:00:00,57527.44461727403
2013-08-02 11:00:00,58187.297080405486
2013-08-02 12:00:00,58214.86433770614
2013-08-02 13:00:00,57573.301437282746
2013-08-02 14:00:00,56657.15758058565
2013-08-02 15:00:00,55047.78098303586
2013-08-02 16:00:00,54581.52227994876
2013-08-02 17:00:00,56620.6405148846
2013-08-02 18:00:00,57463.95170673309
2013-08-02 19:00:00,56912.37260837462
2013-08-02 20:00:00,55516.003222618216
2013-08-02 21:00:00,52019.46123090963
2013-08-02 22:00:00,52019.46123090963
2013-08-02 23:00:00,52019.46123090963
2013-08-03 00:00:00,52019.46123090963
2013-08-03 01:00:00,52019.46123090963
2013-08-03 02:00:00,52019.46123090963
2013-08-03 03:00:00,52019.46123090963
2013-08-03 04:00:00,52019.46123090963
2013-08-03 05:00:00,52019.46123090963
2013-08-03 06:00:00,52019.46123090963
2013-08-03 07:00:00,52019.46123090963
2013-08-03 08:00:00,53527.47587589423
2013-08-03 09:00:00,55483.521215187786
2013-08-03 10:00:00,56463.97263381835
2013-08-03 11:00:00,57504.361087395795
2013-08-03 12:00:00,57970.31515857651
2013-08-03 13:00:00,55591.06265339772
2013-08-03 14:00:00,53606.02527156423
2013-08-03 15:00:00,52019.46123090963
2013-08-03 16:00:00,52019.46123090963
2013-08-03 17:00:00,53953.48736827195
2013-08-03 18:00:00,55548.14471294464
2013-08-03 19:00:00,55123.21158655295
2013-08-03 20:00:00,53271.58459449592
2013-08-03 21:00:00,52019.46123090963
2013-08-03 22:00:00,52019.46123090963
2013-08-03 23:00:00,52019.46123090963
2013-08-04 00:00:00,52019.46123090963
2013-08-04 01:00:00,52019.46123090963
2013-08-04 02:00:00,52019.46123090963
2013-08-04 03:00:00,52019.46123090963
2013-08-04 04:00:00,52019.46123090963
2013-08-04 05:00:00,52019.46123090963
2013-08-04 06:00:00,52019.46123090963
2013-08-04 07:00:00,52019.46123090963
2013-08-04 08:00:00,54388.26448847052
2013-08-04 09:00:00,56189.15625686548
2013-08-04 10:00:00,56976.912470619936
2013-08-04 11:00:00,57861.30781196882
2013-08-04 12:00:00,57913.28264743192
2013-08-04 13:00:00,57418.39067148774
2013-08-04 14:00:00,56375.1133262697
2013-08-04 15:00:00,54771.5664470233
2013-08-04 16:00:00,53838.75695120401
2013-08-04 17:00:00,56508.26095583962
2013-08-04 18:00:00,57514.19800665953
2013-08-04 19:00:00,56911.12291648498
2013-08-04 20:00:00,55510.58770798039
2013-08-04 21:00:00,52019.46123090963
2013-08-04 22:00:00,52019.46123090963
2013-08-04 23:00:00,52019.46123090963
2013-08-05 00:00:00,52019.46123090963
2013-08-05 01:00:00,52019.46123090963
2013-08-05 02:00:00,52019.46123090963
2013-08-05 03:00:00,52019.46123090963
2013-08-05 04:00:00,52019.46123090963
2013-08-05 05:00:00,52019.46123090963
2013-08-05 06:00:00,52019.46123090963
2013-08-05 07:00:00,52086.763296247394
2013-08-05 08:00:00,55682.259130259525
2013-08-05 09:00:00,56974.76242996273
2013-08-05 10:00:00,57539.70606091492
2013-08-05 11:00:00,58137.84836567188
2013-08-05 12:00:00,58216.55884452245
2013-08-05 13:00:00,57776.22603809813
2013-08-05 14:00:00,56881.82001868666
2013-08-05 15:00:00,55163.706403554985
2013-08-05 16:00:00,54256.58381996721
2013-08-05 17:00:00,56233.44475032918
2013-08-05 18:00:00,57379.88928768182
2013-08-05 19:00:00,56847.897338664836
2013-08-05 20:00:00,55030.99055334115
2013-08-05 21:00:00,52019.46123090963
2013-08-05 22:00:00,52019.46123090963
2013-08-05 23:00:00,52019.46123090963
2013-08-06 00:00:00,52019.46123090963
2013-08-06 01:00:00,52019.46123090963
2013-08-06 02:00:00,52019.46123090963
2013-08-06 03:00:00,52019.46123090963
2013-08-06 04:00:00,52019.46123090963
2013-08-06 05:00:00,52019.46123090963
2013-08-06 06:00:00,52019.46123090963
2013-08-06 07:00:00,52019.46123090963
2013-08-06 08:00:00,55553.05216853782
2013-08-06 09:00:00,56994.213991884084
2013-08-06 10:00:00,57470.74208426417
2013-08-06 11:00:00,58163.16908731232
2013-08-06 12:00:00,58347.22429892714
2013-08-06 13:00:00,57933.95882733756
2013-08-06 14:00:00,57049.51272288288
2013-08-06 15:00:00,55273.81643276962
2013-08-06 16:00:00,54575.30269616877
2013-08-06 17:00:00,56648.13209775927
2013-08-06 18:00:00,57509.9031468446
2013-08-06 19:00:00,56992.36602093964
2013-08-06 20:00:00,55395.62498470867
2013-08-06 21:00:00,52019.46123090963
2013-08-06 22:00:00,52019.46123090963
2013-08-06 23:00:00,52019.46123090963
2013-08-07 00:00:00,52019.46123090963
2013-08-07 01:00:00,52019.46123090963
2013-08-07 02:00:00,52019.46123090963
2013-08-07 03:00:00,52019.46123090963
2013-08-07 04:00:00,52019.46123090963
2013-08-07 05:00:00,52019.46123090963
2013-08-07 06:00:00,52019.46123090963
2013-08-07 07:00:00,52668.86346480894
2013-08-07 08:00:00,56055.235834336134
2013-08-07 09:00:00,57167.28611242312
2013-08-07 10:00:00,57456.04790150844
2013-08-07 11:00:00,58255.217354438515
2013-08-07 12:00:00,58263.34752229045
2013-08-07 13:00:00,57635.799118831215
2013-08-07 14:00:00,56741.94210441005
2013-08-07 15:00:00,55455.41576660392
2013-08-07 16:00:00,54600.15383906439
2013-08-07 17:00:00,56559.31086739959
2013-08-07 18:00:00,57633.55190523197
2013-08-07 19:00:00,56939.71953067621
2013-08-07 20:00:00,55452.488351537584
2013-08-07 21:00:00,52109.34218375219
2013-08-07 22:00:00,52019.46123090963
2013-08-07 23:00:00,52019.46123090963
2013-08-08 00:00:00,52019.46123090963
2013-08-08 01:00:00,52019.46123090963
2013-08-08 02:00:00,52019.46123090963
2013-08-08 03:00:00,52019.46123090963
2013-08-08 04:00:00,52019.46123090963
2013-08-08 05:00:00,52019.46123090963
2013-08-08 06:00:00,52019.46123090963
2013-08-08 07:00:00,52019.46123090963
2013-08-08 08:00:00,56003.339800740156
2013-08-08 09:00:00,57290.22581484746
2013-08-08 10:00:00,57769.63793119581
2013-08-08 11:00:00,58296.49954217755
2013-08-08 12:00:00,58399.95346203506
2013-08-08 13:00:00,57850.77395946259
2013-08-08 14:00:00,57060.1543861497
2013-08-08 15:00:00,55307.59319934362
2013-08-08 16:00:00,54842.5787177039
2013-08-08 17:00:00,57008.169416881785
2013-08-08 18:00:00,57836.385388534596
2013-08-08 19:00:00,57414.00685394677
2013-08-08 20:00:00,55866.46361667112
2013-08-08 21:00:00,52249.883741486025
2013-08-08 22:00:00,52019.46123090963
2013-08-08 23:00:00,52019.46123090963
2013-08-09 00:00:00,52019.46123090963
2013-08-09 01:00:00,52019.46123090963
2013-08-09 02:00:00,52019.46123090963
2013-08-09 03:00:00,52019.46123090963
2013-08-09 04:00:00,52019.46123090963
2013-08-09 05:00:00,52019.46123090963
2013-08-09 06:00:00,52019.46123090963
2013-08-09 07:00:00,52019.46123090963
2013-08-09 08:00:00,56308.276753968865
2013-08-09 09:00:00,57331.454612968715
2013-08-09 10:00:00,57887.31732589698
2013-08-09 11:00:00,58411.20948768643
2013-08-09 12:00:00,58431.14368306178
2013-08-09 13:00:00,57944.80999419215
2013-08-09 14:00:00,57275.39858944471
2013-08-09 15:00:00,55682.259130259525
2013-08-09 16:00:00,54914.43998666124
2013-08-09 17:00:00,56884.84526862935
2013-08-09 18:00:00,57854.227491494115
2013-08-09 19:00:00,57387.703504235906
2013-08-09 20:00:00,55829.30307498036
2013-08-09 21:00:00,52368.84955249614
2013-08-09 22:00:00,52019.46123090963
2013-08-09 23:00:00,52019.46123090963
2013-08-10 00:00:00,52019.46123090963
2013-08-10 01:00:00,52019.46123090963
2013-08-10 02:00:00,52019.46123090963
2013-08-10 03:00:00,52019.46123090963
2013-08-10 04:00:00,52019.46123090963
2013-08-10 05:00:00,52019.46123090963
2013-08-10 06:00:00,52019.46123090963
2013-08-10 07:00:00,52019.46123090963
2013-08-10 08:00:00,54085.11719759154
2013-08-10 09:00:00,55598.455584720905
2013-08-10 10:00:00,56437.814950244814
2013-08-10 11:00:00,57455.81445122067
2013-08-10 12:00:00,57838.94982492694
2013-08-10 13:00:00,55334.26980790254
2013-08-10 14:00:00,53283.60835519738
2013-08-10 15:00:00,52019.46123090963
2013-08-10 16:00:00,52019.46123090963
2013-08-10 17:00:00,52796.93817716354
2013-08-10 18:00:00,55793.328043940004
2013-08-10 19:00:00,55201.74320821873
2013-08-10 20:00:00,53434.811951003845
2013-08-10 21:00:00,52019.46123090963
2013-08-10 22:00:00,52019.46123090963
2013-08-10 23:00:00,52019.46123090963
2013-08-11 00:00:00,52019.46123090963
2013-08-11 01:00:00,52019.46123090963
2013-08-11 02:00:00,52019.46123090963
2013-08-11 03:00:00,52019.46123090963
2013-08-11 04:00:00,52019.46123090963
2013-08-11 05:00:00,52019.46123090963
2013-08-11 06:00:00,52019.46123090963
2013-08-11 07:00:00,52019.46123090963
2013-08-11 08:00:00,54043.59684624113
2013-08-11 09:00:00,56241.834948427844
2013-08-11 10:00:00,57025.22737932175
2013-08-11 11:00:00,57714.520573282745
2013-08-11 12:00:00,57923.57464683684
2013-08-11 13:00:00,57156.93095735219
2013-08-11 14:00:00,56010.84579883486
2013-08-11 15:00:00,54434.73560980667
2013-08-11 16:00:00,53496.12650799627
2013-08-11 17:00:00,55996.80845015818
2013-08-11 18:00:00,57505.11927635629
2013-08-11 19:00:00,56877.16189620366
2013-08-11 20:00:00,55553.761058571414
2013-08-11 21:00:00,52019.46123090963
2013-08-11 22:00:00,52019.46123090963
2013-08-11 23:00:00,52019.46123090963
2013-08-12 00:00:00,52019.46123090963
2013-08-12 01:00:00,52019.46123090963
2013-08-12 02:00:00,52019.46123090963
2013-08-12 03:00:00,52019.46123090963
2013-08-12 04:00:00,52019.46123090963
2013-08-12 05:00:00,52019.46123090963
2013-08-12 06:00:00,52019.46123090963
2013-08-12 07:00:00,52680.67852788855
2013-08-12 08:00:00,56019.62507139926
2013-08-12 09:00:00,57146.88978146609
2013-08-12 10:00:00,57624.12731583032
2013-08-12 11:00:00,58186.71543441798
2013-08-12 12:00:00,58266.56241674596
2013-08-12 13:00:00,57719.01785329087
2013-08-12 14:00:00,56596.533146803435
2013-08-12 15:00:00,54906.018018741364
2013-08-12 16:00:00,54189.83154949946
2013-08-12 17:00:00,56406.74042405236
2013-08-12 18:00:00,57547.728636635096
2013-08-12 19:00:00,56999.627878247135
2013-08-12 20:00:00,55432.37612530696
2013-08-12 21:00:00,52019.46123090963
2013-08-12 22:00:00,52019.46123090963
2013-08-12 23:00:00,52019.46123090963
2013-08-13 00:00:00,52019.46123090963
2013-08-13 01:00:00,52019.46123090963
2013-08-13 02:00:00,52019.46123090963
2013-08-13 03:00:00,52019.46123090963
2013-08-13 04:00:00,52019.46123090963
2013-08-13 05:00:00,52019.46123090963
2013-08-13 06:00:00,52019.46123090963
2013-08-13 07:00:00,52586.05989895071
2013-08-13 08:00:00,55995.1740732666
2013-08-13 09:00:00,57106.71676804409
2013-08-13 10:00:00,57550.950575068506
2013-08-13 11:00:00,58163.16908731232
2013-08-13 12:00:00,58255.8015932424
2013-08-13 13:00:00,57804.43342042066
2013-08-13 14:00:00,56890.650402760024
2013-08-13 15:00:00,55330.006182823825
2013-08-13 16:00:00,54569.07859316691
2013-08-13 17:00:00,56661.787834139934
2013-08-13 18:00:00,57593.909162535434
2013-08-13 19:00:00,56918.61238362442
2013-08-13 20:00:00,55508.781341695445
2013-08-13 21:00:00,52019.46123090963
2013-08-13 22:00:00,52019.46123090963
2013-08-13 23:00:00,52019.46123090963
2013-08-14 00:00:00,52019.46123090963
2013-08-14 01:00:00,52019.46123090963
2013-08-14 02:00:00,52019.46123090963
2013-08-14 03:00:00,52019.46123090963
2013-08-14 04:00:00,52019.46123090963
2013-08-14 05:00:00,52019.46123090963
2013-08-14 06:00:00,52019.46123090963
2013-08-14 07:00:00,52916.117058245414
2013-08-14 08:00:00,55794.58788614449
2013-08-14 09:00:00,57171.79439320584
2013-08-14 10:00:00,57734.0824920183
2013-08-14 11:00:00,58321.97376621386
2013-08-14 12:00:00,58413.482826481886
2013-08-14 13:00:00,57983.82378409344
2013-08-14 14:00:00,57025.70069713632
2013-08-14 15:00:00,55699.707765825326
2013-08-14 16:00:00,54914.43998666124
2013-08-14 17:00:00,56715.81245721714
2013-08-14 18:00:00,57766.81896113091
2013-08-14 19:00:00,57212.49952439343
2013-08-14 20:00:00,55856.358331692245
2013-08-14 21:00:00,52111.725144148804
2013-08-14 22:00:00,52019.46123090963
2013-08-14 23:00:00,52019.46123090963
2013-08-15 00:00:00,52019.46123090963
2013-08-15 01:00:00,52019.46123090963
2013-08-15 02:00:00,52019.46123090963
2013-08-15 03:00:00,52019.46123090963
2013-08-15 04:00:00,52019.46123090963
2013-08-15 05:00:00,52019.46123090963
2013-08-15 06:00:00,52019.46123090963
2013-08-15 07:00:00,52939.559734170565
2013-08-15 08:00:00,56256.50936954825
2013-08-15 09:00:00,57146.88978146609
2013-08-15 10:00:00,57793.95574441864
2013-08-15 11:00:00,58296.49954217755
2013-08-15 12:00:00,58439.8145782925
2013-08-15 13:00:00,57959.13679682801
2013-08-15 14:00:00,57405.63122614704
2013-08-15 15:00:00,56027.744609999776
2013-08-15 16:00:00,55102.591422416415
2013-08-15 17:00:00,57053.5331017508
2013-08-15 18:00:00,57972.22852344347
2013-08-15 19:00:00,57539.43544270986
2013-08-15 20:00:00,56436.6286489043
2013-08-15 21:00:00,52726.661744344034
2013-08-15 22:00:00,52019.46123090963
2013-08-15 23:00:00,52019.46123090963
2013-08-16 00:00:00,52019.46123090963
2013-08-16 01:00:00,52019.46123090963
2013-08-16 02:00:00,52019.46123090963
2013-08-16 03:00:00,52019.46123090963
2013-08-16 04:00:00,52019.46123090963
2013-08-16 05:00:00,52019.46123090963
2013-08-16 06:00:00,52019.46123090963
2013-08-16 07:00:00,53168.13985602059
2013-08-16 08:00:00,56493.940801939134
2013-08-16 09:00:00,57645.692739260165
2013-08-16 10:00:00,58091.86093064679
2013-08-16 11:00:00,58493.63863703712
2013-08-16 12:00:00,58561.48804923499
2013-08-16 13:00:00,58216.69279526181
2013-08-16 14:00:00,57579.11789134584
2013-08-16 15:00:00,56550.85710227934
2013-08-16 16:00:00,55869.56109068048
2013-08-16 17:00:00,57270.443695720925
2013-08-16 18:00:00,58054.01066182285
2013-08-16 19:00:00,57585.83103628026
2013-08-16 20:00:00,56501.674972809225
2013-08-16 21:00:00,53238.74784456651
2013-08-16 22:00:00,52019.46123090963
2013-08-16 23:00:00,52019.46123090963
2013-08-17 00:00:00,52019.46123090963
2013-08-17 01:00:00,52019.46123090963
2013-08-17 02:00:00,52019.46123090963
2013-08-17 03:00:00,52019.46123090963
2013-08-17 04:00:00,52019.46123090963
2013-08-17 05:00:00,52019.46123090963
2013-08-17 06:00:00,52019.46123090963
2013-08-17 07:00:00,52019.46123090963
2013-08-17 08:00:00,54152.5290147909
2013-08-17 09:00:00,55644.44442724028
2013-08-17 10:00:00,56629.200663514646
2013-08-17 11:00:00,57764.53180432002
2013-08-17 12:00:00,57974.54414888175
2013-08-17 13:00:00,55832.51095184802
2013-08-17 14:00:00,54147.33441926447
2013-08-17 15:00:00,52439.695054981945
2013-08-17 16:00:00,52019.46123090963
2013-08-17 17:00:00,53545.670552383854
2013-08-17 18:00:00,55587.458203986236
2013-08-17 19:00:00,54726.736734331615
2013-08-17 20:00:00,52217.04429204608
2013-08-17 21:00:00,52019.46123090963
2013-08-17 22:00:00,52019.46123090963
2013-08-17 23:00:00,52019.46123090963
2013-08-18 00:00:00,52019.46123090963
2013-08-18 01:00:00,52019.46123090963
2013-08-18 02:00:00,52019.46123090963
2013-08-18 03:00:00,52019.46123090963
2013-08-18 04:00:00,52019.46123090963
2013-08-18 05:00:00,52019.46123090963
2013-08-18 06:00:00,52019.46123090963
2013-08-18 07:00:00,52019.46123090963
2013-08-18 08:00:00,52019.46123090963
2013-08-18 09:00:00,53485.19845948447
2013-08-18 10:00:00,54967.816785227114
2013-08-18 11:00:00,56485.27833052601
2013-08-18 12:00:00,57048.8563231179
2013-08-18 13:00:00,56501.52069270196
2013-08-18 14:00:00,54571.91526703144
2013-08-18 15:00:00,52239.915014484584
2013-08-18 16:00:00,52019.46123090963
2013-08-18 17:00:00,54896.067744485306
2013-08-18 18:00:00,56368.66112004121
2013-08-18 19:00:00,55689.10775413092
2013-08-18 20:00:00,54188.01301158162
2013-08-18 21:00:00,52019.46123090963
2013-08-18 22:00:00,52019.46123090963
2013-08-18 23:00:00,52019.46123090963
2013-08-19 00:00:00,52019.46123090963
2013-08-19 01:00:00,52019.46123090963
2013-08-19 02:00:00,52019.46123090963
2013-08-19 03:00:00,52019.46123090963
2013-08-19 04:00:00,52019.46123090963
2013-08-19 05:00:00,52019.46123090963
2013-08-19 06:00:00,52019.46123090963
2013-08-19 07:00:00,52224.94230361894
2013-08-19 08:00:00,55860.747366114396
2013-08-19 09:00:00,57082.2853469406
2013-08-19 10:00:00,57578.754152916605
2013-08-19 11:00:00,58223.822994711314
2013-08-19 12:00:00,58374.503784601184
2013-08-19 13:00:00,57804.43342042066
2013-08-19 14:00:00,57187.68115596009
2013-08-19 15:00:00,56014.74595679666
2013-08-19 16:00:00,55085.170552595584
2013-08-19 17:00:00,56570.548668058
2013-08-19 18:00:00,57794.400976683675
2013-08-19 19:00:00,57256.3068648015
2013-08-19 20:00:00,56038.10806717974
2013-08-19 21:00:00,52383.11354464682
2013-08-19 22:00:00,52019.46123090963
2013-08-19 23:00:00,52019.46123090963
2013-08-20 00:00:00,52019.46123090963
2013-08-20 01:00:00,52019.46123090963
2013-08-20 02:00:00,52019.46123090963
2013-08-20 03:00:00,52019.46123090963
2013-08-20 04:00:00,52019.46123090963
2013-08-20 05:00:00,52019.46123090963
2013-08-20 06:00:00,52019.46123090963
2013-08-20 07:00:00,54313.24622608226
2013-08-20 08:00:00,56578.95162451212
2013-08-20 09:00:00,57598.1729154994
2013-08-20 10:00:00,57938.97680806167
2013-08-20 11:00:00,58468.07193095776
2013-08-20 12:00:00,58413.482826481886
2013-08-20 13:00:00,58124.532522039925
2013-08-20 14:00:00,57620.89649595175
2013-08-20 15:00:00,56542.381535876215
2013-08-20 16:00:00,55931.347112598465
2013-08-20 17:00:00,57100.404421337655
2013-08-20 18:00:00,58172.530399723255
2013-08-20 19:00:00,57855.120017637295
2013-08-20 20:00:00,56749.61727251038
2013-08-20 21:00:00,53445.77305805373
2013-08-20 22:00:00,52019.46123090963
2013-08-20 23:00:00,52019.46123090963
2013-08-21 00:00:00,52019.46123090963
2013-08-21 01:00:00,52019.46123090963
2013-08-21 02:00:00,52019.46123090963
2013-08-21 03:00:00,52019.46123090963
2013-08-21 04:00:00,52019.46123090963
2013-08-21 05:00:00,52019.46123090963
2013-08-21 06:00:00,52019.46123090963
2013-08-21 07:00:00,54522.201869419085
2013-08-21 08:00:00,56894.92366828063
2013-08-21 09:00:00,57799.76287091409
2013-08-21 10:00:00,58168.6556041628
2013-08-21 11:00:00,58561.459863291326
2013-08-21 12:00:00,58633.173065883115
2013-08-21 13:00:00,58345.878278183984
2013-08-21 14:00:00,57810.261998512506
2013-08-21 15:00:00,56874.72963935713
2013-08-21 16:00:00,56003.72708660852
2013-08-21 17:00:00,57597.76722866977
2013-08-21 18:00:00,58227.06099461918
2013-08-21 19:00:00,57792.115211098004
2013-08-21 20:00:00,56827.96856585646
2013-08-21 21:00:00,54148.59773024406
2013-08-21 22:00:00,52019.46123090963
2013-08-21 23:00:00,52019.46123090963
2013-08-22 00:00:00,52019.46123090963
2013-08-22 01:00:00,52019.46123090963
2013-08-22 02:00:00,52019.46123090963
2013-08-22 03:00:00,52019.46123090963
2013-08-22 04:00:00,52019.46123090963
2013-08-22 05:00:00,52019.46123090963
2013-08-22 06:00:00,52019.46123090963
2013-08-22 07:00:00,54831.48769956265
2013-08-22 08:00:00,56735.82570228118
2013-08-22 09:00:00,57684.99980550012
2013-08-22 10:00:00,58150.72902844777
2013-08-22 11:00:00,58384.74834084923
2013-08-22 12:00:00,58527.76603794869
2013-08-22 13:00:00,58182.81926798565
2013-08-22 14:00:00,57682.545479359476
2013-08-22 15:00:00,56699.705396066965
2013-08-22 16:00:00,56090.92772855334
2013-08-22 17:00:00,57241.15910614758
2013-08-22 18:00:00,58249.12686448795
2013-08-22 19:00:00,57906.52759516547
2013-08-22 20:00:00,56983.2290799974
2013-08-22 21:00:00,53807.43467222265
2013-08-22 22:00:00,52019.46123090963
2013-08-22 23:00:00,52019.46123090963
2013-08-23 00:00:00,52019.46123090963
2013-08-23 01:00:00,52019.46123090963
2013-08-23 02:00:00,52019.46123090963
2013-08-23 03:00:00,52019.46123090963
2013-08-23 04:00:00,52019.46123090963
2013-08-23 05:00:00,52019.46123090963
2013-08-23 06:00:00,52019.46123090963
2013-08-23 07:00:00,54349.459387765026
2013-08-23 08:00:00,56840.31374670937
2013-08-23 09:00:00,57809.34085338639
2013-08-23 10:00:00,58101.3719111562
2013-08-23 11:00:00,58549.583364930186
2013-08-23 12:00:00,58599.363051280896
2013-08-23 13:00:00,58266.15442334737
2013-08-23 14:00:00,57711.66571658829
2013-08-23 15:00:00,56928.66421066298
2013-08-23 16:00:00,56146.48673215758
2013-08-23 17:00:00,57465.652409845876
2013-08-23 18:00:00,58213.00379973191
2013-08-23 19:00:00,57763.670123659744
2013-08-23 20:00:00,56704.27190179727
2013-08-23 21:00:00,53616.39705659299
2013-08-23 22:00:00,52019.46123090963
2013-08-23 23:00:00,52019.46123090963
2013-08-24 00:00:00,52019.46123090963
2013-08-24 01:00:00,52019.46123090963
2013-08-24 02:00:00,52019.46123090963
2013-08-24 03:00:00,52019.46123090963
2013-08-24 04:00:00,52019.46123090963
2013-08-24 05:00:00,52019.46123090963
2013-08-24 06:00:00,52019.46123090963
2013-08-24 07:00:00,52019.46123090963
2013-08-24 08:00:00,54581.030319318386
2013-08-24 09:00:00,56065.613494949415
2013-08-24 10:00:00,56896.44321589028
2013-08-24 11:00:00,57754.65932570502
2013-08-24 12:00:00,58001.68597535252
2013-08-24 13:00:00,56490.04651227338
2013-08-24 14:00:00,54713.864685455075
2013-08-24 15:00:00,52867.49950613031
2013-08-24 16:00:00,52019.46123090963
2013-08-24 17:00:00,54165.52817240539
2013-08-24 18:00:00,56745.467564808125
2013-08-24 19:00:00,56256.388066761014
2013-08-24 20:00:00,54910.78062977734
2013-08-24 21:00:00,52019.46123090963
2013-08-24 22:00:00,52019.46123090963
2013-08-24 23:00:00,52019.46123090963
2013-08-25 00:00:00,52019.46123090963
2013-08-25 01:00:00,52019.46123090963
2013-08-25 02:00:00,52019.46123090963
2013-08-25 03:00:00,52019.46123090963
2013-08-25 04:00:00,52019.46123090963
2013-08-25 05:00:00,52019.46123090963
2013-08-25 06:00:00,52019.46123090963
2013-08-25 07:00:00,52360.58761325493
2013-08-25 08:00:00,54694.252682027436
2013-08-25 09:00:00,56081.6618857436
2013-08-25 10:00:00,57203.95352996011
2013-08-25 11:00:00,58056.77883910056
2013-08-25 12:00:00,58244.91287237215
2013-08-25 13:00:00,57627.776233416276
2013-08-25 14:00:00,56789.33099805857
2013-08-25 15:00:00,55324.41081973237
2013-08-25 16:00:00,54226.49114835821
2013-08-25 17:00:00,55288.85158698425
2013-08-25 18:00:00,54560.825226462104
2013-08-25 19:00:00,54897.901356026945
2013-08-25 20:00:00,54658.18088830243
2013-08-25 21:00:00,52019.46123090963
2013-08-25 22:00:00,52019.46123090963
2013-08-25 23:00:00,52019.46123090963
2013-08-26 00:00:00,52019.46123090963
2013-08-26 01:00:00,52019.46123090963
2013-08-26 02:00:00,52019.46123090963
2013-08-26 03:00:00,52019.46123090963
2013-08-26 04:00:00,52019.46123090963
2013-08-26 05:00:00,52019.46123090963
2013-08-26 06:00:00,52019.46123090963
2013-08-26 07:00:00,53689.80394235192
2013-08-26 08:00:00,55780.90174962642
2013-08-26 09:00:00,56816.4164238939
2013-08-26 10:00:00,57113.377940378596
2013-08-26 11:00:00,57808.16715125984
2013-08-26 12:00:00,58015.37406865503
2013-08-26 13:00:00,57014.53104953618
2013-08-26 14:00:00,56774.93240475616
2013-08-26 15:00:00,55837.10492400433
2013-08-26 16:00:00,55225.14642071782
2013-08-26 17:00:00,56814.54533083254
2013-08-26 18:00:00,58050.713395360275
2013-08-26 19:00:00,57683.68296306527
2013-08-26 20:00:00,56439.54581381894
2013-08-26 21:00:00,53482.325117740365
2013-08-26 22:00:00,52019.46123090963
2013-08-26 23:00:00,52019.46123090963
2013-08-27 00:00:00,52019.46123090963
2013-08-27 01:00:00,52019.46123090963
2013-08-27 02:00:00,52019.46123090963
2013-08-27 03:00:00,52019.46123090963
2013-08-27 04:00:00,52019.46123090963
2013-08-27 05:00:00,52019.46123090963
2013-08-27 06:00:00,52019.46123090963
2013-08-27 07:00:00,53653.73940218394
2013-08-27 08:00:00,56522.52034614428
2013-08-27 09:00:00,57473.898561024434
2013-08-27 10:00:00,58002.48292987963
2013-08-27 11:00:00,58496.41895281783
2013-08-27 12:00:00,58505.50154588309
2013-08-27 13:00:00,58264.0114618942
2013-08-27 14:00:00,57757.65502095754
2013-08-27 15:00:00,56864.576720771
2013-08-27 16:00:00,56177.8957192311
2013-08-27 17:00:00,57302.52406508706
2013-08-27 18:00:00,58254.562495088954
2013-08-27 19:00:00,57933.692190996546
2013-08-27 20:00:00,56775.97050948114
2013-08-27 21:00:00,53785.09650045715
2013-08-27 22:00:00,52019.46123090963
2013-08-27 23:00:00,52019.46123090963
2013-08-28 00:00:00,52019.46123090963
2013-08-28 01:00:00,52019.46123090963
2013-08-28 02:00:00,52019.46123090963
2013-08-28 03:00:00,52019.46123090963
2013-08-28 04:00:00,52019.46123090963
2013-08-28 05:00:00,52019.46123090963
2013-08-28 06:00:00,52019.46123090963
2013-08-28 07:00:00,53977.09703816485
2013-08-28 08:00:00,56715.81245721714
2013-08-28 09:00:00,57650.10701220577
2013-08-28 10:00:00,58064.13731215039
2013-08-28 11:00:00,58488.443422822595
2013-08-28 12:00:00,58568.56828597598
2013-08-28 13:00:00,58260.7874977479
2013-08-28 14:00:00,57946.47765135517
2013-08-28 15:00:00,56983.96408928294
2013-08-28 16:00:00,56449.50660779447
2013-08-28 17:00:00,57655.875329703005
2013-08-28 18:00:00,58400.27746875322
2013-08-28 19:00:00,58098.0284235373
2013-08-28 20:00:00,57111.28409869446
2013-08-28 21:00:00,53984.7453941201
2013-08-28 22:00:00,52019.46123090963
2013-08-28 23:00:00,52019.46123090963
2013-08-29 00:00:00,52019.46123090963
2013-08-29 01:00:00,52019.46123090963
2013-08-29 02:00:00,52019.46123090963
2013-08-29 03:00:00,52019.46123090963
2013-08-29 04:00:00,52019.46123090963
2013-08-29 05:00:00,52019.46123090963
2013-08-29 06:00:00,52019.46123090963
2013-08-29 07:00:00,54119.33633470399
2013-08-29 08:00:00,56569.146059751685
2013-08-29 09:00:00,57570.67834292323
2013-08-29 10:00:00,58102.003060214236
2013-08-29 11:00:00,58487.23863704678
2013-08-29 12:00:00,58596.02595456412
2013-08-29 13:00:00,58301.817934893785
2013-08-29 14:00:00,57826.0757638354
2013-08-29 15:00:00,56865.8478768782
2013-08-29 16:00:00,56361.17875268717
2013-08-29 17:00:00,57523.45711219439
2013-08-29 18:00:00,58363.94817844342
2013-08-29 19:00:00,58084.00822662138
2013-08-29 20:00:00,57281.61460604057
2013-08-29 21:00:00,54626.88965266844
2013-08-29 22:00:00,52019.46123090963
2013-08-29 23:00:00,52019.46123090963
2013-08-30 00:00:00,52019.46123090963
2013-08-30 01:00:00,52019.46123090963
2013-08-30 02:00:00,52019.46123090963
2013-08-30 03:00:00,52019.46123090963
2013-08-30 04:00:00,52019.46123090963
2013-08-30 05:00:00,52019.46123090963
2013-08-30 06:00:00,52019.46123090963
2013-08-30 07:00:00,54334.56442006363
2013-08-30 08:00:00,56715.81245721714
2013-08-30 09:00:00,57667.64675528606
2013-08-30 10:00:00,58049.68676647551
2013-08-30 11:00:00,58542.26657235136
2013-08-30 12:00:00,58565.03914309046
2013-08-30 13:00:00,58238.99992788129
2013-08-30 14:00:00,57906.292797257054
2013-08-30 15:00:00,56983.96408928294
2013-08-30 16:00:00,56034.61366049228
2013-08-30 17:00:00,57624.83573549811
2013-08-30 18:00:00,58304.627062186686
2013-08-30 19:00:00,57930.05406620559
2013-08-30 20:00:00,56978.35921513643
2013-08-30 21:00:00,54135.578052709716
2013-08-30 22:00:00,52019.46123090963
2013-08-30 23:00:00,52019.46123090963
2013-08-31 00:00:00,52019.46123090963
2013-08-31 01:00:00,52019.46123090963
2013-08-31 02:00:00,52019.46123090963
2013-08-31 03:00:00,52019.46123090963
2013-08-31 04:00:00,52019.46123090963
2013-08-31 05:00:00,52019.46123090963
2013-08-31 06:00:00,52019.46123090963
2013-08-31 07:00:00,52704.29748992349
2013-08-31 08:00:00,55352.33497810842
2013-08-31 09:00:00,56882.883379660234
2013-08-31 10:00:00,57513.19307503739
2013-08-31 11:00:00,58232.18712626939
2013-08-31 12:00:00,58452.62471072022
2013-08-31 13:00:00,57438.342946624034
2013-08-31 14:00:00,56457.30034649529
2013-08-31 15:00:00,55131.06763632624
2013-08-31 16:00:00,53869.89131074754
2013-08-31 17:00:00,55945.85659174086
2013-08-31 18:00:00,57625.51824346725
2013-08-31 19:00:00,57223.53259203274
2013-08-31 20:00:00,56068.74696803078
2013-08-31 21:00:00,52994.50970025011
2013-08-31 22:00:00,52019.46123090963
2013-08-31 23:00:00,52019.46123090963
2013-09-01 00:00:00,52019.46123090963
2013-09-01 01:00:00,52019.46123090963
2013-09-01 02:00:00,52019.46123090963
2013-09-01 03:00:00,52019.46123090963
2013-09-01 04:00:00,52019.46123090963
2013-09-01 05:00:00,52019.46123090963
2013-09-01 06:00:00,52019.46123090963
2013-09-01 07:00:00,53799.67697897081
2013-09-01 08:00:00,55934.26952414907
2013-09-01 09:00:00,57154.8429238153
2013-09-01 10:00:00,57805.168307991036
2013-09-01 11:00:00,58451.74444306892
2013-09-01 12:00:00,58651.51831441272
2013-09-01 13:00:00,58478.464511956234
2013-09-01 14:00:00,58245.21615579372
2013-09-01 15:00:00,57656.75369496055
2013-09-01 16:00:00,57009.65948037299
2013-09-01 17:00:00,57922.0722670295
2013-09-01 18:00:00,58704.90203820112
2013-09-01 19:00:00,58530.72641920798
2013-09-01 20:00:00,57960.63730133447
2013-09-01 21:00:00,56544.059842361545
2013-09-01 22:00:00,52019.46123090963
2013-09-01 23:00:00,52019.46123090963
2013-09-02 00:00:00,52019.46123090963
2013-09-02 01:00:00,52019.46123090963
2013-09-02 02:00:00,52019.46123090963
2013-09-02 03:00:00,52019.46123090963
2013-09-02 04:00:00,52019.46123090963
2013-09-02 05:00:00,52019.46123090963
2013-09-02 06:00:00,52019.46123090963
2013-09-02 07:00:00,52817.4461779872
2013-09-02 08:00:00,56531.0468411817
2013-09-02 09:00:00,57981.137789190754
2013-09-02 10:00:00,58521.001580323275
2013-09-02 11:00:00,58793.178943157
2013-09-02 12:00:00,58799.643440757885
2013-09-02 13:00:00,58687.09594182385
2013-09-02 14:00:00,58418.62818492507
2013-09-02 15:00:00,58069.861093712214
2013-09-02 16:00:00,57777.81141437134
2013-09-02 17:00:00,58009.88294144661
2013-09-02 18:00:00,58489.762628369215
2013-09-02 19:00:00,58415.2104588184
2013-09-02 20:00:00,57925.290787668884
2013-09-02 21:00:00,56429.019795246975
2013-09-02 22:00:00,52019.46123090963
2013-09-02 23:00:00,52019.46123090963
2013-09-03 00:00:00,52019.46123090963
2013-09-03 01:00:00,52019.46123090963
2013-09-03 02:00:00,52019.46123090963
2013-09-03 03:00:00,52019.46123090963
2013-09-03 04:00:00,52019.46123090963
2013-09-03 05:00:00,52019.46123090963
2013-09-03 06:00:00,52019.46123090963
2013-09-03 07:00:00,53743.72923334338
2013-09-03 08:00:00,57009.37369736445
2013-09-03 09:00:00,58285.29720487585
2013-09-03 10:00:00,58536.807512406645
2013-09-03 11:00:00,58769.23571514478
2013-09-03 12:00:00,58825.13668349225
2013-09-03 13:00:00,58684.86935435519
2013-09-03 14:00:00,58401.11479057054
2013-09-03 15:00:00,57988.50265878935
2013-09-03 16:00:00,57747.433222601976
2013-09-03 17:00:00,58045.57560861439
2013-09-03 18:00:00,58518.92190114636
2013-09-03 19:00:00,58355.395765560446
2013-09-03 20:00:00,57801.32318295058
2013-09-03 21:00:00,56169.98743351645
2013-09-03 22:00:00,52019.46123090963
2013-09-03 23:00:00,52019.46123090963
2013-09-04 00:00:00,52019.46123090963
2013-09-04 01:00:00,52019.46123090963
2013-09-04 02:00:00,52019.46123090963
2013-09-04 03:00:00,52019.46123090963
2013-09-04 04:00:00,52019.46123090963
2013-09-04 05:00:00,52019.46123090963
2013-09-04 06:00:00,52019.46123090963
2013-09-04 07:00:00,53462.97448436617
2013-09-04 08:00:00,56874.72963935713
2013-09-04 09:00:00,58149.06244032258
2013-09-04 10:00:00,58461.9371624999
2013-09-04 11:00:00,58688.94750976408
2013-09-04 12:00:00,58755.934591300575
2013-09-04 13:00:00,58665.19134923466
2013-09-04 14:00:00,58457.916177859726
2013-09-04 15:00:00,58056.797644749764
2013-09-04 16:00:00,57846.09069905892
2013-09-04 17:00:00,57869.7400302918
2013-09-04 18:00:00,58422.0188762519
2013-09-04 19:00:00,58202.27219068905
2013-09-04 20:00:00,57616.21664817736
2013-09-04 21:00:00,55755.456824116736
2013-09-04 22:00:00,52019.46123090963
2013-09-04 23:00:00,52019.46123090963
2013-09-05 00:00:00,52019.46123090963
2013-09-05 01:00:00,52019.46123090963
2013-09-05 02:00:00,52019.46123090963
2013-09-05 03:00:00,52019.46123090963
2013-09-05 04:00:00,52019.46123090963
2013-09-05 05:00:00,52019.46123090963
2013-09-05 06:00:00,52019.46123090963
2013-09-05 07:00:00,53019.10906425304
2013-09-05 08:00:00,56652.2351156569
2013-09-05 09:00:00,57971.300117230356
2013-09-05 10:00:00,58251.54757586763
2013-09-05 11:00:00,58584.496059010584
2013-09-05 12:00:00,58527.01146138152
2013-09-05 13:00:00,58420.261020127764
2013-09-05 14:00:00,58077.372404606926
2013-09-05 15:00:00,57802.60601809046
2013-09-05 16:00:00,57649.92295290569
2013-09-05 17:00:00,57666.384801644475
2013-09-05 18:00:00,58362.75532256584
2013-09-05 19:00:00,58162.54327591689
2013-09-05 20:00:00,57601.76026081068
2013-09-05 21:00:00,55810.256260340655
2013-09-05 22:00:00,52019.46123090963
2013-09-05 23:00:00,52019.46123090963
2013-09-06 00:00:00,52019.46123090963
2013-09-06 01:00:00,52019.46123090963
2013-09-06 02:00:00,52019.46123090963
2013-09-06 03:00:00,52019.46123090963
2013-09-06 04:00:00,52019.46123090963
2013-09-06 05:00:00,52019.46123090963
2013-09-06 06:00:00,52019.46123090963
2013-09-06 07:00:00,53212.18999731354
2013-09-06 08:00:00,56634.41635291059
2013-09-06 09:00:00,57879.951121941456
2013-09-06 10:00:00,58261.82088154058
2013-09-06 11:00:00,58521.67317064655
2013-09-06 12:00:00,58625.323214616124
2013-09-06 13:00:00,58552.23750152755
2013-09-06 14:00:00,58220.81234664159
2013-09-06 15:00:00,57868.9775765721
2013-09-06 16:00:00,57609.76413396137
2013-09-06 17:00:00,57621.25142137909
2013-09-06 18:00:00,58273.07070377601
2013-09-06 19:00:00,58085.93053113231
2013-09-06 20:00:00,57335.58498615502
2013-09-06 21:00:00,55302.32683910089
2013-09-06 22:00:00,52019.46123090963
2013-09-06 23:00:00,52019.46123090963
2013-09-07 00:00:00,52019.46123090963
2013-09-07 01:00:00,52019.46123090963
2013-09-07 02:00:00,52019.46123090963
2013-09-07 03:00:00,52019.46123090963
2013-09-07 04:00:00,52019.46123090963
2013-09-07 05:00:00,52019.46123090963
2013-09-07 06:00:00,52019.46123090963
2013-09-07 07:00:00,52019.46123090963
2013-09-07 08:00:00,53847.132023868966
2013-09-07 09:00:00,56339.06539000795
2013-09-07 10:00:00,57147.75756130928
2013-09-07 11:00:00,57998.87509300665
2013-09-07 12:00:00,58151.83860251605
2013-09-07 13:00:00,56733.54811977127
2013-09-07 14:00:00,56272.73155329778
2013-09-07 15:00:00,55569.155310045564
2013-09-07 16:00:00,55783.021165646256
2013-09-07 17:00:00,56473.790382498024
2013-09-07 18:00:00,57205.678024317705
2013-09-07 19:00:00,56898.59412024498
2013-09-07 20:00:00,55909.99801523299
2013-09-07 21:00:00,53261.86378073859
2013-09-07 22:00:00,52019.46123090963
2013-09-07 23:00:00,52019.46123090963
2013-09-08 00:00:00,52019.46123090963
2013-09-08 01:00:00,52019.46123090963
2013-09-08 02:00:00,52019.46123090963
2013-09-08 03:00:00,52019.46123090963
2013-09-08 04:00:00,52019.46123090963
2013-09-08 05:00:00,52019.46123090963
2013-09-08 06:00:00,52019.46123090963
2013-09-08 07:00:00,52019.46123090963
2013-09-08 08:00:00,55243.6348249227
2013-09-08 09:00:00,57065.86041977239
2013-09-08 10:00:00,57889.5729039695
2013-09-08 11:00:00,58329.469058035545
2013-09-08 12:00:00,58458.52312241235
2013-09-08 13:00:00,58401.42529546005
2013-09-08 14:00:00,58096.560505316775
2013-09-08 15:00:00,57486.08888685049
2013-09-08 16:00:00,57451.15276978722
2013-09-08 17:00:00,57761.27165964182
2013-09-08 18:00:00,58296.90860698269
2013-09-08 19:00:00,58155.36733599495
2013-09-08 20:00:00,57575.24447910139
2013-09-08 21:00:00,54997.286026721566
2013-09-08 22:00:00,52019.46123090963
2013-09-08 23:00:00,52019.46123090963
2013-09-09 00:00:00,52019.46123090963
2013-09-09 01:00:00,52019.46123090963
2013-09-09 02:00:00,52019.46123090963
2013-09-09 03:00:00,52019.46123090963
2013-09-09 04:00:00,52019.46123090963
2013-09-09 05:00:00,52019.46123090963
2013-09-09 06:00:00,52019.46123090963
2013-09-09 07:00:00,53096.07435843355
2013-09-09 08:00:00,56743.79355283225
2013-09-09 09:00:00,58112.82541360182
2013-09-09 10:00:00,58504.39013643384
2013-09-09 11:00:00,58738.6806843832
2013-09-09 12:00:00,58780.78194655817
2013-09-09 13:00:00,58721.74220041364
2013-09-09 14:00:00,58545.0697068642
2013-09-09 15:00:00,58175.61622840921
2013-09-09 16:00:00,57992.141203822655
2013-09-09 17:00:00,57953.219394083724
2013-09-09 18:00:00,58482.11023634802
2013-09-09 19:00:00,58405.33612850937
2013-09-09 20:00:00,57956.36123185678
2013-09-09 21:00:00,56437.78304632308
2013-09-09 22:00:00,52019.46123090963
2013-09-09 23:00:00,52019.46123090963
2013-09-10 00:00:00,52019.46123090963
2013-09-10 01:00:00,52019.46123090963
2013-09-10 02:00:00,52019.46123090963
2013-09-10 03:00:00,52019.46123090963
2013-09-10 04:00:00,52019.46123090963
2013-09-10 05:00:00,52019.46123090963
2013-09-10 06:00:00,52019.46123090963
2013-09-10 07:00:00,53926.3476417529
2013-09-10 08:00:00,57126.95014773903
2013-09-10 09:00:00,58205.4314724931
2013-09-10 10:00:00,58541.98577975526
2013-09-10 11:00:00,58776.37581897055
2013-09-10 12:00:00,58825.3261503741
2013-09-10 13:00:00,58809.624299898
2013-09-10 14:00:00,58650.18246670596
2013-09-10 15:00:00,58314.93182666392
2013-09-10 16:00:00,58209.86908410221
2013-09-10 17:00:00,58256.85611049636
2013-09-10 18:00:00,58626.49658159375
2013-09-10 19:00:00,58540.404551543616
2013-09-10 20:00:00,58191.025626175084
2013-09-10 21:00:00,56790.0914812526
2013-09-10 22:00:00,52186.029068994714
2013-09-10 23:00:00,52019.46123090963
2013-09-11 00:00:00,52019.46123090963
2013-09-11 01:00:00,52019.46123090963
2013-09-11 02:00:00,52019.46123090963
2013-09-11 03:00:00,52019.46123090963
2013-09-11 04:00:00,52019.46123090963
2013-09-11 05:00:00,52019.46123090963
2013-09-11 06:00:00,52019.46123090963
2013-09-11 07:00:00,53821.99052940419
2013-09-11 08:00:00,56933.626945672644
2013-09-11 09:00:00,58247.86311664847
2013-09-11 10:00:00,58540.14153673551
2013-09-11 11:00:00,58718.83837378297
2013-09-11 12:00:00,58816.287889965606
2013-09-11 13:00:00,58791.77183933278
2013-09-11 14:00:00,58668.18818172835
2013-09-11 15:00:00,58380.10506674562
2013-09-11 16:00:00,58214.96997973715
2013-09-11 17:00:00,58264.929337891044
2013-09-11 18:00:00,58670.11201869628
2013-09-11 19:00:00,58590.26110877393
2013-09-11 20:00:00,58290.493009071324
2013-09-11 21:00:00,57097.137374698235
2013-09-11 22:00:00,52764.83626697133
2013-09-11 23:00:00,52019.46123090963
2013-09-12 00:00:00,52019.46123090963
2013-09-12 01:00:00,52019.46123090963
2013-09-12 02:00:00,52019.46123090963
2013-09-12 03:00:00,52019.46123090963
2013-09-12 04:00:00,52019.46123090963
2013-09-12 05:00:00,52019.46123090963
2013-09-12 06:00:00,52019.46123090963
2013-09-12 07:00:00,54205.966366211724
2013-09-12 08:00:00,57313.11107579715
2013-09-12 09:00:00,58390.05724203889
2013-09-12 10:00:00,58596.7479442678
2013-09-12 11:00:00,58823.22018800028
2013-09-12 12:00:00,58861.36153661871
2013-09-12 13:00:00,58826.693757953195
2013-09-12 14:00:00,58701.65107985657
2013-09-12 15:00:00,58463.9342829393
2013-09-12 16:00:00,58284.66388175205
2013-09-12 17:00:00,58482.00383716808
2013-09-12 18:00:00,58753.637886109864
2013-09-12 19:00:00,58657.14660769512
2013-09-12 20:00:00,58452.770724136986
2013-09-12 21:00:00,57443.199134601535
2013-09-12 22:00:00,53259.98518030485
2013-09-12 23:00:00,52019.46123090963
2013-09-13 00:00:00,52019.46123090963
2013-09-13 01:00:00,52019.46123090963
2013-09-13 02:00:00,52019.46123090963
2013-09-13 03:00:00,52019.46123090963
2013-09-13 04:00:00,52019.46123090963
2013-09-13 05:00:00,52019.46123090963
2013-09-13 06:00:00,52019.46123090963
2013-09-13 07:00:00,55155.48950853644
2013-09-13 08:00:00,57596.85752224701
2013-09-13 09:00:00,58489.83610066339
2013-09-13 10:00:00,58698.85151262373
2013-09-13 11:00:00,58879.29401599056
2013-09-13 12:00:00,58928.629919075865
2013-09-13 13:00:00,58884.98907874254
2013-09-13 14:00:00,58825.2416397425
2013-09-13 15:00:00,58658.05867047402
2013-09-13 16:00:00,58560.12816659701
2013-09-13 17:00:00,58683.67130057558
2013-09-13 18:00:00,58845.29942399376
2013-09-13 19:00:00,58859.00366509737
2013-09-13 20:00:00,58717.65829749369
2013-09-13 21:00:00,57966.16844932153
2013-09-13 22:00:00,55085.4348751937
2013-09-13 23:00:00,52019.46123090963
2013-09-14 00:00:00,52019.46123090963
2013-09-14 01:00:00,52019.46123090963
2013-09-14 02:00:00,52019.46123090963
2013-09-14 03:00:00,52019.46123090963
2013-09-14 04:00:00,52019.46123090963
2013-09-14 05:00:00,52019.46123090963
2013-09-14 06:00:00,52019.46123090963
2013-09-14 07:00:00,54801.2954377019
2013-09-14 08:00:00,57137.257542567626
2013-09-14 09:00:00,58005.39407616804
2013-09-14 10:00:00,58391.32991574606
2013-09-14 11:00:00,58750.97054142126
2013-09-14 12:00:00,58829.65033711726
2013-09-14 13:00:00,58549.33480426617
2013-09-14 14:00:00,58395.18457462241
2013-09-14 15:00:00,58222.71824501108
2013-09-14 16:00:00,58054.32324828462
2013-09-14 17:00:00,58331.966793159445
2013-09-14 18:00:00,58776.329713412844
2013-09-14 19:00:00,58737.932853423816
2013-09-14 20:00:00,58559.470187610954
2013-09-14 21:00:00,57875.207274751985
2013-09-14 22:00:00,54985.863510128875
2013-09-14 23:00:00,52019.46123090963
2013-09-15 00:00:00,52019.46123090963
2013-09-15 01:00:00,52019.46123090963
2013-09-15 02:00:00,52019.46123090963
2013-09-15 03:00:00,52019.46123090963
2013-09-15 04:00:00,52019.46123090963
2013-09-15 05:00:00,52019.46123090963
2013-09-15 06:00:00,52155.74543362493
2013-09-15 07:00:00,56166.106624659056
2013-09-15 08:00:00,57702.64040386869
2013-09-15 09:00:00,58394.195528783755
2013-09-15 10:00:00,58640.64269218278
2013-09-15 11:00:00,58846.832282260955
2013-09-15 12:00:00,58912.700399397894
2013-09-15 13:00:00,58936.90844652715
2013-09-15 14:00:00,58872.97590145913
2013-09-15 15:00:00,58738.93252551493
2013-09-15 16:00:00,58645.840280595854
2013-09-15 17:00:00,58787.03564447665
2013-09-15 18:00:00,58979.67329353746
2013-09-15 19:00:00,58952.28991507526
2013-09-15 20:00:00,58902.129030257456
2013-09-15 21:00:00,58573.17115217903
2013-09-15 22:00:00,56919.176842263696
2013-09-15 23:00:00,53609.55832344462
2013-09-16 00:00:00,52019.46123090963
2013-09-16 01:00:00,52019.46123090963
2013-09-16 02:00:00,52019.46123090963
2013-09-16 03:00:00,52019.46123090963
2013-09-16 04:00:00,52019.46123090963
2013-09-16 05:00:00,52019.46123090963
2013-09-16 06:00:00,53549.44701995677
2013-09-16 07:00:00,57047.26950017285
2013-09-16 08:00:00,58384.761631104644
2013-09-16 09:00:00,58802.39020443123
2013-09-16 10:00:00,58873.70496087285
2013-09-16 11:00:00,58972.307370668
2013-09-16 12:00:00,59018.504313374004
2013-09-16 13:00:00,59010.29819939035
2013-09-16 14:00:00,58928.20798910845
2013-09-16 15:00:00,58836.464181300216
2013-09-16 16:00:00,58781.47607423615
2013-09-16 17:00:00,58848.935335849004
2013-09-16 18:00:00,58964.44825810396
2013-09-16 19:00:00,58862.00364485604
2013-09-16 20:00:00,58754.84412318356
2013-09-16 21:00:00,58267.70436936786
2013-09-16 22:00:00,55798.641306158526
2013-09-16 23:00:00,52498.24408133786
2013-09-17 00:00:00,52019.46123090963
2013-09-17 01:00:00,52019.46123090963
2013-09-17 02:00:00,52019.46123090963
2013-09-17 03:00:00,52019.46123090963
2013-09-17 04:00:00,52019.46123090963
2013-09-17 05:00:00,52019.46123090963
2013-09-17 06:00:00,53329.837466834586
2013-09-17 07:00:00,56815.46688162922
2013-09-17 08:00:00,58280.862345516514
2013-09-17 09:00:00,58803.409407340965
2013-09-17 10:00:00,58885.278510459364
2013-09-17 11:00:00,58950.6856574133
2013-09-17 12:00:00,58967.3624652386
2013-09-17 13:00:00,58964.84540203371
2013-09-17 14:00:00,58796.4467489884
2013-09-17 15:00:00,58560.400400236715
2013-09-17 16:00:00,58438.16954188901
2013-09-17 17:00:00,58612.48887501334
2013-09-17 18:00:00,58886.8623015783
2013-09-17 19:00:00,58795.05369167485
2013-09-17 20:00:00,58735.835170300394
2013-09-17 21:00:00,58104.510254054025
2013-09-17 22:00:00,56173.41366865059
2013-09-17 23:00:00,52686.47336425727
2013-09-18 00:00:00,52019.46123090963
2013-09-18 01:00:00,52019.46123090963
2013-09-18 02:00:00,52019.46123090963
2013-09-18 03:00:00,52019.46123090963
2013-09-18 04:00:00,52019.46123090963
2013-09-18 05:00:00,52019.46123090963
2013-09-18 06:00:00,52600.1469281237
2013-09-18 07:00:00,56647.7380968073
2013-09-18 08:00:00,58180.89700483419
2013-09-18 09:00:00,58718.44539569062
2013-09-18 10:00:00,58792.1768668529
2013-09-18 11:00:00,58937.80420967962
2013-09-18 12:00:00,58926.78641418189
2013-09-18 13:00:00,58908.57655509071
2013-09-18 14:00:00,58852.328030936136
2013-09-18 15:00:00,58752.16083221313
2013-09-18 16:00:00,58603.071652240455
2013-09-18 17:00:00,58731.7688185651
2013-09-18 18:00:00,58907.7591054657
2013-09-18 19:00:00,58870.15554136032
2013-09-18 20:00:00,58754.139613544925
2013-09-18 21:00:00,58160.91276199706
2013-09-18 22:00:00,55421.33546967911
2013-09-18 23:00:00,52019.46123090963
2013-09-19 00:00:00,52019.46123090963
2013-09-19 01:00:00,52019.46123090963
2013-09-19 02:00:00,52019.46123090963
2013-09-19 03:00:00,52019.46123090963
2013-09-19 04:00:00,52019.46123090963
2013-09-19 05:00:00,52019.46123090963
2013-09-19 06:00:00,52019.46123090963
2013-09-19 07:00:00,56352.93403987568
2013-09-19 08:00:00,58147.58455191533
2013-09-19 09:00:00,58731.13159513378
2013-09-19 10:00:00,58850.53434511292
2013-09-19 11:00:00,58945.76049990698
2013-09-19 12:00:00,58968.328046276285
2013-09-19 13:00:00,58951.47277191909
2013-09-19 14:00:00,58901.318986118844
2013-09-19 15:00:00,58805.75206559111
2013-09-19 16:00:00,58726.30548062001
2013-09-19 17:00:00,58830.944329396545
2013-09-19 18:00:00,58949.146225739816
2013-09-19 19:00:00,58916.49595001224
2013-09-19 20:00:00,58756.94957840953
2013-09-19 21:00:00,58309.950554759314
2013-09-19 22:00:00,56260.1466618539
2013-09-19 23:00:00,53028.34134185687
2013-09-20 00:00:00,52019.46123090963
2013-09-20 01:00:00,52019.46123090963
2013-09-20 02:00:00,52019.46123090963
2013-09-20 03:00:00,52019.46123090963
2013-09-20 04:00:00,52019.46123090963
2013-09-20 05:00:00,52019.46123090963
2013-09-20 06:00:00,53897.457515130416
2013-09-20 07:00:00,57258.24840502813
2013-09-20 08:00:00,58347.19971487517
2013-09-20 09:00:00,58782.390605070534
2013-09-20 10:00:00,58872.913156104856
2013-09-20 11:00:00,58952.82834353166
2013-09-20 12:00:00,58963.93244801012
2013-09-20 13:00:00,58915.89166680656
2013-09-20 14:00:00,58773.856244131886
2013-09-20 15:00:00,58571.008001947914
2013-09-20 16:00:00,58463.616791555534
2013-09-20 17:00:00,58612.16429248173
2013-09-20 18:00:00,58752.81313072128
2013-09-20 19:00:00,58692.78691984486
2013-09-20 20:00:00,58524.49394790167
2013-09-20 21:00:00,57664.80120820941
2013-09-20 22:00:00,54500.60270222798
2013-09-20 23:00:00,52019.46123090963
2013-09-21 00:00:00,52019.46123090963
2013-09-21 01:00:00,52019.46123090963
2013-09-21 02:00:00,52019.46123090963
2013-09-21 03:00:00,52019.46123090963
2013-09-21 04:00:00,52019.46123090963
2013-09-21 05:00:00,52019.46123090963
2013-09-21 06:00:00,52019.46123090963
2013-09-21 07:00:00,54064.83967165511
2013-09-21 08:00:00,56683.512411782685
2013-09-21 09:00:00,57783.65909695224
2013-09-21 10:00:00,58110.801050854636
2013-09-21 11:00:00,58530.745367391326
2013-09-21 12:00:00,58670.0508512241
2013-09-21 13:00:00,57742.49123331311
2013-09-21 14:00:00,57521.183507289126
2013-09-21 15:00:00,56576.15305631591
2013-09-21 16:00:00,56442.22999790528
2013-09-21 17:00:00,57307.824200140654
2013-09-21 18:00:00,57914.54562942961
2013-09-21 19:00:00,57756.26757856732
2013-09-21 20:00:00,57252.48079976913
2013-09-21 21:00:00,55501.172255665646
2013-09-21 22:00:00,52019.46123090963
2013-09-21 23:00:00,52019.46123090963
2013-09-22 00:00:00,52019.46123090963
2013-09-22 01:00:00,52019.46123090963
2013-09-22 02:00:00,52019.46123090963
2013-09-22 03:00:00,52019.46123090963
2013-09-22 04:00:00,52019.46123090963
2013-09-22 05:00:00,52019.46123090963
2013-09-22 06:00:00,52019.46123090963
2013-09-22 07:00:00,53371.343122470134
2013-09-22 08:00:00,56529.62727549954
2013-09-22 09:00:00,57487.4880520006
2013-09-22 10:00:00,57891.82472234539
2013-09-22 11:00:00,58301.65525649834
2013-09-22 12:00:00,58376.85242077128
2013-09-22 13:00:00,58319.61969811319
2013-09-22 14:00:00,57864.85636529033
2013-09-22 15:00:00,57393.88480736836
2013-09-22 16:00:00,57251.222253637236
2013-09-22 17:00:00,57887.160236299525
2013-09-22 18:00:00,58353.147717611944
2013-09-22 19:00:00,58274.481154696216
2013-09-22 20:00:00,57829.0539107761
2013-09-22 21:00:00,56300.991616573185
2013-09-22 22:00:00,52019.46123090963
2013-09-22 23:00:00,52019.46123090963
2013-09-23 00:00:00,52019.46123090963
2013-09-23 01:00:00,52019.46123090963
2013-09-23 02:00:00,52019.46123090963
2013-09-23 03:00:00,52019.46123090963
2013-09-23 04:00:00,52019.46123090963
2013-09-23 05:00:00,52019.46123090963
2013-09-23 06:00:00,52019.46123090963
2013-09-23 07:00:00,52763.2767482827
2013-09-23 08:00:00,56557.90341986712
2013-09-23 09:00:00,58145.43364405325
2013-09-23 10:00:00,58465.26851203733
2013-09-23 11:00:00,58758.01539798527
2013-09-23 12:00:00,58774.177806077365
2013-09-23 13:00:00,58723.27336496933
2013-09-23 14:00:00,58539.548557336755
2013-09-23 15:00:00,58193.11143038132
2013-09-23 16:00:00,57980.991673672186
2013-09-23 17:00:00,58309.34610267451
2013-09-23 18:00:00,58551.86630525276
2013-09-23 19:00:00,58475.86594195576
2013-09-23 20:00:00,58106.528365652244
2013-09-23 21:00:00,56808.30892904955
2013-09-23 22:00:00,52753.0490077304
2013-09-23 23:00:00,52019.46123090963
2013-09-24 00:00:00,52019.46123090963
2013-09-24 01:00:00,52019.46123090963
2013-09-24 02:00:00,52019.46123090963
2013-09-24 03:00:00,52019.46123090963
2013-09-24 04:00:00,52019.46123090963
2013-09-24 05:00:00,52019.46123090963
2013-09-24 06:00:00,52019.46123090963
2013-09-24 07:00:00,53435.536237831555
2013-09-24 08:00:00,57095.757657027956
2013-09-24 09:00:00,58186.99161371975
2013-09-24 10:00:00,58483.30265129373
2013-09-24 11:00:00,58768.33288286615
2013-09-24 12:00:00,58822.279975219455
2013-09-24 13:00:00,58803.17360027701
2013-09-24 14:00:00,58680.471498772866
2013-09-24 15:00:00,58382.90237295414
2013-09-24 16:00:00,58224.53178272795
2013-09-24 17:00:00,58494.047943871956
2013-09-24 18:00:00,58670.97620604667
2013-09-24 19:00:00,58554.99367318303
2013-09-24 20:00:00,58234.08619320362
2013-09-24 21:00:00,57093.64842211789
2013-09-24 22:00:00,53046.335704102705
2013-09-24 23:00:00,52019.46123090963
2013-09-25 00:00:00,52019.46123090963
2013-09-25 01:00:00,52019.46123090963
2013-09-25 02:00:00,52019.46123090963
2013-09-25 03:00:00,52019.46123090963
2013-09-25 04:00:00,52019.46123090963
2013-09-25 05:00:00,52019.46123090963
2013-09-25 06:00:00,52019.46123090963
2013-09-25 07:00:00,54701.838472367584
2013-09-25 08:00:00,57318.38471202176
2013-09-25 09:00:00,58379.378971883314
2013-09-25 10:00:00,58643.091421680125
2013-09-25 11:00:00,58846.129299698914
2013-09-25 12:00:00,58877.133853982334
2013-09-25 13:00:00,58848.11342906469
2013-09-25 14:00:00,58754.89309481501
2013-09-25 15:00:00,58536.72996201733
2013-09-25 16:00:00,58403.2169918865
2013-09-25 17:00:00,58617.33335919549
2013-09-25 18:00:00,58807.31626762276
2013-09-25 19:00:00,58613.75956853882
2013-09-25 20:00:00,58452.347568672325
2013-09-25 21:00:00,57673.516173532735
2013-09-25 22:00:00,53682.28660969036
2013-09-25 23:00:00,52019.46123090963
2013-09-26 00:00:00,52019.46123090963
2013-09-26 01:00:00,52019.46123090963
2013-09-26 02:00:00,52019.46123090963
2013-09-26 03:00:00,52019.46123090963
2013-09-26 04:00:00,52019.46123090963
2013-09-26 05:00:00,52019.46123090963
2013-09-26 06:00:00,52019.46123090963
2013-09-26 07:00:00,53784.0350608145
2013-09-26 08:00:00,56868.38843884477
2013-09-26 09:00:00,58166.42436382817
2013-09-26 10:00:00,58533.08124886613
2013-09-26 11:00:00,58771.70662953111
2013-09-26 12:00:00,58843.66854225986
2013-09-26 13:00:00,58833.03379545753
2013-09-26 14:00:00,58715.90051882575
2013-09-26 15:00:00,58513.249394223065
2013-09-26 16:00:00,58413.11935509268
2013-09-26 17:00:00,58608.25345226381
2013-09-26 18:00:00,58851.58036249282
2013-09-26 19:00:00,58797.55061908214
2013-09-26 20:00:00,58679.28388451364
2013-09-26 21:00:00,58014.7862064839
2013-09-26 22:00:00,55215.91522675216
2013-09-26 23:00:00,52019.46123090963
2013-09-27 00:00:00,52019.46123090963
2013-09-27 01:00:00,52019.46123090963
2013-09-27 02:00:00,52019.46123090963
2013-09-27 03:00:00,52019.46123090963
2013-09-27 04:00:00,52019.46123090963
2013-09-27 05:00:00,52019.46123090963
2013-09-27 06:00:00,52019.46123090963
2013-09-27 07:00:00,55568.64098841617
2013-09-27 08:00:00,57910.289910948115
2013-09-27 09:00:00,58681.271594841244
2013-09-27 10:00:00,58879.639380199296
2013-09-27 11:00:00,58993.32824519831
2013-09-27 12:00:00,59010.07610546426
2013-09-27 13:00:00,58995.87830029798
2013-09-27 14:00:00,58937.64517092728
2013-09-27 15:00:00,58816.66825068514
2013-09-27 16:00:00,58702.625120265795
2013-09-27 17:00:00,58780.334581718635
2013-09-27 18:00:00,58957.73267679073
2013-09-27 19:00:00,58932.846192063895
2013-09-27 20:00:00,58819.84832027952
2013-09-27 21:00:00,58413.096776115
2013-09-27 22:00:00,56647.274917339215
2013-09-27 23:00:00,53500.52104977268
2013-09-28 00:00:00,52019.46123090963
2013-09-28 01:00:00,52019.46123090963
2013-09-28 02:00:00,52019.46123090963
2013-09-28 03:00:00,52019.46123090963
2013-09-28 04:00:00,52019.46123090963
2013-09-28 05:00:00,52019.46123090963
2013-09-28 06:00:00,52019.46123090963
2013-09-28 07:00:00,55502.122442174914
2013-09-28 08:00:00,57524.405337600336
2013-09-28 09:00:00,58355.648854084335
2013-09-28 10:00:00,58663.12364964841
2013-09-28 11:00:00,58870.32399236943
2013-09-28 12:00:00,58913.75932741582
2013-09-28 13:00:00,58770.65670625912
2013-09-28 14:00:00,58774.96678737484
2013-09-28 15:00:00,58601.669947588045
2013-09-28 16:00:00,58474.76768735689
2013-09-28 17:00:00,58720.13130048101
2013-09-28 18:00:00,58934.84835204837
2013-09-28 19:00:00,58920.23714233237
2013-09-28 20:00:00,58840.87468706446
2013-09-28 21:00:00,58384.848384727076
2013-09-28 22:00:00,56692.12396218078
2013-09-28 23:00:00,53773.864427498804
2013-09-29 00:00:00,52112.23867893953
2013-09-29 01:00:00,52019.46123090963
2013-09-29 02:00:00,52019.46123090963
2013-09-29 03:00:00,52019.46123090963
2013-09-29 04:00:00,52019.46123090963
2013-09-29 05:00:00,52019.46123090963
2013-09-29 06:00:00,52588.30840162045
2013-09-29 07:00:00,55595.37398494751
2013-09-29 08:00:00,57512.993955810154
2013-09-29 09:00:00,58336.638453374515
2013-09-29 10:00:00,58556.8954292336
2013-09-29 11:00:00,58734.24691380437
2013-09-29 12:00:00,58782.30474340476
2013-09-29 13:00:00,58816.13896688702
2013-09-29 14:00:00,58747.3093864226
2013-09-29 15:00:00,58484.43040036599
2013-09-29 16:00:00,58351.20008586703
2013-09-29 17:00:00,58646.07175688388
2013-09-29 18:00:00,58896.881647886934
2013-09-29 19:00:00,58829.252639999526
2013-09-29 20:00:00,58699.17207365172
2013-09-29 21:00:00,58093.11989888665
2013-09-29 22:00:00,55921.61155438783
2013-09-29 23:00:00,52608.43995824709
2013-09-30 00:00:00,52019.46123090963
2013-09-30 01:00:00,52019.46123090963
2013-09-30 02:00:00,52019.46123090963
2013-09-30 03:00:00,52019.46123090963
2013-09-30 04:00:00,52019.46123090963
2013-09-30 05:00:00,52019.46123090963
2013-09-30 06:00:00,52019.46123090963
2013-09-30 07:00:00,54511.762335430176
2013-09-30 08:00:00,56793.761320100115
2013-09-30 09:00:00,57671.13225527635
2013-09-30 10:00:00,58137.99321459807
2013-09-30 11:00:00,58487.64047840646
2013-09-30 12:00:00,58635.96905603887
2013-09-30 13:00:00,58650.688716756194
2013-09-30 14:00:00,58469.160302756834
2013-09-30 15:00:00,58071.80773518242
2013-09-30 16:00:00,57819.48120895641
2013-09-30 17:00:00,58307.81635742657
2013-09-30 18:00:00,58578.06167994867
2013-09-30 19:00:00,58364.500221474336
2013-09-30 20:00:00,57875.365749811164
2013-09-30 21:00:00,56629.1705495507
2013-09-30 22:00:00,52985.591824707175
2013-09-30 23:00:00,52019.46123090963
2013-10-01 00:00:00,52019.46123090963
2013-10-01 01:00:00,52019.46123090963
2013-10-01 02:00:00,52019.46123090963
2013-10-01 03:00:00,52019.46123090963
2013-10-01 04:00:00,52019.46123090963
2013-10-01 05:00:00,52019.46123090963
2013-10-01 06:00:00,52481.625989889035
2013-10-01 07:00:00,54728.34771496623
2013-10-01 08:00:00,54902.03953884969
2013-10-01 09:00:00,56318.01130658516
2013-10-01 10:00:00,57177.15073863949
2013-10-01 11:00:00,57821.63938063185
2013-10-01 12:00:00,57938.86228604277
2013-10-01 13:00:00,57806.826152796595
2013-10-01 14:00:00,57234.164752295204
2013-10-01 15:00:00,56053.62363288131
2013-10-01 16:00:00,54812.43071084922
2013-10-01 17:00:00,54840.096314116134
2013-10-01 18:00:00,58091.576799622046
2013-10-01 19:00:00,57965.98000943325
2013-10-01 20:00:00,57538.94157267209
2013-10-01 21:00:00,56013.42256211305
2013-10-01 22:00:00,52293.17462600668
2013-10-01 23:00:00,52019.46123090963
2013-10-02 00:00:00,52019.46123090963
2013-10-02 01:00:00,52019.46123090963
2013-10-02 02:00:00,52019.46123090963
2013-10-02 03:00:00,52019.46123090963
2013-10-02 04:00:00,52019.46123090963
2013-10-02 05:00:00,52019.46123090963
2013-10-02 06:00:00,52019.46123090963
2013-10-02 07:00:00,53855.38934973369
2013-10-02 08:00:00,55947.50942781542
2013-10-02 09:00:00,57037.44658921198
2013-10-02 10:00:00,57494.01718219046
2013-10-02 11:00:00,58038.90424797472
2013-10-02 12:00:00,58310.898796391746
2013-10-02 13:00:00,58313.05092787059
2013-10-02 14:00:00,57956.51024488441
2013-10-02 15:00:00,57088.770732613724
2013-10-02 16:00:00,55939.63208100291
2013-10-02 17:00:00,55986.99295439188
2013-10-02 18:00:00,58257.538436879426
2013-10-02 19:00:00,58318.42746748593
2013-10-02 20:00:00,57735.91084621025
2013-10-02 21:00:00,56633.29845365866
2013-10-02 22:00:00,52795.46350836821
2013-10-02 23:00:00,52019.46123090963
2013-10-03 00:00:00,52019.46123090963
2013-10-03 01:00:00,52019.46123090963
2013-10-03 02:00:00,52019.46123090963
2013-10-03 03:00:00,52019.46123090963
2013-10-03 04:00:00,52019.46123090963
2013-10-03 05:00:00,52019.46123090963
2013-10-03 06:00:00,52019.46123090963
2013-10-03 07:00:00,54279.04079848033
2013-10-03 08:00:00,56323.36724523459
2013-10-03 09:00:00,57335.63774390152
2013-10-03 10:00:00,57668.31186308069
2013-10-03 11:00:00,58249.24066072696
2013-10-03 12:00:00,58430.27078389458
2013-10-03 13:00:00,58409.556430289784
2013-10-03 14:00:00,58061.782244256305
2013-10-03 15:00:00,57262.88903213044
2013-10-03 16:00:00,56408.56094820486
2013-10-03 17:00:00,56391.993262983815
2013-10-03 18:00:00,58509.67365846275
2013-10-03 19:00:00,58455.946814509625
2013-10-03 20:00:00,58057.71409044985
2013-10-03 21:00:00,56941.284722907905
2013-10-03 22:00:00,53485.03334031539
2013-10-03 23:00:00,52019.46123090963
2013-10-04 00:00:00,52019.46123090963
2013-10-04 01:00:00,52019.46123090963
2013-10-04 02:00:00,52019.46123090963
2013-10-04 03:00:00,52019.46123090963
2013-10-04 04:00:00,52019.46123090963
2013-10-04 05:00:00,52019.46123090963
2013-10-04 06:00:00,52019.46123090963
2013-10-04 07:00:00,54476.17590752943
2013-10-04 08:00:00,56419.96057307896
2013-10-04 09:00:00,57642.152840957555
2013-10-04 10:00:00,58084.83386103464
2013-10-04 11:00:00,58442.79061443834
2013-10-04 12:00:00,58550.701813968626
2013-10-04 13:00:00,58520.65042107874
2013-10-04 14:00:00,58240.826000612804
2013-10-04 15:00:00,57566.566449462014
2013-10-04 16:00:00,56861.06196030714
2013-10-04 17:00:00,56903.71177546117
2013-10-04 18:00:00,58594.588668222794
2013-10-04 19:00:00,58536.328906085684
2013-10-04 20:00:00,58149.63554079613
2013-10-04 21:00:00,57022.807070468385
2013-10-04 22:00:00,53796.68772935443
2013-10-04 23:00:00,52019.46123090963
2013-10-05 00:00:00,52019.46123090963
2013-10-05 01:00:00,52019.46123090963
2013-10-05 02:00:00,52019.46123090963
2013-10-05 03:00:00,52019.46123090963
2013-10-05 04:00:00,52019.46123090963
2013-10-05 05:00:00,52019.46123090963
2013-10-05 06:00:00,52019.46123090963
2013-10-05 07:00:00,55118.953788408886
2013-10-05 08:00:00,56604.03006991952
2013-10-05 09:00:00,57685.86258282996
2013-10-05 10:00:00,58050.34756006857
2013-10-05 11:00:00,58507.810977662506
2013-10-05 12:00:00,58698.2679783162
2013-10-05 13:00:00,58383.036330620314
2013-10-05 14:00:00,57972.11696057849
2013-10-05 15:00:00,56999.72350696874
2013-10-05 16:00:00,56207.505949291284
2013-10-05 17:00:00,56684.8651128244
2013-10-05 18:00:00,58512.9647058715
2013-10-05 19:00:00,58480.3490307342
2013-10-05 20:00:00,58150.238779476225
2013-10-05 21:00:00,56878.763763052775
2013-10-05 22:00:00,53639.427665084884
2013-10-05 23:00:00,52019.46123090963
2013-10-06 00:00:00,52019.46123090963
2013-10-06 01:00:00,52019.46123090963
2013-10-06 02:00:00,52019.46123090963
2013-10-06 03:00:00,52019.46123090963
2013-10-06 04:00:00,52019.46123090963
2013-10-06 05:00:00,52019.46123090963
2013-10-06 06:00:00,52019.46123090963
2013-10-06 07:00:00,55616.66284409841
2013-10-06 08:00:00,57538.569492614864
2013-10-06 09:00:00,58278.46197735576
2013-10-06 10:00:00,58584.91898866283
2013-10-06 11:00:00,58822.073391962236
2013-10-06 12:00:00,58884.50046166233
2013-10-06 13:00:00,58852.27359911365
2013-10-06 14:00:00,58766.89102907141
2013-10-06 15:00:00,58470.14903348101
2013-10-06 16:00:00,58077.13561742845
2013-10-06 17:00:00,57447.95830358495
2013-10-06 18:00:00,58394.11137834414
2013-10-06 19:00:00,58131.08314015448
2013-10-06 20:00:00,58062.299657679
2013-10-06 21:00:00,57173.75359765991
2013-10-06 22:00:00,54159.84028762899
2013-10-06 23:00:00,52019.46123090963
2013-10-07 00:00:00,52019.46123090963
2013-10-07 01:00:00,52019.46123090963
2013-10-07 02:00:00,52019.46123090963
2013-10-07 03:00:00,52019.46123090963
2013-10-07 04:00:00,52019.46123090963
2013-10-07 05:00:00,52019.46123090963
2013-10-07 06:00:00,53116.90327908558
2013-10-07 07:00:00,56426.86249346047
2013-10-07 08:00:00,58086.62119016373
2013-10-07 09:00:00,58625.44839786785
2013-10-07 10:00:00,58812.19155562296
2013-10-07 11:00:00,58938.73209046014
2013-10-07 12:00:00,58977.10034864494
2013-10-07 13:00:00,58966.99750464502
2013-10-07 14:00:00,58911.84311805394
2013-10-07 15:00:00,58795.48768914767
2013-10-07 16:00:00,58587.31517726491
2013-10-07 17:00:00,58521.303150935615
2013-10-07 18:00:00,58979.45119469739
2013-10-07 19:00:00,58954.62231226808
2013-10-07 20:00:00,58797.44172876834
2013-10-07 21:00:00,58130.01763398974
2013-10-07 22:00:00,54854.8772816401
2013-10-07 23:00:00,52019.46123090963
2013-10-08 00:00:00,52019.46123090963
2013-10-08 01:00:00,52019.46123090963
2013-10-08 02:00:00,52019.46123090963
2013-10-08 03:00:00,52019.46123090963
2013-10-08 04:00:00,52019.46123090963
2013-10-08 05:00:00,52019.46123090963
2013-10-08 06:00:00,52019.46123090963
2013-10-08 07:00:00,53624.37102242356
2013-10-08 08:00:00,56453.520573738446
2013-10-08 09:00:00,57990.20338819632
2013-10-08 10:00:00,58484.11090686823
2013-10-08 11:00:00,58821.11433560045
2013-10-08 12:00:00,58899.12821011192
2013-10-08 13:00:00,58892.40633953608
2013-10-08 14:00:00,58831.79847044585
2013-10-08 15:00:00,58700.41338274616
2013-10-08 16:00:00,58429.47853040178
2013-10-08 17:00:00,58459.75938276844
2013-10-08 18:00:00,58951.30899634455
2013-10-08 19:00:00,58897.40426381264
2013-10-08 20:00:00,58754.60943645092
2013-10-08 21:00:00,58181.59134093568
2013-10-08 22:00:00,56203.05742099387
2013-10-08 23:00:00,53221.34270379765
2013-10-09 00:00:00,52019.46123090963
2013-10-09 01:00:00,52019.46123090963
2013-10-09 02:00:00,52019.46123090963
2013-10-09 03:00:00,52019.46123090963
2013-10-09 04:00:00,52019.46123090963
2013-10-09 05:00:00,52019.46123090963
2013-10-09 06:00:00,54408.70149575606
2013-10-09 07:00:00,57284.09599368079
2013-10-09 08:00:00,58356.39711399379
2013-10-09 09:00:00,58837.99903562321
2013-10-09 10:00:00,58955.38755537281
2013-10-09 11:00:00,59005.22182286075
2013-10-09 12:00:00,59020.13064407156
2013-10-09 13:00:00,59000.99479772471
2013-10-09 14:00:00,58966.05407476249
2013-10-09 15:00:00,58862.51333255478
2013-10-09 16:00:00,58738.74582615618
2013-10-09 17:00:00,58700.41338274616
2013-10-09 18:00:00,59006.70627273163
2013-10-09 19:00:00,58994.43566562393
2013-10-09 20:00:00,58918.88750559539
2013-10-09 21:00:00,58631.03015326649
2013-10-09 22:00:00,57388.16465499533
2013-10-09 23:00:00,54932.152006527256
2013-10-10 00:00:00,53299.28943652464
2013-10-10 01:00:00,52019.46123090963
2013-10-10 02:00:00,52019.46123090963
2013-10-10 03:00:00,52019.46123090963
2013-10-10 04:00:00,52019.46123090963
2013-10-10 05:00:00,52019.46123090963
2013-10-10 06:00:00,55197.44083934597
2013-10-10 07:00:00,57563.51955141757
2013-10-10 08:00:00,58496.430298565276
2013-10-10 09:00:00,58850.40228435497
2013-10-10 10:00:00,58959.52300524933
2013-10-10 11:00:00,59021.78528620648
2013-10-10 12:00:00,59024.96238850315
2013-10-10 13:00:00,59014.32933926282
2013-10-10 14:00:00,58970.861400627364
2013-10-10 15:00:00,58886.14893366381
2013-10-10 16:00:00,58773.77459045783
2013-10-10 17:00:00,58791.28877626236
2013-10-10 18:00:00,59028.00868753866
2013-10-10 19:00:00,59020.37035189844
2013-10-10 20:00:00,58962.172061225756
2013-10-10 21:00:00,58715.2729684098
2013-10-10 22:00:00,57563.20568071712
2013-10-10 23:00:00,55428.28895113442
2013-10-11 00:00:00,54064.1627970637
2013-10-11 01:00:00,52540.68363993117
2013-10-11 02:00:00,52019.46123090963
2013-10-11 03:00:00,52019.46123090963
2013-10-11 04:00:00,52019.46123090963
2013-10-11 05:00:00,53112.13268162747
2013-10-11 06:00:00,56139.26609761469
2013-10-11 07:00:00,57919.65967637334
2013-10-11 08:00:00,58569.253746758186
2013-10-11 09:00:00,58873.58435698893
2013-10-11 10:00:00,58951.141978160216
2013-10-11 11:00:00,59012.17805149588
2013-10-11 12:00:00,59010.21336783556
2013-10-11 13:00:00,58861.23482461072
2013-10-11 14:00:00,58844.475958147355
2013-10-11 15:00:00,58617.975866316156
2013-10-11 16:00:00,58287.280683566874
2013-10-11 17:00:00,57092.266712990226
2013-10-11 18:00:00,58699.540985152955
2013-10-11 19:00:00,58685.603422520326
2013-10-11 20:00:00,58420.30872995647
2013-10-11 21:00:00,56917.697293548066
2013-10-11 22:00:00,52019.46123090963
2013-10-11 23:00:00,52019.46123090963
2013-10-12 00:00:00,52019.46123090963
2013-10-12 01:00:00,52019.46123090963
2013-10-12 02:00:00,52019.46123090963
2013-10-12 03:00:00,52019.46123090963
2013-10-12 04:00:00,52019.46123090963
2013-10-12 05:00:00,52019.46123090963
2013-10-12 06:00:00,52019.46123090963
2013-10-12 07:00:00,52958.29919374578
2013-10-12 08:00:00,56052.01081519308
2013-10-12 09:00:00,57550.238063689416
2013-10-12 10:00:00,58191.496553784185
2013-10-12 11:00:00,58706.81777695683
2013-10-12 12:00:00,58818.0398704624
2013-10-12 13:00:00,58596.440006909106
2013-10-12 14:00:00,58478.593421771395
2013-10-12 15:00:00,57861.32976608237
2013-10-12 16:00:00,57265.3065504764
2013-10-12 17:00:00,57515.85349138036
2013-10-12 18:00:00,58809.319836717696
2013-10-12 19:00:00,58805.129443149686
2013-10-12 20:00:00,58640.7000339198
2013-10-12 21:00:00,58033.69938788489
2013-10-12 22:00:00,55774.68521776469
2013-10-12 23:00:00,52320.041537624864
2013-10-13 00:00:00,52019.46123090963
2013-10-13 01:00:00,52019.46123090963
2013-10-13 02:00:00,52019.46123090963
2013-10-13 03:00:00,52019.46123090963
2013-10-13 04:00:00,52019.46123090963
2013-10-13 05:00:00,52019.46123090963
2013-10-13 06:00:00,52990.942925331285
2013-10-13 07:00:00,56461.80526746522
2013-10-13 08:00:00,58036.920256906415
2013-10-13 09:00:00,58577.43294881047
2013-10-13 10:00:00,58825.16667481677
2013-10-13 11:00:00,58934.28101061343
2013-10-13 12:00:00,58938.16191834299
2013-10-13 13:00:00,58927.30902425593
2013-10-13 14:00:00,58886.83863360139
2013-10-13 15:00:00,58721.412781540545
2013-10-13 16:00:00,58577.70690570355
2013-10-13 17:00:00,58683.950995738924
2013-10-13 18:00:00,58984.8952739476
2013-10-13 19:00:00,58975.72483899799
2013-10-13 20:00:00,58898.61018784447
2013-10-13 21:00:00,58603.71529553538
2013-10-13 22:00:00,57336.60664078569
2013-10-13 23:00:00,54951.93981021499
2013-10-14 00:00:00,53459.98189827464
2013-10-14 01:00:00,52112.61578049469
2013-10-14 02:00:00,52019.46123090963
2013-10-14 03:00:00,52019.46123090963
2013-10-14 04:00:00,52019.46123090963
2013-10-14 05:00:00,52019.46123090963
2013-10-14 06:00:00,52019.46123090963
2013-10-14 07:00:00,52189.21708959537
2013-10-14 08:00:00,55094.395025952785
2013-10-14 09:00:00,57513.419474313145
2013-10-14 10:00:00,58201.86425966276
2013-10-14 11:00:00,58744.75502422003
2013-10-14 12:00:00,58905.95531748352
2013-10-14 13:00:00,58900.291217434875
2013-10-14 14:00:00,58842.699801791954
2013-10-14 15:00:00,58793.39496876199
2013-10-14 16:00:00,58680.931446412316
2013-10-14 17:00:00,58652.102870785246
2013-10-14 18:00:00,58987.42976174606
2013-10-14 19:00:00,58986.26660368008
2013-10-14 20:00:00,58863.404020981354
2013-10-14 21:00:00,58482.889302420896
2013-10-14 22:00:00,56962.44204005638
2013-10-14 23:00:00,54271.44168518346
2013-10-15 00:00:00,52691.75829746201
2013-10-15 01:00:00,52019.46123090963
2013-10-15 02:00:00,52019.46123090963
2013-10-15 03:00:00,52019.46123090963
2013-10-15 04:00:00,52019.46123090963
2013-10-15 05:00:00,52019.46123090963
2013-10-15 06:00:00,53768.2617894415
2013-10-15 07:00:00,56457.45663969929
2013-10-15 08:00:00,57667.257551308045
2013-10-15 09:00:00,58442.135820130396
2013-10-15 10:00:00,58656.04469436753
2013-10-15 11:00:00,58870.32399236943
2013-10-15 12:00:00,58935.70791621362
2013-10-15 13:00:00,58874.191296663164
2013-10-15 14:00:00,58789.51003223058
2013-10-15 15:00:00,58390.31256929126
2013-10-15 16:00:00,57776.99840366831
2013-10-15 17:00:00,57885.65425176608
2013-10-15 18:00:00,58871.1707188264
2013-10-15 19:00:00,58864.47702888863
2013-10-15 20:00:00,58749.88412679912
2013-10-15 21:00:00,58213.24407701154
2013-10-15 22:00:00,54960.251598472605
2013-10-15 23:00:00,52019.46123090963
2013-10-16 00:00:00,52019.46123090963
2013-10-16 01:00:00,52019.46123090963
2013-10-16 02:00:00,52019.46123090963
2013-10-16 03:00:00,52019.46123090963
2013-10-16 04:00:00,52019.46123090963
2013-10-16 05:00:00,52019.46123090963
2013-10-16 06:00:00,52019.46123090963
2013-10-16 07:00:00,54572.13882450387
2013-10-16 08:00:00,57377.574759622774
2013-10-16 09:00:00,58509.55078263098
2013-10-16 10:00:00,58784.71806053696
2013-10-16 11:00:00,58979.60303872178
2013-10-16 12:00:00,58995.70350093207
2013-10-16 13:00:00,58962.36171893503
2013-10-16 14:00:00,58927.5941141799
2013-10-16 15:00:00,58837.01030908755
2013-10-16 16:00:00,58656.64719379996
2013-10-16 17:00:00,58609.233910821116
2013-10-16 18:00:00,59017.08768814678
2013-10-16 19:00:00,58990.33685700734
2013-10-16 20:00:00,58892.71374351004
2013-10-16 21:00:00,58531.20127598482
2013-10-16 22:00:00,57144.53003684669
2013-10-16 23:00:00,54407.65208861281
2013-10-17 00:00:00,52630.29840671044
2013-10-17 01:00:00,52019.46123090963
2013-10-17 02:00:00,52019.46123090963
2013-10-17 03:00:00,52019.46123090963
2013-10-17 04:00:00,52019.46123090963
2013-10-17 05:00:00,52019.46123090963
2013-10-17 06:00:00,54813.2850534436
2013-10-17 07:00:00,57267.97742762011
2013-10-17 08:00:00,58476.307079064354
2013-10-17 09:00:00,58858.9240658894
2013-10-17 10:00:00,58942.308920853466
2013-10-17 11:00:00,59005.22182286075
2013-10-17 12:00:00,58984.23558315711
2013-10-17 13:00:00,58743.14056994547
2013-10-17 14:00:00,57808.67105079874
2013-10-17 15:00:00,53339.82180396892
2013-10-17 16:00:00,54142.19943298556
2013-10-17 17:00:00,56397.89947010893
2013-10-17 18:00:00,58247.48990901269
2013-10-17 19:00:00,58262.203689962174
2013-10-17 20:00:00,57873.08648440147
2013-10-17 21:00:00,56531.31205829057
2013-10-17 22:00:00,52554.46156814543
2013-10-17 23:00:00,52019.46123090963
2013-10-18 00:00:00,52019.46123090963
2013-10-18 01:00:00,52019.46123090963
2013-10-18 02:00:00,52019.46123090963
2013-10-18 03:00:00,52019.46123090963
2013-10-18 04:00:00,52019.46123090963
2013-10-18 05:00:00,52019.46123090963
2013-10-18 06:00:00,52019.46123090963
2013-10-18 07:00:00,53590.41229344531
2013-10-18 08:00:00,56587.33283261845
2013-10-18 09:00:00,57893.50166536629
2013-10-18 10:00:00,58054.304402131995
2013-10-18 11:00:00,57872.003073036954
2013-10-18 12:00:00,57812.20545472562
2013-10-18 13:00:00,57115.776714690015
2013-10-18 14:00:00,56579.79684036285
2013-10-18 15:00:00,55826.935704193325
2013-10-18 16:00:00,54914.43998666124
2013-10-18 17:00:00,56236.52803486426
2013-10-18 18:00:00,58198.7388965127
2013-10-18 19:00:00,58021.39541793653
2013-10-18 20:00:00,57370.803665547326
2013-10-18 21:00:00,55030.58269169371
2013-10-18 22:00:00,52019.46123090963
2013-10-18 23:00:00,52019.46123090963
2013-10-19 00:00:00,52019.46123090963
2013-10-19 01:00:00,52019.46123090963
2013-10-19 02:00:00,52019.46123090963
2013-10-19 03:00:00,52019.46123090963
2013-10-19 04:00:00,52019.46123090963
2013-10-19 05:00:00,52019.46123090963
2013-10-19 06:00:00,52019.46123090963
2013-10-19 07:00:00,52036.71486301418
2013-10-19 08:00:00,54898.05888557439
2013-10-19 09:00:00,56587.95514076223
2013-10-19 10:00:00,57477.56053293635
2013-10-19 11:00:00,58313.90445682109
2013-10-19 12:00:00,58476.736234157805
2013-10-19 13:00:00,57486.367496212915
2013-10-19 14:00:00,56782.79504113771
2013-10-19 15:00:00,54720.78702992413
2013-10-19 16:00:00,53593.868818933646
2013-10-19 17:00:00,55094.395025952785
2013-10-19 18:00:00,57934.30366760786
2013-10-19 19:00:00,57727.13368302172
2013-10-19 20:00:00,57014.66051638197
2013-10-19 21:00:00,55001.21160874115
2013-10-19 22:00:00,52019.46123090963
2013-10-19 23:00:00,52019.46123090963
2013-10-20 00:00:00,52019.46123090963
2013-10-20 01:00:00,52019.46123090963
2013-10-20 02:00:00,52019.46123090963
2013-10-20 03:00:00,52019.46123090963
2013-10-20 04:00:00,52019.46123090963
2013-10-20 05:00:00,52019.46123090963
2013-10-20 06:00:00,52019.46123090963
2013-10-20 07:00:00,52855.07413289976
2013-10-20 08:00:00,56122.39173393777
2013-10-20 09:00:00,57500.01893307183
2013-10-20 10:00:00,58174.56189442658
2013-10-20 11:00:00,58672.04230163133
2013-10-20 12:00:00,58736.4896364058
2013-10-20 13:00:00,58616.138694591944
2013-10-20 14:00:00,58314.73156507038
2013-10-20 15:00:00,58087.90009313432
2013-10-20 16:00:00,57681.3635136145
2013-10-20 17:00:00,58030.21850638337
2013-10-20 18:00:00,58902.877006758245
2013-10-20 19:00:00,58859.50609494172
2013-10-20 20:00:00,58686.57030014844
2013-10-20 21:00:00,58007.95822811707
2013-10-20 22:00:00,55154.840636860186
2013-10-20 23:00:00,52019.46123090963
2013-10-21 00:00:00,52019.46123090963
2013-10-21 01:00:00,52019.46123090963
2013-10-21 02:00:00,52019.46123090963
2013-10-21 03:00:00,52019.46123090963
2013-10-21 04:00:00,52019.46123090963
2013-10-21 05:00:00,52019.46123090963
2013-10-21 06:00:00,52906.615909326196
2013-10-21 07:00:00,55890.48648803723
2013-10-21 08:00:00,57982.92400468794
2013-10-21 09:00:00,58638.563107108515
2013-10-21 10:00:00,58805.5921861936
2013-10-21 11:00:00,58943.524420754875
2013-10-21 12:00:00,58994.12942725764
2013-10-21 13:00:00,58966.80314389361
2013-10-21 14:00:00,58936.594532698015
2013-10-21 15:00:00,58811.754209079736
2013-10-21 16:00:00,58603.071652240455
2013-10-21 17:00:00,58700.41338274616
2013-10-21 18:00:00,59011.04756772234
2013-10-21 19:00:00,59010.61521037249
2013-10-21 20:00:00,58948.56099742586
2013-10-21 21:00:00,58650.958839512066
2013-10-21 22:00:00,57535.15547548625
2013-10-21 23:00:00,55223.112224092496
2013-10-22 00:00:00,53641.75120433466
2013-10-22 01:00:00,52112.61578049469
2013-10-22 02:00:00,52019.46123090963
2013-10-22 03:00:00,52019.46123090963
2013-10-22 04:00:00,52019.46123090963
2013-10-22 05:00:00,52019.46123090963
2013-10-22 06:00:00,53781.68607581013
2013-10-22 07:00:00,55275.1563053574
2013-10-22 08:00:00,55696.2228943115
2013-10-22 09:00:00,57501.93927017889
2013-10-22 10:00:00,58429.903085444035
2013-10-22 11:00:00,58787.02951761099
2013-10-22 12:00:00,58838.832236165836
2013-10-22 13:00:00,58751.51933814426
2013-10-22 14:00:00,58725.132614899325
2013-10-22 15:00:00,58492.45482958539
2013-10-22 16:00:00,58231.77955779901
2013-10-22 17:00:00,58306.79500738557
2013-10-22 18:00:00,58968.34846002498
2013-10-22 19:00:00,58946.53063814296
2013-10-22 20:00:00,58841.05399899075
2013-10-22 21:00:00,58387.62856335654
2013-10-22 22:00:00,56432.216367162444
2013-10-22 23:00:00,53249.10278937655
2013-10-23 00:00:00,52019.46123090963
2013-10-23 01:00:00,52019.46123090963
2013-10-23 02:00:00,52019.46123090963
2013-10-23 03:00:00,52019.46123090963
2013-10-23 04:00:00,52019.46123090963
2013-10-23 05:00:00,52019.46123090963
2013-10-23 06:00:00,54567.8835731678
2013-10-23 07:00:00,56900.84260647618
2013-10-23 08:00:00,58199.44986338031
2013-10-23 09:00:00,58718.44539569062
2013-10-23 10:00:00,58866.81072274137
2013-10-23 11:00:00,58970.32768309965
2013-10-23 12:00:00,58996.249530165755
2013-10-23 13:00:00,58982.442787532535
2013-10-23 14:00:00,58956.992133488384
2013-10-23 15:00:00,58822.27031124018
2013-10-23 16:00:00,58620.93300465489
2013-10-23 17:00:00,58686.73825568438
2013-10-23 18:00:00,59011.72565238724
2013-10-23 19:00:00,59013.97524378602
2013-10-23 20:00:00,58946.36191192653
2013-10-23 21:00:00,58699.38564729428
2013-10-23 22:00:00,57572.45808152423
2013-10-23 23:00:00,55117.898678766265
2013-10-24 00:00:00,53299.28943652464
2013-10-24 01:00:00,52019.46123090963
2013-10-24 02:00:00,52019.46123090963
2013-10-24 03:00:00,52019.46123090963
2013-10-24 04:00:00,52019.46123090963
2013-10-24 05:00:00,52238.9890906219
2013-10-24 06:00:00,55707.820923228544
2013-10-24 07:00:00,57443.71906830317
2013-10-24 08:00:00,58356.39711399379
2013-10-24 09:00:00,58758.82268756572
2013-10-24 10:00:00,58899.85721673579
2013-10-24 11:00:00,58984.40020772889
2013-10-24 12:00:00,58997.25690657887
2013-10-24 13:00:00,58963.85682760335
2013-10-24 14:00:00,58925.118431026815
2013-10-24 15:00:00,58865.79927998763
2013-10-24 16:00:00,58713.4636011647
2013-10-24 17:00:00,58769.467511527546
2013-10-24 18:00:00,59037.39041801168
2013-10-24 19:00:00,59030.59007031102
2013-10-24 20:00:00,58978.302287909384
2013-10-24 21:00:00,58786.218549742225
2013-10-24 22:00:00,57926.73661283532
2013-10-24 23:00:00,56160.537584821584
2013-10-25 00:00:00,54940.54352986664
2013-10-25 01:00:00,53519.64719269748
2013-10-25 02:00:00,52659.05066543045
2013-10-25 03:00:00,52176.7573025078
2013-10-25 04:00:00,52019.46123090963
2013-10-25 05:00:00,53320.51078716415
2013-10-25 06:00:00,55994.62090648397
2013-10-25 07:00:00,57893.70089884688
2013-10-25 08:00:00,58606.6152695333
2013-10-25 09:00:00,58897.62179251349
2013-10-25 10:00:00,59007.65547590775
2013-10-25 11:00:00,59042.24387644582
2013-10-25 12:00:00,59046.73728444576
2013-10-25 13:00:00,59028.941961482546
2013-10-25 14:00:00,59000.41948280276
2013-10-25 15:00:00,58949.60682328791
2013-10-25 16:00:00,58825.172099803254
2013-10-25 17:00:00,58826.2621205371
2013-10-25 18:00:00,59056.294818044276
2013-10-25 19:00:00,59046.687183676724
2013-10-25 20:00:00,58996.664774818004
2013-10-25 21:00:00,58835.768501731254
2013-10-25 22:00:00,58090.691777836364
2013-10-25 23:00:00,56652.46063280923
2013-10-26 00:00:00,55738.576353693854
2013-10-26 01:00:00,54526.058246389264
2013-10-26 02:00:00,53565.116991687195
2013-10-26 03:00:00,52934.33231603862
2013-10-26 04:00:00,52660.85345096464
2013-10-26 05:00:00,53864.056629932624
2013-10-26 06:00:00,55978.24119726373
2013-10-26 07:00:00,57631.72494976206
2013-10-26 08:00:00,58311.88960900642
2013-10-26 09:00:00,58623.86402453842
2013-10-26 10:00:00,58819.42609545601
2013-10-26 11:00:00,58954.41698829612
2013-10-26 12:00:00,58985.9394603972
2013-10-26 13:00:00,58891.67542769126
2013-10-26 14:00:00,58877.68718281314
2013-10-26 15:00:00,58720.13130048101
2013-10-26 16:00:00,58372.70789924553
2013-10-26 17:00:00,58331.966793159445
2013-10-26 18:00:00,58986.16879026414
2013-10-26 19:00:00,58990.41856002268
2013-10-26 20:00:00,58941.87621526853
2013-10-26 21:00:00,58704.74865468954
2013-10-26 22:00:00,57714.01423448223
2013-10-26 23:00:00,55850.9081375986
2013-10-27 00:00:00,54719.5691559518
2013-10-27 01:00:00,52988.36794817371
2013-10-27 02:00:00,52041.12047051831
2013-10-27 03:00:00,52019.46123090963
2013-10-27 04:00:00,52019.46123090963
2013-10-27 05:00:00,53549.33226329024
2013-10-27 06:00:00,56139.26609761469
2013-10-27 07:00:00,57776.571192833726
2013-10-27 08:00:00,58389.3902014576
2013-10-27 09:00:00,58683.51630813589
2013-10-27 10:00:00,58817.48777916372
2013-10-27 11:00:00,58957.54769295039
2013-10-27 12:00:00,58985.9394603972
2013-10-27 13:00:00,58955.70977092913
2013-10-27 14:00:00,58941.78628999603
2013-10-27 15:00:00,58897.843181738695
2013-10-27 16:00:00,58848.802485881395
2013-10-27 17:00:00,58811.754209079736
2013-10-27 18:00:00,59014.228836803944
2013-10-27 19:00:00,59023.41235578304
2013-10-27 20:00:00,58973.74408530019
2013-10-27 21:00:00,58779.719875561495
2013-10-27 22:00:00,57596.28757769581
2013-10-27 23:00:00,55649.2300078002
2013-10-28 00:00:00,54513.20425772824
2013-10-28 01:00:00,52706.30087327765
2013-10-28 02:00:00,52019.46123090963
2013-10-28 03:00:00,52019.46123090963
2013-10-28 04:00:00,52019.46123090963
2013-10-28 05:00:00,52019.46123090963
2013-10-28 06:00:00,55134.26508595441
2013-10-28 07:00:00,57278.736512337986
2013-10-28 08:00:00,58455.55893401437
2013-10-28 09:00:00,58823.11997274493
2013-10-28 10:00:00,58957.46887003303
2013-10-28 11:00:00,59029.37241667176
2013-10-28 12:00:00,59039.98831207196
2013-10-28 13:00:00,59019.46082856534
2013-10-28 14:00:00,59000.41948280276
2013-10-28 15:00:00,58903.46570588368
2013-10-28 16:00:00,58801.52974883048
2013-10-28 17:00:00,58830.944329396545
2013-10-28 18:00:00,59035.34116959691
2013-10-28 19:00:00,59029.201780449854
2013-10-28 20:00:00,58969.033239932476
2013-10-28 21:00:00,58740.44379933715
2013-10-28 22:00:00,57836.08177473511
2013-10-28 23:00:00,56049.04970110652
2013-10-29 00:00:00,54900.850309726746
2013-10-29 01:00:00,53587.80225147592
2013-10-29 02:00:00,52019.46123090963
2013-10-29 03:00:00,52019.46123090963
2013-10-29 04:00:00,52019.46123090963
2013-10-29 05:00:00,52019.46123090963
2013-10-29 06:00:00,53040.00637372462
2013-10-29 07:00:00,55390.67593396293
2013-10-29 08:00:00,57347.67334977028
2013-10-29 09:00:00,58072.096930495136
2013-10-29 10:00:00,58435.12727836306
2013-10-29 11:00:00,58741.608437303985
2013-10-29 12:00:00,58677.77105711776
2013-10-29 13:00:00,58589.030527048395
2013-10-29 14:00:00,58455.392226133445
2013-10-29 15:00:00,57737.25081852896
2013-10-29 16:00:00,57147.79012915073
2013-10-29 17:00:00,57193.70660465012
2013-10-29 18:00:00,58499.893858101124
2013-10-29 19:00:00,58374.9131326285
2013-10-29 20:00:00,57915.74911866048
2013-10-29 21:00:00,56474.06014352581
2013-10-29 22:00:00,52019.46123090963
2013-10-29 23:00:00,52019.46123090963
2013-10-30 00:00:00,52019.46123090963
2013-10-30 01:00:00,52019.46123090963
2013-10-30 02:00:00,52019.46123090963
2013-10-30 03:00:00,52019.46123090963
2013-10-30 04:00:00,52019.46123090963
2013-10-30 05:00:00,52019.46123090963
2013-10-30 06:00:00,52019.46123090963
2013-10-30 07:00:00,52704.29748992349
2013-10-30 08:00:00,56415.559359204264
2013-10-30 09:00:00,58104.04383386059
2013-10-30 10:00:00,58624.423121390064
2013-10-30 11:00:00,58854.78716334987
2013-10-30 12:00:00,58886.606105806844
2013-10-30 13:00:00,58791.77183933278
2013-10-30 14:00:00,58698.95839304998
2013-10-30 15:00:00,58434.16855889874
2013-10-30 16:00:00,57902.30494109392
2013-10-30 17:00:00,58180.89700483419
2013-10-30 18:00:00,58865.27027418314
2013-10-30 19:00:00,58782.49361034712
2013-10-30 20:00:00,58516.0975896186
2013-10-30 21:00:00,57710.462278469895
2013-10-30 22:00:00,54529.83916432593
2013-10-30 23:00:00,52019.46123090963
2013-10-31 00:00:00,52019.46123090963
2013-10-31 01:00:00,52019.46123090963
2013-10-31 02:00:00,52019.46123090963
2013-10-31 03:00:00,52019.46123090963
2013-10-31 04:00:00,52019.46123090963
2013-10-31 05:00:00,52019.46123090963
2013-10-31 06:00:00,52317.654393883415
2013-10-31 07:00:00,55999.60528033351
2013-10-31 08:00:00,57784.9165775017
2013-10-31 09:00:00,58592.12731229865
2013-10-31 10:00:00,58819.039430314326
2013-10-31 11:00:00,58943.524420754875
2013-10-31 12:00:00,58960.92891449552
2013-10-31 13:00:00,58824.80242696499
2013-10-31 14:00:00,58685.23654099671
2013-10-31 15:00:00,58407.62749728623
2013-10-31 16:00:00,57825.78714482984
2013-10-31 17:00:00,58006.4598629542
2013-10-31 18:00:00,58853.81276114405
2013-10-31 19:00:00,58791.48329560821
2013-10-31 20:00:00,58565.51513280141
2013-10-31 21:00:00,57519.836872680855
2013-10-31 22:00:00,53921.176122217665
2013-10-31 23:00:00,52019.46123090963
2013-11-01 00:00:00,52019.46123090963
2013-11-01 01:00:00,52019.46123090963
2013-11-01 02:00:00,52019.46123090963
2013-11-01 03:00:00,52019.46123090963
2013-11-01 04:00:00,52019.46123090963
2013-11-01 05:00:00,52019.46123090963
2013-11-01 06:00:00,52019.46123090963
2013-11-01 07:00:00,52864.473761370034
2013-11-01 08:00:00,55199.98990508479
2013-11-01 09:00:00,56785.204277224875
2013-11-01 10:00:00,57625.91737232441
2013-11-01 11:00:00,58277.68323920472
2013-11-01 12:00:00,58316.47437113279
2013-11-01 13:00:00,57619.714894731704
2013-11-01 14:00:00,56444.220936755024
2013-11-01 15:00:00,54745.202070586165
2013-11-01 16:00:00,52556.508129354464
2013-11-01 17:00:00,53222.1181784322
2013-11-01 18:00:00,57486.82687791324
2013-11-01 19:00:00,57441.945367263535
2013-11-01 20:00:00,56611.50944599346
2013-11-01 21:00:00,53964.925136232516
2013-11-01 22:00:00,52019.46123090963
2013-11-01 23:00:00,52019.46123090963
2013-11-02 00:00:00,52019.46123090963
2013-11-02 01:00:00,52019.46123090963
2013-11-02 02:00:00,52019.46123090963
2013-11-02 03:00:00,52019.46123090963
2013-11-02 04:00:00,52019.46123090963
2013-11-02 05:00:00,52019.46123090963
2013-11-02 06:00:00,52019.46123090963
2013-11-02 07:00:00,52642.85762329078
2013-11-02 08:00:00,55617.17248625785
2013-11-02 09:00:00,57138.909551916346
2013-11-02 10:00:00,58033.7140439022
2013-11-02 11:00:00,58581.41008659068
2013-11-02 12:00:00,58742.11343126899
2013-11-02 13:00:00,58381.17290728219
2013-11-02 14:00:00,58251.218894663834
2013-11-02 15:00:00,57588.64850874632
2013-11-02 16:00:00,56781.00554274022
2013-11-02 17:00:00,57165.65406319784
2013-11-02 18:00:00,58719.04208869156
2013-11-02 19:00:00,58708.128060311275
2013-11-02 20:00:00,58460.76185447178
2013-11-02 21:00:00,57482.39455733908
2013-11-02 22:00:00,54699.104311202995
2013-11-02 23:00:00,52019.46123090963
2013-11-03 00:00:00,52019.46123090963
2013-11-03 01:00:00,52019.46123090963
2013-11-03 02:00:00,52019.46123090963
2013-11-03 03:00:00,52019.46123090963
2013-11-03 04:00:00,52019.46123090963
2013-11-03 05:00:00,52019.46123090963
2013-11-03 06:00:00,52350.95554583592
2013-11-03 07:00:00,55806.04060747719
2013-11-03 08:00:00,57668.12983415951
2013-11-03 09:00:00,58406.02496099845
2013-11-03 10:00:00,58696.4128734193
2013-11-03 11:00:00,58841.1571848213
2013-11-03 12:00:00,58804.34507359741
2013-11-03 13:00:00,58653.087116137474
2013-11-03 14:00:00,58590.15401330629
2013-11-03 15:00:00,58377.76624038275
2013-11-03 16:00:00,58138.01068165428
2013-11-03 17:00:00,58223.27880100514
2013-11-03 18:00:00,58923.13435370364
2013-11-03 19:00:00,58936.982414116814
2013-11-03 20:00:00,58798.47679979867
2013-11-03 21:00:00,57993.49282398086
2013-11-03 22:00:00,56126.154784103914
2013-11-03 23:00:00,52774.94937014394
2013-11-04 00:00:00,52019.46123090963
2013-11-04 01:00:00,52019.46123090963
2013-11-04 02:00:00,52019.46123090963
2013-11-04 03:00:00,52019.46123090963
2013-11-04 04:00:00,52019.46123090963
2013-11-04 05:00:00,52019.46123090963
2013-11-04 06:00:00,53861.946480231396
2013-11-04 07:00:00,56664.11985828019
2013-11-04 08:00:00,58242.14281914807
2013-11-04 09:00:00,58761.36654244702
2013-11-04 10:00:00,58886.03020213093
2013-11-04 11:00:00,58970.80152350398
2013-11-04 12:00:00,58972.22113180439
2013-11-04 13:00:00,58847.58885100151
2013-11-04 14:00:00,58754.4236340965
2013-11-04 15:00:00,58492.45482958539
2013-11-04 16:00:00,58220.606129583626
2013-11-04 17:00:00,58331.966793159445
2013-11-04 18:00:00,58941.34901349461
2013-11-04 19:00:00,58891.32858356273
2013-11-04 20:00:00,58735.09429346622
2013-11-04 21:00:00,58097.56351633509
2013-11-04 22:00:00,55961.32573472387
2013-11-04 23:00:00,52603.705849879865
2013-11-05 00:00:00,52019.46123090963
2013-11-05 01:00:00,52019.46123090963
2013-11-05 02:00:00,52019.46123090963
2013-11-05 03:00:00,52019.46123090963
2013-11-05 04:00:00,52019.46123090963
2013-11-05 05:00:00,52019.46123090963
2013-11-05 06:00:00,53870.83361296796
2013-11-05 07:00:00,56754.00368508412
2013-11-05 08:00:00,58232.75799791454
2013-11-05 09:00:00,58755.09049997254
2013-11-05 10:00:00,58897.01693015914
2013-11-05 11:00:00,58989.02641586563
2013-11-05 12:00:00,58996.482770501425
2013-11-05 13:00:00,58959.836860076226
2013-11-05 14:00:00,58927.5941141799
2013-11-05 15:00:00,58771.71303728971
2013-11-05 16:00:00,58570.740785993716
2013-11-05 17:00:00,58588.25414214975
2013-11-05 18:00:00,59001.25401707933
2013-11-05 19:00:00,58971.08031139377
2013-11-05 20:00:00,58873.10134382858
2013-11-05 21:00:00,58486.923221726145
2013-11-05 22:00:00,56906.68543661569
2013-11-05 23:00:00,54244.61677004628
2013-11-06 00:00:00,52738.96642113779
2013-11-06 01:00:00,52019.46123090963
2013-11-06 02:00:00,52019.46123090963
2013-11-06 03:00:00,52019.46123090963
2013-11-06 04:00:00,52019.46123090963
2013-11-06 05:00:00,52019.46123090963
2013-11-06 06:00:00,53736.8866918306
2013-11-06 07:00:00,56589.72046091766
2013-11-06 08:00:00,58215.40097286107
2013-11-06 09:00:00,58686.30630423246
2013-11-06 10:00:00,58761.31183554724
2013-11-06 11:00:00,58901.37041044661
2013-11-06 12:00:00,58799.231310526266
2013-11-06 13:00:00,58657.2554085657
2013-11-06 14:00:00,58545.435966880825
2013-11-06 15:00:00,58135.42203523209
2013-11-06 16:00:00,57778.62398170525
2013-11-06 17:00:00,58172.67046376911
2013-11-06 18:00:00,58910.39309243417
2013-11-06 19:00:00,58889.41409410749
2013-11-06 20:00:00,58706.39976581493
2013-11-06 21:00:00,58039.0480096874
2013-11-06 22:00:00,55457.92116726375
2013-11-06 23:00:00,52019.46123090963
2013-11-07 00:00:00,52019.46123090963
2013-11-07 01:00:00,52019.46123090963
2013-11-07 02:00:00,52019.46123090963
2013-11-07 03:00:00,52019.46123090963
2013-11-07 04:00:00,52019.46123090963
2013-11-07 05:00:00,52019.46123090963
2013-11-07 06:00:00,53528.98143162356
2013-11-07 07:00:00,56517.83873951832
2013-11-07 08:00:00,58233.312650872074
2013-11-07 09:00:00,58763.20542633521
2013-11-07 10:00:00,58909.511556876605
2013-11-07 11:00:00,58997.78968810547
2013-11-07 12:00:00,59015.36205016941
2013-11-07 13:00:00,58981.57051478486
2013-11-07 14:00:00,58939.49773884825
2013-11-07 15:00:00,58847.18811014906
2013-11-07 16:00:00,58710.84597716148
2013-11-07 17:00:00,58694.99515595812
2013-11-07 18:00:00,59022.742206089504
2013-11-07 19:00:00,59035.66022349186
2013-11-07 20:00:00,58982.71269851501
2013-11-07 21:00:00,58761.767473055064
2013-11-07 22:00:00,57889.6968559348
2013-11-07 23:00:00,56113.126908084334
2013-11-08 00:00:00,54920.72419269983
2013-11-08 01:00:00,53174.749801665435
2013-11-08 02:00:00,52019.46123090963
2013-11-08 03:00:00,52019.46123090963
2013-11-08 04:00:00,52019.46123090963
2013-11-08 05:00:00,52689.88935807222
2013-11-08 06:00:00,55895.42008427885
2013-11-08 07:00:00,57635.28702810942
2013-11-08 08:00:00,58556.82047190719
2013-11-08 09:00:00,58890.377082123305
2013-11-08 10:00:00,58993.107713115765
2013-11-08 11:00:00,59049.63910059006
2013-11-08 12:00:00,59056.19175001911
2013-11-08 13:00:00,59040.92160680372
2013-11-08 14:00:00,59012.48930268601
2013-11-08 15:00:00,58933.09455665134
2013-11-08 16:00:00,58828.937867534965
2013-11-08 17:00:00,58815.69175866315
2013-11-08 18:00:00,59036.372604533855
2013-11-08 19:00:00,59029.201780449854
2013-11-08 20:00:00,58988.64790933246
2013-11-08 21:00:00,58820.77130030363
2013-11-08 22:00:00,58051.77688915438
2013-11-08 23:00:00,56418.73612943348
2013-11-09 00:00:00,55250.06530814013
2013-11-09 01:00:00,53336.50983708833
2013-11-09 02:00:00,52350.71536062454
2013-11-09 03:00:00,52019.46123090963
2013-11-09 04:00:00,52019.46123090963
2013-11-09 05:00:00,52019.46123090963
2013-11-09 06:00:00,54177.779708298614
2013-11-09 07:00:00,56970.201838827816
2013-11-09 08:00:00,58037.58833391983
2013-11-09 09:00:00,58657.59862005672
2013-11-09 10:00:00,58831.3543831745
2013-11-09 11:00:00,58958.166461247194
2013-11-09 12:00:00,58987.62099635994
2013-11-09 13:00:00,58919.77233710558
2013-11-09 14:00:00,58901.318986118844
2013-11-09 15:00:00,58694.99515595812
2013-11-09 16:00:00,58496.12797776929
2013-11-09 17:00:00,58476.307079064354
2013-11-09 18:00:00,59009.159512161605
2013-11-09 19:00:00,59024.60118287928
2013-11-09 20:00:00,58991.10881080054
2013-11-09 21:00:00,58835.768501731254
2013-11-09 22:00:00,58222.36703144684
2013-11-09 23:00:00,56882.52829595075
2013-11-10 00:00:00,55958.076941779
2013-11-10 01:00:00,54670.83131184073
2013-11-10 02:00:00,53857.276033518574
2013-11-10 03:00:00,52863.931907229526
2013-11-10 04:00:00,52966.7536705635
2013-11-10 05:00:00,54364.11694976692
2013-11-10 06:00:00,56735.37571578789
2013-11-10 07:00:00,58112.99157934611
2013-11-10 08:00:00,58608.25345226381
2013-11-10 09:00:00,58879.830167552194
2013-11-10 10:00:00,58988.134308312685
2013-11-10 11:00:00,59028.24735203955
2013-11-10 12:00:00,59031.74559075711
2013-11-10 13:00:00,59014.9857539492
2013-11-10 14:00:00,58996.603397671395
2013-11-10 15:00:00,58923.290068258735
2013-11-10 16:00:00,58834.49619622746
2013-11-10 17:00:00,58889.1298338224
2013-11-10 18:00:00,59058.891537549585
2013-11-10 19:00:00,59065.554312896595
2013-11-10 20:00:00,59041.55071875046
2013-11-10 21:00:00,58909.778024465864
2013-11-10 22:00:00,58430.848437106
2013-11-10 23:00:00,57516.962746413294
2013-11-11 00:00:00,56999.00115102566
2013-11-11 01:00:00,56315.16658884742
2013-11-11 02:00:00,55573.72800035525
2013-11-11 03:00:00,55064.29113939377
2013-11-11 04:00:00,55071.75624737089
2013-11-11 05:00:00,55525.40529671852
2013-11-11 06:00:00,57275.46013029024
2013-11-11 07:00:00,58320.83902221842
2013-11-11 08:00:00,58769.467511527546
2013-11-11 09:00:00,58936.45887077975
2013-11-11 10:00:00,59011.45130646877
2013-11-11 11:00:00,59051.92906280344
2013-11-11 12:00:00,59063.14698141093
2013-11-11 13:00:00,59065.086823299374
2013-11-11 14:00:00,59040.06414194042
2013-11-11 15:00:00,58938.96660865636
2013-11-11 16:00:00,58666.63155589899
2013-11-11 17:00:00,58344.76187984512
2013-11-11 18:00:00,58919.57686789515
2013-11-11 19:00:00,58943.74367548446
2013-11-11 20:00:00,58850.56669596716
2013-11-11 21:00:00,58544.55014625275
2013-11-11 22:00:00,57408.42424606727
2013-11-11 23:00:00,55140.04047028345
2013-11-12 00:00:00,53738.548580354
2013-11-12 01:00:00,52019.46123090963
2013-11-12 02:00:00,52019.46123090963
2013-11-12 03:00:00,52019.46123090963
2013-11-12 04:00:00,52019.46123090963
2013-11-12 05:00:00,52019.46123090963
2013-11-12 06:00:00,54242.460450909275
2013-11-12 07:00:00,56792.08181312353
2013-11-12 08:00:00,58050.209651524914
2013-11-12 09:00:00,58669.29920273015
2013-11-12 10:00:00,58795.32259124971
2013-11-12 11:00:00,58883.88333279466
2013-11-12 12:00:00,58921.14610185017
2013-11-12 13:00:00,58875.764066832984
2013-11-12 14:00:00,58863.273599208704
2013-11-12 15:00:00,58696.084292199106
2013-11-12 16:00:00,58396.84653492328
2013-11-12 17:00:00,58413.90703362942
2013-11-12 18:00:00,58965.97178162729
2013-11-12 19:00:00,58939.30372736629
2013-11-12 20:00:00,58840.51571541599
2013-11-12 21:00:00,58378.322058109916
2013-11-12 22:00:00,56974.67411571767
2013-11-12 23:00:00,54228.48780704671
2013-11-13 00:00:00,52573.48386094212
2013-11-13 01:00:00,52019.46123090963
2013-11-13 02:00:00,52019.46123090963
2013-11-13 03:00:00,52019.46123090963
2013-11-13 04:00:00,52019.46123090963
2013-11-13 05:00:00,52019.46123090963
2013-11-13 06:00:00,55140.03397794009
2013-11-13 07:00:00,57502.19452696775
2013-11-13 08:00:00,58534.86946539719
2013-11-13 09:00:00,58846.91559698778
2013-11-13 10:00:00,58935.37323570274
2013-11-13 11:00:00,59032.65932278097
2013-11-13 12:00:00,59039.98831207196
2013-11-13 13:00:00,59007.52039217106
2013-11-13 14:00:00,59004.8353025177
2013-11-13 15:00:00,58958.580558450776
2013-11-13 16:00:00,58809.61422444415
2013-11-13 17:00:00,58799.6330413363
2013-11-13 18:00:00,59029.97328197625
2013-11-13 19:00:00,59026.35509890046
2013-11-13 20:00:00,58979.19604079798
2013-11-13 21:00:00,58790.4820939973
2013-11-13 22:00:00,58018.312553671676
2013-11-13 23:00:00,56512.78063036315
2013-11-14 00:00:00,55580.58107725368
2013-11-14 01:00:00,54609.089181096104
2013-11-14 02:00:00,53678.20216896295
2013-11-14 03:00:00,52934.33231603862
2013-11-14 04:00:00,53083.52319490093
2013-11-14 05:00:00,54235.90194926718
2013-11-14 06:00:00,57013.778468261386
2013-11-14 07:00:00,58155.84204395783
2013-11-14 08:00:00,58649.096783074674
2013-11-14 09:00:00,58897.62179251349
2013-11-14 10:00:00,58978.64378205826
2013-11-14 11:00:00,59018.05662799802
2013-11-14 12:00:00,59030.10012026862
2013-11-14 13:00:00,58993.27372094217
2013-11-14 14:00:00,58842.699801791954
2013-11-14 15:00:00,58661.00860098366
2013-11-14 16:00:00,58570.740785993716
2013-11-14 17:00:00,58692.26023278518
2013-11-14 18:00:00,59008.464377449214
2013-11-14 19:00:00,59017.2257844292
2013-11-14 20:00:00,58969.033239932476
2013-11-14 21:00:00,58750.07221948339
2013-11-14 22:00:00,57730.870987420836
2013-11-14 23:00:00,55713.90955702851
2013-11-15 00:00:00,54344.54712729613
2013-11-15 01:00:00,52753.489635689075
2013-11-15 02:00:00,52019.46123090963
2013-11-15 03:00:00,52019.46123090963
2013-11-15 04:00:00,52019.46123090963
2013-11-15 05:00:00,52019.46123090963
2013-11-15 06:00:00,54885.42911728093
2013-11-15 07:00:00,57223.30283333877
2013-11-15 08:00:00,58389.3902014576
2013-11-15 09:00:00,58782.390605070534
2013-11-15 10:00:00,58892.68650555239
2013-11-15 11:00:00,58967.0638687428
2013-11-15 12:00:00,58973.52658485444
2013-11-15 13:00:00,58966.80314389361
2013-11-15 14:00:00,58928.81985851081
2013-11-15 15:00:00,58753.34056800208
2013-11-15 16:00:00,58492.15064876491
2013-11-15 17:00:00,58484.43040036599
2013-11-15 18:00:00,58939.631094782766
2013-11-15 19:00:00,58903.038084205924
2013-11-15 20:00:00,58828.21827467219
2013-11-15 21:00:00,58273.56135831527
2013-11-15 22:00:00,56665.02056695011
2013-11-15 23:00:00,53922.926289930154
2013-11-16 00:00:00,52478.63741741047
2013-11-16 01:00:00,52019.46123090963
2013-11-16 02:00:00,52019.46123090963
2013-11-16 03:00:00,52019.46123090963
2013-11-16 04:00:00,52019.46123090963
2013-11-16 05:00:00,52019.46123090963
2013-11-16 06:00:00,54434.02261688628
2013-11-16 07:00:00,56856.5704759828
2013-11-16 08:00:00,58056.797644749764
2013-11-16 09:00:00,58556.62153943483
2013-11-16 10:00:00,58729.57093716208
2013-11-16 11:00:00,58931.41217331057
2013-11-16 12:00:00,58967.16858520206
2013-11-16 13:00:00,58888.13374639709
2013-11-16 14:00:00,58872.97590145913
2013-11-16 15:00:00,58644.55210731979
2013-11-16 16:00:00,58251.5631413083
2013-11-16 17:00:00,58007.14525561161
2013-11-16 18:00:00,58835.41678346656
2013-11-16 19:00:00,58718.309977984645
2013-11-16 20:00:00,58075.94656961822
2013-11-16 21:00:00,56173.12099871894
2013-11-16 22:00:00,52847.22698854005
2013-11-16 23:00:00,52019.46123090963
2013-11-17 00:00:00,52019.46123090963
2013-11-17 01:00:00,52019.46123090963
2013-11-17 02:00:00,52019.46123090963
2013-11-17 03:00:00,52019.46123090963
2013-11-17 04:00:00,52019.46123090963
2013-11-17 05:00:00,52019.46123090963
2013-11-17 06:00:00,52019.46123090963
2013-11-17 07:00:00,54469.88126330185
2013-11-17 08:00:00,57487.05652640918
2013-11-17 09:00:00,58405.121591953575
2013-11-17 10:00:00,58705.020850589455
2013-11-17 11:00:00,58916.89282956234
2013-11-17 12:00:00,58946.655490619494
2013-11-17 13:00:00,58902.393043851785
2013-11-17 14:00:00,58796.4467489884
2013-11-17 15:00:00,58494.84303659115
2013-11-17 16:00:00,58242.27319755781
2013-11-17 17:00:00,58330.97428604086
2013-11-17 18:00:00,58857.041883428756
2013-11-17 19:00:00,58757.7709827752
2013-11-17 20:00:00,58356.58751379815
2013-11-17 21:00:00,56090.84702203407
2013-11-17 22:00:00,52019.46123090963
2013-11-17 23:00:00,52019.46123090963
2013-11-18 00:00:00,52019.46123090963
2013-11-18 01:00:00,52019.46123090963
2013-11-18 02:00:00,52019.46123090963
2013-11-18 03:00:00,52019.46123090963
2013-11-18 04:00:00,52019.46123090963
2013-11-18 05:00:00,52019.46123090963
2013-11-18 06:00:00,52019.46123090963
2013-11-18 07:00:00,54990.46054998609
2013-11-18 08:00:00,57489.95643942727
2013-11-18 09:00:00,58454.90393396633
2013-11-18 10:00:00,58705.55308108134
2013-11-18 11:00:00,58901.37041044661
2013-11-18 12:00:00,58958.89338637267
2013-11-18 13:00:00,58939.23072302651
2013-11-18 14:00:00,58905.48227259697
2013-11-18 15:00:00,58773.94424552988
2013-11-18 16:00:00,58589.69121442773
2013-11-18 17:00:00,58447.08083209209
2013-11-18 18:00:00,58926.50363987545
2013-11-18 19:00:00,58907.168061739656
2013-11-18 20:00:00,58688.23486147133
2013-11-18 21:00:00,57972.527562773925
2013-11-18 22:00:00,55116.372468554095
2013-11-18 23:00:00,52019.46123090963
2013-11-19 00:00:00,52019.46123090963
2013-11-19 01:00:00,52019.46123090963
2013-11-19 02:00:00,52019.46123090963
2013-11-19 03:00:00,52019.46123090963
2013-11-19 04:00:00,52019.46123090963
2013-11-19 05:00:00,52019.46123090963
2013-11-19 06:00:00,53476.56150957075
2013-11-19 07:00:00,56358.90466391504
2013-11-19 08:00:00,57686.34025523451
2013-11-19 09:00:00,58559.84557804196
2013-11-19 10:00:00,58791.12154587744
2013-11-19 11:00:00,58906.21853221292
2013-11-19 12:00:00,58877.44540571149
2013-11-19 13:00:00,58769.98252711
2013-11-19 14:00:00,58685.23654099671
2013-11-19 15:00:00,58496.430298565276
2013-11-19 16:00:00,58180.450607225896
2013-11-19 17:00:00,58286.11069007484
2013-11-19 18:00:00,58902.52891771356
2013-11-19 19:00:00,58901.6433708334
2013-11-19 20:00:00,58789.25315034476
2013-11-19 21:00:00,58257.497517078424
2013-11-19 22:00:00,56343.45293694035
2013-11-19 23:00:00,53133.18933102486
2013-11-20 00:00:00,52019.46123090963
2013-11-20 01:00:00,52019.46123090963
2013-11-20 02:00:00,52019.46123090963
2013-11-20 03:00:00,52019.46123090963
2013-11-20 04:00:00,52019.46123090963
2013-11-20 05:00:00,52019.46123090963
2013-11-20 06:00:00,54553.34111904246
2013-11-20 07:00:00,56981.18059202652
2013-11-20 08:00:00,58204.03406489756
2013-11-20 09:00:00,58660.55143518088
2013-11-20 10:00:00,58780.38015203713
2013-11-20 11:00:00,58894.972348357034
2013-11-20 12:00:00,58833.17441452089
2013-11-20 13:00:00,58676.13434222071
2013-11-20 14:00:00,58625.814711419254
2013-11-20 15:00:00,57968.15957886535
2013-11-20 16:00:00,57513.22037968279
2013-11-20 17:00:00,57778.43113830767
2013-11-20 18:00:00,58672.26942790817
2013-11-20 19:00:00,58642.08651981038
2013-11-20 20:00:00,58309.54763420272
2013-11-20 21:00:00,57121.41938775705
2013-11-20 22:00:00,53932.23141291437
2013-11-20 23:00:00,52019.46123090963
2013-11-21 00:00:00,52019.46123090963
2013-11-21 01:00:00,52019.46123090963
2013-11-21 02:00:00,52019.46123090963
2013-11-21 03:00:00,52019.46123090963
2013-11-21 04:00:00,52019.46123090963
2013-11-21 05:00:00,52019.46123090963
2013-11-21 06:00:00,52990.942925331285
2013-11-21 07:00:00,56366.35414969006
2013-11-21 08:00:00,57992.67012097354
2013-11-21 09:00:00,58666.40161875052
2013-11-21 10:00:00,58831.72517895258
2013-11-21 11:00:00,58967.0638687428
2013-11-21 12:00:00,58965.41213336181
2013-11-21 13:00:00,58952.5424807819
2013-11-21 14:00:00,58876.12694427317
2013-11-21 15:00:00,58470.14903348101
2013-11-21 16:00:00,58088.69059875264
2013-11-21 17:00:00,58288.20132108381
2013-11-21 18:00:00,58866.331289092625
2013-11-21 19:00:00,58834.62158366154
2013-11-21 20:00:00,58622.894961717284
2013-11-21 21:00:00,57643.69429045978
2013-11-21 22:00:00,54020.30926516619
2013-11-21 23:00:00,52019.46123090963
2013-11-22 00:00:00,52019.46123090963
2013-11-22 01:00:00,52019.46123090963
2013-11-22 02:00:00,52019.46123090963
2013-11-22 03:00:00,52019.46123090963
2013-11-22 04:00:00,52019.46123090963
2013-11-22 05:00:00,52019.46123090963
2013-11-22 06:00:00,53165.70166084922
2013-11-22 07:00:00,56388.61069628793
2013-11-22 08:00:00,57950.35358133221
2013-11-22 09:00:00,58680.70864340032
2013-11-22 10:00:00,58801.523888255695
2013-11-22 11:00:00,58938.38470518936
2013-11-22 12:00:00,58947.75672115041
2013-11-22 13:00:00,58896.742185143026
2013-11-22 14:00:00,58806.68080853491
2013-11-22 15:00:00,58672.62438572673
2013-11-22 16:00:00,58471.89435683104
2013-11-22 17:00:00,58515.94555458768
2013-11-22 18:00:00,58970.497615923276
2013-11-22 19:00:00,58955.14771796598
2013-11-22 20:00:00,58863.404020981354
2013-11-22 21:00:00,58533.446740892636
2013-11-22 22:00:00,57058.701988003246
2013-11-22 23:00:00,54430.86838134508
2013-11-23 00:00:00,52856.69638112723
2013-11-23 01:00:00,52019.46123090963
2013-11-23 02:00:00,52019.46123090963
2013-11-23 03:00:00,52019.46123090963
2013-11-23 04:00:00,52019.46123090963
2013-11-23 05:00:00,52019.46123090963
2013-11-23 06:00:00,53741.373255576436
2013-11-23 07:00:00,56035.3825722151
2013-11-23 08:00:00,57671.6143009976
2013-11-23 09:00:00,58397.39868339657
2013-11-23 10:00:00,58644.919919389504
2013-11-23 11:00:00,58824.172469504156
2013-11-23 12:00:00,58878.067296049456
2013-11-23 13:00:00,58607.36549497497
2013-11-23 14:00:00,58486.28649736769
2013-11-23 15:00:00,57818.50337942435
2013-11-23 16:00:00,57234.85799822619
2013-11-23 17:00:00,57506.304323206285
2013-11-23 18:00:00,58804.38811361869
2013-11-23 19:00:00,58829.6261461672
2013-11-23 20:00:00,58619.705228852494
2013-11-23 21:00:00,57944.01662218441
2013-11-23 22:00:00,55755.77866178743
2013-11-23 23:00:00,52705.366785469945
2013-11-24 00:00:00,52019.46123090963
2013-11-24 01:00:00,52019.46123090963
2013-11-24 02:00:00,52019.46123090963
2013-11-24 03:00:00,52019.46123090963
2013-11-24 04:00:00,52019.46123090963
2013-11-24 05:00:00,52019.46123090963
2013-11-24 06:00:00,54263.930637049954
2013-11-24 07:00:00,56956.72028973399
2013-11-24 08:00:00,58157.21341632717
2013-11-24 09:00:00,58642.55295294689
2013-11-24 10:00:00,58827.055664763575
2013-11-24 11:00:00,58935.46311323166
2013-11-24 12:00:00,58957.86554192977
2013-11-24 13:00:00,58907.2180862179
2013-11-24 14:00:00,58846.240668046456
2013-11-24 15:00:00,58674.055887029324
2013-11-24 16:00:00,58379.748792635444
2013-11-24 17:00:00,58416.58200716811
2013-11-24 18:00:00,58959.93608397301
2013-11-24 19:00:00,58979.331843223976
2013-11-24 20:00:00,58905.59098070623
2013-11-24 21:00:00,58595.401744292925
2013-11-24 22:00:00,57347.02278933287
2013-11-24 23:00:00,55079.21306753675
2013-11-25 00:00:00,53731.816808226926
2013-11-25 01:00:00,52019.46123090963
2013-11-25 02:00:00,52019.46123090963
2013-11-25 03:00:00,52019.46123090963
2013-11-25 04:00:00,52019.46123090963
2013-11-25 05:00:00,52381.74492789396
2013-11-25 06:00:00,55856.806803946274
2013-11-25 07:00:00,57718.53144578629
2013-11-25 08:00:00,58639.96444617008
2013-11-25 09:00:00,58870.40008263062
2013-11-25 10:00:00,58951.141978160216
2013-11-25 11:00:00,59019.31603412367
2013-11-25 12:00:00,59021.97266292413
2013-11-25 13:00:00,58977.121820535016
2013-11-25 14:00:00,58925.118431026815
2013-11-25 15:00:00,58741.372273440174
2013-11-25 16:00:00,58598.093027704555
2013-11-25 17:00:00,58604.97196765862
2013-11-25 18:00:00,58994.3441027193
2013-11-25 19:00:00,58962.324953534735
2013-11-25 20:00:00,58881.6647527175
2013-11-25 21:00:00,58518.31887782023
2013-11-25 22:00:00,57336.60664078569
2013-11-25 23:00:00,55175.502082223196
2013-11-26 00:00:00,53976.415011276214
2013-11-26 01:00:00,52231.725410902174
2013-11-26 02:00:00,52019.46123090963
2013-11-26 03:00:00,52019.46123090963
2013-11-26 04:00:00,52019.46123090963
2013-11-26 05:00:00,52334.18658975068
2013-11-26 06:00:00,55655.377937655394
2013-11-26 07:00:00,57549.5520291373
2013-11-26 08:00:00,58434.16855889874
2013-11-26 09:00:00,58788.83842464046
2013-11-26 10:00:00,58931.8017885098
2013-11-26 11:00:00,59003.77446350502
2013-11-26 12:00:00,59007.57404359589
2013-11-26 13:00:00,58971.58621486179
2013-11-26 14:00:00,58882.30752828739
2013-11-26 15:00:00,58689.50796694453
2013-11-26 16:00:00,58507.91453448775
2013-11-26 17:00:00,58496.430298565276
2013-11-26 18:00:00,58963.70547292878
2013-11-26 19:00:00,58955.14771796598
2013-11-26 20:00:00,58865.046564974706
2013-11-26 21:00:00,58349.72095556386
2013-11-26 22:00:00,56540.08055297188
2013-11-26 23:00:00,53654.761446000106
2013-11-27 00:00:00,52121.77028794354
2013-11-27 01:00:00,52019.46123090963
2013-11-27 02:00:00,52019.46123090963
2013-11-27 03:00:00,52019.46123090963
2013-11-27 04:00:00,52019.46123090963
2013-11-27 05:00:00,52019.46123090963
2013-11-27 06:00:00,55043.22201444208
2013-11-27 07:00:00,57342.17370270279
2013-11-27 08:00:00,58405.37187861223
2013-11-27 09:00:00,58811.44615889287
2013-11-27 10:00:00,58925.69125351671
2013-11-27 11:00:00,59014.17665925149
2013-11-27 12:00:00,59026.7091836827
2013-11-27 13:00:00,59015.63783302886
2013-11-27 14:00:00,58994.25246971521
2013-11-27 15:00:00,58925.78951815972
2013-11-27 16:00:00,58838.14239566934
2013-11-27 17:00:00,58795.48768914767
2013-11-27 18:00:00,59027.152641775574
2013-11-27 19:00:00,59035.66022349186
2013-11-27 20:00:00,59007.73885612122
2013-11-27 21:00:00,58856.86011526913
2013-11-27 22:00:00,58205.39015828719
2013-11-27 23:00:00,56975.63953315891
2013-11-28 00:00:00,56244.84426506807
2013-11-28 01:00:00,54629.72093598744
2013-11-28 02:00:00,53901.66556939382
2013-11-28 03:00:00,53421.27231331342
2013-11-28 04:00:00,53361.25998571515
2013-11-28 05:00:00,54342.863754861726
2013-11-28 06:00:00,56878.09928102666
2013-11-28 07:00:00,57923.32684369764
2013-11-28 08:00:00,58636.881938871236
2013-11-28 09:00:00,58894.75218585705
2013-11-28 10:00:00,58977.746376486524
2013-11-28 11:00:00,59030.48263806597
2013-11-28 12:00:00,59037.50598923467
2013-11-28 13:00:00,59014.9857539492
2013-11-28 14:00:00,58980.01388004003
2013-11-28 15:00:00,58844.54599160883
2013-11-28 16:00:00,58541.99632233796
2013-11-28 17:00:00,58398.1078917072
2013-11-28 18:00:00,58983.17752615392
2013-11-28 19:00:00,58992.04134020809
2013-11-28 20:00:00,58953.93403063254
2013-11-28 21:00:00,58674.39502817022
2013-11-28 22:00:00,57617.99543870227
2013-11-28 23:00:00,55428.28895113442
2013-11-29 00:00:00,53932.29467978399
2013-11-29 01:00:00,52064.9534468851
2013-11-29 02:00:00,52019.46123090963
2013-11-29 03:00:00,52019.46123090963
2013-11-29 04:00:00,52019.46123090963
2013-11-29 05:00:00,52019.46123090963
2013-11-29 06:00:00,53212.07304439459
2013-11-29 07:00:00,55165.07004308564
2013-11-29 08:00:00,56543.79564490692
2013-11-29 09:00:00,57596.35345081504
2013-11-29 10:00:00,58079.05131147357
2013-11-29 11:00:00,58438.486495660756
2013-11-29 12:00:00,58346.25007094422
2013-11-29 13:00:00,58018.25425152428
2013-11-29 14:00:00,57286.120804592145
2013-11-29 15:00:00,56271.80886252855
2013-11-29 16:00:00,54930.3136554467
2013-11-29 17:00:00,55036.07704582913
2013-11-29 18:00:00,57038.418598485485
2013-11-29 19:00:00,56529.51492626376
2013-11-29 20:00:00,54643.79343022708
2013-11-29 21:00:00,52019.46123090963
2013-11-29 22:00:00,52019.46123090963
2013-11-29 23:00:00,52019.46123090963
2013-11-30 00:00:00,52019.46123090963
2013-11-30 01:00:00,52019.46123090963
2013-11-30 02:00:00,52019.46123090963
2013-11-30 03:00:00,52019.46123090963
2013-11-30 04:00:00,52019.46123090963
2013-11-30 05:00:00,52019.46123090963
2013-11-30 06:00:00,52019.46123090963
2013-11-30 07:00:00,52019.46123090963
2013-11-30 08:00:00,52019.46123090963
2013-11-30 09:00:00,52931.905572366595
2013-11-30 10:00:00,55428.369129662344
2013-11-30 11:00:00,56964.400109614864
2013-11-30 12:00:00,57316.33009285783
2013-11-30 13:00:00,56700.09280128571
2013-11-30 14:00:00,56358.74395582041
2013-11-30 15:00:00,55479.07975700775
2013-11-30 16:00:00,55038.49238523236
2013-11-30 17:00:00,56193.1378973963
2013-11-30 18:00:00,58206.75298417231
2013-11-30 19:00:00,58364.500221474336
2013-11-30 20:00:00,58298.78434368016
2013-11-30 21:00:00,57107.57406146815
2013-11-30 22:00:00,54105.54488710989
2013-11-30 23:00:00,52019.46123090963
2013-12-01 00:00:00,52019.46123090963
2013-12-01 01:00:00,52019.46123090963
2013-12-01 02:00:00,52019.46123090963
2013-12-01 03:00:00,52019.46123090963
2013-12-01 04:00:00,52019.46123090963
2013-12-01 05:00:00,52019.46123090963
2013-12-01 06:00:00,53074.99103816155
2013-12-01 07:00:00,56463.25359073868
2013-12-01 08:00:00,57955.36452917759
2013-12-01 09:00:00,58568.70745828126
2013-12-01 10:00:00,58711.36332265752
2013-12-01 11:00:00,58904.98242254292
2013-12-01 12:00:00,58833.17441452089
2013-12-01 13:00:00,58655.17584770376
2013-12-01 14:00:00,58523.05510847089
2013-12-01 15:00:00,57549.821123155205
2013-12-01 16:00:00,56878.827638943214
2013-12-01 17:00:00,57849.00491858204
2013-12-01 18:00:00,58701.290777836155
2013-12-01 19:00:00,58844.88576936948
2013-12-01 20:00:00,58782.81338289085
2013-12-01 21:00:00,58364.150429495385
2013-12-01 22:00:00,56694.821151060874
2013-12-01 23:00:00,53441.148417013515
2013-12-02 00:00:00,52019.46123090963
2013-12-02 01:00:00,52019.46123090963
2013-12-02 02:00:00,52019.46123090963
2013-12-02 03:00:00,52019.46123090963
2013-12-02 04:00:00,52019.46123090963
2013-12-02 05:00:00,52019.46123090963
2013-12-02 06:00:00,53478.844142167625
2013-12-02 07:00:00,56419.53848043002
2013-12-02 08:00:00,58050.870146478024
2013-12-02 09:00:00,58578.12515372024
2013-12-02 10:00:00,58747.214655081414
2013-12-02 11:00:00,58870.32399236943
2013-12-02 12:00:00,58876.509534865865
2013-12-02 13:00:00,58811.81124517474
2013-12-02 14:00:00,58708.044395918965
2013-12-02 15:00:00,58348.65891278045
2013-12-02 16:00:00,57866.8690061705
2013-12-02 17:00:00,58125.590026809565
2013-12-02 18:00:00,58690.68328180931
2013-12-02 19:00:00,58624.014674121856
2013-12-02 20:00:00,58454.0386442604
2013-12-02 21:00:00,57758.13479039032
2013-12-02 22:00:00,55248.12191405533
2013-12-02 23:00:00,52019.46123090963
2013-12-03 00:00:00,52019.46123090963
2013-12-03 01:00:00,52019.46123090963
2013-12-03 02:00:00,52019.46123090963
2013-12-03 03:00:00,52019.46123090963
2013-12-03 04:00:00,52019.46123090963
2013-12-03 05:00:00,52019.46123090963
2013-12-03 06:00:00,52019.46123090963
2013-12-03 07:00:00,53754.93730460469
2013-12-03 08:00:00,56868.38843884477
2013-12-03 09:00:00,58153.88120964946
2013-12-03 10:00:00,58600.41267568861
2013-12-03 11:00:00,58857.16157090036
2013-12-03 12:00:00,58907.73026753861
2013-12-03 13:00:00,58861.40096436896
2013-12-03 14:00:00,58801.19526366214
2013-12-03 15:00:00,58601.00706893335
2013-12-03 16:00:00,58315.55786823542
2013-12-03 17:00:00,58324.493988442635
2013-12-03 18:00:00,58924.451707318534
2013-12-03 19:00:00,58950.356363966115
2013-12-03 20:00:00,58848.13225157806
2013-12-03 21:00:00,58262.88384032821
2013-12-03 22:00:00,54676.597263603944
2013-12-03 23:00:00,52019.46123090963
2013-12-04 00:00:00,52019.46123090963
2013-12-04 01:00:00,52019.46123090963
2013-12-04 02:00:00,52019.46123090963
2013-12-04 03:00:00,52019.46123090963
2013-12-04 04:00:00,52019.46123090963
2013-12-04 05:00:00,52019.46123090963
2013-12-04 06:00:00,52019.46123090963
2013-12-04 07:00:00,52019.46123090963
2013-12-04 08:00:00,55475.4456849236
2013-12-04 09:00:00,57641.26668713608
2013-12-04 10:00:00,58306.90166694442
2013-12-04 11:00:00,58692.52665472367
2013-12-04 12:00:00,58787.260399706625
2013-12-04 13:00:00,58755.52205316331
2013-12-04 14:00:00,58681.5972894322
2013-12-04 15:00:00,58393.07300160967
2013-12-04 16:00:00,57913.42055956308
2013-12-04 17:00:00,57961.0672259506
2013-12-04 18:00:00,58805.80511325102
2013-12-04 19:00:00,58834.62158366154
2013-12-04 20:00:00,58687.125855015045
2013-12-04 21:00:00,58089.934910573626
2013-12-04 22:00:00,55958.02974754416
2013-12-04 23:00:00,52397.32260942267
2013-12-05 00:00:00,52019.46123090963
2013-12-05 01:00:00,52019.46123090963
2013-12-05 02:00:00,52019.46123090963
2013-12-05 03:00:00,52019.46123090963
2013-12-05 04:00:00,52019.46123090963
2013-12-05 05:00:00,52019.46123090963
2013-12-05 06:00:00,52019.46123090963
2013-12-05 07:00:00,54156.23999266592
2013-12-05 08:00:00,57161.13379516488
2013-12-05 09:00:00,58062.98623522395
2013-12-05 10:00:00,58482.08841053051
2013-12-05 11:00:00,58730.51312650706
2013-12-05 12:00:00,58783.82072651375
2013-12-05 13:00:00,58672.42013651666
2013-12-05 14:00:00,58516.94570982663
2013-12-05 15:00:00,58156.01469841845
2013-12-05 16:00:00,57436.30673998321
2013-12-05 17:00:00,57566.566449462014
2013-12-05 18:00:00,58764.0793835222
2013-12-05 19:00:00,58807.74977898678
2013-12-05 20:00:00,58606.08853375132
2013-12-05 21:00:00,57909.688314110535
2013-12-05 22:00:00,55378.969532582574
2013-12-05 23:00:00,52019.46123090963
2013-12-06 00:00:00,52019.46123090963
2013-12-06 01:00:00,52019.46123090963
2013-12-06 02:00:00,52019.46123090963
2013-12-06 03:00:00,52019.46123090963
2013-12-06 04:00:00,52019.46123090963
2013-12-06 05:00:00,52019.46123090963
2013-12-06 06:00:00,52019.46123090963
2013-12-06 07:00:00,54469.88126330185
2013-12-06 08:00:00,56368.27046729982
2013-12-06 09:00:00,57635.05038301307
2013-12-06 10:00:00,58157.33845133704
2013-12-06 11:00:00,58510.14271405755
2013-12-06 12:00:00,58584.18109660243
2013-12-06 13:00:00,58409.10702010084
2013-12-06 14:00:00,57932.73526028147
2013-12-06 15:00:00,56983.96408928294
2013-12-06 16:00:00,55741.74657699752
2013-12-06 17:00:00,56211.7927961686
2013-12-06 18:00:00,58396.629561517264
2013-12-06 19:00:00,58489.22514700608
2013-12-06 20:00:00,58262.99594005416
2013-12-06 21:00:00,57147.73267859499
2013-12-06 22:00:00,53965.33702205604
2013-12-06 23:00:00,52019.46123090963
2013-12-07 00:00:00,52019.46123090963
2013-12-07 01:00:00,52019.46123090963
2013-12-07 02:00:00,52019.46123090963
2013-12-07 03:00:00,52019.46123090963
2013-12-07 04:00:00,52019.46123090963
2013-12-07 05:00:00,52019.46123090963
2013-12-07 06:00:00,52019.46123090963
2013-12-07 07:00:00,52756.20455943597
2013-12-07 08:00:00,55018.483494929875
2013-12-07 09:00:00,56423.54514025502
2013-12-07 10:00:00,57273.89791729694
2013-12-07 11:00:00,57940.25169131207
2013-12-07 12:00:00,58385.712995377966
2013-12-07 13:00:00,58042.44570668727
2013-12-07 14:00:00,57246.18084010771
2013-12-07 15:00:00,55894.31385158318
2013-12-07 16:00:00,54437.3424474319
2013-12-07 17:00:00,54876.126524798776
2013-12-07 18:00:00,58108.014675550745
2013-12-07 19:00:00,58118.106877090504
2013-12-07 20:00:00,57714.03276815495
2013-12-07 21:00:00,56157.42852111731
2013-12-07 22:00:00,52705.859652016676
2013-12-07 23:00:00,52019.46123090963
2013-12-08 00:00:00,52019.46123090963
2013-12-08 01:00:00,52019.46123090963
2013-12-08 02:00:00,52019.46123090963
2013-12-08 03:00:00,52019.46123090963
2013-12-08 04:00:00,52019.46123090963
2013-12-08 05:00:00,52019.46123090963
2013-12-08 06:00:00,52019.46123090963
2013-12-08 07:00:00,52408.12836519587
2013-12-08 08:00:00,53777.969722562535
2013-12-08 09:00:00,55644.44442724028
2013-12-08 10:00:00,56393.77907531141
2013-12-08 11:00:00,57288.65093568512
2013-12-08 12:00:00,57229.17107627568
2013-12-08 13:00:00,56863.67114134171
2013-12-08 14:00:00,56681.623548075666
2013-12-08 15:00:00,56164.98919635826
2013-12-08 16:00:00,55421.08518067758
2013-12-08 17:00:00,56248.83655007033
2013-12-08 18:00:00,58203.61242831644
2013-12-08 19:00:00,58414.31821821027
2013-12-08 20:00:00,58192.761993595625
2013-12-08 21:00:00,56992.68840127506
2013-12-08 22:00:00,53758.65999736999
2013-12-08 23:00:00,52019.46123090963
2013-12-09 00:00:00,52019.46123090963
2013-12-09 01:00:00,52019.46123090963
2013-12-09 02:00:00,52019.46123090963
2013-12-09 03:00:00,52019.46123090963
2013-12-09 04:00:00,52019.46123090963
2013-12-09 05:00:00,52019.46123090963
2013-12-09 06:00:00,52019.46123090963
2013-12-09 07:00:00,54480.36989683015
2013-12-09 08:00:00,56671.3111909004
2013-12-09 09:00:00,57662.40449976352
2013-12-09 10:00:00,57959.08043312808
2013-12-09 11:00:00,58061.36814475959
2013-12-09 12:00:00,58490.877989174856
2013-12-09 13:00:00,58560.859839794226
2013-12-09 14:00:00,58333.7524821079
2013-12-09 15:00:00,57769.46732289845
2013-12-09 16:00:00,56742.78199215054
2013-12-09 17:00:00,56238.06875369679
2013-12-09 18:00:00,58301.80495819041
2013-12-09 19:00:00,58443.62665743147
2013-12-09 20:00:00,58258.6899616817
2013-12-09 21:00:00,57387.974377623534
2013-12-09 22:00:00,54713.39432425474
2013-12-09 23:00:00,52019.46123090963
2013-12-10 00:00:00,52019.46123090963
2013-12-10 01:00:00,52019.46123090963
2013-12-10 02:00:00,52019.46123090963
2013-12-10 03:00:00,52019.46123090963
2013-12-10 04:00:00,52019.46123090963
2013-12-10 05:00:00,52019.46123090963
2013-12-10 06:00:00,52836.14721874493
2013-12-10 07:00:00,55780.40853634283
2013-12-10 08:00:00,57179.16206944225
2013-12-10 09:00:00,57996.44064343911
2013-12-10 10:00:00,58198.420485480885
2013-12-10 11:00:00,58470.13722704997
2013-12-10 12:00:00,58528.14297746547
2013-12-10 13:00:00,58521.03174399841
2013-12-10 14:00:00,58327.29385610934
2013-12-10 15:00:00,57872.02485756078
2013-12-10 16:00:00,56967.17484941936
2013-12-10 17:00:00,56808.06651600278
2013-12-10 18:00:00,58497.524278720164
2013-12-10 19:00:00,58645.13648286935
2013-12-10 20:00:00,58565.868737761906
2013-12-10 21:00:00,57986.54385373925
2013-12-10 22:00:00,56063.88885507754
2013-12-10 23:00:00,53295.28302527993
2013-12-11 00:00:00,52121.77028794354
2013-12-11 01:00:00,52019.46123090963
2013-12-11 02:00:00,52019.46123090963
2013-12-11 03:00:00,52019.46123090963
2013-12-11 04:00:00,52019.46123090963
2013-12-11 05:00:00,52019.46123090963
2013-12-11 06:00:00,53950.53430925906
2013-12-11 07:00:00,56398.94993466347
2013-12-11 08:00:00,57581.3188121407
2013-12-11 09:00:00,58222.9683631928
2013-12-11 10:00:00,58369.86014507123
2013-12-11 11:00:00,58608.57111698641
2013-12-11 12:00:00,58726.00534599291
2013-12-11 13:00:00,58681.508314581886
2013-12-11 14:00:00,58548.35790890966
2013-12-11 15:00:00,58153.01179982777
2013-12-11 16:00:00,57625.94298037204
2013-12-11 17:00:00,57320.490463952265
2013-12-11 18:00:00,58588.5130599444
2013-12-11 19:00:00,58626.54654241086
2013-12-11 20:00:00,58098.96192294705
2013-12-11 21:00:00,55931.26335887671
2013-12-11 22:00:00,52019.46123090963
2013-12-11 23:00:00,52019.46123090963
2013-12-12 00:00:00,52019.46123090963
2013-12-12 01:00:00,52019.46123090963
2013-12-12 02:00:00,52019.46123090963
2013-12-12 03:00:00,52019.46123090963
2013-12-12 04:00:00,52019.46123090963
2013-12-12 05:00:00,52019.46123090963
2013-12-12 06:00:00,52019.46123090963
2013-12-12 07:00:00,54705.92254100283
2013-12-12 08:00:00,56706.427104351475
2013-12-12 09:00:00,57852.44072419566
2013-12-12 10:00:00,58156.13987889888
2013-12-12 11:00:00,58581.06613368529
2013-12-12 12:00:00,58731.78140807793
2013-12-12 13:00:00,58732.587661264355
2013-12-12 14:00:00,58577.83392689411
2013-12-12 15:00:00,58257.39655564449
2013-12-12 16:00:00,57703.69618481136
2013-12-12 17:00:00,57351.823805457665
2013-12-12 18:00:00,58528.599564281416
2013-12-12 19:00:00,58646.95729365456
2013-12-12 20:00:00,58611.64311692929
2013-12-12 21:00:00,58010.69407097338
2013-12-12 22:00:00,56320.91734216709
2013-12-12 23:00:00,53609.55832344462
2013-12-13 00:00:00,52383.62581505489
2013-12-13 01:00:00,52019.46123090963
2013-12-13 02:00:00,52019.46123090963
2013-12-13 03:00:00,52019.46123090963
2013-12-13 04:00:00,52019.46123090963
2013-12-13 05:00:00,52019.46123090963
2013-12-13 06:00:00,53700.94189970242
2013-12-13 07:00:00,56536.311143737854
2013-12-13 08:00:00,57629.3054349444
2013-12-13 09:00:00,58304.46491307731
2013-12-13 10:00:00,58535.319766359054
2013-12-13 11:00:00,58752.62642142975
2013-12-13 12:00:00,58804.54792033755
2013-12-13 13:00:00,58806.41553935162
2013-12-13 14:00:00,58701.38257743539
2013-12-13 15:00:00,58473.02981640961
2013-12-13 16:00:00,57997.67824457719
2013-12-13 17:00:00,57781.677398026826
2013-12-13 18:00:00,58793.555038252736
2013-12-13 19:00:00,58856.984151986304
2013-12-13 20:00:00,58798.68341549905
2013-12-13 21:00:00,58445.452674200744
2013-12-13 22:00:00,57207.46466934188
2013-12-13 23:00:00,55108.24844536166
2013-12-14 00:00:00,54085.99485649242
2013-12-14 01:00:00,52824.14853399849
2013-12-14 02:00:00,52160.269702979465
2013-12-14 03:00:00,52019.46123090963
2013-12-14 04:00:00,52019.46123090963
2013-12-14 05:00:00,52704.05902220585
2013-12-14 06:00:00,55271.29747677563
2013-12-14 07:00:00,57240.844758187806
2013-12-14 08:00:00,57993.36332372826
2013-12-14 09:00:00,58436.96293538636
2013-12-14 10:00:00,58635.3981704465
2013-12-14 11:00:00,58806.351732366966
2013-12-14 12:00:00,58916.25221658207
2013-12-14 13:00:00,58809.82375321505
2013-12-14 14:00:00,58748.50456443113
2013-12-14 15:00:00,58532.629277467546
2013-12-14 16:00:00,58163.32749166417
2013-12-14 17:00:00,57997.514310658065
2013-12-14 18:00:00,58840.042421102575
2013-12-14 19:00:00,58920.364888453085
2013-12-14 20:00:00,58889.92740247343
2013-12-14 21:00:00,58638.79132758948
2013-12-14 22:00:00,57617.99543870227
2013-12-14 23:00:00,55975.784478407084
2013-12-15 00:00:00,55231.146311784585
2013-12-15 01:00:00,53587.80225147592
2013-12-15 02:00:00,53244.237435678835
2013-12-15 03:00:00,52910.88515288479
2013-12-15 04:00:00,52660.85345096464
2013-12-15 05:00:00,53297.46490451389
2013-12-15 06:00:00,55878.67157093667
2013-12-15 07:00:00,57627.26168661909
2013-12-15 08:00:00,58322.99137411644
2013-12-15 09:00:00,58740.01918567529
2013-12-15 10:00:00,58795.32259124971
2013-12-15 11:00:00,58929.596119989124
2013-12-15 12:00:00,58967.942576378555
2013-12-15 13:00:00,58940.151142875045
2013-12-15 14:00:00,58904.51811190573
2013-12-15 15:00:00,58758.02205618732
2013-12-15 16:00:00,58531.969598090414
2013-12-15 17:00:00,58311.381513919194
2013-12-15 18:00:00,58926.62728894437
2013-12-15 19:00:00,58968.41178790091
2013-12-15 20:00:00,58917.20766890896
2013-12-15 21:00:00,58671.81700264228
2013-12-15 22:00:00,57728.354075009156
2013-12-15 23:00:00,56030.445007643364
2013-12-16 00:00:00,55116.42769182381
2013-12-16 01:00:00,54121.181251265065
2013-12-16 02:00:00,53093.39300010841
2013-12-16 03:00:00,52642.31221572159
2013-12-16 04:00:00,52254.969994928855
2013-12-16 05:00:00,53630.925246063925
2013-12-16 06:00:00,55933.70865531862
2013-12-16 07:00:00,57830.87053889837
2013-12-16 08:00:00,58577.62473277536
2013-12-16 09:00:00,58868.953618094136
2013-12-16 10:00:00,58941.057715515824
2013-12-16 11:00:00,59008.269524848605
2013-12-16 12:00:00,58993.25477922026
2013-12-16 13:00:00,58960.95291334079
2013-12-16 14:00:00,58896.35778489697
2013-12-16 15:00:00,58813.729319601414
2013-12-16 16:00:00,58585.27032128034
2013-12-16 17:00:00,58495.240217315964
2013-12-16 18:00:00,58948.60108142183
2013-12-16 19:00:00,58979.331843223976
2013-12-16 20:00:00,58936.10108323046
2013-12-16 21:00:00,58653.95326536152
2013-12-16 22:00:00,57701.2517523671
2013-12-16 23:00:00,55932.05629420748
2013-12-17 00:00:00,54944.500832257305
2013-12-17 01:00:00,53382.47565126259
2013-12-17 02:00:00,52824.14853399849
2013-12-17 03:00:00,52336.256894205
2013-12-17 04:00:00,52240.68470101702
2013-12-17 05:00:00,52946.351977491046
2013-12-17 06:00:00,55861.8617156938
2013-12-17 07:00:00,57449.64839953429
2013-12-17 08:00:00,58401.29453381989
2013-12-17 09:00:00,58779.11991719609
2013-12-17 10:00:00,58915.35810953986
2013-12-17 11:00:00,58982.76264196343
2013-12-17 12:00:00,59005.15560085174
2013-12-17 13:00:00,58964.35192778748
2013-12-17 14:00:00,58932.92787769062
2013-12-17 15:00:00,58830.20024099061
2013-12-17 16:00:00,58593.74041213396
2013-12-17 17:00:00,58398.563952096716
2013-12-17 18:00:00,58916.279874263346
2013-12-17 19:00:00,58953.46032681831
2013-12-17 20:00:00,58849.00422842924
2013-12-17 21:00:00,58494.9172791029
2013-12-17 22:00:00,57262.21188262901
2013-12-17 23:00:00,54961.813140714185
2013-12-18 00:00:00,53641.75120433466
2013-12-18 01:00:00,52019.46123090963
2013-12-18 02:00:00,52019.46123090963
2013-12-18 03:00:00,52019.46123090963
2013-12-18 04:00:00,52019.46123090963
2013-12-18 05:00:00,52019.46123090963
2013-12-18 06:00:00,53522.153696048896
2013-12-18 07:00:00,56336.46422250852
2013-12-18 08:00:00,57799.40557481659
2013-12-18 09:00:00,58526.783254933594
2013-12-18 10:00:00,58698.310792122276
2013-12-18 11:00:00,58861.84626847431
2013-12-18 12:00:00,58890.90726020657
2013-12-18 13:00:00,58808.62510668624
2013-12-18 14:00:00,58687.46127799955
2013-12-18 15:00:00,58209.73418291113
2013-12-18 16:00:00,57843.76280520564
2013-12-18 17:00:00,58108.16361882315
2013-12-18 18:00:00,58780.39191230935
2013-12-18 19:00:00,58850.13796724676
2013-12-18 20:00:00,58745.09817655503
2013-12-18 21:00:00,58189.74527853104
2013-12-18 22:00:00,56095.93721857576
2013-12-18 23:00:00,53079.65960516863
2013-12-19 00:00:00,52019.46123090963
2013-12-19 01:00:00,52019.46123090963
2013-12-19 02:00:00,52019.46123090963
2013-12-19 03:00:00,52019.46123090963
2013-12-19 04:00:00,52019.46123090963
2013-12-19 05:00:00,52019.46123090963
2013-12-19 06:00:00,52476.87931030737
2013-12-19 07:00:00,55790.6778578381
2013-12-19 08:00:00,57426.108621298496
2013-12-19 09:00:00,58460.3647019915
2013-12-19 10:00:00,58609.30206562839
2013-12-19 11:00:00,58834.44738335831
2013-12-19 12:00:00,58893.39113812342
2013-12-19 13:00:00,58762.71025510433
2013-12-19 14:00:00,58613.33325851477
2013-12-19 15:00:00,58280.33579643006
2013-12-19 16:00:00,57859.20948888149
2013-12-19 17:00:00,57980.82549958438
2013-12-19 18:00:00,58793.345129354435
2013-12-19 19:00:00,58832.59690744425
2013-12-19 20:00:00,58637.62215363261
2013-12-19 21:00:00,57997.64337178601
2013-12-19 22:00:00,55559.0943146087
2013-12-19 23:00:00,52216.49506837112
2013-12-20 00:00:00,52019.46123090963
2013-12-20 01:00:00,52019.46123090963
2013-12-20 02:00:00,52019.46123090963
2013-12-20 03:00:00,52019.46123090963
2013-12-20 04:00:00,52019.46123090963
2013-12-20 05:00:00,52019.46123090963
2013-12-20 06:00:00,52019.46123090963
2013-12-20 07:00:00,55502.122442174914
2013-12-20 08:00:00,57387.784082167214
2013-12-20 09:00:00,58353.236392448795
2013-12-20 10:00:00,58616.757231107644
2013-12-20 11:00:00,58844.18669547662
2013-12-20 12:00:00,58900.82037573692
2013-12-20 13:00:00,58750.808460224034
2013-12-20 14:00:00,58661.48015515604
2013-12-20 15:00:00,58408.07780267834
2013-12-20 16:00:00,57933.92214198025
2013-12-20 17:00:00,58125.590026809565
2013-12-20 18:00:00,58814.95979950043
2013-12-20 19:00:00,58854.26693476328
2013-12-20 20:00:00,58652.52090837376
2013-12-20 21:00:00,57882.77835832995
2013-12-20 22:00:00,55555.513285785826
2013-12-20 23:00:00,52135.501400502704
2013-12-21 00:00:00,52019.46123090963
2013-12-21 01:00:00,52019.46123090963
2013-12-21 02:00:00,52019.46123090963
2013-12-21 03:00:00,52019.46123090963
2013-12-21 04:00:00,52019.46123090963
2013-12-21 05:00:00,52019.46123090963
2013-12-21 06:00:00,52019.46123090963
2013-12-21 07:00:00,54699.795659390635
2013-12-21 08:00:00,56592.908230394336
2013-12-21 09:00:00,57568.829879019824
2013-12-21 10:00:00,58209.284376633004
2013-12-21 11:00:00,58606.605875604124
2013-12-21 12:00:00,58756.16843272503
2013-12-21 13:00:00,58437.32702392675
2013-12-21 14:00:00,58060.473363393394
2013-12-21 15:00:00,57070.040289840355
2013-12-21 16:00:00,55984.10523737039
2013-12-21 17:00:00,56746.44475378471
2013-12-21 18:00:00,58529.728145446614
2013-12-21 19:00:00,58685.324771020634
2013-12-21 20:00:00,58549.01017214659
2013-12-21 21:00:00,57928.06042936948
2013-12-21 22:00:00,55827.56981266507
2013-12-21 23:00:00,52580.02753104511
2013-12-22 00:00:00,52019.46123090963
2013-12-22 01:00:00,52019.46123090963
2013-12-22 02:00:00,52019.46123090963
2013-12-22 03:00:00,52019.46123090963
2013-12-22 04:00:00,52019.46123090963
2013-12-22 05:00:00,52019.46123090963
2013-12-22 06:00:00,53281.43269415862
2013-12-22 07:00:00,56394.52250478772
2013-12-22 08:00:00,57937.37746930772
2013-12-22 09:00:00,58454.48207911346
2013-12-22 10:00:00,58688.7366304474
2013-12-22 11:00:00,58865.95779145014
2013-12-22 12:00:00,58922.666453283346
2013-12-22 13:00:00,58870.85505163351
2013-12-22 14:00:00,58788.446144909205
2013-12-22 15:00:00,58659.24086977824
2013-12-22 16:00:00,58412.672102851204
2013-12-22 17:00:00,58478.754523937816
2013-12-22 18:00:00,58964.25054026848
2013-12-22 19:00:00,59005.00230057701
2013-12-22 20:00:00,58945.25149853184
2013-12-22 21:00:00,58708.726570033745
2013-12-22 22:00:00,57644.744459413836
2013-12-22 23:00:00,55812.77241520895
2013-12-23 00:00:00,54790.579190307515
2013-12-23 01:00:00,52623.575184758054
2013-12-23 02:00:00,52019.46123090963
2013-12-23 03:00:00,52019.46123090963
2013-12-23 04:00:00,52019.46123090963
2013-12-23 05:00:00,52031.707467815446
2013-12-23 06:00:00,55325.64528809113
2013-12-23 07:00:00,57367.017319243685
2013-12-23 08:00:00,58428.499694507314
2013-12-23 09:00:00,58801.16283083936
2013-12-23 10:00:00,58890.34212219376
2013-12-23 11:00:00,58985.4239329066
2013-12-23 12:00:00,58996.093779489725
2013-12-23 13:00:00,58989.38243084031
2013-12-23 14:00:00,58946.495640078785
2013-12-23 15:00:00,58850.84427302612
2013-12-23 16:00:00,58680.08610817723
2013-12-23 17:00:00,58608.58047580503
2013-12-23 18:00:00,58988.80248587333
2013-12-23 19:00:00,59005.72027651066
2013-12-23 20:00:00,58928.91650363932
2013-12-23 21:00:00,58605.362511282605
2013-12-23 22:00:00,57398.32025820034
2013-12-23 23:00:00,55643.94936798374
2013-12-24 00:00:00,54920.72419269983
2013-12-24 01:00:00,53336.50983708833
2013-12-24 02:00:00,52184.09216615213
2013-12-24 03:00:00,52019.46123090963
2013-12-24 04:00:00,52019.46123090963
2013-12-24 05:00:00,52748.892725289916
2013-12-24 06:00:00,55443.84157862442
2013-12-24 07:00:00,57497.390606542336
2013-12-24 08:00:00,58508.98904588833
2013-12-24 09:00:00,58815.97450756378
2013-12-24 10:00:00,58899.150611811936
2013-12-24 11:00:00,58984.6568994467
2013-12-24 12:00:00,59002.60853213815
2013-12-24 13:00:00,58975.5755530272
2013-12-24 14:00:00,58944.15718326352
2013-12-24 15:00:00,58834.81943571916
2013-12-24 16:00:00,58617.0881517384
2013-12-24 17:00:00,58630.65865944937
2013-12-24 18:00:00,58992.35060917207
2013-12-24 19:00:00,59009.23972914186
2013-12-24 20:00:00,58927.81426599263
2013-12-24 21:00:00,58620.916885148945
2013-12-24 22:00:00,57608.98400232914
2013-12-24 23:00:00,55787.176571938064
2013-12-25 00:00:00,54810.7489531746
2013-12-25 01:00:00,52800.61281943041
2013-12-25 02:00:00,52019.46123090963
2013-12-25 03:00:00,52019.46123090963
2013-12-25 04:00:00,52019.46123090963
2013-12-25 05:00:00,52043.624152902456
2013-12-25 06:00:00,55166.8877790348
2013-12-25 07:00:00,57586.555486964186
2013-12-25 08:00:00,58489.65746036809
2013-12-25 09:00:00,58839.44511758731
2013-12-25 10:00:00,58936.07914148516
2013-12-25 11:00:00,59011.502973331786
2013-12-25 12:00:00,59017.93478860697
2013-12-25 13:00:00,58993.27372094217
2013-12-25 14:00:00,58964.383212912246
2013-12-25 15:00:00,58857.16640400788
2013-12-25 16:00:00,58604.39143965578
2013-12-25 17:00:00,58542.27710996733
2013-12-25 18:00:00,58977.16475423834
2013-12-25 19:00:00,59006.43351648699
2013-12-25 20:00:00,58918.88750559539
2013-12-25 21:00:00,58635.701442182675
2013-12-25 22:00:00,57796.49811245182
2013-12-25 23:00:00,55876.15967279332
2013-12-26 00:00:00,54575.64490264468
2013-12-26 01:00:00,53174.749801665435
2013-12-26 02:00:00,52279.3395037203
2013-12-26 03:00:00,52057.61505965023
2013-12-26 04:00:00,52019.46123090963
2013-12-26 05:00:00,52831.32455342531
2013-12-26 06:00:00,55532.69597103255
2013-12-26 07:00:00,57645.92787706331
2013-12-26 08:00:00,58463.9342829393
2013-12-26 09:00:00,58802.39020443123
2013-12-26 10:00:00,58896.58768568796
2013-12-26 11:00:00,58975.54660053569
2013-12-26 12:00:00,58990.18389669837
2013-12-26 13:00:00,58945.68456519204
2013-12-26 14:00:00,58926.11259350002
2013-12-26 15:00:00,58780.11619477807
2013-12-26 16:00:00,58586.2937033187
2013-12-26 17:00:00,58485.64034254458
2013-12-26 18:00:00,58967.769955029966
2013-12-26 19:00:00,58990.00950488828
2013-12-26 20:00:00,58754.60943645092
2013-12-26 21:00:00,58626.31477200059
2013-12-26 22:00:00,57635.87549069631
2013-12-26 23:00:00,55884.54619068325
2013-12-27 00:00:00,54980.017684968356
2013-12-27 01:00:00,53267.34696054224
2013-12-27 02:00:00,52457.64872905596
2013-12-27 03:00:00,52019.46123090963
2013-12-27 04:00:00,52019.46123090963
2013-12-27 05:00:00,52265.17775288128
2013-12-27 06:00:00,55323.77938496467
2013-12-27 07:00:00,57454.57554940765
2013-12-27 08:00:00,58437.20252863743
2013-12-27 09:00:00,58803.409407340965
2013-12-27 10:00:00,58905.56531117086
2013-12-27 11:00:00,58998.01987734253
2013-12-27 12:00:00,58990.5107887889
2013-12-27 13:00:00,58940.72395871354
2013-12-27 14:00:00,58897.50177018801
2013-12-27 15:00:00,58799.220897737636
2013-12-27 16:00:00,58546.76468590918
2013-12-27 17:00:00,58516.71375540588
2013-12-27 18:00:00,58950.770963299445
2013-12-27 19:00:00,58979.331843223976
2013-12-27 20:00:00,58905.59098070623
2013-12-27 21:00:00,58618.356775228574
2013-12-27 22:00:00,57644.744459413836
2013-12-27 23:00:00,55718.2498267863
2013-12-28 00:00:00,54565.269304485846
2013-12-28 01:00:00,53267.34696054224
2013-12-28 02:00:00,52184.09216615213
2013-12-28 03:00:00,52019.46123090963
2013-12-28 04:00:00,52019.46123090963
2013-12-28 05:00:00,52019.46123090963
2013-12-28 06:00:00,53691.9413020551
2013-12-28 07:00:00,56048.3185743306
2013-12-28 08:00:00,57125.80210693086
2013-12-28 09:00:00,57970.594448945194
2013-12-28 10:00:00,58323.096017478936
2013-12-28 11:00:00,58739.90330025525
2013-12-28 12:00:00,58840.633306845346
2013-12-28 13:00:00,58664.60811465774
2013-12-28 14:00:00,58491.49883054073
2013-12-28 15:00:00,57838.910473010474
2013-12-28 16:00:00,57174.93512011536
2013-12-28 17:00:00,56921.20278016348
2013-12-28 18:00:00,58660.35020126813
2013-12-28 19:00:00,58811.34196051935
2013-12-28 20:00:00,58702.66749770082
2013-12-28 21:00:00,58240.045960140276
2013-12-28 22:00:00,56564.05478511289
2013-12-28 23:00:00,54106.178990764136
2013-12-29 00:00:00,53044.06898721573
2013-12-29 01:00:00,52019.46123090963
2013-12-29 02:00:00,52019.46123090963
2013-12-29 03:00:00,52019.46123090963
2013-12-29 04:00:00,52019.46123090963
2013-12-29 05:00:00,52019.46123090963
2013-12-29 06:00:00,54410.8142269593
2013-12-29 07:00:00,56229.91464766328
2013-12-29 08:00:00,57341.43193524673
2013-12-29 09:00:00,58155.68248136801
2013-12-29 10:00:00,58518.710004822584
2013-12-29 11:00:00,58769.0102234966
2013-12-29 12:00:00,58808.57758995993
2013-12-29 13:00:00,58762.93977177687
2013-12-29 14:00:00,58714.341226454504
2013-12-29 15:00:00,58507.04297835536
2013-12-29 16:00:00,58246.10975454352
2013-12-29 17:00:00,58455.1374785997
2013-12-29 18:00:00,58960.19027874471
2013-12-29 19:00:00,58997.55515558037
2013-12-29 20:00:00,58906.96003136058
2013-12-29 21:00:00,58613.52192819137
2013-12-29 22:00:00,57563.20568071712
2013-12-29 23:00:00,55546.17568442492
2013-12-30 00:00:00,54344.54712729613
2013-12-30 01:00:00,52670.86875102939
2013-12-30 02:00:00,52124.53021768978
2013-12-30 03:00:00,52019.46123090963
2013-12-30 04:00:00,52019.46123090963
2013-12-30 05:00:00,52107.97019119505
2013-12-30 06:00:00,55062.69691829755
2013-12-30 07:00:00,57327.54205653617
2013-12-30 08:00:00,58385.22574542212
2013-12-30 09:00:00,58780.86819409681
2013-12-30 10:00:00,58902.52141000771
2013-12-30 11:00:00,58990.66746186246
2013-12-30 12:00:00,58996.40507510211
2013-12-30 13:00:00,58953.07470645342
2013-12-30 14:00:00,58901.73898921389
2013-12-30 15:00:00,58810.761877631994
2013-12-30 16:00:00,58651.87428373576
2013-12-30 17:00:00,58533.376928564656
2013-12-30 18:00:00,58962.60940425022
2013-12-30 19:00:00,58988.77420524827
2013-12-30 20:00:00,58903.52058723201
2013-12-30 21:00:00,58627.89148857182
2013-12-30 22:00:00,57688.38581460428
2013-12-30 23:00:00,55884.54619068325
2013-12-31 00:00:00,54860.939810314136
2013-12-31 01:00:00,53197.93837858174
2013-12-31 02:00:00,52469.51877988487
2013-12-31 03:00:00,52033.78187537961
2013-12-31 04:00:00,52019.46123090963
2013-12-31 05:00:00,52398.38285501122
2013-12-31 06:00:00,55151.55641557205
2013-12-31 07:00:00,57403.72055460686
2013-12-31 08:00:00,58324.493988442635
2013-12-31 09:00:00,58710.63814795112
2013-12-31 10:00:00,58850.880367987695
2013-12-31 11:00:00,58968.70490730856
2013-12-31 12:00:00,58996.40507510211
2013-12-31 13:00:00,58969.11867116697
2013-12-31 14:00:00,58909.295183753464
2013-12-31 15:00:00,58777.7046857255
2013-12-31 16:00:00,58561.91067257291
2013-12-31 17:00:00,58502.740524447574
2013-12-31 18:00:00,58978.38000966838
2013-12-31 19:00:00,58987.107994245394
2013-12-31 20:00:00,58904.21297018677
2013-12-31 21:00:00,58623.146499076815
2013-12-31 22:00:00,57398.32025820034
2013-12-31 23:00:00,57398.32025820034
