,BD_demand
2013-01-01 00:00:00,22423.80944466988
2013-01-01 01:00:00,22063.674812022615
2013-01-01 02:00:00,21587.915551490027
2013-01-01 03:00:00,20261.411876127146
2013-01-01 04:00:00,19939.624902011048
2013-01-01 05:00:00,19068.838087934804
2013-01-01 06:00:00,19396.386866566212
2013-01-01 07:00:00,19939.613176639054
2013-01-01 08:00:00,20778.387972076558
2013-01-01 09:00:00,21404.513505631898
2013-01-01 10:00:00,22261.888294957862
2013-01-01 11:00:00,22960.676664106293
2013-01-01 12:00:00,23288.08589235075
2013-01-01 13:00:00,22589.297523202316
2013-01-01 14:00:00,22741.253568884178
2013-01-01 15:00:00,22364.25217385184
2013-01-01 16:00:00,21221.421828206327
2013-01-01 17:00:00,21444.450936822177
2013-01-01 18:00:00,24157.286842225214
2013-01-01 19:00:00,24590.084310465583
2013-01-01 20:00:00,24397.764365517927
2013-01-01 21:00:00,24071.944909932583
2013-01-01 22:00:00,23511.85183747467
2013-01-01 23:00:00,22813.354294472134
2013-01-02 00:00:00,22265.223024492356
2013-01-02 01:00:00,21540.33962543677
2013-01-02 02:00:00,20588.821104371596
2013-01-02 03:00:00,20293.129160162654
2013-01-02 04:00:00,19971.342186046553
2013-01-02 05:00:00,19546.183212669166
2013-01-02 06:00:00,19534.35705212066
2013-01-02 07:00:00,19744.551879820694
2013-01-02 08:00:00,20714.953404005548
2013-01-02 09:00:00,21372.796221596393
2013-01-02 10:00:00,22087.44323276258
2013-01-02 11:00:00,22516.634687609218
2013-01-02 12:00:00,22542.72971751637
2013-01-02 13:00:00,22113.538262669732
2013-01-02 14:00:00,21789.73504781901
2013-01-02 15:00:00,21166.924701511503
2013-01-02 16:00:00,20983.542197940034
2013-01-02 17:00:00,21206.571306555885
2013-01-02 18:00:00,23285.061531248815
2013-01-02 19:00:00,23876.445419666714
2013-01-02 20:00:00,24033.01559910961
2013-01-02 21:00:00,23627.9029334355
2013-01-02 22:00:00,23020.233934924334
2013-01-02 23:00:00,22369.312317975055
2013-01-03 00:00:00,21868.756974048534
2013-01-03 01:00:00,21048.721722886436
2013-01-03 02:00:00,20509.527894282834
2013-01-03 03:00:00,19864.94582568333
2013-01-03 04:00:00,19622.45206165599
2013-01-03 05:00:00,19562.041854686915
2013-01-03 06:00:00,19566.074336156165
2013-01-03 07:00:00,20077.5833621935
2013-01-03 08:00:00,20413.63920566825
2013-01-03 09:00:00,21277.644369489873
2013-01-03 10:00:00,21897.13952854955
2013-01-03 11:00:00,22310.47234137843
2013-01-03 12:00:00,22907.478483924682
2013-01-03 13:00:00,22779.601227415347
2013-01-03 14:00:00,23264.58875547002
2013-01-03 15:00:00,22570.41452008262
2013-01-03 16:00:00,22030.21257111172
2013-01-03 17:00:00,21492.026862875435
2013-01-03 18:00:00,24268.29733634949
2013-01-03 19:00:00,24716.953446607607
2013-01-03 20:00:00,24746.65448990849
2013-01-03 21:00:00,24563.562812482913
2013-01-03 22:00:00,24193.773444238042
2013-01-03 23:00:00,23455.62929619112
2013-01-04 00:00:00,22867.85142116696
2013-01-04 01:00:00,22253.978516235646
2013-01-04 02:00:00,21461.046415348006
2013-01-04 03:00:00,20864.040272801754
2013-01-04 04:00:00,20621.54650877442
2013-01-04 05:00:00,19784.062842935455
2013-01-04 06:00:00,20081.48020173313
2013-01-04 07:00:00,20331.321634477546
2013-01-04 08:00:00,20857.681182165325
2013-01-04 09:00:00,21658.251777915943
2013-01-04 10:00:00,22285.67625798449
2013-01-04 11:00:00,22913.10073805304
2013-01-04 12:00:00,23050.206262084463
2013-01-04 13:00:00,22843.03579548636
2013-01-04 14:00:00,22503.373938617886
2013-01-04 15:00:00,22269.10032174532
2013-01-04 16:00:00,21617.88787865015
2013-01-04 17:00:00,21444.450936822177
2013-01-04 18:00:00,23768.750112790272
2013-01-04 19:00:00,24637.660236518845
2013-01-04 20:00:00,24746.65448990849
2013-01-04 21:00:00,24373.259108269882
2013-01-04 22:00:00,23844.88331984748
2013-01-04 23:00:00,23082.95120877393
2013-01-05 00:00:00,22471.38537072314
2013-01-05 01:00:00,21778.219255703058
2013-01-05 02:00:00,21524.480983419013
2013-01-05 03:00:00,20911.616198855012
2013-01-05 04:00:00,20748.41564491644
2013-01-05 05:00:00,19863.35605302422
2013-01-05 06:00:00,19407.48791597864
2013-01-05 07:00:00,19443.23768148339
2013-01-05 08:00:00,19430.40340056758
2013-01-05 09:00:00,19334.96072231516
2013-01-05 10:00:00,19285.221188225663
2013-01-05 11:00:00,20244.091286465242
2013-01-05 12:00:00,21117.037800120394
2013-01-05 13:00:00,20107.420047424006
2013-01-05 14:00:00,20167.395969402896
2013-01-05 15:00:00,19378.069881908992
2013-01-05 16:00:00,19074.1616990026
2013-01-05 17:00:00,18623.198521863957
2013-01-05 18:00:00,20682.658376135583
2013-01-05 19:00:00,23221.48350433352
2013-01-05 20:00:00,23127.487139895926
2013-01-05 21:00:00,22508.28280698215
2013-01-05 22:00:00,22271.706031686404
2013-01-05 23:00:00,21796.81534113418
2013-01-06 00:00:00,21472.290923604716
2013-01-06 01:00:00,21032.86308086868
2013-01-06 02:00:00,20350.941474105308
2013-01-06 03:00:00,19803.097121814088
2013-01-06 04:00:00,19225.98601121217
2013-01-06 05:00:00,19826.088244282502
2013-01-06 06:00:00,19214.012483362054
2013-01-06 07:00:00,19800.05712688283
2013-01-06 08:00:00,20929.04507124521
2013-01-06 09:00:00,21483.80671572066
2013-01-06 10:00:00,21801.98767644303
2013-01-06 11:00:00,22754.51431787551
2013-01-06 12:00:00,22368.284655321087
2013-01-06 13:00:00,22906.470363557368
2013-01-06 14:00:00,23169.436903363505
2013-01-06 15:00:00,22824.152792366673
2013-01-06 16:00:00,22077.788497164976
2013-01-06 17:00:00,21444.450936822177
2013-01-06 18:00:00,24601.328818722293
2013-01-06 19:00:00,25509.885547495247
2013-01-06 20:00:00,25333.424244565344
2013-01-06 21:00:00,25182.049851175274
2013-01-06 22:00:00,24495.087642575345
2013-01-06 23:00:00,24034.469729839097
2013-01-07 00:00:00,23724.21809012561
2013-01-07 01:00:00,23237.21432133632
2013-01-07 02:00:00,22460.140862466433
2013-01-07 03:00:00,21736.265583778153
2013-01-07 04:00:00,21382.76132562655
2013-01-07 05:00:00,21207.37596402877
2013-01-07 06:00:00,21096.433290869307
2013-01-07 07:00:00,21536.578427826757
2013-01-07 08:00:00,22142.231185603297
2013-01-07 09:00:00,22716.023200500054
2013-01-07 10:00:00,23321.245581743744
2013-01-07 11:00:00,24070.78160534899
2013-01-07 12:00:00,24429.908117628947
2013-01-07 13:00:00,24452.68796028827
2013-01-07 14:00:00,23137.719619328
2013-01-07 15:00:00,23981.83365966262
2013-01-07 16:00:00,23600.21813086924
2013-01-07 17:00:00,22792.435508331168
2013-01-07 18:00:00,25473.5541296987
2013-01-07 19:00:00,26421.757463516034
2013-01-07 20:00:00,26570.39832195006
2013-01-07 21:00:00,26197.00294031145
2013-01-07 22:00:00,25755.849682986696
2013-01-07 23:00:00,25362.630998825894
2013-01-08 00:00:00,25119.778587687855
2013-01-08 01:00:00,24204.591484419238
2013-01-08 02:00:00,23570.245803709124
2013-01-08 03:00:00,23195.26064941141
2013-01-08 04:00:00,23079.636021526094
2013-01-08 05:00:00,22004.272725420848
2013-01-08 06:00:00,22222.396874129758
2013-01-08 07:00:00,22281.93460266114
2013-01-08 08:00:00,22633.849088153638
2013-01-08 09:00:00,23458.207646930885
2013-01-08 10:00:00,23752.600644626622
2013-01-08 11:00:00,24340.37851965079
2013-01-08 12:00:00,24588.494537806477
2013-01-08 13:00:00,24888.80061577647
2013-01-08 14:00:00,24723.58382110328
2013-01-08 15:00:00,24616.17934037274
2013-01-08 16:00:00,23679.511340958004
2013-01-08 17:00:00,23062.032422632965
2013-01-08 18:00:00,25830.373575098132
2013-01-08 19:00:00,26778.576908915467
2013-01-08 20:00:00,26728.984742127588
2013-01-08 21:00:00,26593.46899075527
2013-01-08 22:00:00,26191.962338474896
2013-01-08 23:00:00,25501.394116481228
2013-01-09 00:00:00,24961.192167510326
2013-01-09 01:00:00,24315.601978543506
2013-01-09 02:00:00,23728.832223886653
2013-01-09 03:00:00,23353.84706958894
2013-01-09 04:00:00,23000.342811437335
2013-01-09 05:00:00,22353.162849811404
2013-01-09 06:00:00,22262.043479174135
2013-01-09 07:00:00,22503.95559090968
2013-01-09 08:00:00,22903.446002455436
2013-01-09 09:00:00,23973.61351250785
2013-01-09 10:00:00,24513.815461478753
2013-01-09 11:00:00,24895.430990272136
2013-01-09 12:00:00,25191.122934481085
2013-01-09 13:00:00,24809.507405687706
2013-01-09 14:00:00,24882.1702412808
2013-01-09 15:00:00,24933.35218072779
2013-01-09 16:00:00,24234.563811579355
2013-01-09 17:00:00,23315.770694917006
2013-01-09 18:00:00,25751.08036500937
2013-01-09 19:00:00,26382.110858471646
2013-01-09 20:00:00,26649.69153203882
2013-01-09 21:00:00,26276.296150400216
2013-01-09 22:00:00,26033.375918297366
2013-01-09 23:00:00,25422.100906392465
2013-01-10 00:00:00,24961.192167510326
2013-01-10 01:00:00,24442.471114685533
2013-01-10 02:00:00,24204.591484419238
2013-01-10 03:00:00,23908.89954021029
2013-01-10 04:00:00,23555.395282058682
2013-01-10 05:00:00,22480.031985953432
2013-01-10 06:00:00,22658.509529617957
2013-01-10 07:00:00,22947.997567406754
2013-01-10 08:00:00,23268.194768863752
2013-01-10 09:00:00,21594.817209844932
2013-01-10 10:00:00,24228.359905159203
2013-01-10 11:00:00,24419.67172973955
2013-01-10 12:00:00,24873.95009412603
2013-01-10 13:00:00,24492.334565332647
2013-01-10 14:00:00,24882.1702412808
2013-01-10 15:00:00,24933.35218072779
2013-01-10 16:00:00,24393.150231756885
2013-01-10 17:00:00,23823.247239485096
2013-01-10 18:00:00,26028.60660032004
2013-01-10 19:00:00,26223.524438294124
2013-01-10 20:00:00,26728.984742127588
2013-01-10 21:00:00,26672.762200844038
2013-01-10 22:00:00,26191.962338474896
2013-01-10 23:00:00,25580.687326569994
2013-01-11 00:00:00,25119.778587687855
2013-01-11 01:00:00,24918.23037521811
2013-01-11 02:00:00,24283.884694508004
2013-01-11 03:00:00,23988.19275029905
2013-01-11 04:00:00,23713.98170223621
2013-01-11 05:00:00,23431.550507018597
2013-01-11 06:00:00,23372.14842041683
2013-01-11 07:00:00,23471.332753992596
2013-01-11 08:00:00,24140.42007984015
2013-01-11 09:00:00,24449.37277304043
2013-01-11 10:00:00,25148.161142188867
2013-01-11 11:00:00,25926.242721426064
2013-01-11 12:00:00,25904.76182527996
2013-01-11 13:00:00,25840.319136841634
2013-01-11 14:00:00,25675.102342168444
2013-01-11 15:00:00,24933.35218072779
2013-01-11 16:00:00,23520.92492078048
2013-01-11 17:00:00,22633.849088153638
2013-01-11 18:00:00,24482.38900358915
2013-01-11 19:00:00,24748.670730643113
2013-01-11 20:00:00,24905.24091008602
2013-01-11 21:00:00,24135.37947800359
2013-01-11 22:00:00,24130.33887616703
2013-01-11 23:00:00,23638.00367939528
2013-01-12 00:00:00,23296.034755646284
2013-01-12 01:00:00,22618.72728264396
2013-01-12 02:00:00,22142.968022111374
2013-01-12 03:00:00,21847.27607790243
2013-01-12 04:00:00,21493.771819750822
2013-01-12 05:00:00,19784.062842935455
2013-01-12 06:00:00,19375.77063194313
2013-01-12 07:00:00,19227.560150041954
2013-01-12 08:00:00,19343.180869469936
2013-01-12 09:00:00,19632.310260148024
2013-01-12 10:00:00,19835.516066241686
2013-01-12 11:00:00,20613.597645478883
2013-01-12 12:00:00,21385.048850220413
2013-01-12 13:00:00,21003.433321427037
2013-01-12 14:00:00,20838.216526753844
2013-01-12 15:00:00,20255.05278549072
2013-01-12 16:00:00,19698.99219450206
2013-01-12 17:00:00,19411.373030146275
2013-01-12 18:00:00,22358.91683741205
2013-01-12 19:00:00,23456.191406196263
2013-01-12 20:00:00,23695.226524131474
2013-01-12 21:00:00,23543.852130741412
2013-01-12 22:00:00,23654.579615634448
2013-01-12 23:00:00,22979.87003565854
2013-01-13 00:00:00,22455.526728705387
2013-01-13 01:00:00,21778.219255703058
2013-01-13 02:00:00,21239.025427099466
2013-01-13 03:00:00,20943.333482890517
2013-01-13 04:00:00,20669.122434827677
2013-01-13 05:00:00,19910.931979077475
2013-01-13 06:00:00,20232.13730090178
2013-01-13 07:00:00,20537.483980708337
2013-01-13 08:00:00,21476.168220857682
2013-01-13 09:00:00,22070.576470377513
2013-01-13 10:00:00,22531.485209259656
2013-01-13 11:00:00,23309.56678849686
2013-01-13 12:00:00,24001.724783149624
2013-01-13 13:00:00,23857.988884622533
2013-01-13 14:00:00,24116.19783182334
2013-01-13 15:00:00,23942.187054618244
2013-01-13 16:00:00,23520.92492078048
2013-01-13 17:00:00,22792.435508331168
2013-01-13 18:00:00,25275.32110447679
2013-01-13 19:00:00,26223.524438294124
2013-01-13 20:00:00,26570.39832195006
2013-01-13 21:00:00,26355.58936048898
2013-01-13 22:00:00,26112.66912838613
2013-01-13 23:00:00,25382.454301348087
2013-01-14 00:00:00,24802.605747332796
2013-01-14 01:00:00,24363.177904596767
2013-01-14 02:00:00,23728.832223886653
2013-01-14 03:00:00,23195.26064941141
2013-01-14 04:00:00,23079.636021526094
2013-01-14 05:00:00,22480.031985953432
2013-01-14 06:00:00,22182.750269085373
2013-01-14 07:00:00,22123.34818248361
2013-01-14 08:00:00,22713.1422982424
2013-01-14 09:00:00,23418.561041886504
2013-01-14 10:00:00,24038.056200946172
2013-01-14 11:00:00,24816.13778018337
2013-01-14 12:00:00,24953.243304214793
2013-01-14 13:00:00,24968.09382586523
2013-01-14 14:00:00,25326.21221777788
2013-01-14 15:00:00,25171.231810994082
2013-01-14 16:00:00,24424.867515792386
2013-01-14 17:00:00,23601.22625123656
2013-01-14 18:00:00,26187.19302049757
2013-01-14 19:00:00,27016.456539181763
2013-01-14 20:00:00,27046.157582482643
2013-01-14 21:00:00,26752.0554109328
2013-01-14 22:00:00,26191.962338474896
2013-01-14 23:00:00,25739.273746747524
2013-01-15 00:00:00,25436.951428042907
2013-01-15 01:00:00,25076.81679539564
2013-01-15 02:00:00,24601.057534863055
2013-01-15 03:00:00,24146.77917047658
2013-01-15 04:00:00,23713.98170223621
2013-01-15 05:00:00,23035.084456574772
2013-01-15 06:00:00,23134.26879015054
2013-01-15 07:00:00,23154.15991363754
2013-01-15 08:00:00,23664.660819307566
2013-01-15 09:00:00,24211.493142774143
2013-01-15 10:00:00,24355.229041301223
2013-01-15 11:00:00,24974.7242003609
2013-01-15 12:00:00,25349.709354658615
2013-01-15 13:00:00,25412.135802362307
2013-01-15 14:00:00,25468.939995937657
2013-01-15 15:00:00,25250.52502108285
2013-01-15 16:00:00,24821.333566236208
2013-01-15 17:00:00,23854.964523520604
2013-01-15 18:00:00,26306.13283563072
2013-01-15 19:00:00,27254.336169448055
2013-01-15 20:00:00,27046.157582482643
2013-01-15 21:00:00,26672.762200844038
2013-01-15 22:00:00,26509.135178829947
2013-01-15 23:00:00,25977.153377013816
2013-01-16 00:00:00,25595.537848220436
2013-01-16 01:00:00,25156.110005484403
2013-01-16 02:00:00,24759.64395504058
2013-01-16 03:00:00,24305.36559065411
2013-01-16 04:00:00,24189.740962768796
2013-01-16 05:00:00,23114.37766666354
2013-01-16 06:00:00,22801.23730777773
2013-01-16 07:00:00,23074.866703548778
2013-01-16 08:00:00,23506.074399130044
2013-01-16 09:00:00,24132.199932685373
2013-01-16 10:00:00,24355.229041301223
2013-01-16 11:00:00,24974.7242003609
2013-01-16 12:00:00,25032.536514303556
2013-01-16 13:00:00,25285.266666220286
2013-01-16 14:00:00,25278.636291724622
2013-01-16 15:00:00,25409.11144126038
2013-01-16 16:00:00,25186.082332644524
2013-01-16 17:00:00,24061.126869751388
2013-01-16 18:00:00,26464.71925580825
2013-01-16 19:00:00,27333.62937953682
2013-01-16 20:00:00,27521.916843015224
2013-01-16 21:00:00,27386.401091642907
2013-01-16 22:00:00,26905.60122927377
2013-01-16 23:00:00,26333.972822413252
2013-01-17 00:00:00,25912.710688575495
2013-01-17 01:00:00,25393.98963575069
2013-01-17 02:00:00,24997.523585306873
2013-01-17 03:00:00,24701.831641097924
2013-01-17 04:00:00,24586.207013212614
2013-01-17 05:00:00,23193.670876752305
2013-01-17 06:00:00,23292.855210328064
2013-01-17 07:00:00,23074.866703548778
2013-01-17 08:00:00,22951.021928508693
2013-01-17 09:00:00,23497.854251975266
2013-01-17 10:00:00,23435.427804271567
2013-01-17 11:00:00,24340.37851965079
2013-01-17 12:00:00,24953.243304214793
2013-01-17 13:00:00,24968.09382586523
2013-01-17 14:00:00,24961.463451369567
2013-01-17 15:00:00,24457.59292019521
2013-01-17 16:00:00,24234.563811579355
2013-01-17 17:00:00,23664.660819307566
2013-01-17 18:00:00,26187.19302049757
2013-01-17 19:00:00,26778.576908915467
2013-01-17 20:00:00,27204.74400266017
2013-01-17 21:00:00,27148.521461376622
2013-01-17 22:00:00,26747.014809096243
2013-01-17 23:00:00,26135.739797191345
2013-01-18 00:00:00,25674.831058309202
2013-01-18 01:00:00,25393.98963575069
2013-01-18 02:00:00,24918.23037521811
2013-01-18 03:00:00,24543.245220920402
2013-01-18 04:00:00,24506.913803123854
2013-01-18 05:00:00,23748.723347373656
2013-01-18 06:00:00,23768.61447086065
2013-01-18 07:00:00,24058.10250864945
2013-01-18 08:00:00,24854.058970639027
2013-01-18 09:00:00,25163.011663839312
2013-01-18 10:00:00,25623.920402721455
2013-01-18 11:00:00,25846.949511337305
2013-01-18 12:00:00,26142.64145554625
2013-01-18 13:00:00,26395.37160746298
2013-01-18 14:00:00,26626.62086323361
2013-01-18 15:00:00,26360.62996232554
2013-01-18 16:00:00,26137.60085370969
2013-01-18 17:00:00,24774.76576055026
2013-01-18 18:00:00,26980.125121385212
2013-01-18 19:00:00,27333.62937953682
2013-01-18 20:00:00,27363.3304228377
2013-01-18 21:00:00,26989.935041199093
2013-01-18 22:00:00,26350.548758652425
2013-01-18 23:00:00,25897.86016692505
2013-01-19 00:00:00,25595.537848220436
2013-01-19 01:00:00,25235.40321557317
2013-01-19 02:00:00,24918.23037521811
2013-01-19 03:00:00,24622.538431009165
2013-01-19 04:00:00,24269.03417285756
2013-01-19 05:00:00,23114.37766666354
2013-01-19 06:00:00,22896.38915988425
2013-01-19 07:00:00,22678.40065310496
2013-01-19 08:00:00,22237.38303770982
2013-01-19 09:00:00,22467.042520821335
2013-01-19 10:00:00,22055.72594872708
2013-01-19 11:00:00,22675.221107786747
2013-01-19 12:00:00,23367.379102439514
2013-01-19 13:00:00,22747.88394337984
2013-01-19 14:00:00,22979.13319915047
2013-01-19 15:00:00,22713.1422982424
2013-01-19 16:00:00,21300.71503829509
2013-01-19 17:00:00,20413.63920566825
2013-01-19 18:00:00,23530.87048252398
2013-01-19 19:00:00,24558.367026430078
2013-01-19 20:00:00,25063.827330263543
2013-01-19 21:00:00,25007.604788979992
2013-01-19 22:00:00,24843.97776696591
2013-01-19 23:00:00,24510.228990371677
2013-01-20 00:00:00,24326.846486800216
2013-01-20 01:00:00,23649.53901379789
2013-01-20 02:00:00,23173.779753265302
2013-01-20 03:00:00,22798.79459896759
2013-01-20 04:00:00,22445.290340815987
2013-01-20 05:00:00,21687.09988506579
2013-01-20 06:00:00,21548.404588375262
2013-01-20 07:00:00,21251.12287150721
2013-01-20 08:00:00,21032.126244360607
2013-01-20 09:00:00,21198.35115940111
2013-01-20 10:00:00,20755.317303271346
2013-01-20 11:00:00,21834.713080845842
2013-01-20 12:00:00,22217.627556152438
2013-01-20 13:00:00,22351.41789293602
2013-01-20 14:00:00,22297.2115923871
2013-01-20 15:00:00,21888.492913319256
2013-01-20 16:00:00,20864.60238280689
2013-01-20 17:00:00,20002.900377408452
2013-01-20 18:00:00,23174.051037124544
2013-01-20 19:00:00,23606.848505364913
2013-01-20 20:00:00,24033.01559910961
2013-01-20 21:00:00,24056.086267914823
2013-01-20 22:00:00,24003.469740025008
2013-01-20 23:00:00,23415.98269114674
2013-01-21 00:00:00,22978.861915291225
2013-01-21 01:00:00,22539.434072555196
2013-01-21 02:00:00,22142.968022111374
2013-01-21 03:00:00,21847.27607790243
2013-01-21 04:00:00,21493.771819750822
2013-01-21 05:00:00,20259.82210346804
2013-01-21 06:00:00,20135.39958459349
2013-01-21 07:00:00,19947.54249764793
2013-01-21 08:00:00,19720.616549492453
2013-01-21 09:00:00,19755.21473578561
2013-01-21 10:00:00,19634.111312616227
2013-01-21 11:00:00,20226.646780245715
2013-01-21 12:00:00,20858.541935231024
2013-01-21 13:00:00,21165.191470008114
2013-01-21 14:00:00,20985.701897518942
2013-01-21 15:00:00,20477.07377373926
2013-01-21 16:00:00,19232.748119180127
2013-01-21 17:00:00,18602.582287240883
2013-01-21 18:00:00,21579.4645822395
2013-01-21 19:00:00,22893.209614566036
2013-01-21 20:00:00,23557.256338577026
2013-01-21 21:00:00,23469.316513257974
2013-01-21 22:00:00,23297.76017023501
2013-01-21 23:00:00,22801.460312958818
2013-01-22 00:00:00,22455.526728705387
2013-01-22 01:00:00,21794.07789772081
2013-01-22 02:00:00,21318.31863718823
2013-01-22 03:00:00,20911.616198855012
2013-01-22 04:00:00,20621.54650877442
2013-01-22 05:00:00,19655.60784259166
2013-01-22 06:00:00,19122.032359659086
2013-01-22 07:00:00,18921.488359099327
2013-01-22 08:00:00,19078.341547773463
2013-01-22 09:00:00,19039.989980784958
2013-01-22 10:00:00,19269.36254620791
2013-01-22 11:00:00,19447.987457174055
2013-01-22 12:00:00,20119.52921720374
2013-01-22 13:00:00,20042.39961515122
2013-01-22 14:00:00,19682.12152365966
2013-01-22 15:00:00,19411.373030146275
2013-01-22 16:00:00,18688.796697971207
2013-01-22 17:00:00,17741.458025676904
2013-01-22 18:00:00,21267.049334489773
2013-01-22 19:00:00,22227.14664982042
2013-01-22 20:00:00,22542.303249440854
2013-01-22 21:00:00,22549.51527622831
2013-01-22 22:00:00,22615.83856347164
2013-01-22 23:00:00,22124.296298800775
2013-01-23 00:00:00,21783.12030715267
2013-01-23 01:00:00,20917.094994139083
2013-01-23 02:00:00,20292.264498639623
2013-01-23 03:00:00,20004.501875439553
2013-01-23 04:00:00,19560.603357786757
2013-01-23 05:00:00,18491.583518488602
2013-01-23 06:00:00,18625.656864503428
2013-01-23 07:00:00,18780.346445141327
2013-01-23 08:00:00,19060.897041553937
2013-01-23 09:00:00,19311.172759288533
2013-01-23 10:00:00,19473.93902823692
2013-01-23 11:00:00,20167.96980478003
2013-01-23 12:00:00,20880.74403405588
2013-01-23 13:00:00,20908.281469320522
2013-01-23 14:00:00,21185.52078694263
2013-01-23 15:00:00,20513.548650380093
2013-01-23 16:00:00,19318.384786075992
2013-01-23 17:00:00,18900.724757174634
2013-01-23 18:00:00,22194.77989252831
2013-01-23 19:00:00,23288.089800808084
2013-01-23 20:00:00,23723.772079763436
2013-01-23 21:00:00,23738.913427559768
2013-01-23 22:00:00,23527.71047949242
2013-01-23 23:00:00,23075.021887765055
2013-01-24 00:00:00,22772.69956906044
2013-01-24 01:00:00,21905.088391845085
2013-01-24 02:00:00,21508.622341401264
2013-01-24 03:00:00,20990.909408943775
2013-01-24 04:00:00,20523.22292826435
2013-01-24 05:00:00,19777.719386128356
2013-01-24 06:00:00,19973.64143601241
2013-01-24 07:00:00,20185.422127914222
2013-01-24 08:00:00,21133.621553274224
2013-01-24 09:00:00,21853.3130747343
2013-01-24 10:00:00,22610.778419348422
2013-01-24 11:00:00,23753.608764993933
2013-01-24 12:00:00,24033.442067185133
2013-01-24 13:00:00,23968.999378746805
2013-01-24 14:00:00,24279.541844606192
2013-01-24 15:00:00,23823.247239485096
2013-01-24 16:00:00,21941.404175812302
2013-01-24 17:00:00,20995.651367719773
2013-01-24 18:00:00,24482.38900358915
2013-01-24 19:00:00,25034.126286962666
2013-01-24 20:00:00,24984.53412017478
2013-01-24 21:00:00,25404.07083942381
2013-01-24 22:00:00,25288.01974346298
2013-01-24 23:00:00,24771.896583664606
2013-01-25 00:00:00,24406.13969688898
2013-01-25 01:00:00,23490.95259362036
2013-01-25 02:00:00,23094.486543176543
2013-01-25 03:00:00,22402.328548523776
2013-01-25 04:00:00,22365.997130727224
2013-01-25 05:00:00,21417.50297076399
2013-01-25 06:00:00,21469.1113782865
2013-01-25 07:00:00,21806.175342128554
2013-01-25 08:00:00,22316.67624779858
2013-01-25 09:00:00,23228.257337673473
2013-01-25 10:00:00,23784.317928662127
2013-01-25 11:00:00,24340.37851965079
2013-01-25 12:00:00,25111.829724392323
2013-01-25 13:00:00,25324.913271264668
2013-01-25 14:00:00,25397.576106857767
2013-01-25 15:00:00,24893.70557568341
2013-01-25 16:00:00,23838.097761135534
2013-01-25 17:00:00,22684.596742610443
2013-01-25 18:00:00,25651.963852398414
2013-01-25 19:00:00,26302.817648382883
2013-01-25 20:00:00,26570.39832195006
2013-01-25 21:00:00,26276.296150400216
2013-01-25 22:00:00,26191.962338474896
2013-01-25 23:00:00,25739.273746747524
2013-01-26 00:00:00,25436.951428042907
2013-01-26 01:00:00,24918.23037521811
2013-01-26 02:00:00,24283.884694508004
2013-01-26 03:00:00,23940.616824245793
2013-01-26 04:00:00,23872.568122413737
2013-01-26 05:00:00,22638.618406130954
2013-01-26 06:00:00,22579.216319529194
2013-01-26 07:00:00,22044.054972394846
2013-01-26 08:00:00,22189.80711165656
2013-01-26 09:00:00,22229.162890555042
2013-01-26 10:00:00,22452.191999170893
2013-01-26 11:00:00,23182.697652354836
2013-01-26 12:00:00,24033.442067185133
2013-01-26 13:00:00,22969.90493162838
2013-01-26 14:00:00,23486.609743718556
2013-01-26 15:00:00,22475.26266797611
2013-01-26 16:00:00,21935.060719005203
2013-01-26 17:00:00,20651.51883593454
2013-01-26 18:00:00,24284.15597836724
2013-01-26 19:00:00,25192.71270714019
2013-01-26 20:00:00,25460.293380707364
2013-01-26 21:00:00,25435.78812345932
2013-01-26 22:00:00,25636.909867853545
2013-01-26 23:00:00,24906.6950408155
2013-01-27 00:00:00,24326.846486800216
2013-01-27 01:00:00,23966.711854152945
2013-01-27 02:00:00,23459.23530958486
2013-01-27 03:00:00,23036.674229233882
2013-01-27 04:00:00,22921.04960134857
2013-01-27 05:00:00,22321.445565775906
2013-01-27 06:00:00,21992.44656487234
2013-01-27 07:00:00,22281.93460266114
2013-01-27 08:00:00,22792.435508331168
2013-01-27 09:00:00,23148.96412758471
2013-01-27 10:00:00,23245.124100058536
2013-01-27 11:00:00,24229.368025526517
2013-01-27 12:00:00,24318.89762350468
2013-01-27 13:00:00,24413.041355243884
2013-01-27 14:00:00,24921.816846325186
2013-01-27 15:00:00,24457.59292019521
2013-01-27 16:00:00,24155.270601490593
2013-01-27 17:00:00,22871.72871841993
2013-01-27 18:00:00,26107.899810408806
2013-01-27 19:00:00,26699.283698826704
2013-01-27 20:00:00,26728.984742127588
2013-01-27 21:00:00,26593.46899075527
2013-01-27 22:00:00,26509.135178829947
2013-01-27 23:00:00,26096.093192146956
2013-01-28 00:00:00,25833.41747848673
2013-01-28 01:00:00,25235.40321557317
2013-01-28 02:00:00,24680.35074495182
2013-01-28 03:00:00,24463.95201083164
2013-01-28 04:00:00,24189.740962768796
2013-01-28 05:00:00,23146.094950699047
2013-01-28 06:00:00,23134.26879015054
2013-01-28 07:00:00,23471.332753992596
2013-01-28 08:00:00,24061.126869751388
2013-01-28 09:00:00,24766.54561339549
2013-01-28 10:00:00,24910.281511922574
2013-01-28 11:00:00,25529.77667098225
2013-01-28 12:00:00,25984.05503536872
2013-01-28 13:00:00,25998.905557019163
2013-01-28 14:00:00,25992.275182523495
2013-01-28 15:00:00,25884.870701792956
2013-01-28 16:00:00,24868.909492289466
2013-01-28 17:00:00,23823.247239485096
2013-01-28 18:00:00,26781.892096163298
2013-01-28 19:00:00,27412.922589625585
2013-01-28 20:00:00,27442.62363292646
2013-01-28 21:00:00,27148.521461376622
2013-01-28 22:00:00,26945.247834318154
2013-01-28 23:00:00,26274.50291484668
2013-01-29 00:00:00,25754.124268397965
2013-01-29 01:00:00,24759.64395504058
2013-01-29 02:00:00,24363.177904596767
2013-01-29 03:00:00,23908.89954021029
2013-01-29 04:00:00,23713.98170223621
2013-01-29 05:00:00,23431.550507018597
2013-01-29 06:00:00,23213.5620002393
2013-01-29 07:00:00,23629.919174170125
2013-01-29 08:00:00,24219.713289928917
2013-01-29 09:00:00,25004.425243661783
2013-01-29 10:00:00,25227.454352277633
2013-01-29 11:00:00,25767.656301248542
2013-01-29 12:00:00,26206.07602361726
2013-01-29 13:00:00,26395.37160746298
2013-01-29 14:00:00,26150.861602701025
2013-01-29 15:00:00,25726.284281615426
2013-01-29 16:00:00,24710.323072111936
2013-01-29 17:00:00,23823.247239485096
2013-01-29 18:00:00,26900.83191129645
2013-01-29 19:00:00,27175.04295935929
2013-01-29 20:00:00,27125.45079257141
2013-01-29 21:00:00,26672.762200844038
2013-01-29 22:00:00,26509.135178829947
2013-01-29 23:00:00,25937.50677196943
2013-01-30 00:00:00,25516.244638131673
2013-01-30 01:00:00,24918.23037521811
2013-01-30 02:00:00,24521.764324774293
2013-01-30 03:00:00,23988.19275029905
2013-01-30 04:00:00,23555.395282058682
2013-01-30 05:00:00,22876.498036397246
2013-01-30 06:00:00,23054.97558006178
2013-01-30 07:00:00,23074.866703548778
2013-01-30 08:00:00,23664.660819307566
2013-01-30 09:00:00,24449.37277304043
2013-01-30 10:00:00,24751.695091745045
2013-01-30 11:00:00,25323.614324751463
2013-01-30 12:00:00,25508.295774836144
2013-01-30 13:00:00,25364.55987630905
2013-01-30 14:00:00,25357.92950181339
2013-01-30 15:00:00,25091.93860090532
2013-01-30 16:00:00,24551.73665193441
2013-01-30 17:00:00,23664.660819307566
2013-01-30 18:00:00,26718.45752809229
2013-01-30 19:00:00,27016.456539181763
2013-01-30 20:00:00,27125.45079257141
2013-01-30 21:00:00,26672.762200844038
2013-01-30 22:00:00,26667.721599007476
2013-01-30 23:00:00,26016.799982058194
2013-01-31 00:00:00,25516.244638131673
2013-01-31 01:00:00,24918.23037521811
2013-01-31 02:00:00,24442.471114685533
2013-01-31 03:00:00,23829.60633012152
2013-01-31 04:00:00,23555.395282058682
2013-01-31 05:00:00,22717.91161621972
2013-01-31 06:00:00,23054.97558006178
2013-01-31 07:00:00,23273.09972877069
2013-01-31 08:00:00,23981.83365966262
2013-01-31 09:00:00,24607.95919321796
2013-01-31 10:00:00,24989.574722011337
2013-01-31 11:00:00,25371.19025080472
2013-01-31 12:00:00,25666.882195013673
2013-01-31 13:00:00,25443.853086397816
2013-01-31 14:00:00,25754.395552257207
2013-01-31 15:00:00,25171.231810994082
2013-01-31 16:00:00,24393.150231756885
2013-01-31 17:00:00,24140.42007984015
2013-01-31 18:00:00,26147.54641545319
2013-01-31 19:00:00,26334.534932418388
2013-01-31 20:00:00,26411.81190177253
2013-01-31 21:00:00,26276.296150400216
2013-01-31 22:00:00,26112.66912838613
2013-01-31 23:00:00,25168.362634108424
2013-02-01 00:00:00,24374.42241285347
2013-02-01 01:00:00,23649.53901379789
2013-02-01 02:00:00,22935.900122999014
2013-02-01 03:00:00,22560.9149687013
2013-02-01 04:00:00,22048.824290372166
2013-02-01 05:00:00,21338.209760675232
2013-02-01 06:00:00,21278.80767407346
2013-02-01 07:00:00,20854.65682106339
2013-02-01 08:00:00,21761.623777177232
2013-02-01 09:00:00,21896.131408182235
2013-02-01 10:00:00,21944.715454602803
2013-02-01 11:00:00,22595.92789769798
2013-02-01 12:00:00,22653.74021164064
2013-02-01 13:00:00,21637.77900213715
2013-02-01 14:00:00,21264.813997031393
2013-02-01 15:00:00,20461.215131721507
2013-02-01 16:00:00,19913.08386174172
2013-02-01 17:00:00,19722.202413694227
2013-02-01 18:00:00,21605.631341568795
2013-02-01 19:00:00,21507.164302214438
2013-02-01 20:00:00,21752.542876956766
2013-02-01 21:00:00,21318.884655650694
2013-02-01 22:00:00,20581.17479259396
2013-02-01 23:00:00,20463.10354744117
2013-02-02 00:00:00,20495.39857531114
2013-02-02 01:00:00,19642.06017591176
2013-02-02 02:00:00,18681.026469635937
2013-02-02 03:00:00,18126.83866053762
2013-02-02 04:00:00,17651.22285884932
2013-02-02 05:00:00,17165.801045804474
2013-02-02 06:00:00,16908.1659339808
2013-02-02 07:00:00,17180.20946555007
2013-02-02 08:00:00,17260.941172538995
2013-02-02 09:00:00,17554.035223721523
2013-02-02 10:00:00,17704.11457905571
2013-02-02 11:00:00,18398.14535559882
2013-02-02 12:00:00,19413.819647413744
2013-02-02 13:00:00,18539.000351868253
2013-02-02 14:00:00,17985.246827760115
2013-02-02 15:00:00,17490.89148179641
2013-02-02 16:00:00,17426.448793358086
2013-02-02 17:00:00,17260.941172538995
2013-02-02 18:00:00,20383.722974100943
2013-02-02 19:00:00,20904.535905539837
2013-02-02 20:00:00,20886.66102278746
2013-02-02 21:00:00,20671.852061326383
2013-02-02 22:00:00,20319.507199301035
2013-02-02 23:00:00,19740.742403532535
2013-02-03 00:00:00,19312.343880786782
2013-02-03 01:00:00,18563.672518704567
2013-02-03 02:00:00,18045.094924724053
2013-02-03 03:00:00,17696.276529755636
2013-02-03 04:00:00,17368.93903093332
2013-02-03 05:00:00,16523.526044085487
2013-02-03 06:00:00,17136.53037903644
2013-02-03 07:00:00,17806.625825251307
2013-02-03 08:00:00,18862.664016332026
2013-02-03 09:00:00,19490.375414089136
2013-02-03 10:00:00,19840.273658847014
2013-02-03 11:00:00,20754.739559436883
2013-02-03 12:00:00,21400.907492238166
2013-02-03 13:00:00,20732.250542923466
2013-02-03 14:00:00,20405.275599669192
2013-02-03 15:00:00,19966.42550076762
2013-02-03 16:00:00,20006.649849646466
2013-02-03 17:00:00,19717.444821088902
2013-02-03 18:00:00,22834.676097944637
2013-02-03 19:00:00,23028.008071716937
2013-02-03 20:00:00,23192.507572168717
2013-02-03 21:00:00,22993.557252725386
2013-02-03 22:00:00,22449.322822285234
2013-02-03 23:00:00,21782.542563318202
2013-02-04 00:00:00,21266.12857737393
2013-02-04 01:00:00,20636.39703042486
2013-02-04 02:00:00,20065.485917785758
2013-02-04 03:00:00,18380.57693282167
2013-02-04 04:00:00,19035.68230699914
2013-02-04 05:00:00,18721.53382774602
2013-02-04 06:00:00,18820.718161321787
2013-02-04 07:00:00,19482.884286527773
2013-02-04 08:00:00,21000.408960325105
2013-02-04 09:00:00,21134.916591330104
2013-02-04 10:00:00,21595.825330212243
2013-02-04 11:00:00,22548.351971644723
2013-02-04 12:00:00,22986.771694013445
2013-02-04 13:00:00,22668.59073329108
2013-02-04 14:00:00,22566.808506688896
2013-02-04 15:00:00,21412.733652786676
2013-02-04 16:00:00,20127.175528981385
2013-02-04 17:00:00,18911.82580658706
2013-02-04 18:00:00,22476.270788343423
2013-02-04 19:00:00,23051.796034743566
2013-02-04 20:00:00,22907.052015849167
2013-02-04 21:00:00,22533.656634210558
2013-02-04 22:00:00,22385.888254214227
2013-02-04 23:00:00,21869.765094415845
2013-02-05 00:00:00,21504.008207640218
2013-02-05 01:00:00,20842.55937665565
2013-02-05 02:00:00,20160.637769892273
2013-02-05 03:00:00,19864.94582568333
2013-02-05 04:00:00,19670.02798770925
2013-02-05 05:00:00,18769.10975379928
2013-02-05 06:00:00,18535.262605002234
2013-02-05 07:00:00,18555.153728489237
2013-02-05 08:00:00,18682.668429430534
2013-02-05 09:00:00,18767.22133807961
2013-02-05 10:00:00,18863.38131055344
2013-02-05 11:00:00,19089.58214757284
2013-02-05 12:00:00,19250.47563463089
2013-02-05 13:00:00,19503.205786547627
2013-02-05 14:00:00,19326.887942462
2013-02-05 15:00:00,17773.17530971241
2013-02-05 16:00:00,16062.605579831348
2013-02-05 17:00:00,15920.885922038884
2013-02-05 18:00:00,20074.479454754764
2013-02-05 19:00:00,20692.03010250195
2013-02-05 20:00:00,21272.026023818853
2013-02-05 21:00:00,20993.782494286766
2013-02-05 22:00:00,20952.267015809375
2013-02-05 23:00:00,20463.89647954206
2013-02-06 00:00:00,20125.8922162975
2013-02-06 01:00:00,19328.059063960252
2013-02-06 02:00:00,18820.582519392163
2013-02-06 03:00:00,18528.062303586765
2013-02-06 04:00:00,18033.416131477163
2013-02-06 05:00:00,17408.438268676087
2013-02-06 06:00:00,17648.764516209856
2013-02-06 07:00:00,18019.131628289193
2013-02-06 08:00:00,18664.430991110115
2013-02-06 09:00:00,18993.999918933478
2013-02-06 10:00:00,19388.30236134106
2013-02-06 11:00:00,20134.66665654275
2013-02-06 12:00:00,20755.460762115632
2013-02-06 13:00:00,21012.948506637687
2013-02-06 14:00:00,20877.86313179822
2013-02-06 15:00:00,20361.305687009663
2013-02-06 16:00:00,19505.516761885476
2013-02-06 17:00:00,18385.318891597668
2013-02-06 18:00:00,22201.916281436297
2013-02-06 19:00:00,22701.320046151228
2013-02-06 20:00:00,22865.81954660301
2013-02-06 21:00:00,22831.799104144317
2013-02-06 22:00:00,22623.76788448052
2013-02-06 23:00:00,22131.432687708766
2013-02-07 00:00:00,21789.463763959768
2013-02-07 01:00:00,21191.449501046205
2013-02-07 02:00:00,20636.39703042486
2013-02-07 03:00:00,20261.411876127146
2013-02-07 04:00:00,20225.080458330594
2013-02-07 05:00:00,19466.8900025804
2013-02-07 06:00:00,19677.084830280433
2013-02-07 07:00:00,20014.14879412249
2013-02-07 08:00:00,20572.225625845775
2013-02-07 09:00:00,21309.361653525382
2013-02-07 10:00:00,21817.846318460786
2013-02-07 11:00:00,22278.75505734293
2013-02-07 12:00:00,22653.74021164064
2013-02-07 13:00:00,22652.732091273327
2013-02-07 14:00:00,22804.68813695519
2013-02-07 15:00:00,22237.38303770982
2013-02-07 16:00:00,21189.704544170825
2013-02-07 17:00:00,20112.325007330946
2013-02-07 18:00:00,23681.527581692633
2013-02-07 19:00:00,24050.890481861992
2013-02-07 20:00:00,24017.156957091862
2013-02-07 21:00:00,23738.913427559768
2013-02-07 22:00:00,23559.427763527936
2013-02-07 23:00:00,23114.668492809433
2013-02-08 00:00:00,22820.275495113696
2013-02-08 01:00:00,22063.674812022615
2013-02-08 02:00:00,21508.622341401264
2013-02-08 03:00:00,21292.223607281077
2013-02-08 04:00:00,20780.13292895195
2013-02-08 05:00:00,19942.649263112984
2013-02-08 06:00:00,19962.540386599983
2013-02-08 07:00:00,20378.897560530808
2013-02-08 08:00:00,20810.10525611207
2013-02-08 09:00:00,21515.523999756166
2013-02-08 10:00:00,21579.96668819449
2013-02-08 11:00:00,22833.807527964273
2013-02-08 12:00:00,22812.326631818167
2013-02-08 13:00:00,22827.17715346861
2013-02-08 14:00:00,22931.557273097213
2013-02-08 15:00:00,22602.13180411813
2013-02-08 16:00:00,21380.008248383856
2013-02-08 17:00:00,20492.93241575701
2013-02-08 18:00:00,23594.305050594987
2013-02-08 19:00:00,23702.00035747143
2013-02-08 20:00:00,24207.460661304893
2013-02-08 21:00:00,23659.620217471
2013-02-08 22:00:00,23495.99319545692
2013-02-08 23:00:00,22964.011393640783
2013-02-09 00:00:00,22582.39586484741
2013-02-09 01:00:00,22349.130368342157
2013-02-09 02:00:00,21429.3291313125
2013-02-09 03:00:00,21006.768050961524
2013-02-09 04:00:00,20589.829224738914
2013-02-09 05:00:00,19546.183212669166
2013-02-09 06:00:00,19011.021865534818
2013-02-09 07:00:00,19237.075335252608
2013-02-09 08:00:00,19144.947844248025
2013-02-09 09:00:00,19247.738191217522
2013-02-09 10:00:00,19264.604953602586
2013-02-09 11:00:00,20137.838384946303
2013-02-09 12:00:00,21178.88650398963
2013-02-09 13:00:00,20072.53103498495
2013-02-09 14:00:00,20156.294919990472
2013-02-09 15:00:00,19763.434882940383
2013-02-09 16:00:00,18937.777377649927
2013-02-09 17:00:00,18424.96549664205
2013-02-09 18:00:00,22357.33097321027
2013-02-09 19:00:00,22972.5028246548
2013-02-09 20:00:00,23366.952634363995
2013-02-09 21:00:00,22993.557252725386
2013-02-09 22:00:00,22798.212946675798
2013-02-09 23:00:00,22297.948428895168
2013-02-10 00:00:00,21948.050184137297
2013-02-10 01:00:00,21270.74271113497
2013-02-10 02:00:00,20890.135302708906
2013-02-10 03:00:00,19944.239035772094
2013-02-10 04:00:00,20161.645890259588
2013-02-10 05:00:00,19276.58629836737
2013-02-10 06:00:00,19566.074336156165
2013-02-10 07:00:00,19665.25866973193
2013-02-10 08:00:00,20492.93241575701
2013-02-10 09:00:00,20841.531714001674
2013-02-10 10:00:00,21500.673478105728
2013-02-10 11:00:00,21993.29950102337
2013-02-10 12:00:00,22455.50718641873
2013-02-10 13:00:00,22589.297523202316
2013-02-10 14:00:00,22614.384432742154
2013-02-10 15:00:00,22110.513901567792
2013-02-10 16:00:00,21380.008248383856
2013-02-10 17:00:00,20810.10525611207
2013-02-10 18:00:00,23990.77110103881
2013-02-10 19:00:00,24558.367026430078
2013-02-10 20:00:00,24556.350785695457
2013-02-10 21:00:00,24182.955404056847
2013-02-10 22:00:00,23876.600603882984
2013-02-10 23:00:00,23415.98269114674
2013-02-11 00:00:00,23105.731051433253
2013-02-11 01:00:00,22491.858146501938
2013-02-11 02:00:00,22031.95752798711
2013-02-11 03:00:00,21514.244595529617
2013-02-11 04:00:00,21033.87120123599
2013-02-11 05:00:00,20465.984449698823
2013-02-11 06:00:00,20517.59285722133
2013-02-11 07:00:00,20854.65682106339
2013-02-11 08:00:00,21444.450936822177
2013-02-11 09:00:00,22102.293754413018
2013-02-11 10:00:00,22357.040147064377
2013-02-11 11:00:00,23039.969874195056
2013-02-11 12:00:00,23129.499472173226
2013-02-11 13:00:00,22668.59073329108
2013-02-11 14:00:00,22820.54677897294
2013-02-11 15:00:00,22364.25217385184
2013-02-11 16:00:00,21586.17059461464
2013-02-11 17:00:00,21325.511121689033
2013-02-11 18:00:00,24502.212306111334
2013-02-11 19:00:00,25232.359312184573
2013-02-11 20:00:00,25143.12054035231
2013-02-11 21:00:00,24769.725158713703
2013-02-11 22:00:00,24368.218506433324
2013-02-11 23:00:00,23772.80213654618
2013-02-12 00:00:00,23327.75203968179
2013-02-12 01:00:00,23094.486543176543
2013-02-12 02:00:00,22571.1513565907
2013-02-12 03:00:00,22164.448918257483
2013-02-12 04:00:00,21573.065029839585
2013-02-12 05:00:00,20814.874574089386
2013-02-12 06:00:00,20834.76569757639
2013-02-12 07:00:00,21251.12287150721
2013-02-12 08:00:00,21809.199703230493
2013-02-12 09:00:00,22625.628940998864
2013-02-12 10:00:00,23086.537679881007
2013-02-12 11:00:00,23484.01185069214
2013-02-12 12:00:00,23922.43157306086
2013-02-12 13:00:00,23651.826538391753
2013-02-12 14:00:00,23772.065300038106
2013-02-12 15:00:00,23030.31513859746
2013-02-12 16:00:00,21617.88787865015
2013-02-12 17:00:00,21476.168220857682
2013-02-12 18:00:00,25021.58283219274
2013-02-12 19:00:00,25351.299127317718
2013-02-12 20:00:00,24984.53412017478
2013-02-12 21:00:00,24690.43194862494
2013-02-12 22:00:00,24368.218506433324
2013-02-12 23:00:00,23796.590099572804
2013-02-13 00:00:00,23375.327965735047
2013-02-13 01:00:00,22698.02049273272
2013-02-13 02:00:00,22222.261232200144
2013-02-13 03:00:00,21863.134719920177
2013-02-13 04:00:00,21533.418424795207
2013-02-13 05:00:00,21052.75420435568
2013-02-13 06:00:00,21183.65582196695
2013-02-13 07:00:00,21203.546945453953
2013-02-13 08:00:00,22015.36204946128
2013-02-13 09:00:00,22863.508571265156
2013-02-13 10:00:00,23641.590150502354
2013-02-13 11:00:00,24023.20567929573
2013-02-13 12:00:00,24398.190833593442
2013-02-13 13:00:00,24413.041355243884
2013-02-13 14:00:00,24564.99740092575
2013-02-13 15:00:00,23981.83365966262
2013-02-13 16:00:00,23600.21813086924
2013-02-13 17:00:00,22871.72871841993
2013-02-13 18:00:00,25790.726970053747
2013-02-13 19:00:00,26144.231228205357
2013-02-13 20:00:00,26094.639061417474
2013-02-13 21:00:00,25800.53688986763
2013-02-13 22:00:00,25557.616657764782
2013-02-13 23:00:00,24827.401830726736
2013-02-14 00:00:00,24247.55327671145
2013-02-14 01:00:00,23887.418644064182
2013-02-14 02:00:00,23570.245803709124
2013-02-14 03:00:00,23036.674229233882
2013-02-14 04:00:00,22762.463181171042
2013-02-14 05:00:00,22004.272725420848
2013-02-14 06:00:00,22262.043479174135
2013-02-14 07:00:00,22440.521022838668
2013-02-14 08:00:00,22951.021928508693
2013-02-14 09:00:00,23735.73388224156
2013-02-14 10:00:00,24149.066695070444
2013-02-14 11:00:00,24895.430990272136
2013-02-14 12:00:00,25032.536514303556
2013-02-14 13:00:00,25047.387035953998
2013-02-14 14:00:00,25278.636291724622
2013-02-14 15:00:00,24774.76576055026
2013-02-14 16:00:00,24551.73665193441
2013-02-14 17:00:00,23902.54044957386
2013-02-14 18:00:00,26742.24549111892
2013-02-14 19:00:00,26382.110858471646
2013-02-14 20:00:00,26649.69153203882
2013-02-14 21:00:00,26355.58936048898
2013-02-14 22:00:00,25954.082708208603
2013-02-14 23:00:00,25382.454301348087
2013-02-15 00:00:00,24961.192167510326
2013-02-15 01:00:00,24680.35074495182
2013-02-15 02:00:00,24442.471114685533
2013-02-15 03:00:00,23591.72669985523
2013-02-15 04:00:00,23238.222441703623
2013-02-15 05:00:00,22400.738775864666
2013-02-15 06:00:00,22420.629899351665
2013-02-15 07:00:00,22836.98707328249
2013-02-15 08:00:00,23466.42779408566
2013-02-15 09:00:00,23894.320302419084
2013-02-15 10:00:00,24355.229041301223
2013-02-15 11:00:00,25054.017410449662
2013-02-15 12:00:00,25349.709354658615
2013-02-15 13:00:00,25602.439506575345
2013-02-15 14:00:00,25833.688762345966
2013-02-15 15:00:00,25409.11144126038
2013-02-15 16:00:00,24742.040356147445
2013-02-15 17:00:00,23585.367609218803
2013-02-15 18:00:00,26385.426045719483
2013-02-15 19:00:00,26461.404068560412
2013-02-15 20:00:00,26776.560668180846
2013-02-15 21:00:00,26514.17578066651
2013-02-15 22:00:00,25954.082708208603
2013-02-15 23:00:00,25303.16109125932
2013-02-16 00:00:00,24802.605747332796
2013-02-16 01:00:00,24125.298274330475
2013-02-16 02:00:00,23649.53901379789
2013-02-16 03:00:00,23353.84706958894
2013-02-16 04:00:00,22921.04960134857
2013-02-16 05:00:00,21718.817169101298
2013-02-16 06:00:00,20232.13730090178
2013-02-16 07:00:00,20791.222252992382
2013-02-16 08:00:00,20746.670688041057
2013-02-16 09:00:00,20422.863564733
2013-02-16 10:00:00,20623.690574523996
2013-02-16 11:00:00,21684.0559816772
2013-02-16 12:00:00,22415.860581374345
2013-02-16 13:00:00,21320.606161782092
2013-02-16 14:00:00,21248.95535501364
2013-02-16 15:00:00,20684.82198417182
2013-02-16 16:00:00,20135.10484999026
2013-02-16 17:00:00,19362.211239891236
2013-02-16 18:00:00,23055.111221991396
2013-02-16 19:00:00,23606.848505364913
2013-02-16 20:00:00,23914.07578397647
2013-02-16 21:00:00,23849.923921684036
2013-02-16 22:00:00,23654.579615634448
2013-02-16 23:00:00,23082.95120877393
2013-02-17 00:00:00,22661.689074936174
2013-02-17 01:00:00,21825.795181756323
2013-02-17 02:00:00,21270.74271113497
2013-02-17 03:00:00,20657.877926570967
2013-02-17 04:00:00,20304.373668419365
2013-02-17 05:00:00,19466.8900025804
2013-02-17 06:00:00,19883.247176511224
2013-02-17 07:00:00,20172.73521430002
2013-02-17 08:00:00,20556.366983828026
2013-02-17 09:00:00,20881.178319046056
2013-02-17 10:00:00,21104.207427661906
2013-02-17 11:00:00,21723.702586721578
2013-02-17 12:00:00,22257.27416119682
2013-02-17 13:00:00,22129.39690468748
2013-02-17 14:00:00,21758.017763783504
2013-02-17 15:00:00,20699.094761987795
2013-02-17 16:00:00,20507.782937407454
2013-02-17 17:00:00,20255.05278549072
2013-02-17 18:00:00,23887.689927923417
2013-02-17 19:00:00,24320.487396163786
2013-02-17 20:00:00,24445.340291571185
2013-02-17 21:00:00,23786.48935361303
2013-02-17 22:00:00,23416.699985368155
2013-02-17 23:00:00,22924.364788596406
2013-02-18 00:00:00,22582.39586484741
2013-02-18 01:00:00,21508.622341401264
2013-02-18 02:00:00,20985.287154815418
2013-02-18 03:00:00,20610.302000517706
2013-02-18 04:00:00,19907.907617975543
2013-02-18 05:00:00,19419.314076527142
2013-02-18 06:00:00,19724.660756333695
2013-02-18 07:00:00,20299.60435044204
2013-02-18 08:00:00,21127.27809646712
2013-02-18 09:00:00,21515.523999756166
2013-02-18 10:00:00,22055.72594872708
2013-02-18 11:00:00,22564.21061366248
2013-02-18 12:00:00,22891.619841906933
2013-02-18 13:00:00,22890.61172153962
2013-02-18 14:00:00,22820.54677897294
2013-02-18 15:00:00,22110.513901567792
2013-02-18 16:00:00,21776.474298827678
2013-02-18 17:00:00,21460.309578839933
2013-02-18 18:00:00,24577.54085569566
2013-02-18 19:00:00,24875.539866785137
2013-02-18 20:00:00,24714.937205872986
2013-02-18 21:00:00,24135.37947800359
2013-02-18 22:00:00,23813.166035811977
2013-02-18 23:00:00,23082.95120877393
2013-02-19 00:00:00,22503.102654758648
2013-02-19 01:00:00,21746.501971667556
2013-02-19 02:00:00,21270.74271113497
2013-02-19 03:00:00,20737.17113665973
2013-02-19 04:00:00,20145.787248241835
2013-02-19 05:00:00,19625.47642275793
2013-02-19 06:00:00,19645.36754624493
2013-02-19 07:00:00,19776.269163856203
2013-02-19 08:00:00,20524.649699792517
2013-02-19 09:00:00,20564.005478691
2013-02-19 10:00:00,21246.935205821683
2013-02-19 11:00:00,21882.289006899107
2013-02-19 12:00:00,22035.25317294828
2013-02-19 13:00:00,21336.464803799845
2013-02-19 14:00:00,21393.268997375188
2013-02-19 15:00:00,20825.96389812982
2013-02-19 16:00:00,20317.47923319442
2013-02-19 17:00:00,20175.759575401957
2013-02-19 18:00:00,23150.263074097915
2013-02-19 19:00:00,23051.796034743566
2013-02-19 20:00:00,23477.963128488267
2013-02-19 21:00:00,22597.091202281572
2013-02-19 22:00:00,21941.846277717148
2013-02-19 23:00:00,21219.56077168798
2013-02-20 00:00:00,20647.641538681564
2013-02-20 01:00:00,19954.475423661486
2013-02-20 02:00:00,19446.998879093397
2013-02-20 03:00:00,18992.72051470692
2013-02-20 04:00:00,18877.09588682161
2013-02-20 05:00:00,18436.07827142647
2013-02-20 06:00:00,18789.00087728628
2013-02-20 07:00:00,19287.822989709417
2013-02-20 08:00:00,20096.46636531319
2013-02-20 09:00:00,20778.09714593066
2013-02-20 10:00:00,20774.34767369265
2013-02-20 11:00:00,21438.247030402028
2013-02-20 12:00:00,22019.394530930524
2013-02-20 13:00:00,21986.66912652771
2013-02-20 14:00:00,22106.907888174068
2013-02-20 15:00:00,21951.927481390263
2013-02-20 16:00:00,21411.72553241936
2013-02-20 17:00:00,20857.681182165325
2013-02-20 18:00:00,24046.276348100942
2013-02-20 19:00:00,24185.688939012885
2013-02-20 20:00:00,24175.74337726939
2013-02-20 21:00:00,23516.892439311232
2013-02-20 22:00:00,22988.516650888832
2013-02-20 23:00:00,21520.87497002528
2013-02-21 00:00:00,20203.59956218449
2013-02-21 01:00:00,19399.42295304014
2013-02-21 02:00:00,19954.475423661486
2013-02-21 03:00:00,19690.500763488046
2013-02-21 04:00:00,19308.450949704486
2013-02-21 05:00:00,18835.71605027384
2013-02-21 06:00:00,18909.5265566212
2013-02-21 07:00:00,19278.307804498763
2013-02-21 08:00:00,19581.060499736228
2013-02-21 09:00:00,20346.74208304779
2013-02-21 10:00:00,20850.469155377865
2013-02-21 11:00:00,21517.540240490795
2013-02-21 12:00:00,21789.44422167311
2013-02-21 13:00:00,21701.213570208158
2013-02-21 14:00:00,21472.56220746395
2013-02-21 15:00:00,21246.21791160027
2013-02-21 16:00:00,20737.73324666487
2013-02-21 17:00:00,20895.741923007932
2013-02-21 18:00:00,23511.84011210268
2013-02-21 19:00:00,23606.848505364913
2013-02-21 20:00:00,23398.669918399504
2013-02-21 21:00:00,22866.68811658337
2013-02-21 22:00:00,22623.76788448052
2013-02-21 23:00:00,21869.765094415845
2013-02-22 00:00:00,21266.12857737393
2013-02-22 01:00:00,20588.821104371596
2013-02-22 02:00:00,19922.758139625985
2013-02-22 03:00:00,19389.186565150743
2013-02-22 04:00:00,18718.509466644082
2013-02-22 05:00:00,18436.07827142647
2013-02-22 06:00:00,18693.849025179763
2013-02-22 07:00:00,18531.365765462608
2013-02-22 08:00:00,19604.848462762857
2013-02-22 09:00:00,20169.125292448956
2013-02-22 10:00:00,20747.38798226247
2013-02-22 11:00:00,21095.700362818563
2013-02-22 12:00:00,21288.31113391212
2013-02-22 13:00:00,20794.0992467927
2013-02-22 14:00:00,20941.297699869236
2013-02-22 15:00:00,20167.83025439308
2013-02-22 16:00:00,19667.274910466556
2013-02-22 17:00:00,19771.364203949262
2013-02-22 18:00:00,22722.079739618588
2013-02-22 19:00:00,22587.137823623405
2013-02-22 20:00:00,22421.777570105933
2013-02-22 21:00:00,21705.835520883866
2013-02-22 22:00:00,21369.349300876267
2013-02-22 23:00:00,20509.886541393542
2013-02-23 00:00:00,19800.790054933568
2013-02-23 01:00:00,19293.170051521196
2013-02-23 02:00:00,19023.573137219402
2013-02-23 03:00:00,18431.324587278476
2013-02-23 04:00:00,17855.799340878333
2013-02-23 05:00:00,17528.96394801101
2013-02-23 06:00:00,17337.9351326619
2013-02-23 07:00:00,17516.41267632643
2013-02-23 08:00:00,17603.487840122456
2013-02-23 09:00:00,17850.5918294535
2013-02-23 10:00:00,18217.9345804309
2013-02-23 11:00:00,19037.248628914258
2013-02-23 12:00:00,20149.660637037472
2013-02-23 13:00:00,19693.509490760654
2013-02-23 14:00:00,19645.64664701883
2013-02-23 15:00:00,19246.443153161643
2013-02-23 16:00:00,18235.23953626348
2013-02-23 17:00:00,17992.0245695574
2013-02-23 18:00:00,21642.10621820962
2013-02-23 19:00:00,22005.12566157188
2013-02-23 20:00:00,22042.756025881637
2013-02-23 21:00:00,21915.1695955182
2013-02-23 22:00:00,21846.69442561063
2013-02-23 23:00:00,21108.550277563707
2013-02-24 00:00:00,20520.772402539547
2013-02-24 01:00:00,20160.637769892273
2013-02-24 02:00:00,19558.00937321767
2013-02-24 03:00:00,19341.610639097486
2013-02-24 04:00:00,18797.80267673285
2013-02-24 05:00:00,18198.19864116018
2013-02-24 06:00:00,18582.838531055495
2013-02-24 07:00:00,18721.66946967564
2013-02-24 08:00:00,19406.615437540946
2013-02-24 09:00:00,19905.87183495426
2013-02-24 10:00:00,20484.134524767775
2013-02-24 11:00:00,21184.508758117983
2013-02-24 12:00:00,21852.878789744125
2013-02-24 13:00:00,21851.87066937681
2013-02-24 14:00:00,22154.483814227326
2013-02-24 15:00:00,21698.189209106222
2013-02-24 16:00:00,21126.26997609981
2013-02-24 17:00:00,20730.812046023304
2013-02-24 18:00:00,24363.449188456
2013-02-24 19:00:00,24399.78060625255
2013-02-24 20:00:00,24302.61251341141
2013-02-24 21:00:00,23881.64120571955
2013-02-24 22:00:00,23004.375292906585
2013-02-24 23:00:00,21956.987625513488
2013-02-25 00:00:00,21059.966231143142
2013-02-25 01:00:00,20985.287154815418
2013-02-25 02:00:00,20446.093326211827
2013-02-25 03:00:00,19833.22854164782
2013-02-25 04:00:00,19511.44156753172
2013-02-25 05:00:00,18927.69617397681
2013-02-25 06:00:00,18965.031803683334
2013-02-25 07:00:00,19625.61206468755
2013-02-25 08:00:00,20350.20463759724
2013-02-25 09:00:00,20722.591898868526
2013-02-25 10:00:00,21024.914217573143
2013-02-25 11:00:00,21533.398882508543
2013-02-25 12:00:00,22035.25317294828
2013-02-25 13:00:00,21954.951842492203
2013-02-25 14:00:00,21758.017763783504
2013-02-25 15:00:00,21047.984886378355
2013-02-25 16:00:00,20396.772443283186
2013-02-25 17:00:00,20096.46636531319
2013-02-25 18:00:00,23292.990852257688
2013-02-25 19:00:00,22972.5028246548
2013-02-25 20:00:00,22843.617447778153
2013-02-25 21:00:00,22628.808486317073
2013-02-25 22:00:00,21957.704919734904
2013-02-25 23:00:00,21267.136697741236
2013-02-26 00:00:00,20726.93474877033
2013-02-26 01:00:00,19795.889003483957
2013-02-26 02:00:00,19224.97789084486
2013-02-26 03:00:00,18945.144588653664
2013-02-26 04:00:00,18639.21625655532
2013-02-26 05:00:00,17801.732590716358
2013-02-26 06:00:00,17805.765072185608
2013-02-26 07:00:00,18142.829036027666
2013-02-26 08:00:00,18621.612657662183
2013-02-26 09:00:00,19009.85856095123
2013-02-26 10:00:00,19494.55526286
2013-02-26 11:00:00,20121.979742928546
2013-02-26 12:00:00,20988.582799776595
2013-02-26 13:00:00,20583.179307956587
2013-02-26 14:00:00,20600.33689648755
2013-02-26 15:00:00,20239.194143472967
2013-02-26 16:00:00,19619.6989844133
2013-02-26 17:00:00,19937.879945135664
2013-02-26 18:00:00,22896.52480181387
2013-02-26 19:00:00,23250.029059965476
2013-02-26 20:00:00,23041.85047300006
2013-02-26 21:00:00,22628.808486317073
2013-02-26 22:00:00,22227.301834036698
2013-02-26 23:00:00,21401.935154892137
2013-02-27 00:00:00,20726.93474877033
2013-02-27 01:00:00,20113.061843839016
2013-02-27 02:00:00,19764.171719448455
2013-02-27 03:00:00,19547.772985328273
2013-02-27 04:00:00,19194.268727176666
2013-02-27 05:00:00,18515.37148151523
2013-02-27 06:00:00,18741.42495123302
2013-02-27 07:00:00,19189.499409199347
2013-02-27 08:00:00,19985.455871188922
2013-02-27 09:00:00,20246.832638335945
2013-02-27 10:00:00,20842.539834368985
2013-02-27 11:00:00,21517.540240490795
2013-02-27 12:00:00,22051.111814966032
2013-02-27 13:00:00,22113.538262669732
2013-02-27 14:00:00,22424.08072852912
2013-02-27 15:00:00,22094.655259550043
2013-02-27 16:00:00,21776.474298827678
2013-02-27 17:00:00,20968.691676289596
2013-02-27 18:00:00,24617.187460740046
2013-02-27 19:00:00,24320.487396163786
2013-02-27 20:00:00,24508.7748596422
2013-02-27 21:00:00,23786.48935361303
2013-02-27 22:00:00,23456.346590412537
2013-02-27 23:00:00,22805.424973463254
2013-02-28 00:00:00,22304.869629536734
2013-02-28 01:00:00,21191.449501046205
2013-02-28 02:00:00,21112.156290957442
2013-02-28 03:00:00,20618.231321526582
2013-02-28 04:00:00,20423.313483552505
2013-02-28 05:00:00,20180.528893379276
2013-02-28 06:00:00,20359.00643704381
2013-02-28 07:00:00,21124.253735365186
2013-02-28 08:00:00,21682.33056708847
2013-02-28 09:00:00,22070.576470377513
2013-02-28 10:00:00,22452.191999170893
2013-02-28 11:00:00,23182.697652354836
2013-02-28 12:00:00,23224.651324279737
2013-02-28 13:00:00,23382.229624089956
2013-02-28 14:00:00,23454.892459683055
2013-02-28 15:00:00,23030.31513859746
2013-02-28 16:00:00,22363.244053484526
2013-02-28 17:00:00,21872.634271301504
2013-02-28 18:00:00,25061.229437237125
2013-02-28 19:00:00,25065.843570998168
2013-02-28 20:00:00,25095.54461429905
2013-02-28 21:00:00,24611.138738536174
2013-02-28 22:00:00,24209.632086255795
2013-02-28 23:00:00,23360.477444084605
2013-03-01 00:00:00,22661.689074936174
2013-03-01 01:00:00,22301.554442288903
2013-03-01 02:00:00,21825.795181756323
2013-03-01 03:00:00,21530.10323754737
2013-03-01 04:00:00,21255.892189484526
2013-03-01 05:00:00,20814.874574089386
2013-03-01 06:00:00,20676.17927739886
2013-03-01 07:00:00,21044.960525276423
2013-03-01 08:00:00,22158.089827621054
2013-03-01 09:00:00,23022.094991442686
2013-03-01 10:00:00,23483.003730324825
2013-03-01 11:00:00,23864.619259118204
2013-03-01 12:00:00,24398.190833593442
2013-03-01 13:00:00,24413.041355243884
2013-03-01 14:00:00,25040.75666145833
2013-03-01 15:00:00,24457.59292019521
2013-03-01 16:00:00,23917.390971224297
2013-03-01 17:00:00,23109.608348686223
2013-03-01 18:00:00,26187.19302049757
2013-03-01 19:00:00,26064.938018116594
2013-03-01 20:00:00,25936.052641239945
2013-03-01 21:00:00,25641.950469690102
2013-03-01 22:00:00,25272.161101445232
2013-03-01 23:00:00,24486.44102734505
2013-03-02 00:00:00,23851.08722626763
2013-03-02 01:00:00,23173.779753265302
2013-03-02 02:00:00,22698.02049273272
2013-03-02 03:00:00,21926.56928799119
2013-03-02 04:00:00,21493.771819750822
2013-03-02 05:00:00,20894.167784178153
2013-03-02 06:00:00,20438.29964713257
2013-03-02 07:00:00,20656.42379584148
2013-03-02 08:00:00,20889.398466200833
2013-03-02 09:00:00,21158.704554356733
2013-03-02 10:00:00,21302.440452883817
2013-03-02 11:00:00,22278.75505734293
2013-03-02 12:00:00,23129.499472173226
2013-03-02 13:00:00,22192.831472758495
2013-03-02 14:00:00,22614.384432742154
2013-03-02 15:00:00,21967.78612340802
2013-03-02 16:00:00,20983.542197940034
2013-03-02 17:00:00,20334.345995579486
2013-03-02 18:00:00,24228.6507313051
2013-03-02 19:00:00,24637.660236518845
2013-03-02 20:00:00,24588.06806973096
2013-03-02 21:00:00,24769.725158713703
2013-03-02 22:00:00,24843.97776696591
2013-03-02 23:00:00,24311.99596514977
2013-03-03 00:00:00,23930.380436356398
2013-03-03 01:00:00,23490.95259362036
2013-03-03 02:00:00,22856.60691291025
2013-03-03 03:00:00,22243.74212834625
2013-03-03 04:00:00,22207.410710549695
2013-03-03 05:00:00,21528.513464888267
2013-03-03 06:00:00,21389.818168197737
2013-03-03 07:00:00,21409.70929168474
2013-03-03 08:00:00,21999.503407443528
2013-03-03 09:00:00,22308.456100643805
2013-03-03 10:00:00,22927.951259703477
2013-03-03 11:00:00,23547.446418763153
2013-03-03 12:00:00,24160.311203327154
2013-03-03 13:00:00,24095.868514888825
2013-03-03 14:00:00,24295.400486623952
2013-03-03 15:00:00,24061.126869751388
2013-03-03 16:00:00,23203.752080425427
2013-03-03 17:00:00,22951.021928508693
2013-03-03 18:00:00,26464.71925580825
2013-03-03 19:00:00,26461.404068560412
2013-03-03 20:00:00,26332.518691683767
2013-03-03 21:00:00,26038.41652013392
2013-03-03 22:00:00,25636.909867853545
2013-03-03 23:00:00,24377.441074864444
2013-03-04 00:00:00,23252.962755551416
2013-03-04 01:00:00,24456.03799646202
2013-03-04 02:00:00,23425.22626530808
2013-03-04 03:00:00,22733.29438535159
2013-03-04 04:00:00,22618.12198685883
2013-03-04 05:00:00,21941.25977346387
2013-03-04 06:00:00,21884.571063217405
2013-03-04 07:00:00,21748.589142882174
2013-03-04 08:00:00,22340.418290907437
2013-03-04 09:00:00,22809.54020715917
2013-03-04 10:00:00,22953.954449775083
2013-03-04 11:00:00,23812.007583189872
2013-03-04 12:00:00,24107.47341270254
2013-03-04 13:00:00,23836.19003394461
2013-03-04 14:00:00,24114.11075698339
2013-03-04 15:00:00,24005.57570277148
2013-03-04 16:00:00,23385.40219962299
2013-03-04 17:00:00,22847.89483547553
2013-03-04 18:00:00,26132.32019760649
2013-03-04 19:00:00,26088.906175921722
2013-03-04 20:00:00,26053.815962973946
2013-03-04 21:00:00,25741.594002443602
2013-03-04 22:00:00,25415.988839807866
2013-03-04 23:00:00,24723.159470851457
2013-03-05 00:00:00,24182.279177791726
2013-03-05 01:00:00,23821.6923157519
2013-03-05 02:00:00,23187.346635041788
2013-03-05 03:00:00,23050.467225706645
2013-03-05 04:00:00,22776.708407036353
2013-03-05 05:00:00,21782.67335328634
2013-03-05 06:00:00,21963.86427330617
2013-03-05 07:00:00,21907.175563059704
2013-03-05 08:00:00,22213.549154765416
2013-03-05 09:00:00,23015.70255338996
2013-03-05 10:00:00,23144.258153988118
2013-03-05 11:00:00,24208.473633633686
2013-03-05 12:00:00,24424.646253057595
2013-03-05 13:00:00,24518.111640707975
2013-03-05 14:00:00,24463.00088137395
2013-03-05 15:00:00,24243.455333037775
2013-03-05 16:00:00,23861.161460155567
2013-03-05 17:00:00,22974.76397161755
2013-03-05 18:00:00,26528.786248050306
2013-03-05 19:00:00,26485.372226365544
2013-03-05 20:00:00,26275.83695122248
2013-03-05 21:00:00,25820.887212532365
2013-03-05 22:00:00,25653.868470074158
2013-03-05 23:00:00,25119.625521295275
2013-03-06 00:00:00,24737.331648413074
2013-03-06 01:00:00,24297.45157628449
2013-03-06 02:00:00,23108.053424953025
2013-03-06 03:00:00,22336.828334907776
2013-03-06 04:00:00,21190.844205261077
2013-03-06 05:00:00,20434.688781777353
2013-03-06 06:00:00,20108.40315722909
2013-03-06 07:00:00,20321.311361284424
2013-03-06 08:00:00,20595.967668954632
2013-03-06 09:00:00,21223.676005383895
2013-03-06 10:00:00,22034.15321274542
2013-03-06 11:00:00,22543.316221769648
2013-03-06 12:00:00,23155.954891637375
2013-03-06 13:00:00,23408.006699465284
2013-03-06 14:00:00,23638.35149645081
2013-03-06 15:00:00,23688.402862416424
2013-03-06 16:00:00,23226.81577944546
2013-03-06 17:00:00,22657.591131262496
2013-03-06 18:00:00,25973.73377742896
2013-03-06 19:00:00,25771.733335566663
2013-03-06 20:00:00,25926.94682683192
2013-03-06 21:00:00,25456.138446124052
2013-03-06 22:00:00,24781.64315909776
2013-03-06 23:00:00,23930.227369963817
2013-03-07 00:00:00,23230.760656726557
2013-03-07 01:00:00,23187.346635041788
2013-03-07 02:00:00,22394.41453415415
2013-03-07 03:00:00,22257.535124819013
2013-03-07 04:00:00,21825.189885971187
2013-03-07 05:00:00,21148.32767257623
2013-03-07 06:00:00,20933.052542152236
2013-03-07 07:00:00,21352.123092438356
2013-03-07 08:00:00,22181.831870729908
2013-03-07 09:00:00,22809.54020715917
2013-03-07 10:00:00,23429.71371030767
2013-03-07 11:00:00,24446.35326389998
2013-03-07 12:00:00,24583.232673235125
2013-03-07 13:00:00,24359.525220530446
2013-03-07 14:00:00,24383.70767128519
2013-03-07 15:00:00,24084.868912860245
2013-03-07 16:00:00,23385.40219962299
2013-03-07 17:00:00,23054.057181706317
2013-03-07 18:00:00,25815.14735725143
2013-03-07 19:00:00,26247.49259609925
2013-03-07 20:00:00,26513.71658148878
2013-03-07 21:00:00,25900.18042262113
2013-03-07 22:00:00,25574.575259985395
2013-03-07 23:00:00,24961.03910111775
2013-03-08 00:00:00,24499.452018146785
2013-03-08 01:00:00,24138.86515610696
2013-03-08 02:00:00,23663.105895574376
2013-03-08 03:00:00,23209.053645884174
2013-03-08 04:00:00,22300.949146503775
2013-03-08 05:00:00,21624.08693310881
2013-03-08 06:00:00,21963.86427330617
2013-03-08 07:00:00,21827.88235297094
2013-03-08 08:00:00,22023.245450552386
2013-03-08 09:00:00,22650.953786981645
2013-03-08 10:00:00,23271.12729013014
2013-03-08 11:00:00,23653.421163012343
2013-03-08 12:00:00,24107.47341270254
2013-03-08 13:00:00,24359.525220530446
2013-03-08 14:00:00,24574.011375498223
2013-03-08 15:00:00,24164.16212294901
2013-03-08 16:00:00,23781.868250066804
2013-03-08 17:00:00,23371.23002206137
2013-03-08 18:00:00,26290.906617784014
2013-03-08 19:00:00,26564.665436454306
2013-03-08 20:00:00,26513.71658148878
2013-03-08 21:00:00,26138.060052887424
2013-03-08 22:00:00,25733.16168016292
2013-03-08 23:00:00,25079.978916250897
2013-03-09 00:00:00,24578.745228235548
2013-03-09 01:00:00,23821.6923157519
2013-03-09 02:00:00,23187.346635041788
2013-03-09 03:00:00,21702.48265419766
2013-03-09 04:00:00,21428.72383552737
2013-03-09 05:00:00,20038.222731333535
2013-03-09 06:00:00,19426.481550465724
2013-03-09 07:00:00,19607.67247048555
2013-03-09 08:00:00,19485.862727711938
2013-03-09 09:00:00,20002.560570016925
2013-03-09 10:00:00,20575.158147112164
2013-03-09 11:00:00,21512.504490615716
2013-03-09 12:00:00,22791.20612522906
2013-03-09 13:00:00,22456.488178400115
2013-03-09 14:00:00,22686.83297538564
2013-03-09 15:00:00,21468.192979931035
2013-03-09 16:00:00,21181.05095915535
2013-03-09 17:00:00,20580.10902693688
2013-03-09 18:00:00,24665.395810964354
2013-03-09 19:00:00,24899.508024590265
2013-03-09 20:00:00,25403.61164024608
2013-03-09 21:00:00,25186.54153182226
2013-03-09 22:00:00,24940.22957927528
2013-03-09 23:00:00,24524.926445629546
2013-03-10 00:00:00,24261.57238788049
2013-03-10 01:00:00,23663.105895574376
2013-03-10 02:00:00,23266.639845130554
2013-03-10 03:00:00,22733.29438535159
2013-03-10 04:00:00,22300.949146503775
2013-03-10 05:00:00,21703.38014319758
2013-03-10 06:00:00,21012.345752241003
2013-03-10 07:00:00,20908.081115941277
2013-03-10 08:00:00,21674.35532616182
2013-03-10 09:00:00,22095.901316360298
2013-03-10 10:00:00,22557.48839933126
2013-03-10 11:00:00,23574.12795292358
2013-03-10 12:00:00,24107.47341270254
2013-03-10 13:00:00,24359.525220530446
2013-03-10 14:00:00,24351.990387249687
2013-03-10 15:00:00,24211.73804900227
2013-03-10 16:00:00,24019.747880333096
2013-03-10 17:00:00,24005.57570277148
2013-03-10 18:00:00,26766.6658783166
2013-03-10 19:00:00,26881.838276809365
2013-03-10 20:00:00,26910.182631932596
2013-03-10 21:00:00,26613.819313420005
2013-03-10 22:00:00,26208.920940695505
2013-03-10 23:00:00,25635.031386872244
2013-03-11 00:00:00,25213.090908945655
2013-03-11 01:00:00,24456.03799646202
2013-03-11 02:00:00,23583.81268548561
2013-03-11 03:00:00,23288.34685597294
2013-03-11 04:00:00,22856.001617125115
2013-03-11 05:00:00,22226.71532978342
2013-03-11 06:00:00,22518.91674392751
2013-03-11 07:00:00,22700.107663947343
2013-03-11 08:00:00,23054.057181706317
2013-03-11 09:00:00,24157.524778668154
2013-03-11 10:00:00,24460.5254414616
2013-03-11 11:00:00,25445.44771101841
2013-03-11 12:00:00,25534.751194300294
2013-03-11 13:00:00,25231.750531506856
2013-03-11 14:00:00,25303.508908314852
2013-03-11 15:00:00,25036.387433925414
2013-03-11 16:00:00,24733.38677113197
2013-03-11 17:00:00,24639.921383481593
2013-03-11 18:00:00,27163.13192876042
2013-03-11 19:00:00,27516.183957519475
2013-03-11 20:00:00,27227.355472287654
2013-03-11 21:00:00,26851.698943686297
2013-03-11 22:00:00,26446.800570961797
2013-03-11 23:00:00,25872.911017138533
2013-03-12 00:00:00,25450.970539211947
2013-03-12 01:00:00,24931.797256994596
2013-03-12 02:00:00,24693.917626728304
2013-03-12 03:00:00,24477.745007304402
2013-03-12 04:00:00,24203.986188634106
2013-03-12 05:00:00,23447.830765150382
2013-03-12 06:00:00,23232.55563472639
2013-03-12 07:00:00,23096.573714391165
2013-03-12 08:00:00,23529.816442238898
2013-03-12 09:00:00,23840.3519383131
2013-03-12 10:00:00,24381.232231372833
2013-03-12 11:00:00,25080.698944610092
2013-03-12 12:00:00,25534.751194300294
2013-03-12 13:00:00,25707.509792039436
2013-03-12 14:00:00,25779.268168847433
2013-03-12 15:00:00,25512.146694458
2013-03-12 16:00:00,25209.146031664557
2013-03-12 17:00:00,24798.50780365912
2013-03-12 18:00:00,27083.838718671657
2013-03-12 19:00:00,27516.183957519475
2013-03-12 20:00:00,27703.114732820228
2013-03-12 21:00:00,27168.871784041356
2013-03-12 22:00:00,26684.68020122809
2013-03-12 23:00:00,26071.144042360444
2013-03-13 00:00:00,25609.556959389476
2013-03-13 01:00:00,25090.383677172125
2013-03-13 02:00:00,24614.62441663954
2013-03-13 03:00:00,24319.158587126873
2013-03-13 04:00:00,24045.399768456577
2013-03-13 05:00:00,23606.41718532791
2013-03-13 06:00:00,23708.31489525897
2013-03-13 07:00:00,23968.799025367563
2013-03-13 08:00:00,24481.334963304067
2013-03-13 09:00:00,25109.043299733323
2013-03-13 10:00:00,25570.630382704294
2013-03-13 11:00:00,25873.631045497732
2013-03-13 12:00:00,25772.630824566586
2013-03-13 13:00:00,25866.096212216962
2013-03-13 14:00:00,25818.91477389182
2013-03-13 15:00:00,25591.43990454676
2013-03-13 16:00:00,25367.732451842086
2013-03-13 17:00:00,24798.50780365912
2013-03-13 18:00:00,27083.838718671657
2013-03-13 19:00:00,27436.890747430713
2013-03-13 20:00:00,27385.94189246518
2013-03-13 21:00:00,26883.416227721802
2013-03-13 22:00:00,26446.800570961797
2013-03-13 23:00:00,25912.557622182914
2013-03-14 00:00:00,25530.263749300713
2013-03-14 01:00:00,25169.676887260888
2013-03-14 02:00:00,24852.504046905833
2013-03-14 03:00:00,24477.745007304402
2013-03-14 04:00:00,24362.572608811635
2013-03-14 05:00:00,23923.59002568297
2013-03-14 06:00:00,23546.556746677892
2013-03-14 07:00:00,23689.686925855112
2013-03-14 08:00:00,24243.455333037775
2013-03-14 09:00:00,24428.70755717173
2013-03-14 10:00:00,25075.840751750406
2013-03-14 11:00:00,25680.155612881146
2013-03-14 12:00:00,25693.337614477823
2013-03-14 13:00:00,25469.630161773148
2013-03-14 14:00:00,25541.388538581148
2013-03-14 15:00:00,25432.853484369236
2013-03-14 16:00:00,24891.9731913095
2013-03-14 17:00:00,24639.921383481593
2013-03-14 18:00:00,27044.19211362727
2013-03-14 19:00:00,27278.304327253183
2013-03-14 20:00:00,27385.94189246518
2013-03-14 21:00:00,26930.992153775063
2013-03-14 22:00:00,26399.22464490854
2013-03-14 23:00:00,25666.74867090775
2013-03-15 00:00:00,25086.221772803634
2013-03-15 01:00:00,24693.917626728304
2013-03-15 02:00:00,24376.74478637325
2013-03-15 03:00:00,23684.81290641676
2013-03-15 04:00:00,23411.054087746466
2013-03-15 05:00:00,23130.657924795327
2013-03-15 06:00:00,23232.55563472639
2013-03-15 07:00:00,23572.332974923742
2013-03-15 08:00:00,24084.868912860245
2013-03-15 09:00:00,24474.697619023213
2013-03-15 10:00:00,24936.28470199418
2013-03-15 11:00:00,25556.45820514268
2013-03-15 12:00:00,25614.044404389057
2013-03-15 13:00:00,25469.630161773148
2013-03-15 14:00:00,25462.09532849238
2013-03-15 15:00:00,25036.387433925414
2013-03-15 16:00:00,24495.50714086568
2013-03-15 17:00:00,24481.334963304067
2013-03-15 18:00:00,26132.32019760649
2013-03-15 19:00:00,26247.49259609925
2013-03-15 20:00:00,26434.423371400015
2013-03-15 21:00:00,26138.060052887424
2013-03-15 22:00:00,25733.16168016292
2013-03-15 23:00:00,25079.978916250897
2013-03-16 00:00:00,24578.745228235548
2013-03-16 01:00:00,24138.86515610696
2013-03-16 02:00:00,23980.27873592943
2013-03-16 03:00:00,23684.81290641676
2013-03-16 04:00:00,23252.467667568937
2013-03-16 05:00:00,22337.72582390769
2013-03-16 06:00:00,21884.571063217405
2013-03-16 07:00:00,21827.88235297094
2013-03-16 08:00:00,21626.779400108564
2013-03-16 09:00:00,21747.011191969737
2013-03-16 10:00:00,21764.556298443622
2013-03-16 11:00:00,22511.598937734143
2013-03-16 12:00:00,23060.80303953086
2013-03-16 13:00:00,21806.283855672253
2013-03-16 14:00:00,21814.60766440924
2013-03-16 15:00:00,20738.695447114405
2013-03-16 16:00:00,19341.448485096025
2013-03-16 17:00:00,19263.841739463398
2013-03-16 18:00:00,21913.92142088425
2013-03-16 19:00:00,21537.475916826676
2013-03-16 20:00:00,21803.6999022162
2013-03-16 21:00:00,21348.75016352608
2013-03-16 22:00:00,20816.982654659558
2013-03-16 23:00:00,19632.535383152812
2013-03-17 00:00:00,18600.037187542745
2013-03-17 01:00:00,17827.125633041353
2013-03-17 02:00:00,17132.517112663783
2013-03-17 03:00:00,16343.847516398995
2013-03-17 04:00:00,15021.832460355246
2013-03-17 05:00:00,13991.3225299644
2013-03-17 06:00:00,14377.089932013236
2013-03-17 07:00:00,15577.991533774568
2013-03-17 08:00:00,16850.156424361423
2013-03-17 09:00:00,17601.562168529155
2013-03-17 10:00:00,17753.905732153944
2013-03-17 11:00:00,18545.352569094168
2013-03-17 12:00:00,19259.486547875516
2013-03-17 13:00:00,18840.717798352478
2013-03-17 14:00:00,18883.930619528524
2013-03-17 15:00:00,18612.051552533758
2013-03-17 16:00:00,18361.384408398902
2013-03-17 17:00:00,18340.868774030187
2013-03-17 18:00:00,20466.027404663422
2013-03-17 19:00:00,20468.60344483014
2013-03-17 20:00:00,19976.78434177108
2013-03-17 21:00:00,18984.22663867914
2013-03-17 22:00:00,18682.409439070034
2013-03-17 23:00:00,18089.489514825465
2013-03-18 00:00:00,17648.518666477576
2013-03-18 01:00:00,17161.062668295734
2013-03-18 02:00:00,16415.706493461355
2013-03-18 03:00:00,15747.56257653149
2013-03-18 04:00:00,15592.743572994346
2013-03-18 05:00:00,15407.499262149722
2013-03-18 06:00:00,15947.095491770764
2013-03-18 07:00:00,16321.761844407174
2013-03-18 08:00:00,17081.692597820616
2013-03-18 09:00:00,17715.74439105698
2013-03-18 10:00:00,18101.20999234273
2013-03-18 11:00:00,18948.16207634509
2013-03-18 12:00:00,19016.8493250039
2013-03-18 13:00:00,18731.293168429987
2013-03-18 14:00:00,18715.829014140345
2013-03-18 15:00:00,18753.193466491757
2013-03-18 16:00:00,18545.344655804838
2013-03-18 17:00:00,19349.478406359263
2013-03-18 18:00:00,21144.777283023235
2013-03-18 19:00:00,21248.848632103574
2013-03-18 20:00:00,20692.009096771726
2013-03-18 21:00:00,19445.71312139575
2013-03-18 22:00:00,19216.8456750683
2013-03-18 23:00:00,18669.12288057433
2013-03-19 00:00:00,18273.349161977036
2013-03-19 01:00:00,17689.155447486904
2013-03-19 02:00:00,17264.14384141113
2013-03-19 03:00:00,16879.86961659904
2013-03-19 04:00:00,16640.999810367804
2013-03-19 05:00:00,16163.95648639653
2013-03-19 06:00:00,16549.72388844537
2013-03-19 07:00:00,17065.53215503978
2013-03-19 08:00:00,17716.038278530723
2013-03-19 09:00:00,18218.463343019743
2013-03-19 10:00:00,18905.243142642797
2013-03-19 11:00:00,19999.590042122098
2013-03-19 12:00:00,20383.86426693419
2013-03-19 13:00:00,20613.713975937244
2013-03-19 14:00:00,20658.51266131506
2013-03-19 15:00:00,20418.3508783558
2013-03-19 16:00:00,19917.117190340447
2013-03-19 17:00:00,20805.301743588967
2013-03-19 18:00:00,23503.75028316396
2013-03-19 19:00:00,23678.3925892233
2013-03-19 20:00:00,23381.634782982605
2013-03-19 21:00:00,23315.22177372743
2013-03-19 22:00:00,22379.05889340821
2013-03-19 23:00:00,21817.06332109826
2013-03-20 00:00:00,21407.016824684986
2013-03-20 01:00:00,20808.550332378873
2013-03-20 02:00:00,20221.78057772202
2013-03-20 03:00:00,19704.293759960812
2013-03-20 04:00:00,19414.676299272767
2013-03-20 05:00:00,19007.411000179603
2013-03-20 06:00:00,19680.21982274977
2013-03-20 07:00:00,20321.311361284424
2013-03-20 08:00:00,21119.30285554047
2013-03-20 09:00:00,22095.901316360298
2013-03-20 10:00:00,23001.530375828337
2013-03-20 11:00:00,23764.431657136614
2013-03-20 12:00:00,23996.462918578272
2013-03-20 13:00:00,24089.928306228652
2013-03-20 14:00:00,24272.69717716092
2013-03-20 15:00:00,23846.989282593953
2013-03-20 16:00:00,23306.108989534223
2013-03-20 17:00:00,23212.643601883847
2013-03-20 18:00:00,26290.906617784014
2013-03-20 19:00:00,25930.319755744193
2013-03-20 20:00:00,25800.077690689897
2013-03-20 21:00:00,25503.71437217731
2013-03-20 22:00:00,25368.412913754608
2013-03-20 23:00:00,24778.664717913594
2013-03-21 00:00:00,24340.865597969256
2013-03-21 01:00:00,23742.39910566314
2013-03-21 02:00:00,23028.760214864258
2013-03-21 03:00:00,22178.241914730246
2013-03-21 04:00:00,22142.362726326246
2013-03-21 05:00:00,21703.38014319758
2013-03-21 06:00:00,21805.27785312864
2013-03-21 07:00:00,22145.055193325992
2013-03-21 08:00:00,22499.004711084966
2013-03-21 09:00:00,23237.723541638497
2013-03-21 10:00:00,23905.47297084025
2013-03-21 11:00:00,24604.939684077508
2013-03-21 12:00:00,24947.98143964344
2013-03-21 13:00:00,24946.294975187302
2013-03-21 14:00:00,25351.08483436811
2013-03-21 15:00:00,24877.801013747885
2013-03-21 16:00:00,23972.17195427984
2013-03-21 17:00:00,24275.172617073276
2013-03-21 18:00:00,27044.19211362727
2013-03-21 19:00:00,27040.424696986895
2013-03-21 20:00:00,27100.48633614563
2013-03-21 21:00:00,26740.68844956203
2013-03-21 22:00:00,26367.507360873034
2013-03-21 23:00:00,25674.677991916626
2013-03-22 00:00:00,25133.79769885689
2013-03-22 01:00:00,24741.49355278156
2013-03-22 02:00:00,24170.58244014246
2013-03-22 03:00:00,23272.48821395519
2013-03-22 04:00:00,22697.415196947593
2013-03-22 05:00:00,22234.644650792296
2013-03-22 06:00:00,22867.80686831808
2013-03-22 07:00:00,23128.290998426666
2013-03-22 08:00:00,23371.23002206137
2013-03-22 09:00:00,23808.634654277597
2013-03-22 10:00:00,24492.2427254971
2013-03-22 11:00:00,25556.45820514268
2013-03-22 12:00:00,25851.92403465535
2013-03-22 13:00:00,26183.269052572017
2013-03-22 14:00:00,26334.320639468784
2013-03-22 15:00:00,26146.492375168105
2013-03-22 16:00:00,25526.318872019612
2013-03-22 17:00:00,25987.905954990576
2013-03-22 18:00:00,27995.710634692437
2013-03-22 19:00:00,28110.883033185204
2013-03-22 20:00:00,28020.287573175287
2013-03-22 21:00:00,27803.217464751462
2013-03-22 22:00:00,27398.319092026963
2013-03-22 23:00:00,26705.489723070557
2013-03-23 00:00:00,26164.609430010827
2013-03-23 01:00:00,25645.436147793473
2013-03-23 02:00:00,25248.970097349655
2013-03-23 03:00:00,24874.211057748216
2013-03-23 04:00:00,24521.159028989165
2013-03-23 05:00:00,23606.41718532791
2013-03-23 06:00:00,22994.676004460103
2013-03-23 07:00:00,22937.987294213635
2013-03-23 08:00:00,22451.42878503171
2013-03-23 09:00:00,23206.006257602992
2013-03-23 10:00:00,23746.886550662723
2013-03-23 11:00:00,24367.060053811216
2013-03-23 12:00:00,24979.698723678946
2013-03-23 13:00:00,24597.404850796738
2013-03-23 14:00:00,25144.922488137327
2013-03-23 15:00:00,24560.628173392826
2013-03-23 16:00:00,23543.988619800515
2013-03-23 17:00:00,23529.816442238898
2013-03-23 18:00:00,26053.02698751772
2013-03-23 19:00:00,25930.319755744193
2013-03-23 20:00:00,25831.794974725406
2013-03-23 21:00:00,25471.9970881418
2013-03-23 22:00:00,24940.22957927528
2013-03-23 23:00:00,24366.34002545202
2013-03-24 00:00:00,23944.399547525434
2013-03-24 01:00:00,23615.529969521114
2013-03-24 02:00:00,23187.346635041788
2013-03-24 03:00:00,22971.174015617882
2013-03-24 04:00:00,22348.52507255703
2013-03-24 05:00:00,21354.490018807017
2013-03-24 06:00:00,21044.063036276504
2013-03-24 07:00:00,20686.06012769274
2013-03-24 08:00:00,21277.889275718
2013-03-24 09:00:00,21223.676005383895
2013-03-24 10:00:00,20892.330987467223
2013-03-24 11:00:00,22337.15387553886
2013-03-24 12:00:00,23013.227113477602
2013-03-24 13:00:00,23011.540649021466
2013-03-24 14:00:00,23004.0058157407
2013-03-24 15:00:00,20992.43371939845
2013-03-24 16:00:00,20023.370091859397
2013-03-24 17:00:00,19684.095752933845
2013-03-24 18:00:00,21687.935772131274
2013-03-24 19:00:00,22274.90277065218
2013-03-24 20:00:00,22596.632003103838
2013-03-24 21:00:00,22791.886587141584
2013-03-24 22:00:00,22854.818153940792
2013-03-24 23:00:00,22570.348816941518
2013-03-25 00:00:00,22437.82855583892
2013-03-25 01:00:00,21918.65527362157
2013-03-25 02:00:00,21411.178729053478
2013-03-25 03:00:00,21068.13697348755
2013-03-25 04:00:00,20318.61889428468
2013-03-25 05:00:00,20101.657299404545
2013-03-25 06:00:00,20266.989577406617
2013-03-25 07:00:00,20701.91876971049
2013-03-25 08:00:00,21484.051621948787
2013-03-25 09:00:00,22413.074156715353
2013-03-25 10:00:00,23493.148278378678
2013-03-25 11:00:00,24367.060053811216
2013-03-25 12:00:00,24583.232673235125
2013-03-25 13:00:00,24914.577691151797
2013-03-25 14:00:00,25144.922488137327
2013-03-25 15:00:00,25036.387433925414
2013-03-25 16:00:00,24812.67998122074
2013-03-25 17:00:00,25512.146694458
2013-03-25 18:00:00,27282.071743893564
2013-03-25 19:00:00,27674.770377697
2013-03-25 20:00:00,27703.114732820228
2013-03-25 21:00:00,27406.75141430764
2013-03-25 22:00:00,26763.973411316856
2013-03-25 23:00:00,26031.497437316062
2013-03-26 00:00:00,25450.970539211947
2013-03-26 01:00:00,24931.797256994596
2013-03-26 02:00:00,24614.62441663954
2013-03-26 03:00:00,24398.451797215635
2013-03-26 04:00:00,24283.27939872287
2013-03-26 05:00:00,23765.00360550544
2013-03-26 06:00:00,23549.728475081443
2013-03-26 07:00:00,23889.5058152788
2013-03-26 08:00:00,24243.455333037775
2013-03-26 09:00:00,24791.87045937827
2013-03-26 10:00:00,25332.750752438
2013-03-26 11:00:00,25826.055119444474
2013-03-26 12:00:00,25804.34810860209
2013-03-26 13:00:00,25659.93386598618
2013-03-26 14:00:00,25699.974958758674
2013-03-26 15:00:00,25353.56027428047
2013-03-26 16:00:00,24891.9731913095
2013-03-26 17:00:00,25591.43990454676
2013-03-26 18:00:00,27599.24458424862
2013-03-26 19:00:00,27674.770377697
2013-03-26 20:00:00,27703.114732820228
2013-03-26 21:00:00,27406.75141430764
2013-03-26 22:00:00,26526.09378105056
2013-03-26 23:00:00,24723.159470851457
2013-03-27 00:00:00,23072.174236549028
2013-03-27 01:00:00,22077.241693799097
2013-03-27 02:00:00,21427.037371071234
2013-03-27 03:00:00,21147.43018357631
2013-03-27 04:00:00,21135.338958198943
2013-03-27 05:00:00,20878.73075827443
2013-03-27 06:00:00,20715.789146509025
2013-03-27 07:00:00,21071.42512872413
2013-03-27 08:00:00,22181.831870729908
2013-03-27 09:00:00,22888.833417247934
2013-03-27 10:00:00,23493.148278378678
2013-03-27 11:00:00,24287.76684372245
2013-03-27 12:00:00,24424.646253057595
2013-03-27 13:00:00,24835.284481063034
2013-03-27 14:00:00,24986.336067959797
2013-03-27 15:00:00,24560.628173392826
2013-03-27 16:00:00,23940.45467024433
2013-03-27 17:00:00,24719.214593570356
2013-03-27 18:00:00,25934.087172384578
2013-03-27 19:00:00,26088.906175921722
2013-03-27 20:00:00,26037.95732095619
2013-03-27 21:00:00,25662.300792354836
2013-03-27 22:00:00,25400.130197790117
2013-03-27 23:00:00,24715.23014984258
2013-03-28 00:00:00,24182.279177791726
2013-03-28 01:00:00,23504.519475396846
2013-03-28 02:00:00,23028.760214864258
2013-03-28 03:00:00,22416.121544996535
2013-03-28 04:00:00,21666.603465793658
2013-03-28 05:00:00,20704.285696079154
2013-03-28 06:00:00,20647.59698583269
2013-03-28 07:00:00,20638.484201639483
2013-03-28 08:00:00,20992.43371939845
2013-03-28 09:00:00,21382.262425561425
2013-03-28 10:00:00,21740.768335416993
2013-03-28 11:00:00,21671.09091079324
2013-03-28 12:00:00,21728.67711003963
2013-03-28 13:00:00,21043.48317461834
2013-03-28 14:00:00,21040.705933942903
2013-03-28 15:00:00,20580.10902693688
2013-03-28 16:00:00,20673.57441458726
2013-03-28 17:00:00,21840.871067348227
2013-03-28 18:00:00,23299.173801134955
2013-03-28 19:00:00,23267.6537609635
2013-03-28 20:00:00,22660.06657117485
2013-03-28 21:00:00,22219.389610300714
2013-03-28 22:00:00,21722.51111387324
2013-03-28 23:00:00,20902.019676673925
2013-03-29 00:00:00,20233.47731537128
2013-03-29 01:00:00,19460.56576086989
2013-03-29 02:00:00,18897.583969239666
2013-03-29 03:00:00,18641.76474477137
2013-03-29 04:00:00,18375.93524710996
2013-03-29 05:00:00,18087.609763149943
2013-03-29 06:00:00,18446.4174737686
2013-03-29 07:00:00,18951.124690950583
2013-03-29 08:00:00,19609.560135450407
2013-03-29 09:00:00,20145.288348176702
2013-03-29 10:00:00,20575.158147112164
2013-03-29 11:00:00,20989.169304029874
2013-03-29 12:00:00,21490.797479773337
2013-03-29 13:00:00,20759.61348250057
2013-03-29 14:00:00,20880.533649563597
2013-03-29 15:00:00,19898.187420173508
2013-03-29 16:00:00,19871.12712848897
2013-03-29 17:00:00,21173.222238400835
2013-03-29 18:00:00,22119.290835014144
2013-03-29 19:00:00,22065.568696017843
2013-03-29 20:00:00,21605.466876994287
2013-03-29 21:00:00,21079.153249224284
2013-03-29 22:00:00,20507.73913531338
2013-03-29 23:00:00,19791.12180333034
2013-03-30 00:00:00,19226.45354724398
2013-03-30 01:00:00,18635.916375946745
2013-03-30 02:00:00,18183.945078440793
2013-03-30 03:00:00,17832.974001865983
2013-03-30 04:00:00,17605.205245047175
2013-03-30 05:00:00,17297.849390665855
2013-03-30 06:00:00,17280.807285463772
2013-03-30 07:00:00,17657.05950230196
2013-03-30 08:00:00,17781.058710803514
2013-03-30 09:00:00,18323.130380336912
2013-03-30 10:00:00,18960.74838970493
2013-03-30 11:00:00,19934.569609849314
2013-03-30 12:00:00,20935.745009151986
2013-03-30 13:00:00,19486.16452847502
2013-03-30 14:00:00,19177.31549685695
2013-03-30 15:00:00,18125.191242588746
2013-03-30 16:00:00,17752.412554917195
2013-03-30 17:00:00,19947.34921042854
2013-03-30 18:00:00,21727.58237717565
2013-03-30 19:00:00,21770.59795448764
2013-03-30 20:00:00,21791.012988602
2013-03-30 21:00:00,21713.498929934398
2013-03-30 22:00:00,21364.105804272032
2013-03-30 23:00:00,20615.771188253486
2013-03-31 00:00:00,20019.385648131618
2013-03-31 01:00:00,19206.827488585845
2013-03-31 02:00:00,18826.22008015978
2013-03-31 03:00:00,18348.379867442945
2013-03-31 04:00:00,18280.783395003444
2013-03-31 05:00:00,18151.044331220954
2013-03-31 06:00:00,18728.7013016846
2013-03-31 07:00:00,19071.650370285504
2013-03-31 08:00:00,19517.58001174744
2013-03-31 09:00:00,20303.87476835423
2013-03-31 10:00:00,20971.624197555986
2013-03-31 11:00:00,22162.708813343583
2013-03-31 12:00:00,22386.810753776364
2013-03-31 13:00:00,22519.92274647113
2013-03-31 14:00:00,22813.702111527662
2013-03-31 15:00:00,22562.439279155977
2013-03-31 16:00:00,21910.548491971975
2013-03-31 17:00:00,23529.816442238898
2013-03-31 18:00:00,25339.38809671885
2013-03-31 19:00:00,25613.14691538914
2013-03-31 20:00:00,24848.559169624732
2013-03-31 21:00:00,24568.054493129894
2013-03-31 22:00:00,23988.711058210116
2013-03-31 23:00:00,23343.45761530697
2013-04-01 00:00:00,22850.153248300492
2013-04-01 01:00:00,22156.53490388786
2013-04-01 02:00:00,21363.60280300022
2013-04-01 03:00:00,20988.84376339879
2013-04-01 04:00:00,20794.37815481726
2013-04-01 05:00:00,20466.40606581286
2013-04-01 06:00:00,20615.87970179718
2013-04-01 07:00:00,21082.526178136555
2013-04-01 08:00:00,21404.758411860028
2013-04-01 09:00:00,21604.28341380996
2013-04-01 10:00:00,22248.244879985083
2013-04-01 11:00:00,22955.64091423122
2013-04-01 12:00:00,23663.43143620546
2013-04-01 13:00:00,23883.765959997865
2013-04-01 14:00:00,23876.2311267171
2013-04-01 15:00:00,23450.52323215014
2013-04-01 16:00:00,22909.6429390904
2013-04-01 17:00:00,25115.680644014177
2013-04-01 18:00:00,26290.906617784014
2013-04-01 19:00:00,26406.079016276777
2013-04-01 20:00:00,26037.95732095619
2013-04-01 21:00:00,25773.311286479107
2013-04-01 22:00:00,25653.868470074158
2013-04-01 23:00:00,24762.80607589584
2013-04-02 00:00:00,24023.692757614197
2013-04-02 01:00:00,23663.105895574376
2013-04-02 02:00:00,23345.933055219317
2013-04-02 03:00:00,22733.29438535159
2013-04-02 04:00:00,22300.949146503775
2013-04-02 05:00:00,21861.966563375103
2013-04-02 06:00:00,22122.450693483697
2013-04-02 07:00:00,21907.175563059704
2013-04-02 08:00:00,22499.004711084966
2013-04-02 09:00:00,23206.006257602992
2013-04-02 10:00:00,23746.886550662723
2013-04-02 11:00:00,24208.473633633686
2013-04-02 12:00:00,24503.939463146362
2013-04-02 13:00:00,24597.404850796738
2013-04-02 14:00:00,24669.16322760474
2013-04-02 15:00:00,24481.334963304067
2013-04-02 16:00:00,23702.575039978037
2013-04-02 17:00:00,25115.680644014177
2013-04-02 18:00:00,26687.372668227836
2013-04-02 19:00:00,26754.969140667337
2013-04-02 20:00:00,26259.97830920473
2013-04-02 21:00:00,25868.463138585623
2013-04-02 22:00:00,25415.988839807866
2013-04-02 23:00:00,24544.069661616617
2013-04-03 00:00:00,23762.5963619353
2013-04-03 01:00:00,22924.441321792692
2013-04-03 02:00:00,22765.854901615163
2013-04-03 03:00:00,21519.775009822428
2013-04-03 04:00:00,21089.238688544807
2013-04-03 05:00:00,21102.438210979108
2013-04-03 06:00:00,21088.32029018934
2013-04-03 07:00:00,21201.071505541593
2013-04-03 08:00:00,21927.909918774774
2013-04-03 09:00:00,22672.959960824
2013-04-03 10:00:00,23771.60610086038
2013-04-03 11:00:00,24077.32014000911
2013-04-03 12:00:00,24530.467930914212
2013-04-03 13:00:00,24541.92673212053
2013-04-03 14:00:00,24689.360483876895
2013-04-03 15:00:00,24100.543875206902
2013-04-03 16:00:00,23556.950205791873
2013-04-03 17:00:00,24893.47597609454
2013-04-03 18:00:00,26309.29495648597
2013-04-03 19:00:00,26501.9516474973
2013-04-03 20:00:00,26207.696409554883
2013-04-03 21:00:00,25822.99529310254
2013-04-03 22:00:00,25404.53003860154
2013-04-03 23:00:00,24504.423056572236
2013-04-04 00:00:00,23762.5963619353
2013-04-04 01:00:00,23083.027741970218
2013-04-04 02:00:00,22765.854901615163
2013-04-04 03:00:00,22312.70711071007
2013-04-04 04:00:00,22040.757209609976
2013-04-04 05:00:00,22085.67401607978
2013-04-04 06:00:00,21992.262885201246
2013-04-04 07:00:00,21962.286322393727
2013-04-04 08:00:00,22356.093253254097
2013-04-04 09:00:00,23148.71922135658
2013-04-04 10:00:00,23771.60610086038
2013-04-04 11:00:00,24077.32014000911
2013-04-04 12:00:00,24292.58830064792
2013-04-04 13:00:00,24177.17796571222
2013-04-04 14:00:00,23975.721593078015
2013-04-04 15:00:00,23386.90498440803
2013-04-04 16:00:00,22446.845264549178
2013-04-04 17:00:00,24734.889555917016
2013-04-04 18:00:00,25130.99785456694
2013-04-04 19:00:00,24884.37016168652
2013-04-04 20:00:00,24590.114923744102
2013-04-04 21:00:00,24348.14158545153
2013-04-04 22:00:00,23977.252257003795
2013-04-04 23:00:00,23315.024905240778
2013-04-05 00:00:00,22811.077840870126
2013-04-05 01:00:00,22369.38885117135
2013-04-05 02:00:00,21655.74996037247
2013-04-05 03:00:00,20885.429329112314
2013-04-05 04:00:00,20375.59979774593
2013-04-05 05:00:00,19944.757343683155
2013-04-05 06:00:00,19740.33571868035
2013-04-05 07:00:00,20090.9665642989
2013-04-05 08:00:00,20532.349421212526
2013-04-05 09:00:00,20912.65069685344
2013-04-05 10:00:00,20996.34374775364
2013-04-05 11:00:00,21857.110257523724
2013-04-05 12:00:00,22151.671628251293
2013-04-05 13:00:00,21925.250799191326
2013-04-05 14:00:00,21517.63208032634
2013-04-05 15:00:00,21079.472570824993
2013-04-05 16:00:00,20908.55698882716
2013-04-05 17:00:00,22990.43893396421
2013-04-05 18:00:00,23629.97738758664
2013-04-05 19:00:00,23631.537442284047
2013-04-05 20:00:00,23099.402574075335
2013-04-05 21:00:00,22657.610346359088
2013-04-05 22:00:00,21741.183732500653
2013-04-05 23:00:00,21180.45168965125
2013-04-06 00:00:00,20777.99993419422
2013-04-06 01:00:00,19862.137548164632
2013-04-06 02:00:00,19080.30649668942
2013-04-06 03:00:00,18417.82463114998
2013-04-06 04:00:00,18363.1381256931
2013-04-06 05:00:00,17584.99141144154
2013-04-06 06:00:00,17190.266082225706
2013-04-06 07:00:00,17493.321001790995
2013-04-06 08:00:00,17481.146696996893
2013-04-06 09:00:00,17767.881984733063
2013-04-06 10:00:00,18157.64682657589
2013-04-06 11:00:00,19360.960003929435
2013-04-06 12:00:00,19801.420881220332
2013-04-06 13:00:00,18149.308134764386
2013-04-06 14:00:00,18234.893182651515
2013-04-06 15:00:00,17449.429412961388
2013-04-06 16:00:00,17386.352596684268
2013-04-06 17:00:00,19528.497381488778
2013-04-06 18:00:00,20687.406361192614
2013-04-06 19:00:00,20640.597557735873
2013-04-06 20:00:00,20438.32244349642
2013-04-06 21:00:00,20088.51033948313
2013-04-06 22:00:00,19565.378047664974
2013-04-06 23:00:00,18919.009337919706
2013-04-07 00:00:00,18430.92091556681
2013-04-07 01:00:00,17813.200999470973
2013-04-07 02:00:00,17294.623405490456
2013-04-07 03:00:00,16768.52586130369
2013-04-07 04:00:00,16312.615712797666
2013-04-07 05:00:00,16019.743444289343
2013-04-07 06:00:00,16689.13299446472
2013-04-07 07:00:00,17237.996865305173
2013-04-07 08:00:00,17598.500647928264
2013-04-07 09:00:00,18037.47889903486
2013-04-07 10:00:00,18841.154297541034
2013-04-07 11:00:00,19743.153276557274
2013-04-07 12:00:00,20486.51421638725
2013-04-07 13:00:00,20133.224251185256
2013-04-07 14:00:00,20011.061088639828
2013-04-07 15:00:00,19580.83090014736
2013-04-07 16:00:00,19698.54260287262
2013-04-07 17:00:00,21940.596832388976
2013-04-07 18:00:00,23128.844299825654
2013-04-07 19:00:00,22757.726267105867
2013-04-07 20:00:00,22542.764239252214
2013-04-07 21:00:00,22223.08355507266
2013-04-07 22:00:00,21387.536015504764
2013-04-07 23:00:00,20612.712305415705
2013-04-08 00:00:00,19996.168882719012
2013-04-08 01:00:00,19440.297670492408
2013-04-08 02:00:00,18699.69908826335
2013-04-08 03:00:00,18368.662840894947
2013-04-08 04:00:00,17925.439606003125
2013-04-08 05:00:00,17868.861103559317
2013-04-08 06:00:00,18517.63441911161
2013-04-08 07:00:00,19028.43754910946
2013-04-08 08:00:00,19858.357135458034
2013-04-08 09:00:00,20643.05378255164
2013-04-08 10:00:00,21123.212883895656
2013-04-08 11:00:00,22142.56581384327
2013-04-08 12:00:00,22627.43088878388
2013-04-08 13:00:00,21869.74555212919
2013-04-08 14:00:00,22373.99874928499
2013-04-08 15:00:00,21991.34448684578
2013-04-08 16:00:00,21511.18538550176
2013-04-08 17:00:00,24100.543875206902
2013-04-08 18:00:00,24453.833840408897
2013-04-08 19:00:00,24646.490531420226
2013-04-08 20:00:00,23567.232513599043
2013-04-08 21:00:00,23174.602076137824
2013-04-08 22:00:00,22756.13682163683
2013-04-08 23:00:00,21832.241876580894
2013-04-09 00:00:00,21066.62721891732
2013-04-09 01:00:00,20466.35180904101
2013-04-09 02:00:00,20069.885758597193
2013-04-09 03:00:00,19616.73796769209
2013-04-09 04:00:00,19297.21214053874
2013-04-09 05:00:00,19072.532032706753
2013-04-09 06:00:00,19787.911644733613
2013-04-09 07:00:00,20059.249280263393
2013-04-09 08:00:00,20484.77349515927
2013-04-09 09:00:00,21166.388969137482
2013-04-09 10:00:00,21820.99313267678
2013-04-09 11:00:00,22650.04235841136
2013-04-09 12:00:00,23134.907433351967
2013-04-09 13:00:00,23035.355740434017
2013-04-09 14:00:00,22992.485787977348
2013-04-09 15:00:00,22356.093253254097
2013-04-09 16:00:00,21891.792793927834
2013-04-09 17:00:00,24021.25066511814
2013-04-09 18:00:00,25215.04865726103
2013-04-09 19:00:00,25138.108433970563
2013-04-09 20:00:00,24558.397639708593
2013-04-09 21:00:00,24379.858869487038
2013-04-09 22:00:00,23660.07941664874
2013-04-09 23:00:00,22863.053607734826
2013-04-10 00:00:00,22224.308086213277
2013-04-10 01:00:00,21735.043170461235
2013-04-10 02:00:00,21068.980205715616
2013-04-10 03:00:00,20806.13611902355
2013-04-10 04:00:00,20217.0133775684
2013-04-10 05:00:00,20103.343763860685
2013-04-10 06:00:00,20263.670905266194
2013-04-10 07:00:00,20646.01903492025
2013-04-10 08:00:00,20960.532755691853
2013-04-10 09:00:00,21562.855019581304
2013-04-10 10:00:00,22043.014120925323
2013-04-10 11:00:00,22761.05285253563
2013-04-10 12:00:00,23103.190149316462
2013-04-10 13:00:00,23193.942160611547
2013-04-10 14:00:00,22984.55646696847
2013-04-10 15:00:00,22356.093253254097
2013-04-10 16:00:00,21653.913163661542
2013-04-10 17:00:00,23513.77412055005
2013-04-10 18:00:00,24160.448963080467
2013-04-10 19:00:00,24059.720776763374
2013-04-10 20:00:00,24066.779737158256
2013-04-10 21:00:00,23650.36133667041
2013-04-10 22:00:00,23152.60287208065
2013-04-10 23:00:00,22506.23416233539
2013-04-11 00:00:00,22018.14573998249
2013-04-11 01:00:00,21100.697489751125
2013-04-11 02:00:00,20704.231439307307
2013-04-11 03:00:00,20092.497228224674
2013-04-11 04:00:00,19979.133747302112
2013-04-11 05:00:00,19389.704873061808
2013-04-11 06:00:00,19708.618434644846
2013-04-11 07:00:00,19853.086934032606
2013-04-11 08:00:00,20770.229051478822
2013-04-11 09:00:00,21451.844525457032
2013-04-11 10:00:00,22265.03510917386
2013-04-11 11:00:00,22776.91149455338
2013-04-11 12:00:00,23182.48335940523
2013-04-11 13:00:00,22496.16191183042
2013-04-11 14:00:00,22072.684550947688
2013-04-11 15:00:00,21087.401891833873
2013-04-11 16:00:00,20860.981062773903
2013-04-11 17:00:00,22641.548809573647
2013-04-11 18:00:00,23660.10880742037
2013-04-11 19:00:00,23323.879787139645
2013-04-11 20:00:00,23158.07954954102
2013-04-11 21:00:00,22830.46954435259
2013-04-11 22:00:00,22312.094845139753
2013-04-11 23:00:00,21316.83601100392
2013-04-12 00:00:00,20479.85746426047
2013-04-12 01:00:00,19800.288844295395
2013-04-12 02:00:00,19229.377731656296
2013-04-12 03:00:00,19014.109571017485
2013-04-12 04:00:00,18789.73559597065
2013-04-12 05:00:00,18263.74128980136
2013-04-12 06:00:00,18550.937567348894
2013-04-12 07:00:00,19139.44804323373
2013-04-12 08:00:00,19691.84139427163
2013-04-12 09:00:00,20072.142669912544
2013-04-12 10:00:00,20812.383500347707
2013-04-12 11:00:00,21357.563033964507
2013-04-12 12:00:00,22246.823480357816
2013-04-12 13:00:00,22337.575491652897
2013-04-12 14:00:00,22564.30245349802
2013-04-12 15:00:00,21769.323498597245
2013-04-12 16:00:00,21019.567482951425
2013-04-12 17:00:00,23545.49140458556
2013-04-12 18:00:00,24247.67149417811
2013-04-12 19:00:00,23964.568924656855
2013-04-12 20:00:00,23733.74825478545
2013-04-12 21:00:00,23199.97590336623
2013-04-12 22:00:00,22673.671883144518
2013-04-12 23:00:00,22092.323605672038
2013-04-13 00:00:00,21669.25561559193
2013-04-13 01:00:00,21100.697489751125
2013-04-13 02:00:00,20355.341314916743
2013-04-13 03:00:00,19854.617597958386
2013-04-13 04:00:00,19503.374486769528
2013-04-13 05:00:00,19024.956106653495
2013-04-13 06:00:00,18820.53448165069
2013-04-13 07:00:00,19091.872117180475
2013-04-13 08:00:00,19157.405158273363
2013-04-13 09:00:00,19348.988593903014
2013-04-13 10:00:00,19827.561831045256
2013-04-13 11:00:00,20513.883278620062
2013-04-13 12:00:00,21733.003478982624
2013-04-13 13:00:00,20767.569931895367
2013-04-13 14:00:00,21002.226214749375
2013-04-13 15:00:00,19989.983864205384
2013-04-13 16:00:00,19008.691675100377
2013-04-13 17:00:00,21387.130225969402
2013-04-13 18:00:00,22258.204853051026
2013-04-13 19:00:00,22278.795278169735
2013-04-13 20:00:00,22298.54115217882
2013-04-13 21:00:00,22072.426455904006
2013-04-13 22:00:00,21991.750276381146
2013-04-13 23:00:00,21410.401998908663
2013-04-14 00:00:00,20987.334008828562
2013-04-14 01:00:00,20466.35180904101
2013-04-14 02:00:00,19879.582054384155
2013-04-14 03:00:00,19378.858337425798
2013-04-14 04:00:00,18948.32201614818
2013-04-14 05:00:00,18517.479562085406
2013-04-14 06:00:00,17876.945281594402
2013-04-14 07:00:00,18270.39446066088
2013-04-14 08:00:00,19047.98052835087
2013-04-14 09:00:00,19856.465138471103
2013-04-14 10:00:00,20863.131154804516
2013-04-14 11:00:00,21738.170442390572
2013-04-14 12:00:00,22468.844468606352
2013-04-14 13:00:00,22527.879195865928
2013-04-14 14:00:00,22488.18097181281
2013-04-14 15:00:00,21774.081091202566
2013-04-14 16:00:00,21003.708840933672
2013-04-14 17:00:00,23529.632762567806
2013-04-14 18:00:00,24403.08618595209
2013-04-14 19:00:00,24265.88312299416
2013-04-14 20:00:00,23606.87911864343
2013-04-14 21:00:00,23491.77491649288
2013-04-14 22:00:00,23106.612810229166
2013-04-14 23:00:00,22364.299316276498
2013-04-15 00:00:00,21780.266109716198
2013-04-15 01:00:00,21449.587614141685
2013-04-15 02:00:00,20767.666007378317
2013-04-15 03:00:00,20409.67006857973
2013-04-15 04:00:00,19931.55782124885
2013-04-15 05:00:00,19310.411662973045
2013-04-15 06:00:00,19264.576458147767
2013-04-15 07:00:00,19615.207303766314
2013-04-15 08:00:00,19977.296950591182
2013-04-15 09:00:00,20278.305016143328
2013-04-15 10:00:00,20913.87880926132
2013-04-15 11:00:00,21695.352108942643
2013-04-15 12:00:00,22177.0454554797
2013-04-15 13:00:00,22131.41314542211
2013-04-15 14:00:00,22072.684550947688
2013-04-15 15:00:00,21425.190966812006
2013-04-15 16:00:00,20821.334457729517
2013-04-15 17:00:00,23561.35004660331
2013-04-15 18:00:00,24184.236926107103
2013-04-15 19:00:00,24170.73127088764
2013-04-15 20:00:00,24003.345169087246
2013-04-15 21:00:00,23466.40108926448
2013-04-15 22:00:00,23120.885588045145
2013-04-15 23:00:00,22371.435705184485
2013-04-16 00:00:00,21780.266109716198
2013-04-16 01:00:00,21021.40427966236
2013-04-16 02:00:00,20466.35180904101
2013-04-16 03:00:00,19775.32438786962
2013-04-16 04:00:00,19344.788066592
2013-04-16 05:00:00,19231.118452884282
2013-04-16 06:00:00,19423.162878325296
2013-04-16 07:00:00,19932.38014412137
2013-04-16 08:00:00,20738.511767443313
2013-04-16 09:00:00,21309.11674729726
2013-04-16 10:00:00,22122.307331014083
2013-04-16 11:00:00,22681.75964244687
2013-04-16 12:00:00,23182.48335940523
2013-04-16 13:00:00,23146.366234558285
2013-04-16 14:00:00,23135.21356613712
2013-04-16 15:00:00,22831.85251378668
2013-04-16 16:00:00,21812.499583839068
2013-04-16 17:00:00,24227.413011348926
2013-04-16 18:00:00,25056.462237083502
2013-04-16 19:00:00,24947.80472975753
2013-04-16 20:00:00,24304.65936742455
2013-04-16 21:00:00,23824.80639886569
2013-04-16 22:00:00,23422.199786382444
2013-04-16 23:00:00,22704.467187557293
2013-04-17 00:00:00,22145.01487612452
2013-04-17 01:00:00,21449.587614141685
2013-04-17 02:00:00,20815.241933431575
2013-04-17 03:00:00,20362.094142526472
2013-04-17 04:00:00,19693.67819098256
2013-04-17 05:00:00,19389.704873061808
2013-04-17 06:00:00,19629.325224556083
2013-04-17 07:00:00,20170.25977438766
2013-04-17 08:00:00,20849.52226156758
2013-04-17 09:00:00,21134.671685101977
2013-04-17 10:00:00,21709.98263855251
2013-04-17 11:00:00,22570.749148322593
2013-04-17 12:00:00,22912.88644510343
2013-04-17 13:00:00,22924.34524630975
2013-04-17 14:00:00,22913.192577888585
2013-04-17 15:00:00,22673.266093609152
2013-04-17 16:00:00,22129.672424194123
2013-04-17 17:00:00,24576.303135739487
2013-04-17 18:00:00,24834.441248834963
2013-04-17 19:00:00,25027.09793984629
2013-04-17 20:00:00,24415.669861548817
2013-04-17 21:00:00,23999.25146106097
2013-04-17 22:00:00,23184.32015611615
2013-04-17 23:00:00,22522.09280435314
2013-04-18 00:00:00,22018.14573998249
2013-04-18 01:00:00,21497.163540194946
2013-04-18 02:00:00,21021.40427966236
2013-04-18 03:00:00,20362.094142526472
2013-04-18 04:00:00,20026.70967335537
2013-04-18 05:00:00,19706.877713416863
2013-04-18 06:00:00,19930.639422893386
2013-04-18 07:00:00,20249.552984476428
2013-04-18 08:00:00,20849.52226156758
2013-04-18 09:00:00,21562.855019581304
2013-04-18 10:00:00,22185.741899085097
2013-04-18 11:00:00,22491.45593823383
2013-04-18 12:00:00,23023.896939227703
2013-04-18 13:00:00,23114.648950522784
2013-04-18 14:00:00,23262.082702279145
2013-04-18 15:00:00,22752.55930369792
2013-04-18 16:00:00,22288.25884437165
2013-04-18 17:00:00,24417.716715561957
2013-04-18 18:00:00,25056.462237083502
2013-04-18 19:00:00,24995.380655810786
2013-04-18 20:00:00,24463.245787602074
2013-04-18 21:00:00,23919.958250972202
2013-04-18 22:00:00,23422.199786382444
2013-04-18 23:00:00,22696.53786654842
2013-04-19 00:00:00,22129.156234106762
2013-04-19 01:00:00,21750.90181247899
2013-04-19 02:00:00,21005.54563764461
2013-04-19 03:00:00,20758.560192970293
2013-04-19 04:00:00,20074.285599408628
2013-04-19 05:00:00,19992.333269736413
2013-04-19 06:00:00,20184.37769517743
2013-04-19 07:00:00,20646.01903492025
2013-04-19 08:00:00,20754.370409461066
2013-04-19 09:00:00,21087.09575904872
2013-04-19 10:00:00,21408.66844021521
2013-04-19 11:00:00,21254.481860849115
2013-04-19 12:00:00,21295.304959292644
2013-04-19 13:00:00,21227.470550410202
2013-04-19 14:00:00,20803.993189527464
2013-04-19 15:00:00,17006.973300666083
2013-04-19 16:00:00,16430.076483013774
2013-04-19 17:00:00,19074.94021978105
2013-04-19 18:00:00,23890.852048778674
2013-04-19 19:00:00,24313.459049047415
2013-04-19 20:00:00,23440.363377457023
2013-04-19 21:00:00,23000.157013942546
2013-04-19 22:00:00,22248.660277068742
2013-04-19 23:00:00,21570.57428328797
2013-04-20 00:00:00,21050.768576899573
2013-04-20 01:00:00,20513.927735094272
2013-04-20 02:00:00,19943.016622455172
2013-04-20 03:00:00,19188.554633212767
2013-04-20 04:00:00,19051.403189263572
2013-04-20 05:00:00,18454.044994014395
2013-04-20 06:00:00,18661.948061473162
2013-04-20 07:00:00,18398.849461004676
2013-04-20 08:00:00,18748.25219421534
2013-04-20 09:00:00,18646.450752516568
2013-04-20 10:00:00,19288.36800244166
2013-04-20 11:00:00,20104.73031456204
2013-04-20 12:00:00,21047.9101438157
2013-04-20 13:00:00,19690.768138889955
2013-04-20 14:00:00,19178.482382707803
2013-04-20 15:00:00,18053.643673837767
2013-04-20 16:00:00,17908.101919068333
2013-04-20 17:00:00,20511.73318658945
2013-04-20 18:00:00,20929.250651963346
2013-04-20 19:00:00,20861.032681782635
2013-04-20 20:00:00,20996.546642521316
2013-04-20 21:00:00,20702.239785570167
2013-04-20 22:00:00,20501.037926712386
2013-04-20 23:00:00,19832.467118142264
2013-04-21 00:00:00,19322.176596964517
2013-04-21 01:00:00,18832.911681212478
2013-04-21 02:00:00,18380.940383706522
2013-04-21 03:00:00,17826.2972838878
2013-04-21 04:00:00,17429.064110847463
2013-04-21 05:00:00,17418.47567025514
2013-04-21 06:00:00,18002.22855353465
2013-04-21 07:00:00,18750.911313798788
2013-04-21 08:00:00,19466.64867761954
2013-04-21 09:00:00,20010.293966043304
2013-04-21 10:00:00,20630.009117143545
2013-04-21 11:00:00,21460.644207079902
2013-04-21 12:00:00,22040.661134127025
2013-04-21 13:00:00,21631.865921862896
2013-04-21 14:00:00,21485.914796290836
2013-04-21 15:00:00,20662.390285758098
2013-04-21 16:00:00,20616.757975700508
2013-04-21 17:00:00,22922.24677328787
2013-04-21 18:00:00,23791.73553616772
2013-04-21 19:00:00,23419.031639246157
2013-04-21 20:00:00,22902.755413055198
2013-04-21 21:00:00,22004.23429522767
2013-04-21 22:00:00,21376.434966092336
2013-04-21 23:00:00,20638.879064744993
2013-04-22 00:00:00,20059.60345079002
2013-04-22 01:00:00,19292.812299727306
2013-04-22 02:00:00,18769.477113141464
2013-04-22 03:00:00,18324.258643245237
2013-04-22 04:00:00,17879.44954415164
2013-04-22 05:00:00,17719.789868592437
2013-04-22 06:00:00,18680.978431894466
2013-04-22 07:00:00,18728.709214973933
2013-04-22 08:00:00,19672.811023850325
2013-04-22 09:00:00,20574.861621875305
2013-04-22 10:00:00,21154.93016793117
2013-04-22 11:00:00,22126.70717182552
2013-04-22 12:00:00,22326.116690446575
2013-04-22 13:00:00,22274.140923581883
2013-04-22 14:00:00,22278.84689717847
2013-04-22 15:00:00,21848.616708686008
2013-04-22 16:00:00,21368.45760734199
2013-04-22 17:00:00,23355.18770037252
2013-04-22 18:00:00,24057.36778996508
2013-04-22 19:00:00,23694.972010355057
2013-04-22 20:00:00,23115.26121609309
2013-04-22 21:00:00,22316.6495429774
2013-04-22 22:00:00,21703.122991658045
2013-04-22 23:00:00,20940.986195183184
2013-04-23 00:00:00,20337.129686100696
2013-04-23 01:00:00,19467.257361922584
2013-04-23 02:00:00,18848.770323230226
2013-04-23 03:00:00,18317.91518643814
2013-04-23 04:00:00,17977.77312466171
2013-04-23 05:00:00,17876.790424568193
2013-04-23 06:00:00,18525.563740120488
2013-04-23 07:00:00,18842.891437501756
2013-04-23 08:00:00,19465.062813417764
2013-04-23 09:00:00,20268.789830932677
2013-04-23 10:00:00,21086.73800725483
2013-04-23 11:00:00,22015.696677701253
2013-04-23 12:00:00,22158.015085058396
2013-04-23 13:00:00,22204.36289870377
2013-04-23 14:00:00,22373.99874928499
2013-04-23 15:00:00,21582.19152278776
2013-04-23 16:00:00,21141.679026488124
2013-04-23 17:00:00,24100.543875206902
2013-04-23 18:00:00,24374.540630320134
2013-04-23 19:00:00,24075.579418781126
2013-04-23 20:00:00,23495.868624519157
2013-04-23 21:00:00,22778.13602569401
2013-04-23 22:00:00,22078.97280747879
2013-04-23 23:00:00,21263.709560244453
2013-04-24 00:00:00,20606.726600402493
2013-04-24 01:00:00,19720.99563420663
2013-04-24 02:00:00,19372.10550981607
2013-04-24 03:00:00,18847.59382983108
2013-04-24 04:00:00,18480.492076624472
2013-04-24 05:00:00,18336.691043083025
2013-04-24 06:00:00,19064.757568724086
2013-04-24 07:00:00,19464.550204597665
2013-04-24 08:00:00,20072.448802697698
2013-04-24 09:00:00,20817.498844746922
2013-04-24 10:00:00,21630.689428463746
2013-04-24 11:00:00,22681.75964244687
2013-04-24 12:00:00,23293.493853529497
2013-04-24 13:00:00,23193.942160611547
2013-04-24 14:00:00,23182.78949219038
2013-04-24 15:00:00,22896.872946059466
2013-04-24 16:00:00,21891.792793927834
2013-04-24 17:00:00,24576.303135739487
2013-04-24 18:00:00,24943.07294665657
2013-04-24 19:00:00,24836.79423563326
2013-04-24 20:00:00,24304.65936742455
2013-04-24 21:00:00,23824.80639886569
2013-04-24 22:00:00,23533.210280506715
2013-04-24 23:00:00,22775.83107663718
2013-04-25 00:00:00,22176.73216016002
2013-04-25 01:00:00,21576.456750283705
2013-04-25 02:00:00,20783.52464939607
2013-04-25 03:00:00,20251.0836484022
2013-04-25 04:00:00,19979.133747302112
2013-04-25 05:00:00,19865.464133594392
2013-04-25 06:00:00,20136.801769124173
2013-04-25 07:00:00,19964.097428156878
2013-04-25 08:00:00,20905.02750862972
2013-04-25 09:00:00,21515.279093528046
2013-04-25 10:00:00,22138.16597303184
2013-04-25 11:00:00,22570.749148322593
2013-04-25 12:00:00,22833.59323501467
2013-04-25 13:00:00,21798.381663049302
2013-04-25 14:00:00,21332.08596871863
2013-04-25 15:00:00,20492.702816168145
2013-04-25 16:00:00,20848.294149159694
2013-04-25 17:00:00,23672.360540727575
2013-04-25 18:00:00,23165.319176466484
2013-04-25 19:00:00,22759.312131307648
2013-04-25 20:00:00,22065.419114517856
2013-04-25 21:00:00,21568.121639739467
2013-04-25 22:00:00,20788.079347233714
2013-04-25 23:00:00,20110.786285553826
2013-04-26 00:00:00,19591.773511266314
2013-04-26 01:00:00,19039.07402744326
2013-04-26 02:00:00,18277.85921059113
2013-04-26 03:00:00,17761.276851615014
2013-04-26 04:00:00,17219.73003621313
2013-04-26 05:00:00,17286.84894150779
2013-04-26 06:00:00,18027.60238076305
2013-04-26 07:00:00,18346.515942346094
2013-04-26 08:00:00,18557.94849000231
2013-04-26 09:00:00,18958.866000266295
2013-04-26 10:00:00,19469.15652144404
2013-04-26 11:00:00,20022.265376069725
2013-04-26 12:00:00,20270.836684945814
2013-04-26 13:00:00,19172.190544909437
2013-04-26 14:00:00,17884.417194059177
2013-04-26 15:00:00,17255.953980344802
2013-04-26 16:00:00,18065.102475044085
2013-04-26 17:00:00,20204.075531445043
2013-04-26 18:00:00,19885.75200719521
2013-04-26 19:00:00,19855.594777857114
2013-04-26 20:00:00,19359.934786289232
2013-04-26 21:00:00,18937.172928994278
2013-04-26 22:00:00,18106.382982031715
2013-04-26 23:00:00,17391.822111610112
2013-04-27 00:00:00,16835.54152858088
2013-04-27 01:00:00,16530.236860234774
2013-04-27 02:00:00,15802.325191619917
2013-04-27 03:00:00,15333.318758697065
2013-04-27 04:00:00,15356.339599127174
2013-04-27 05:00:00,15225.225479199928
2013-04-27 06:00:00,15734.442744995999
2013-04-27 07:00:00,16188.154763729939
2013-04-27 08:00:00,16475.708793071364
2013-04-27 09:00:00,16619.71630264776
2013-04-27 10:00:00,17202.95657710717
2013-04-27 11:00:00,18509.350927576106
2013-04-27 12:00:00,19592.086806585994
2013-04-27 13:00:00,18255.56103628333
2013-04-27 14:00:00,17892.346515068053
2013-04-27 15:00:00,17365.378610267297
2013-04-27 16:00:00,17121.513274987796
2013-04-27 17:00:00,19948.751394959225
2013-04-27 18:00:00,20165.657038808546
2013-04-27 19:00:00,20053.827803079024
2013-04-27 20:00:00,20227.40250466031
2013-04-27 21:00:00,19942.610832919803
2013-04-27 22:00:00,19259.306256722342
2013-04-27 23:00:00,18685.09436815785
2013-04-28 00:00:00,18269.16276698573
2013-04-28 01:00:00,17581.66482601178
2013-04-28 02:00:00,17231.188837419446
2013-04-28 03:00:00,16654.34363877587
2013-04-28 04:00:00,16380.807873474005
2013-04-28 05:00:00,16094.27906177278
2013-04-28 06:00:00,17228.326823068313
2013-04-28 07:00:00,17696.311619618227
2013-04-28 08:00:00,18147.20966174251
2013-04-28 09:00:00,18622.662789489936
2013-04-28 10:00:00,19518.318311699077
2013-04-28 11:00:00,20428.246611724197
2013-04-28 12:00:00,21230.284527019856
2013-04-28 13:00:00,21010.207154766988
2013-04-28 14:00:00,20943.54923928369
2013-04-28 15:00:00,20370.59127263145
2013-04-28 16:00:00,20423.282543083926
2013-04-28 17:00:00,23386.90498440803
2013-04-28 18:00:00,23756.053591627773
2013-04-28 19:00:00,23536.38559017753
2013-04-28 20:00:00,22956.674795915562
2013-04-28 21:00:00,22413.387259285693
2013-04-28 22:00:00,21598.455954340876
2013-04-28 23:00:00,20769.712861391454
2013-04-29 00:00:00,20099.2500558344
2013-04-29 01:00:00,19276.953657709553
2013-04-29 02:00:00,18753.61847112371
2013-04-29 03:00:00,18344.87487786832
2013-04-29 04:00:00,18112.57158181261
2013-04-29 05:00:00,18124.185240045135
2013-04-29 06:00:00,18701.594666517547
2013-04-29 07:00:00,19472.47952560654
2013-04-29 08:00:00,19802.8518883959
2013-04-29 09:00:00,20373.456868249843
2013-04-29 10:00:00,21392.809798197457
2013-04-29 11:00:00,22094.989887790016
2013-04-29 12:00:00,22310.258048428823
2013-04-29 13:00:00,22401.010059723903
2013-04-29 14:00:00,22389.85739130274
2013-04-29 15:00:00,22118.213622987805
2013-04-29 16:00:00,21812.499583839068
2013-04-29 17:00:00,24259.130295384428
2013-04-29 18:00:00,24382.46995132901
2013-04-29 19:00:00,24154.87262886989
2013-04-29 20:00:00,23749.606896803198
2013-04-29 21:00:00,23047.732939995803
2013-04-29 22:00:00,22343.812129175258
2013-04-29 23:00:00,21626.079530350107
2013-04-30 00:00:00,21066.62721891732
2013-04-30 01:00:00,20228.47217877472
2013-04-30 02:00:00,19514.833287975845
2013-04-30 03:00:00,19172.695991195014
2013-04-30 04:00:00,18789.73559597065
2013-04-30 05:00:00,18596.77277217417
2013-04-30 06:00:00,19264.576458147767
2013-04-30 07:00:00,19456.62088358879
2013-04-30 08:00:00,20104.166086733203
2013-04-30 09:00:00,20809.569523738046
2013-04-30 10:00:00,21472.103008286216
2013-04-30 11:00:00,22174.28309787878
2013-04-30 12:00:00,22706.724098872644
2013-04-30 13:00:00,22718.182900078962
2013-04-30 14:00:00,22548.44381148027
2013-04-30 15:00:00,22276.80004316533
2013-04-30 16:00:00,22129.672424194123
2013-04-30 17:00:00,24497.00992565072
2013-04-30 18:00:00,24620.349581595303
2013-04-30 19:00:00,24519.6213952782
2013-04-30 20:00:00,24066.779737158256
2013-04-30 21:00:00,23491.77491649288
2013-04-30 22:00:00,22549.974475406045
2013-04-30 23:00:00,21713.302061447746
2013-05-01 00:00:00,21034.909934881816
2013-05-01 01:00:00,20482.210451058767
2013-05-01 02:00:00,19609.98514008236
2013-05-01 03:00:00,19022.03889202636
2013-05-01 04:00:00,18504.2800396511
2013-05-01 05:00:00,18479.418821242798
2013-05-01 06:00:00,19121.848679987994
2013-05-01 07:00:00,19488.338167624293
2013-05-01 08:00:00,20120.024728750956
2013-05-01 09:00:00,20532.043288427372
2013-05-01 10:00:00,21630.689428463746
2013-05-01 11:00:00,22332.869518056308
2013-05-01 12:00:00,22627.43088878388
2013-05-01 13:00:00,22607.17240595469
2013-05-01 14:00:00,22580.161095515778
2013-05-01 15:00:00,22062.708375925667
2013-05-01 16:00:00,21891.792793927834
2013-05-01 17:00:00,24100.543875206902
2013-05-01 18:00:00,24564.844334533165
2013-05-01 19:00:00,24440.32818518944
2013-05-01 20:00:00,24098.497021193758
2013-05-01 21:00:00,23634.50269465266
2013-05-01 22:00:00,23105.02694602739
2013-05-01 23:00:00,22403.152989219994
2013-05-02 00:00:00,21859.55931980496
2013-05-02 01:00:00,20942.1110695736
2013-05-02 02:00:00,20545.645019129777
2013-05-02 03:00:00,19854.617597958386
2013-05-02 04:00:00,19503.374486769528
2013-05-02 05:00:00,19389.704873061808
2013-05-02 06:00:00,19740.33571868035
2013-05-02 07:00:00,20090.9665642989
2013-05-02 08:00:00,20373.763001035
2013-05-02 09:00:00,21166.388969137482
2013-05-02 10:00:00,21789.275848641275
2013-05-02 11:00:00,22332.869518056308
2013-05-02 12:00:00,22627.43088878388
2013-05-02 13:00:00,22607.17240595469
2013-05-02 14:00:00,22580.161095515778
2013-05-02 15:00:00,22062.708375925667
2013-05-02 16:00:00,21891.792793927834
2013-05-02 17:00:00,23941.957455029376
2013-05-02 18:00:00,24564.844334533165
2013-05-02 19:00:00,24440.32818518944
2013-05-02 20:00:00,24098.497021193758
2013-05-02 21:00:00,23786.745658023083
2013-05-02 22:00:00,23184.32015611615
2013-05-02 23:00:00,22522.09280435314
2013-05-03 00:00:00,22018.14573998249
2013-05-03 01:00:00,21100.697489751125
2013-05-03 02:00:00,20704.231439307307
2013-05-03 03:00:00,20013.20401813591
2013-05-03 04:00:00,19661.960906947053
2013-05-03 05:00:00,19548.291293239334
2013-05-03 06:00:00,19898.92213885788
2013-05-03 07:00:00,20249.552984476428
2013-05-03 08:00:00,20611.642631301293
2013-05-03 09:00:00,21404.268599403775
2013-05-03 10:00:00,21947.862268818804
2013-05-03 11:00:00,22491.45593823383
2013-05-03 12:00:00,22627.43088878388
2013-05-03 13:00:00,22765.75882613222
2013-05-03 14:00:00,22659.454305604537
2013-05-03 15:00:00,22118.213622987805
2013-05-03 16:00:00,21971.086004016597
2013-05-03 17:00:00,23783.371034851847
2013-05-03 18:00:00,24366.611309311258
2013-05-03 19:00:00,24440.32818518944
2013-05-03 20:00:00,24463.245787602074
2013-05-03 21:00:00,23919.958250972202
2013-05-03 22:00:00,23263.613366204918
2013-05-03 23:00:00,22655.73007474415
2013-05-04 00:00:00,22190.75127132906
2013-05-04 01:00:00,21114.264371527614
2013-05-04 02:00:00,20717.798321083792
2013-05-04 03:00:00,20026.997014608674
2013-05-04 04:00:00,19517.61971263484
2013-05-04 05:00:00,19405.985131193593
2013-05-04 06:00:00,18776.093548066765
2013-05-04 07:00:00,18828.123571703305
2013-05-04 08:00:00,18700.630348244307
2013-05-04 09:00:00,18895.382450949663
2013-05-04 10:00:00,19252.52248864403
2013-05-04 11:00:00,20454.928145884624
2013-05-04 12:00:00,21394.71013203846
2013-05-04 13:00:00,20152.657869753486
2013-05-04 14:00:00,19909.064569088034
2013-05-04 15:00:00,19073.308435661496
2013-05-04 16:00:00,18489.389817113264
2013-05-04 17:00:00,21710.60060321379
2013-05-04 18:00:00,21963.073603590987
2013-05-04 19:00:00,21868.23664468844
2013-05-04 20:00:00,21791.473978413364
2013-05-04 21:00:00,21577.37091299177
2013-05-04 22:00:00,21095.2510983792
2013-05-04 23:00:00,20373.671488389522
2013-05-05 00:00:00,19811.95496866614
2013-05-05 01:00:00,19211.22732939728
2013-05-05 02:00:00,18559.43714246764
2013-05-05 03:00:00,17936.827996668857
2013-05-05 04:00:00,17632.027176724034
2013-05-05 05:00:00,17455.372163010004
2013-05-05 06:00:00,17751.625273719936
2013-05-05 07:00:00,18189.020298387866
2013-05-05 08:00:00,18527.7711502508
2013-05-05 09:00:00,18758.99812959699
2013-05-05 10:00:00,19656.917860096724
2013-05-05 11:00:00,20623.029751272803
2013-05-05 12:00:00,21226.608526650285
2013-05-05 13:00:00,21316.682193856537
2013-05-05 14:00:00,21304.62506665028
2013-05-05 15:00:00,20635.384674410147
2013-05-05 16:00:00,21201.217602148987
2013-05-05 17:00:00,23172.767397250595
2013-05-05 18:00:00,23344.36132333726
2013-05-05 19:00:00,23075.079302239432
2013-05-05 20:00:00,23209.236574800456
2013-05-05 21:00:00,22433.737581950423
2013-05-05 22:00:00,21615.414556561485
2013-05-05 23:00:00,20713.046427569432
2013-05-06 00:00:00,19970.54138884367
2013-05-06 01:00:00,19607.693379841097
2013-05-06 02:00:00,19066.91368703573
2013-05-06 03:00:00,18188.980404751128
2013-05-06 04:00:00,17993.6042147288
2013-05-06 05:00:00,17828.050250427194
2013-05-06 06:00:00,18509.66836216852
2013-05-06 07:00:00,18910.58851019562
2013-05-06 08:00:00,19612.50226426509
2013-05-06 09:00:00,20145.04344194858
2013-05-06 10:00:00,20943.05372773648
2013-05-06 11:00:00,21883.791791684147
2013-05-06 12:00:00,22059.187232582306
2013-05-06 13:00:00,21713.14824430036
2013-05-06 14:00:00,21558.36333893432
2013-05-06 15:00:00,21238.01307108475
2013-05-06 16:00:00,21439.097232415275
2013-05-06 17:00:00,23569.233447694416
2013-05-06 18:00:00,23637.746200665686
2013-05-06 19:00:00,23433.484611840646
2013-05-06 20:00:00,22820.69984536552
2013-05-06 21:00:00,22113.393013191813
2013-05-06 22:00:00,21295.069987802886
2013-05-06 23:00:00,20473.58093310136
2013-05-07 00:00:00,19811.95496866614
2013-05-07 01:00:00,19449.10695966357
2013-05-07 02:00:00,18814.761278953458
2013-05-07 03:00:00,18027.222256170047
2013-05-07 04:00:00,17636.784769329362
2013-05-07 05:00:00,17415.725557965623
2013-05-07 06:00:00,18278.13218870933
2013-05-07 07:00:00,18515.708323953575
2013-05-07 08:00:00,19385.723683411226
2013-05-07 09:00:00,19965.840787147972
2013-05-07 10:00:00,20697.24477646131
2013-05-07 11:00:00,21804.49858159538
2013-05-07 12:00:00,22178.127047715447
2013-05-07 13:00:00,21871.734664477888
2013-05-07 14:00:00,21938.97074736039
2013-05-07 15:00:00,21047.709366871717
2013-05-07 16:00:00,21153.641676095733
2013-05-07 17:00:00,23331.353817428124
2013-05-07 18:00:00,23645.67552167456
2013-05-07 19:00:00,23401.767327805137
2013-05-07 20:00:00,22741.406635276755
2013-05-07 21:00:00,21938.947950996535
2013-05-07 22:00:00,21337.888321250815
2013-05-07 23:00:00,20590.141951931848
2013-05-08 00:00:00,20002.258672879176
2013-05-08 01:00:00,18989.20634114874
2013-05-08 02:00:00,18342.173746824425
2013-05-08 03:00:00,17846.433737167667
2013-05-08 04:00:00,17508.32976898556
2013-05-08 05:00:00,17556.867471923622
2013-05-08 06:00:00,18519.183547379173
2013-05-08 07:00:00,18994.63931288971
2013-05-08 08:00:00,19260.44041147098
2013-05-08 09:00:00,19884.961712857435
2013-05-08 10:00:00,20484.73897342342
2013-05-08 11:00:00,21666.528396040936
2013-05-08 12:00:00,21924.388775431406
2013-05-08 13:00:00,21736.93620732699
2013-05-08 14:00:00,21715.36389491007
2013-05-08 15:00:00,20904.981588711944
2013-05-08 16:00:00,20899.903403811684
2013-05-08 17:00:00,22728.72542075352
2013-05-08 18:00:00,22527.641259422988
2013-05-08 19:00:00,21811.145533424537
2013-05-08 20:00:00,21158.714161905024
2013-05-08 21:00:00,20603.65029310175
2013-05-08 22:00:00,19539.518316437654
2013-05-08 23:00:00,18659.352286270445
2013-05-09 00:00:00,17939.049346369535
2013-05-09 01:00:00,16272.620963507688
2013-05-09 02:00:00,15194.2333063005
2013-05-09 03:00:00,14991.878173972167
2013-05-09 04:00:00,14928.128712697187
2013-05-09 05:00:00,15021.070613284952
2013-05-09 06:00:00,16073.780948241692
2013-05-09 07:00:00,16933.015850581847
2013-05-09 08:00:00,17441.454172034733
2013-05-09 09:00:00,17959.722571902246
2013-05-09 10:00:00,18607.075758521492
2013-05-09 11:00:00,19693.713329032493
2013-05-09 12:00:00,20313.15074642772
2013-05-09 13:00:00,20174.85996857834
2013-05-09 14:00:00,20080.33790287976
2013-05-09 15:00:00,19545.89596779053
2013-05-09 16:00:00,19651.82827701454
2013-05-09 17:00:00,22348.11801232745
2013-05-09 18:00:00,21745.017275846887
2013-05-09 19:00:00,21189.486766328624
2013-05-09 20:00:00,20838.36959314642
2013-05-09 21:00:00,20001.021896427148
2013-05-09 22:00:00,19338.11356281219
2013-05-09 23:00:00,18489.664816680488
2013-05-10 00:00:00,17801.079160815087
2013-05-10 01:00:00,17111.54312624681
2013-05-10 02:00:00,16440.722568895868
2013-05-10 03:00:00,15978.285707476389
2013-05-10 04:00:00,15684.585936943991
2013-05-10 05:00:00,15955.144628130589
2013-05-10 06:00:00,16869.88477753288
2013-05-10 07:00:00,17738.634865083688
2013-05-10 08:00:00,18126.547507201656
2013-05-10 09:00:00,19507.526032834918
2013-05-10 10:00:00,19576.038785806188
2013-05-10 11:00:00,20289.998268899995
2013-05-10 12:00:00,20782.566550153206
2013-05-10 13:00:00,20484.10348792452
2013-05-10 14:00:00,20348.348952979788
2013-05-10 15:00:00,19966.149981260976
2013-05-10 16:00:00,20070.496426283215
2013-05-10 17:00:00,22427.411222416213
2013-05-10 18:00:00,21923.426998546605
2013-05-10 19:00:00,21492.3868288677
2013-05-10 20:00:00,20973.168050297318
2013-05-10 21:00:00,19861.465846670922
2013-05-10 22:00:00,19349.21461222462
2013-05-10 23:00:00,18503.144662395578
2013-05-11 00:00:00,17816.93780283284
2013-05-11 01:00:00,16848.289668752117
2013-05-11 02:00:00,16247.247136279284
2013-05-11 03:00:00,15691.244286955067
2013-05-11 04:00:00,15500.625689538061
2013-05-11 05:00:00,15392.162836500367
2013-05-11 06:00:00,15820.042675957646
2013-05-11 07:00:00,16252.680108020253
2013-05-11 08:00:00,16277.42984793168
2013-05-11 09:00:00,16254.918554993823
2013-05-11 10:00:00,16930.817297245023
2013-05-11 11:00:00,17923.888879851278
2013-05-11 12:00:00,19222.07617560633
2013-05-11 13:00:00,17811.922307933175
2013-05-11 14:00:00,17498.55098238961
2013-05-11 15:00:00,16750.017380060715
2013-05-11 16:00:00,16538.776848929672
2013-05-11 17:00:00,19682.280289143204
2013-05-11 18:00:00,19456.61523268516
2013-05-11 19:00:00,19291.20731680361
2013-05-11 20:00:00,19024.140946315503
2013-05-11 21:00:00,18610.21899147023
2013-05-11 22:00:00,18080.523250804396
2013-05-11 23:00:00,17301.852529550804
2013-05-12 00:00:00,16683.044898563516
2013-05-12 01:00:00,16050.599975259149
2013-05-12 02:00:00,15394.052195724184
2013-05-12 03:00:00,14872.938358839023
2013-05-12 04:00:00,14783.815070335635
2013-05-12 05:00:00,14949.706724205063
2013-05-12 06:00:00,15755.022243684858
2013-05-12 07:00:00,16319.286404494813
2013-05-12 08:00:00,16654.865527954196
2013-05-12 09:00:00,16895.607692511036
2013-05-12 10:00:00,17788.769830405447
2013-05-12 11:00:00,19018.13517907622
2013-05-12 12:00:00,19720.037534963765
2013-05-12 13:00:00,19307.392250207264
2013-05-12 14:00:00,19493.568148222912
2013-05-12 15:00:00,18968.64139834433
2013-05-12 16:00:00,19420.29210355535
2013-05-12 17:00:00,21951.651961883632
2013-05-12 18:00:00,21668.102862060787
2013-05-12 19:00:00,21027.728617747543
2013-05-12 20:00:00,20462.51977732568
2013-05-12 21:00:00,19829.748562635417
2013-05-12 22:00:00,19158.910908011585
2013-05-12 23:00:00,18213.72444557159
2013-05-13 00:00:00,17428.401073397898
2013-05-13 01:00:00,16794.370285891757
2013-05-13 02:00:00,16125.135592742588
2013-05-13 03:00:00,15618.294533673401
2013-05-13 04:00:00,15329.35235574633
2013-05-13 05:00:00,15690.30530643412
2013-05-13 06:00:00,16779.490518031693
2013-05-13 07:00:00,17638.725420371848
2013-05-13 08:00:00,18120.204050394554
2013-05-13 09:00:00,18624.199672446088
2013-05-13 10:00:00,19366.70471117185
2013-05-13 11:00:00,20339.160059155027
2013-05-13 12:00:00,20076.856980363205
2013-05-13 13:00:00,20285.87046270261
2013-05-13 14:00:00,20115.22691531882
2013-05-13 15:00:00,19620.431585273967
2013-05-13 16:00:00,19932.526240728766
2013-05-13 17:00:00,22141.955666096663
2013-05-13 18:00:00,21928.97752325282
2013-05-13 19:00:00,21566.922446351142
2013-05-13 20:00:00,20981.097371306194
2013-05-13 21:00:00,20330.881650396404
2013-05-13 22:00:00,19295.295229364256
2013-05-13 23:00:00,18400.063489280186
2013-05-14 00:00:00,17664.694839462412
2013-05-14 01:00:00,17041.7651013687
2013-05-14 02:00:00,16413.762877465688
2013-05-14 03:00:00,15868.861077553895
2013-05-14 04:00:00,15538.686430380669
2013-05-14 05:00:00,15771.184380724655
2013-05-14 06:00:00,16790.591567444117
2013-05-14 07:00:00,17508.684555826272
2013-05-14 08:00:00,17980.64800063833
2013-05-14 09:00:00,18663.846277490473
2013-05-14 10:00:00,19690.221008334003
2013-05-14 11:00:00,20615.100430263923
2013-05-14 12:00:00,20671.556056028934
2013-05-14 13:00:00,20285.87046270261
2013-05-14 14:00:00,20178.661483389827
2013-05-14 15:00:00,19842.452573522507
2013-05-14 16:00:00,20249.69908108382
2013-05-14 17:00:00,22300.54208627419
2013-05-14 18:00:00,21996.376751828266
2013-05-14 19:00:00,22022.065472260645
2013-05-14 20:00:00,21303.027804266574
2013-05-14 21:00:00,20624.266527724827
2013-05-14 22:00:00,19620.39739072819
2013-05-14 23:00:00,18744.19602106542
2013-05-15 00:00:00,18027.857741668955
2013-05-15 01:00:00,17358.937941723754
2013-05-15 02:00:00,16529.530964195284
2013-05-15 03:00:00,16239.95330076931
2013-05-15 04:00:00,16025.546740325679
2013-05-15 05:00:00,16294.519567310499
2013-05-15 06:00:00,17493.129408830566
2013-05-15 07:00:00,18068.494619052944
2013-05-15 08:00:00,18497.63973041707
2013-05-15 09:00:00,18846.220660694624
2013-05-15 10:00:00,19585.55397101684
2013-05-15 11:00:00,20456.514010086397
2013-05-15 12:00:00,20909.435686295226
2013-05-15 13:00:00,20523.7500929689
2013-05-15 14:00:00,20511.69296576264
2013-05-15 15:00:00,20080.3322037888
2013-05-15 16:00:00,20566.871921438877
2013-05-15 17:00:00,22459.128506451718
2013-05-15 18:00:00,22007.477801240693
2013-05-15 19:00:00,21254.507198601405
2013-05-15 20:00:00,20549.742308423316
2013-05-15 21:00:00,19991.506711216494
2013-05-15 22:00:00,18968.607203798547
2013-05-15 23:00:00,18223.239630782242
2013-05-16 00:00:00,17637.735148032232
2013-05-16 01:00:00,16694.460841179913
2013-05-16 02:00:00,16244.075407875735
2013-05-16 03:00:00,15851.416571334366
2013-05-16 04:00:00,15451.463899283028
2013-05-16 05:00:00,15710.921541057196
2013-05-16 06:00:00,17009.44082728911
2013-05-16 07:00:00,17670.442704407353
2013-05-16 08:00:00,18056.769482323547
2013-05-16 09:00:00,18441.82528924193
2013-05-16 10:00:00,19279.482180074207
2013-05-16 11:00:00,20198.018145197027
2013-05-16 12:00:00,20405.130870130688
2013-05-16 13:00:00,20082.879844875373
2013-05-16 14:00:00,19955.054630939514
2013-05-16 15:00:00,19664.835782923677
2013-05-16 16:00:00,19655.000005418093
2013-05-16 17:00:00,22084.86455483275
2013-05-16 18:00:00,21358.06641061372
2013-05-16 19:00:00,20927.8191730357
2013-05-16 20:00:00,20397.499345052893
2013-05-16 21:00:00,19579.182018754924
2013-05-16 22:00:00,18597.51498058314
2013-05-16 23:00:00,17787.919907394928
2013-05-17 00:00:00,17138.18792447302
2013-05-17 01:00:00,16445.480161501193
2013-05-17 02:00:00,15838.094172221263
2013-05-17 03:00:00,15266.23268087929
2013-05-17 04:00:00,15359.483775580058
2013-05-17 05:00:00,15747.396417698028
2013-05-17 06:00:00,16628.833418863036
2013-05-17 07:00:00,17442.078259351714
2013-05-17 08:00:00,17841.091950882106
2013-05-17 09:00:00,18456.09806705791
2013-05-17 10:00:00,19024.15804358839
2013-05-17 11:00:00,19988.684070562693
2013-05-17 12:00:00,20401.959141727137
2013-05-17 13:00:00,19997.243177979508
2013-05-17 14:00:00,19750.478148910504
2013-05-17 15:00:00,19366.693312989923
2013-05-17 16:00:00,19453.59525179263
2013-05-17 17:00:00,21826.36868994338
2013-05-17 18:00:00,20892.61526739267
2013-05-17 19:00:00,20577.343184443365
2013-05-17 20:00:00,19823.41650401024
2013-05-17 21:00:00,19079.63479519571
2013-05-17 22:00:00,18172.50337450736
2013-05-17 23:00:00,17347.84259140229
2013-05-18 00:00:00,16683.044898563516
2013-05-18 01:00:00,15983.993678784587
2013-05-18 02:00:00,15571.668986323017
2013-05-18 03:00:00,15156.808050956795
2013-05-18 04:00:00,14760.027107309006
2013-05-18 05:00:00,14887.858020335827
2013-05-18 06:00:00,15192.040452054638
2013-05-18 07:00:00,15868.900971190638
2013-05-18 08:00:00,15739.821883529863
2013-05-18 09:00:00,15766.472380847037
2013-05-18 10:00:00,16309.158530149112
2013-05-18 11:00:00,17456.058940327574
2013-05-18 12:00:00,18391.083333876086
2013-05-18 13:00:00,17064.98026889702
2013-05-18 14:00:00,16483.59789325343
2013-05-18 15:00:00,15976.11564959438
2013-05-18 16:00:00,16258.07888521545
2013-05-18 17:00:00,18695.872755638982
2013-05-18 18:00:00,18268.01001345459
2013-05-18 19:00:00,18046.303918410016
2013-05-18 20:00:00,17971.127116336716
2013-05-18 21:00:00,17392.275284506813
2013-05-18 22:00:00,16607.25540735516
2013-05-18 23:00:00,15845.236260220214
2013-05-19 00:00:00,15243.080203351563
2013-05-19 01:00:00,14607.463551643646
2013-05-19 02:00:00,14204.654044392726
2013-05-19 03:00:00,13962.652307020011
2013-05-19 04:00:00,13538.911671942042
2013-05-19 05:00:00,14012.460980955875
2013-05-19 06:00:00,15231.687057099018
2013-05-19 07:00:00,15826.082637742706
2013-05-19 08:00:00,15960.257007576625
2013-05-19 09:00:00,15709.381269583128
2013-05-19 10:00:00,16488.361184949717
2013-05-19 11:00:00,17651.120237145933
2013-05-19 12:00:00,17996.203147634038
2013-05-19 13:00:00,17803.9929869243
2013-05-19 14:00:00,17083.05456152449
2013-05-19 15:00:00,17090.9781834424
2013-05-19 16:00:00,18019.974013387782
2013-05-19 17:00:00,20232.575167159226
2013-05-19 18:00:00,19708.76764076743
2013-05-19 19:00:00,19291.20731680361
2013-05-19 20:00:00,18794.190637058087
2013-05-19 21:00:00,18021.8633726116
2013-05-19 22:00:00,17010.064914606082
2013-05-19 23:00:00,16073.600705275852
2013-05-20 00:00:00,15296.999586211923
2013-05-20 01:00:00,14832.656268295737
2013-05-20 02:00:00,14379.099106588006
2013-05-20 03:00:00,13970.581628028885
2013-05-20 04:00:00,13798.993401033185
2013-05-20 05:00:00,14232.896105002637
2013-05-20 06:00:00,15234.858785502569
2013-05-20 07:00:00,16630.115788042767
2013-05-20 08:00:00,16837.239911158355
2013-05-20 09:00:00,16825.829667632923
2013-05-20 10:00:00,17384.374458952752
2013-05-20 11:00:00,18328.284251303976
2013-05-20 12:00:00,18804.993890539434
2013-05-20 13:00:00,18108.478913665153
2013-05-20 14:00:00,17804.622773332238
2013-05-20 15:00:00,17463.65627085959
2013-05-20 16:00:00,17755.13469169131
2013-05-20 17:00:00,20137.42331505271
2013-05-20 18:00:00,19354.326991670656
2013-05-20 19:00:00,19012.095217291164
2013-05-20 20:00:00,18342.21933955213
2013-05-20 21:00:00,17490.59886501688
2013-05-20 22:00:00,16432.81034515988
2013-05-20 23:00:00,15580.396938523741
2013-05-21 00:00:00,14887.846622153902
2013-05-21 01:00:00,14109.50219228621
2013-05-21 02:00:00,13847.834598993288
2013-05-21 03:00:00,13345.751132529427
2013-05-21 04:00:00,13213.809510578109
2013-05-21 05:00:00,13893.521165822729
2013-05-21 06:00:00,15201.555637265288
2013-05-21 07:00:00,15837.18368715513
2013-05-21 08:00:00,16250.470156501502
2013-05-21 09:00:00,16399.232197355374
2013-05-21 10:00:00,17236.88908818765
2013-05-21 11:00:00,18084.06116423058
2013-05-21 12:00:00,18602.003272712198
2013-05-21 13:00:00,17905.488295837917
2013-05-21 14:00:00,17725.329563243475
2013-05-21 15:00:00,17270.180838243006
2013-05-21 16:00:00,17636.194876558162
2013-05-21 17:00:00,19737.785536205338
2013-05-21 18:00:00,19293.271219902304
2013-05-21 19:00:00,18966.105155439684
2013-05-21 20:00:00,18340.633475350354
2013-05-21 21:00:00,17417.64911173522
2013-05-21 22:00:00,16347.173678264015
2013-05-21 23:00:00,15486.830950618998
2013-05-22 00:00:00,14786.351313240282
2013-05-22 01:00:00,14196.724723383848
2013-05-22 02:00:00,13849.420463195063
2013-05-22 03:00:00,13539.226565146013
2013-05-22 04:00:00,13431.072906221321
2013-05-22 05:00:00,13822.157276742842
2013-05-22 06:00:00,15553.617490059403
2013-05-22 07:00:00,16198.760725159895
2013-05-22 08:00:00,16654.865527954196
2013-05-22 09:00:00,16792.526519395644
2013-05-22 10:00:00,17211.515260959248
2013-05-22 11:00:00,17917.54542304418
2013-05-22 12:00:00,18557.599075062488
2013-05-22 13:00:00,18235.348049807177
2013-05-22 14:00:00,17711.056785427496
2013-05-22 15:00:00,17552.464666159005
2013-05-22 16:00:00,17609.235185127985
2013-05-22 17:00:00,20275.39350060716
2013-05-22 18:00:00,19286.927763095206
2013-05-22 19:00:00,18788.48836484085
2013-05-22 20:00:00,18465.916747290605
2013-05-22 21:00:00,17579.407260316297
2013-05-22 22:00:00,16397.921332720824
2013-05-22 23:00:00,15663.654809116942
2013-05-23 00:00:00,15089.251375779362
2013-05-23 01:00:00,14488.5237365105
2013-05-23 02:00:00,13958.845093117558
2013-05-23 03:00:00,13637.550145656078
2013-05-23 04:00:00,13581.730005389973
2013-05-23 05:00:00,13952.198141288414
2013-05-23 06:00:00,15295.12162517003
2013-05-23 07:00:00,16501.660787698973
2013-05-23 08:00:00,16732.572873841185
2013-05-23 09:00:00,16711.647445105104
2013-05-23 10:00:00,17390.71791575985
2013-05-23 11:00:00,18066.616658011055
2013-05-23 12:00:00,18751.074507679074
2013-05-23 13:00:00,18030.771567778163
2013-05-23 14:00:00,17864.885612999697
2013-05-23 15:00:00,17489.030098087995
2013-05-23 16:00:00,18046.933704817962
2013-05-23 17:00:00,19980.422759076955
2013-05-23 18:00:00,19449.47884377717
2013-05-23 19:00:00,19194.469600495322
2013-05-23 20:00:00,18334.290018543255
2013-05-23 21:00:00,17626.983186369554
2013-05-23 22:00:00,16418.5375673439
2013-05-23 23:00:00,15645.417370796527
2013-05-24 00:00:00,15032.160264515453
2013-05-24 01:00:00,14474.250958694522
2013-05-24 02:00:00,13933.471265889153
2013-05-24 03:00:00,13504.337552706957
2013-05-24 04:00:00,13331.163461509477
2013-05-24 05:00:00,13904.622215235153
2013-05-24 06:00:00,15358.556193241042
2013-05-24 07:00:00,16431.88276282086
2013-05-24 08:00:00,16559.71367584768
2013-05-24 09:00:00,16778.253741579665
2013-05-24 10:00:00,17431.95038500601
2013-05-24 11:00:00,18355.243942734156
2013-05-24 12:00:00,18681.29648280096
2013-05-24 13:00:00,18048.21607399769
2013-05-24 14:00:00,17657.137402567136
2013-05-24 15:00:00,17041.816393187364
2013-05-24 16:00:00,17855.04413640315
2013-05-24 17:00:00,20105.706031017202
2013-05-24 18:00:00,19125.962546615014
2013-05-24 19:00:00,18149.38509152541
2013-05-24 20:00:00,18424.684278044446
2013-05-24 21:00:00,17447.780531568947
2013-05-24 22:00:00,16416.951703142127
2013-05-24 23:00:00,15529.64928406693
2013-05-25 00:00:00,14802.209955258037
2013-05-25 01:00:00,14250.64410624421
2013-05-25 02:00:00,13809.77385815068
2013-05-25 03:00:00,13396.498786986238
2013-05-25 04:00:00,13048.87963359348
2013-05-25 05:00:00,13156.094311997223
2013-05-25 06:00:00,13913.833905423764
2013-05-25 07:00:00,14893.59448709884
2013-05-25 08:00:00,14482.231571522067
2013-05-25 09:00:00,14710.286822464703
2013-05-25 10:00:00,15105.487601001678
2013-05-25 11:00:00,16222.256591346406
2013-05-25 12:00:00,17154.109256491367
2013-05-25 13:00:00,15363.347980392145
2013-05-25 14:00:00,14528.227332464514
2013-05-25 15:00:00,14125.412126122628
2013-05-25 16:00:00,14756.265486134258
2013-05-25 17:00:00,16960.937318896827
2013-05-25 18:00:00,16772.5400711805
2013-05-25 19:00:00,16606.339223198065
2013-05-25 20:00:00,16580.3242113798
2013-05-25 21:00:00,15825.44145315284
2013-05-25 22:00:00,15114.957193484628
2013-05-25 23:00:00,14525.797244343183
2013-05-26 00:00:00,14096.500385468036
2013-05-26 01:00:00,13219.832375090278
2013-05-26 02:00:00,12839.224966664211
2013-05-26 03:00:00,12521.101747606284
2013-05-26 04:00:00,12405.018767672716
2013-05-26 05:00:00,13000.679620223245
2013-05-26 06:00:00,14245.279523594796
2013-05-26 07:00:00,15393.141710658052
2013-05-26 08:00:00,15600.265833773637
2013-05-26 09:00:00,15460.400589904408
2013-05-26 10:00:00,16171.188344594662
2013-05-26 11:00:00,16956.51171676836
2013-05-26 12:00:00,17637.797838032828
2013-05-26 13:00:00,17020.57607124731
2013-05-26 14:00:00,16678.65919007179
2013-05-26 15:00:00,16250.470156501502
2013-05-26 16:00:00,17157.26388762203
2013-05-26 17:00:00,18816.398434973904
2013-05-26 18:00:00,18950.724552318847
2013-05-26 19:00:00,18514.133857933724
2013-05-26 20:00:00,18058.349647434356
2013-05-26 21:00:00,17155.981518442295
2013-05-26 22:00:00,15998.283553873453
2013-05-26 23:00:00,15267.188758673123
2013-05-27 00:00:00,14695.957053739094
2013-05-27 01:00:00,13885.895339835895
2013-05-27 02:00:00,13587.752869902142
2013-05-27 03:00:00,13210.95267537853
2013-05-27 04:00:00,13029.849263172178
2013-05-27 05:00:00,13615.994930512054
2013-05-27 06:00:00,14887.554525313783
2013-05-27 07:00:00,16111.538194062254
2013-05-27 08:00:00,16475.66287315359
2013-05-27 09:00:00,16442.050530803306
2013-05-27 10:00:00,16924.473840437924
2013-05-27 11:00:00,17540.10974302166
2013-05-27 12:00:00,18083.425678731677
2013-05-27 13:00:00,17509.022245394095
2013-05-27 14:00:00,16788.083819994285
2013-05-27 15:00:00,16681.825219384376
2013-05-27 16:00:00,17577.517901092477
2013-05-27 17:00:00,19246.167633655
2013-05-27 18:00:00,18645.445693477104
2013-05-27 19:00:00,18311.143240106492
2013-05-27 20:00:00,17764.96477010593
2013-05-27 21:00:00,17032.284110703826
2013-05-27 22:00:00,15979.25318345215
2013-05-27 23:00:00,15111.774066899145
2013-05-28 00:00:00,14404.158040612441
2013-05-28 01:00:00,13652.773302174928
2013-05-28 02:00:00,13227.761696099155
2013-05-28 03:00:00,12919.153662251878
2013-05-28 04:00:00,12738.050250045526
2013-05-28 05:00:00,13457.408510334524
2013-05-28 06:00:00,14882.796932708454
2013-05-28 07:00:00,15956.123502288277
2013-05-28 08:00:00,15896.822439505615
2013-05-28 09:00:00,15929.81639362989
2013-05-28 10:00:00,16542.280567810078
2013-05-28 11:00:00,17598.786718487347
2013-05-28 12:00:00,17510.928701890807
2013-05-28 13:00:00,17253.698108908276
2013-05-28 14:00:00,16608.881165193678
2013-05-28 15:00:00,16455.046638530515
2013-05-28 16:00:00,17244.48641871967
2013-05-28 17:00:00,19120.884361714754
2013-05-28 18:00:00,18647.03155767888
2013-05-28 19:00:00,18499.86108011775
2013-05-28 20:00:00,17783.995140527233
2013-05-28 21:00:00,17086.203493564186
2013-05-28 22:00:00,15998.283553873453
2013-05-28 23:00:00,14988.076659160673
2013-05-29 00:00:00,14137.732854714195
2013-05-29 01:00:00,13682.90472200866
2013-05-29 02:00:00,13219.832375090278
2013-05-29 03:00:00,12900.123291830574
2013-05-29 04:00:00,12777.69685508991
2013-05-29 05:00:00,13565.247276055246
2013-05-29 06:00:00,14938.302179770593
2013-05-29 07:00:00,16320.872268696588
2013-05-29 08:00:00,16391.6120704595
2013-05-29 09:00:00,16297.736888441754
2013-05-29 10:00:00,16908.615198420168
2013-05-29 11:00:00,17705.039620006293
2013-05-29 12:00:00,17771.01043098195
2013-05-29 13:00:00,17294.93057815443
2013-05-29 14:00:00,17003.761351435725
2013-05-29 15:00:00,16916.533121247117
2013-05-29 16:00:00,17345.981727633287
2013-05-29 17:00:00,19328.632572147315
2013-05-29 18:00:00,18780.244150628005
2013-05-29 19:00:00,18295.28459808874
2013-05-29 20:00:00,17969.54125213494
2013-05-29 21:00:00,17106.819728187264
2013-05-29 22:00:00,15923.747936390018
2013-05-29 23:00:00,14999.177708573103
2013-05-30 00:00:00,14234.470571022486
2013-05-30 01:00:00,13582.995277296817
2013-05-30 02:00:00,13080.276325334053
2013-05-30 03:00:00,12865.23427939152
2013-05-30 04:00:00,12747.565435256176
2013-05-30 05:00:00,13441.549868316773
2013-05-30 06:00:00,14897.069710524433
2013-05-30 07:00:00,16100.437144649828
2013-05-30 08:00:00,16437.602132310985
2013-05-30 09:00:00,16670.414975858945
2013-05-30 10:00:00,17086.231989019
2013-05-30 11:00:00,18001.596225738267
2013-05-30 12:00:00,18208.708950671928
2013-05-30 13:00:00,17180.748355626616
2013-05-30 14:00:00,16995.832030426845
2013-05-30 15:00:00,16876.886516202736
2013-05-30 16:00:00,17250.82987552677
2013-05-30 17:00:00,19312.773930129566
2013-05-30 18:00:00,18877.774799037183
2013-05-30 19:00:00,18358.71916615975
2013-05-30 20:00:00,17971.127116336716
2013-05-30 21:00:00,17067.173123142882
2013-05-30 22:00:00,15998.283553873453
2013-05-30 23:00:00,15069.748665552102
2013-05-31 00:00:00,14301.076867497048
2013-05-31 01:00:00,13720.965462851267
2013-05-31 02:00:00,13189.700955256547
2013-05-31 03:00:00,12873.163600400396
2013-05-31 04:00:00,12912.495312240808
2013-05-31 05:00:00,13506.57030058956
2013-05-31 06:00:00,14927.201130358166
2013-05-31 07:00:00,16274.882206845108
2013-05-31 08:00:00,16390.026206257724
2013-05-31 09:00:00,16367.514913319867
2013-05-31 10:00:00,17044.999519772842
2013-05-31 11:00:00,18038.0711023791
2013-05-31 12:00:00,18511.609013211004
2013-05-31 13:00:00,17789.72020910832
2013-05-31 14:00:00,17431.94468591505
2013-05-31 15:00:00,16975.210096712803
2013-05-31 16:00:00,17602.89172832088
2013-05-31 17:00:00,19525.279733167452
2013-05-31 18:00:00,19035.568287113823
2013-05-31 19:00:00,18615.629166847342
2013-05-31 20:00:00,18191.562240383482
2013-05-31 21:00:00,17114.74904919614
2013-05-31 22:00:00,16328.143307842714
2013-05-31 23:00:00,15440.047956666627
2013-06-01 00:00:00,14711.815695756844
2013-06-01 01:00:00,14049.23935261875
2013-06-01 02:00:00,13399.035029890883
2013-06-01 03:00:00,13187.164712351898
2013-06-01 04:00:00,13020.334077961523
2013-06-01 05:00:00,13251.24616410374
2013-06-01 06:00:00,13978.854337696548
2013-06-01 07:00:00,15023.635351644412
2013-06-01 08:00:00,15029.354721134536
2013-06-01 09:00:00,14873.630835247557
2013-06-01 10:00:00,15631.99451599107
2013-06-01 11:00:00,16866.11745726717
2013-06-01 12:00:00,17515.686294496132
2013-06-01 13:00:00,15556.82341300873
2013-06-01 14:00:00,14832.713259205366
2013-06-01 15:00:00,14513.948855557572
2013-06-01 16:00:00,15173.347771201154
2013-06-01 17:00:00,17201.98867756667
2013-06-01 18:00:00,17299.046986169895
2013-06-01 19:00:00,17229.58385449575
2013-06-01 20:00:00,17008.507545859124
2013-06-01 21:00:00,16307.544170492523
2013-06-01 22:00:00,15524.110157542646
2013-06-01 23:00:00,14728.787862170415
2013-06-02 00:00:00,14093.328657064487
2013-06-02 01:00:00,13297.539720977267
2013-06-02 02:00:00,12991.467930034636
2013-06-02 03:00:00,12595.63736508972
2013-06-02 04:00:00,12731.706793238425
2013-06-02 05:00:00,13327.367645788952
2013-06-02 06:00:00,14573.553413362275
2013-06-02 07:00:00,15730.930785636188
2013-06-02 08:00:00,15644.670031423348
2013-06-02 09:00:00,15764.886516645262
2013-06-02 10:00:00,16526.421925792325
2013-06-02 11:00:00,17640.019187733502
2013-06-02 12:00:00,18123.072283776062
2013-06-02 13:00:00,17410.69866488403
2013-06-02 14:00:00,16908.609499329206
2013-06-02 15:00:00,16672.310034173726
2013-06-02 16:00:00,17390.385925282993
2013-06-02 17:00:00,19544.310103588756
2013-06-02 18:00:00,18612.93547734071
2013-06-02 19:00:00,18192.203424973348
2013-06-02 20:00:00,17939.40983230121
2013-06-02 21:00:00,17211.486765504433
2013-06-02 22:00:00,15939.606578407767
2013-06-02 23:00:00,15131.229114762338
2013-06-03 00:00:00,14467.338942036511
2013-06-03 01:00:00,13859.815616568001
2013-06-03 02:00:00,13315.86419535908
2013-06-03 03:00:00,12894.885917882035
2013-06-03 04:00:00,12969.558871554054
2013-06-03 05:00:00,13820.993028655099
2013-06-03 06:00:00,15594.81322337134
2013-06-03 07:00:00,16543.984033164434
2013-06-03 08:00:00,16843.537448047682
2013-06-03 09:00:00,16811.50790857132
2013-06-03 10:00:00,17443.680797261637
2013-06-03 11:00:00,18381.925476894587
2013-06-03 12:00:00,18642.731469992326
2013-06-03 13:00:00,17902.719815581288
2013-06-03 14:00:00,17721.65662420175
2013-06-03 15:00:00,17174.983066218716
2013-06-03 16:00:00,17760.75388449181
2013-06-03 17:00:00,19461.799245178667
2013-06-03 18:00:00,19170.999168435774
2013-06-03 19:00:00,18788.668559619353
2013-06-03 20:00:00,18312.49729052103
2013-06-03 21:00:00,17266.726100608223
2013-06-03 22:00:00,16127.83851442011
2013-06-03 23:00:00,15280.300349729214
2013-06-04 00:00:00,14594.208078178533
2013-06-04 01:00:00,14143.685308685777
2013-06-04 02:00:00,13717.087838408228
2013-06-04 03:00:00,13383.33209202882
2013-06-04 04:00:00,13240.741650057626
2013-06-04 05:00:00,13740.11395436456
2013-06-04 06:00:00,15323.630444867766
2013-06-04 07:00:00,16528.125391146685
2013-06-04 08:00:00,16811.820164012177
2013-06-04 09:00:00,16576.800006708578
2013-06-04 10:00:00,17007.568141773438
2013-06-04 11:00:00,17950.57041401171
2013-06-04 12:00:00,18500.003691832553
2013-06-04 13:00:00,17633.122901279494
2013-06-04 14:00:00,17022.290511218853
2013-06-04 15:00:00,16880.012324688512
2013-06-04 16:00:00,17376.974747662192
2013-06-04 17:00:00,19468.142701985766
2013-06-04 18:00:00,19098.842347255
2013-06-04 19:00:00,18737.920905162544
2013-06-04 20:00:00,18101.57735168492
2013-06-04 21:00:00,16938.45221084074
2013-06-04 22:00:00,16159.555798455616
2013-06-04 23:00:00,15274.749825023
2013-06-05 00:00:00,14551.3897447306
2013-06-05 01:00:00,13831.270060936049
2013-06-05 02:00:00,13380.884627631869
2013-06-05 03:00:00,13132.765548148327
2013-06-05 04:00:00,12996.51856298423
2013-06-05 05:00:00,13248.496051814223
2013-06-05 06:00:00,15093.680135610348
2013-06-05 07:00:00,16502.75156391828
2013-06-05 08:00:00,16860.98195426721
2013-06-05 09:00:00,16757.588525710962
2013-06-05 10:00:00,17345.35721675157
2013-06-05 11:00:00,18453.289365974473
2013-06-05 12:00:00,18603.084864947945
2013-06-05 13:00:00,17779.02240784282
2013-06-05 14:00:00,17025.4622396224
2013-06-05 15:00:00,17157.53855999919
2013-06-05 16:00:00,17338.91400681959
2013-06-05 17:00:00,19943.901962518354
2013-06-05 18:00:00,19002.104630946706
2013-06-05 19:00:00,18661.799423477332
2013-06-05 20:00:00,18453.63920447903
2013-06-05 21:00:00,17258.796779599346
2013-06-05 22:00:00,16165.899255262717
2013-06-05 23:00:00,15285.057942334539
2013-06-06 00:00:00,14565.66252254658
2013-06-06 01:00:00,13809.067962111194
2013-06-06 02:00:00,13426.874689483351
2013-06-06 03:00:00,13167.654560587383
2013-06-06 04:00:00,13148.761526354658
2013-06-06 05:00:00,13808.306115040896
2013-06-06 06:00:00,15188.831987716865
2013-06-06 07:00:00,16604.246872831893
2013-06-06 08:00:00,16775.345287371347
2013-06-06 09:00:00,16662.436673604443
2013-06-06 10:00:00,17083.68962345865
2013-06-06 11:00:00,17937.883500397507
2013-06-06 12:00:00,18506.347148639652
2013-06-06 13:00:00,17523.698271356996
2013-06-06 14:00:00,17114.270634921817
2013-06-06 15:00:00,16984.679362005685
2013-06-06 16:00:00,17434.065858926107
2013-06-06 17:00:00,19690.16369023431
2013-06-06 18:00:00,18845.897007071842
2013-06-06 19:00:00,18668.14288028443
2013-06-06 20:00:00,18101.57735168492
2013-06-06 21:00:00,17133.5135076591
2013-06-06 22:00:00,16096.121230384606
2013-06-06 23:00:00,15194.66368283335
2013-06-07 00:00:00,14454.652028422308
2013-06-07 01:00:00,13690.128146978048
2013-06-07 02:00:00,13292.076232332452
2013-06-07 03:00:00,12993.209498392103
2013-06-07 04:00:00,12874.407019447537
2013-06-07 05:00:00,13627.517596038513
2013-06-07 06:00:00,14928.75025862572
2013-06-07 07:00:00,16237.912242221806
2013-06-07 08:00:00,16629.44578080802
2013-06-07 09:00:00,16622.79006856006
2013-06-07 10:00:00,17151.881784134985
2013-06-07 11:00:00,17939.46936459928
2013-06-07 12:00:00,18514.276469648532
2013-06-07 13:00:00,17721.931296578907
2013-06-07 14:00:00,17042.90674584193
2013-06-07 15:00:00,16927.588250741774
2013-06-07 16:00:00,17478.470056575814
2013-06-07 17:00:00,19461.799245178667
2013-06-07 18:00:00,18895.058797326878
2013-06-07 19:00:00,18622.152818432947
2013-06-07 20:00:00,17879.55636343638
2013-06-07 21:00:00,17087.523445807616
2013-06-07 22:00:00,15904.231661969796
2013-06-07 23:00:00,15129.64325056056
2013-06-08 00:00:00,14516.500732291544
2013-06-08 01:00:00,13924.836048840789
2013-06-08 02:00:00,13154.106046778004
2013-06-08 03:00:00,12766.430917538239
2013-06-08 04:00:00,12861.720105833332
2013-06-08 05:00:00,13105.768273654448
2013-06-08 06:00:00,13780.584576540423
2013-06-08 07:00:00,15016.79680685484
2013-06-08 08:00:00,15034.06639382209
2013-06-08 09:00:00,15014.72376795993
2013-06-08 10:00:00,15261.531655618854
2013-06-08 11:00:00,16485.23189157135
2013-06-08 12:00:00,17611.9197388384
2013-06-08 13:00:00,14824.557399935476
2013-06-08 14:00:00,14199.452232058857
2013-06-08 15:00:00,13851.011699297733
2013-06-08 16:00:00,14398.721776728222
2013-06-08 17:00:00,16583.45571895654
2013-06-08 18:00:00,16569.38894542343
2013-06-08 19:00:00,16479.650281834547
2013-06-08 20:00:00,16225.500000984764
2013-06-08 21:00:00,15412.850848732922
2013-06-08 22:00:00,14473.782151968497
2013-06-08 23:00:00,13587.390314334105
2013-06-09 00:00:00,12862.44436983993
2013-06-09 01:00:00,12405.578143540071
2013-06-09 02:00:00,12010.697957298027
2013-06-09 03:00:00,11651.568383690217
2013-06-09 04:00:00,11607.301522229089
2013-06-09 05:00:00,12460.321543531909
2013-06-09 06:00:00,13778.998712338647
2013-06-09 07:00:00,14947.018781976729
2013-06-09 08:00:00,14859.621331626811
2013-06-09 09:00:00,14613.500124910785
2013-06-09 10:00:00,15163.208075108787
2013-06-09 11:00:00,16142.685223987892
2013-06-09 12:00:00,16838.018008372062
2013-06-09 13:00:00,16023.470736477586
2013-06-09 14:00:00,15599.770322226426
2013-06-09 15:00:00,15570.088494022135
2013-06-09 16:00:00,16498.40597987869
2013-06-09 17:00:00,18654.594366475052
2013-06-09 18:00:00,18309.8749068718
2013-06-09 19:00:00,18017.93855755657
2013-06-09 20:00:00,17475.16099198368
2013-06-09 21:00:00,16457.93535770283
2013-06-09 22:00:00,15452.26036446384
2013-06-09 23:00:00,14524.636057583295
2013-06-10 00:00:00,13758.457643842961
2013-06-10 01:00:00,13082.742157698114
2013-06-10 02:00:00,12698.963020868498
2013-06-10 03:00:00,12403.268015331698
2013-06-10 04:00:00,12289.223128992458
2013-06-10 05:00:00,12996.343643731954
2013-06-10 06:00:00,14654.395751718597
2013-06-10 07:00:00,16092.01273565848
2013-06-10 08:00:00,16653.233743834648
2013-06-10 09:00:00,16308.788956608556
2013-06-10 10:00:00,16641.233511163347
2013-06-10 11:00:00,17646.084487270855
2013-06-10 12:00:00,18254.194740557385
2013-06-10 13:00:00,17174.80814696644
2013-06-10 14:00:00,16603.62236195018
2013-06-10 15:00:00,16510.505965674874
2013-06-10 16:00:00,16955.13486998997
2013-06-10 17:00:00,18599.089119412914
2013-06-10 18:00:00,18502.557407387496
2013-06-10 19:00:00,18233.616088998006
2013-06-10 20:00:00,17671.808153003818
2013-06-10 21:00:00,16830.613445120023
2013-06-10 22:00:00,15414.199623621234
2013-06-10 23:00:00,14536.530039096606
2013-06-11 00:00:00,13820.3063477122
2013-06-11 01:00:00,12970.145799372072
2013-06-11 02:00:00,12459.497526400432
2013-06-11 03:00:00,12249.439187759497
2013-06-11 04:00:00,12251.162388149853
2013-06-11 05:00:00,12853.61586557218
2013-06-11 06:00:00,14045.42389823689
2013-06-11 07:00:00,15890.60798203302
2013-06-11 08:00:00,16207.605903135796
2013-06-11 09:00:00,16262.798894757072
2013-06-11 10:00:00,16753.82986948939
2013-06-11 11:00:00,17596.922697015823
2013-06-11 12:00:00,18200.275357697028
2013-06-11 13:00:00,17306.434875713785
2013-06-11 14:00:00,16722.562177083324
2013-06-11 15:00:00,16466.101768025168
2013-06-11 16:00:00,17069.31709251779
2013-06-11 17:00:00,18703.756156730084
2013-06-11 18:00:00,18432.779382509383
2013-06-11 19:00:00,18159.080471514568
2013-06-11 20:00:00,17698.767844433998
2013-06-11 21:00:00,16651.410790319413
2013-06-11 22:00:00,15526.79598194728
2013-06-11 23:00:00,14572.211983636551
2013-06-12 00:00:00,13779.073878466043
2013-06-12 01:00:00,13312.69246695553
2013-06-12 02:00:00,12713.235798684475
2013-06-12 03:00:00,12504.763324245314
2013-06-12 04:00:00,12482.698561609042
2013-06-12 05:00:00,13370.60759535092
2013-06-12 06:00:00,14611.577418270666
2013-06-12 07:00:00,16157.033167931268
2013-06-12 08:00:00,16716.66831190566
2013-06-12 09:00:00,16545.082722673073
2013-06-12 10:00:00,16890.214190842067
2013-06-12 11:00:00,17864.933747115843
2013-06-12 12:00:00,18135.254925424237
2013-06-12 13:00:00,17276.303455880057
2013-06-12 14:00:00,16855.774770032447
2013-06-12 15:00:00,16434.384483989663
2013-06-12 16:00:00,17070.902956719565
2013-06-12 17:00:00,18924.19128077685
2013-06-12 18:00:00,18681.760062188103
2013-06-12 19:00:00,18347.798311525825
2013-06-12 20:00:00,17965.193030332244
2013-06-12 21:00:00,16903.563198401684
2013-06-12 22:00:00,15545.826352368584
2013-06-12 23:00:00,14682.429545659934
2013-06-13 00:00:00,13980.478632091501
2013-06-13 01:00:00,13254.015491489847
2013-06-13 02:00:00,12836.933206422947
2013-06-13 03:00:00,12444.500484577853
2013-06-13 04:00:00,12190.899548482392
2013-06-13 05:00:00,13218.364631980496
2013-06-13 06:00:00,14514.839701962374
2013-06-13 07:00:00,15947.69909329693
2013-06-13 08:00:00,16340.818496084921
2013-06-13 09:00:00,16258.041302151749
2013-06-13 10:00:00,16677.708387804178
2013-06-13 11:00:00,17240.103251616383
2013-06-13 12:00:00,17919.5773939828
2013-06-13 13:00:00,16867.150491822034
2013-06-13 14:00:00,16303.89402781465
2013-06-13 15:00:00,16169.545162293192
2013-06-13 16:00:00,16658.578264257994
2013-06-13 17:00:00,18537.24041554368
2013-06-13 18:00:00,18364.587221833044
2013-06-13 19:00:00,18041.726520583197
2013-06-13 20:00:00,17323.710960714143
2013-06-13 21:00:00,16513.440604764965
2013-06-13 22:00:00,15412.613759419459
2013-06-13 23:00:00,14457.236829007845
2013-06-14 00:00:00,13663.305791736446
2013-06-14 01:00:00,13220.712343252564
2013-06-14 02:00:00,12457.911662198656
2013-06-14 03:00:00,12231.994681539967
2013-06-14 04:00:00,12132.222573016707
2013-06-14 05:00:00,13028.060927767458
2013-06-14 06:00:00,14205.596182616195
2013-06-14 07:00:00,15609.910018318793
2013-06-14 08:00:00,16307.515347847639
2013-06-14 09:00:00,16438.82982115413
2013-06-14 10:00:00,16639.647646961574
2013-06-14 11:00:00,17322.568190108697
2013-06-14 12:00:00,17994.113011466237
2013-06-14 13:00:00,17319.121789327986
2013-06-14 14:00:00,16464.066312193954
2013-06-14 15:00:00,16055.362939765371
2013-06-14 16:00:00,16744.21493115386
2013-06-14 17:00:00,18841.72634228453
2013-06-14 18:00:00,18430.40058620672
2013-06-14 19:00:00,18192.383619751847
2013-06-14 20:00:00,17724.1416716624
2013-06-14 21:00:00,16724.36054360108
2013-06-14 22:00:00,15656.836846492854
2013-06-14 23:00:00,14550.802816912585
2013-06-15 00:00:00,13606.214680472536
2013-06-15 01:00:00,13058.954194671487
2013-06-15 02:00:00,12377.032587908117
2013-06-15 03:00:00,12246.267459355946
2013-06-15 04:00:00,11903.858127961066
2013-06-15 05:00:00,12653.796976148495
2013-06-15 06:00:00,13084.390191961074
2013-06-15 07:00:00,14480.774706654796
2013-06-15 08:00:00,15140.319295341034
2013-06-15 09:00:00,15162.20913872503
2013-06-15 10:00:00,15466.108137647865
2013-06-15 11:00:00,16374.221397447085
2013-06-15 12:00:00,17599.232825224197
2013-06-15 13:00:00,15252.7407344148
2013-06-15 14:00:00,14247.028158112114
2013-06-15 15:00:00,13996.91120586106
2013-06-15 16:00:00,14489.116036229416
2013-06-15 17:00:00,16585.041583158312
2013-06-15 18:00:00,16563.838420717217
2013-06-15 19:00:00,16520.882751080702
2013-06-15 20:00:00,16187.439260142157
2013-06-15 21:00:00,15404.921527724044
2013-06-15 22:00:00,14641.883757356676
2013-06-15 23:00:00,13763.421240731159
2013-06-16 00:00:00,13046.404617245864
2013-06-16 01:00:00,12259.678636976747
2013-06-16 02:00:00,11795.020425856592
2013-06-16 03:00:00,11437.476716450554
2013-06-16 04:00:00,11377.351212971675
2013-06-16 05:00:00,12323.937222179238
2013-06-16 06:00:00,13655.301304600172
2013-06-16 07:00:00,15349.82828922765
2013-06-16 08:00:00,15703.30108697126
2013-06-16 09:00:00,15658.584633880693
2013-06-16 10:00:00,15910.150114144943
2013-06-16 11:00:00,16956.23355949861
2013-06-16 12:00:00,17577.03072639934
2013-06-16 13:00:00,16900.453640059313
2013-06-16 14:00:00,16159.580385453099
2013-06-16 15:00:00,15695.371765962382
2013-06-16 16:00:00,16574.527461563906
2013-06-16 17:00:00,18475.391711674445
2013-06-16 18:00:00,18330.491141494877
2013-06-16 19:00:00,18105.161088654208
2013-06-16 20:00:00,17524.322782238716
2013-06-16 21:00:00,16570.531716028876
2013-06-16 22:00:00,15445.916907656741
2013-06-16 23:00:00,14417.590223963463
2013-06-17 00:00:00,13550.7094334104
2013-06-17 01:00:00,12952.701293152544
2013-06-17 02:00:00,12373.860859504568
2013-06-17 03:00:00,12046.448569932261
2013-06-17 04:00:00,11946.676461408995
2013-06-17 05:00:00,12848.858272966856
2013-06-17 06:00:00,14229.384145642824
2013-06-17 07:00:00,15633.697981345427
2013-06-17 08:00:00,16109.282322625731
2013-06-17 09:00:00,16300.85963559968
2013-06-17 10:00:00,16676.122523602404
2013-06-17 11:00:00,17707.93319114009
2013-06-17 12:00:00,18284.326160391116
2013-06-17 13:00:00,17357.182530170594
2013-06-17 14:00:00,16654.37001640699
2013-06-17 15:00:00,16018.88806312454
2013-06-17 16:00:00,16369.950979534893
2013-06-17 17:00:00,18741.81689757269
2013-06-17 18:00:00,18355.072036622394
2013-06-17 19:00:00,17994.150594529936
2013-06-17 20:00:00,17587.757350309726
2013-06-17 21:00:00,16743.390914022384
2013-06-17 22:00:00,15601.33159943072
2013-06-17 23:00:00,14640.404144312888
2013-06-18 00:00:00,13840.922582335279
2013-06-18 01:00:00,13139.833268962026
2013-06-18 02:00:00,12814.731107598094
2013-06-18 03:00:00,11994.115051273675
2013-06-18 04:00:00,11870.554979723784
2013-06-18 05:00:00,12159.007345194606
2013-06-18 06:00:00,12943.248278003075
2013-06-18 07:00:00,13876.560445778417
2013-06-18 08:00:00,14085.719601160474
2013-06-18 09:00:00,14148.841913790628
2013-06-18 10:00:00,14612.913197092766
2013-06-18 11:00:00,15494.066765461805
2013-06-18 12:00:00,16294.06658716314
2013-06-18 13:00:00,15439.872710224281
2013-06-18 14:00:00,14202.623960462406
2013-06-18 15:00:00,13465.646698266339
2013-06-18 16:00:00,13922.96251619564
2013-06-18 17:00:00,16144.171335064784
2013-06-18 18:00:00,16090.457956487297
2013-06-18 19:00:00,16013.406206512615
2013-06-18 20:00:00,15679.962715574067
2013-06-18 21:00:00,15086.162823167215
2013-06-18 22:00:00,14116.962706569058
2013-06-18 23:00:00,13106.873461196194
2013-06-19 00:00:00,12258.230108963551
2013-06-19 01:00:00,11747.444499803332
2013-06-19 02:00:00,11309.745980113354
2013-06-19 03:00:00,11109.20282668307
2013-06-19 04:00:00,11006.25898975626
2013-06-19 05:00:00,11818.04654181292
2013-06-19 06:00:00,13552.220131484783
2013-06-19 07:00:00,15444.980141334165
2013-06-19 08:00:00,16258.353557592605
2013-06-19 09:00:00,16288.172721985477
2013-06-19 10:00:00,16802.991659744424
2013-06-19 11:00:00,17608.023746428247
2013-06-19 12:00:00,18184.416715679272
2013-06-19 13:00:00,17152.60604814158
2013-06-19 14:00:00,16770.13810313658
2013-06-19 15:00:00,16317.030533058289
2013-06-19 16:00:00,16706.154190311252
2013-06-19 17:00:00,18605.43257622002
2013-06-19 18:00:00,18641.32052504283
2013-06-19 19:00:00,18228.85849639268
2013-06-19 20:00:00,17611.54531333636
2013-06-19 21:00:00,16836.956901927122
2013-06-19 22:00:00,15647.321661282202
2013-06-19 23:00:00,14628.510162799574
2013-06-20 00:00:00,13771.144557457164
2013-06-20 01:00:00,13212.78302224369
2013-06-20 02:00:00,12800.458329782115
2013-06-20 03:00:00,12566.61202811455
2013-06-20 04:00:00,12514.415845644546
2013-06-20 05:00:00,13413.425928798852
2013-06-20 06:00:00,14643.29470230617
2013-06-20 07:00:00,16145.932118518836
2013-06-20 08:00:00,16705.567262493234
2013-06-20 09:00:00,16507.02198183047
2013-06-20 10:00:00,16804.577523946202
2013-06-20 11:00:00,17755.50911719335
2013-06-20 12:00:00,18251.023012153833
2013-06-20 13:00:00,17396.829135214975
2013-06-20 14:00:00,16648.026559599886
2013-06-20 15:00:00,16358.26300230445
2013-06-20 16:00:00,17010.640117052106
2013-06-20 17:00:00,18949.565108005252
2013-06-20 18:00:00,18878.407223208236
2013-06-20 19:00:00,18479.425040273174
2013-06-20 20:00:00,17857.354264611524
2013-06-20 21:00:00,17173.16011270348
2013-06-20 22:00:00,15783.705982634874
2013-06-20 23:00:00,14854.495811552553
2013-06-21 00:00:00,14086.731533610446
2013-06-21 01:00:00,13436.389874694001
2013-06-21 02:00:00,13003.448947609351
2013-06-21 03:00:00,12734.71363350273
2013-06-21 04:00:00,12603.224240943964
2013-06-21 05:00:00,13556.153706958627
2013-06-21 06:00:00,14579.860134235163
2013-06-21 07:00:00,16149.103846922388
2013-06-21 08:00:00,16800.71911459975
2013-06-21 09:00:00,16671.951858815093
2013-06-21 10:00:00,17150.295919933207
2013-06-21 11:00:00,18234.440106129485
2013-06-21 12:00:00,18255.78060475916
2013-06-21 13:00:00,17547.48623438363
2013-06-21 14:00:00,17190.39211660703
2013-06-21 15:00:00,16764.24423795892
2013-06-21 16:00:00,17191.428636054487
2013-06-21 17:00:00,19093.878750366803
2013-06-21 18:00:00,18697.618704205855
2013-06-21 19:00:00,18279.60615084949
2013-06-21 20:00:00,17889.07154864703
2013-06-21 21:00:00,16811.58307469872
2013-06-21 22:00:00,15974.009686847909
2013-06-21 23:00:00,14993.258929207888
2013-06-22 00:00:00,14173.954064708087
2013-06-22 01:00:00,13569.602467643126
2013-06-22 02:00:00,12957.45888575787
2013-06-22 03:00:00,12742.64295451161
2013-06-22 04:00:00,12536.6179444694
2013-06-22 05:00:00,13078.808582224267
2013-06-22 06:00:00,13563.321180897208
2013-06-22 07:00:00,14869.311436089738
2013-06-22 08:00:00,15054.682628445169
2013-06-22 09:00:00,14990.9358049333
2013-06-22 10:00:00,15459.764680840764
2013-06-22 11:00:00,16664.43454637196
2013-06-22 12:00:00,17343.908688738375
2013-06-22 13:00:00,15114.770548860351
2013-06-22 14:00:00,14259.715071726318
2013-06-22 15:00:00,13801.8499090427
2013-06-22 16:00:00,14557.308196905751
2013-06-22 17:00:00,16800.71911459975
2013-06-22 18:00:00,16911.142680906003
2013-06-22 19:00:00,16801.58071479493
2013-06-22 20:00:00,16522.056606716742
2013-06-22 21:00:00,15831.518998001595
2013-06-22 22:00:00,14779.853942911126
2013-06-22 23:00:00,13944.20975973354
2013-06-23 00:00:00,13270.011469696177
2013-06-23 01:00:00,12684.690243052522
2013-06-23 02:00:00,12196.244068905735
2013-06-23 03:00:00,11873.589371938759
2013-06-23 04:00:00,11780.160720222595
2013-06-23 05:00:00,12569.746173454405
2013-06-23 06:00:00,13658.473033003726
2013-06-23 07:00:00,15127.807300979111
2013-06-23 08:00:00,15389.299975019752
2013-06-23 09:00:00,15618.938028836312
2013-06-23 10:00:00,15959.311904399978
2013-06-23 11:00:00,16664.43454637196
2013-06-23 12:00:00,17180.56467595552
2013-06-23 13:00:00,16361.259811455719
2013-06-23 14:00:00,16181.782484277952
2013-06-23 15:00:00,16047.433618756493
2013-06-23 16:00:00,16758.487708969835
2013-06-23 17:00:00,18643.493317062625
2013-06-23 18:00:00,18702.37629681118
2013-06-23 19:00:00,18162.25219991812
2013-06-23 20:00:00,17789.16210393519
2013-06-23 21:00:00,17558.525113734875
2013-06-23 22:00:00,15679.038945317707
2013-06-23 23:00:00,14690.35886666881
2013-06-24 00:00:00,13863.124681160132
2013-06-24 01:00:00,13325.379380569733
2013-06-24 02:00:00,13024.065182232429
2013-06-24 03:00:00,12477.803632815137
2013-06-24 04:00:00,12409.748808327378
2013-06-24 05:00:00,13281.799200051502
2013-06-24 06:00:00,14272.20247909076
2013-06-24 07:00:00,16004.790204560843
2013-06-24 08:00:00,16895.87096670627
2013-06-24 09:00:00,16966.922600345297
2013-06-24 10:00:00,17277.165056075235
2013-06-24 11:00:00,18085.36887116261
2013-06-24 12:00:00,18672.862889826058
2013-06-24 13:00:00,17783.780000448143
2013-06-24 14:00:00,16824.057485996942
2013-06-24 15:00:00,16591.385039965415
2013-06-24 16:00:00,17045.529129491162
2013-06-24 17:00:00,19254.051034746106
2013-06-24 18:00:00,18730.12892034225
2013-06-24 19:00:00,18571.40516397614
2013-06-24 20:00:00,18252.234450853568
2013-06-24 21:00:00,16870.260050164405
2013-06-24 22:00:00,15812.251538266832
2013-06-24 23:00:00,14814.84920650817
2013-06-25 00:00:00,13978.892767889727
2013-06-25 01:00:00,13531.541726800519
2013-06-25 02:00:00,12397.648822531197
2013-06-25 03:00:00,12707.753942072553
2013-06-25 04:00:00,12535.032080267625
2013-06-25 05:00:00,13389.637965772223
2013-06-25 06:00:00,14437.132356075383
2013-06-25 07:00:00,15397.404215280907
2013-06-25 08:00:00,16581.869854754765
2013-06-25 09:00:00,16695.739821841726
2013-06-25 10:00:00,17004.396413369886
2013-06-25 11:00:00,17646.084487270855
2013-06-25 12:00:00,18512.690605446758
2013-06-25 13:00:00,17615.678395059964
2013-06-25 14:00:00,16614.723411362604
2013-06-25 15:00:00,16405.838928357705
2013-06-25 16:00:00,16782.275671996464
2013-06-25 17:00:00,19000.31276246206
2013-06-25 18:00:00,18780.08364269817
2013-06-25 19:00:00,18664.97115188088
2013-06-25 20:00:00,17885.89982024348
2013-06-25 21:00:00,16894.048013191034
2013-06-25 22:00:00,15772.604933222448
2013-06-25 23:00:00,14881.45550298273
2013-06-26 00:00:00,14151.751965883233
2013-06-26 01:00:00,13333.308701578608
2013-06-26 02:00:00,12978.075120380949
2013-06-26 03:00:00,12607.84449736071
2013-06-26 04:00:00,12569.921092706682
2013-06-26 05:00:00,13367.43586694737
2013-06-26 06:00:00,14481.536553725095
2013-06-26 07:00:00,15793.870265724727
2013-06-26 08:00:00,16413.76824936658
2013-06-26 09:00:00,16640.23457477959
2013-06-26 10:00:00,17053.558203624918
2013-06-26 11:00:00,17887.1358459407
2013-06-26 12:00:00,18408.02356812959
2013-06-26 13:00:00,17629.951172875943
2013-06-26 14:00:00,16751.107732715278
2013-06-26 15:00:00,16416.939977770133
2013-06-26 16:00:00,16956.720734191746
2013-06-26 17:00:00,19044.71696011177
2013-06-26 18:00:00,18967.215618507653
2013-06-26 19:00:00,18419.16220060571
2013-06-26 20:00:00,18061.930746640537
2013-06-26 21:00:00,16852.815543944875
2013-06-26 22:00:00,15826.524316082807
2013-06-26 23:00:00,14818.02093491172
2013-06-27 00:00:00,13970.96344688085
2013-06-27 01:00:00,13260.358948296947
2013-06-27 02:00:00,12851.205984238924
2013-06-27 03:00:00,12569.783756518102
2013-06-27 04:00:00,12411.334672529152
2013-06-27 05:00:00,12999.515372135505
2013-06-27 06:00:00,14131.060565132755
2013-06-27 07:00:00,15770.082302698098
2013-06-27 08:00:00,16629.44578080802
2013-06-27 09:00:00,16638.648710577814
2013-06-27 10:00:00,17164.56869774919
2013-06-27 11:00:00,18123.429612005213
2013-06-27 12:00:00,18599.913136544394
2013-06-27 13:00:00,17625.193580270618
2013-06-27 14:00:00,17068.280573070337
2013-06-27 15:00:00,16502.576644665998
2013-06-27 16:00:00,16766.417029978715
2013-06-27 17:00:00,18821.110107661454
2013-06-27 18:00:00,18562.820247054955
2013-06-27 19:00:00,18355.7276325347
2013-06-27 20:00:00,17784.404511329863
2013-06-27 21:00:00,16797.31029688274
2013-06-27 22:00:00,15915.332711382223
2013-06-27 23:00:00,14886.213095588057
2013-06-28 00:00:00,14018.539372934109
2013-06-28 01:00:00,13363.44012141234
2013-06-28 02:00:00,12916.226416511712
2013-06-28 03:00:00,12618.945546773137
2013-06-28 04:00:00,12474.769240600164
2013-06-28 05:00:00,13402.324879386424
2013-06-28 06:00:00,14646.466430709723
2013-06-28 07:00:00,16176.06353835257
2013-06-28 08:00:00,16937.103435952424
2013-06-28 09:00:00,17016.084390600332
2013-06-28 10:00:00,17170.91215455629
2013-06-28 11:00:00,18351.794057060855
2013-06-28 12:00:00,18709.337766466888
2013-06-28 13:00:00,17647.395679095473
2013-06-28 14:00:00,16987.401498779796
2013-06-28 15:00:00,16535.87979290328
2013-06-28 16:00:00,16929.761042761565
2013-06-28 17:00:00,18952.736836408803
2013-06-28 18:00:00,18753.12395126799
2013-06-28 19:00:00,18415.990472202164
2013-06-28 20:00:00,17973.12235134112
2013-06-28 21:00:00,17185.847026317682
2013-06-28 22:00:00,16019.999748699393
2013-06-28 23:00:00,15007.531707023863
2013-06-29 00:00:00,14156.509558488557
2013-06-29 01:00:00,13442.733331501106
2013-06-29 02:00:00,13166.792960392206
2013-06-29 03:00:00,12798.148201573744
2013-06-29 04:00:00,12523.9310308552
2013-06-29 05:00:00,13167.616977523685
2013-06-29 06:00:00,13560.149452493657
2013-06-29 07:00:00,15345.070696622326
2013-06-29 08:00:00,15338.552320562945
2013-06-29 09:00:00,14930.67296526584
2013-06-29 10:00:00,15372.542149743125
2013-06-29 11:00:00,16894.384855629374
2013-06-29 12:00:00,17435.888812441342
2013-06-29 13:00:00,15163.932339115383
2013-06-29 14:00:00,14094.78519474169
2013-06-29 15:00:00,13732.071884164588
2013-06-29 16:00:00,14436.78251757083
2013-06-29 17:00:00,16746.79973173939
2013-06-29 18:00:00,16855.63743384387
2013-06-29 19:00:00,16734.97441832037
2013-06-29 20:00:00,16474.48068066348
2013-06-29 21:00:00,15690.377084043597
2013-06-29 22:00:00,14816.328819551954
2013-06-29 23:00:00,13856.194296535012
2013-06-30 00:00:00,13057.50566665829
2013-06-30 01:00:00,12676.760922043644
2013-06-30 02:00:00,12112.193266211645
2013-06-30 03:00:00,11789.538569244663
2013-06-30 04:00:00,11789.675905433245
2013-06-30 05:00:00,12577.67549446328
2013-06-30 06:00:00,13642.614390985971
2013-06-30 07:00:00,14723.411929526415
2013-06-30 08:00:00,15068.955406261148
2013-06-30 09:00:00,15008.380311152829
2013-06-30 10:00:00,15642.139064044923
2013-06-30 11:00:00,16494.747076782005
2013-06-30 12:00:00,17239.241651421205
2013-06-30 13:00:00,16583.28079970426
2013-06-30 14:00:00,16000.993965275573
2013-06-30 15:00:00,16136.24201405591
2013-06-30 16:00:00,16676.02277047752
2013-06-30 17:00:00,18629.220539246646
2013-06-30 18:00:00,18838.760618163855
2013-06-30 19:00:00,18417.576336403938
2013-06-30 20:00:00,18028.627598403255
2013-06-30 21:00:00,16817.92653150582
2013-06-30 22:00:00,15916.918575583997
2013-06-30 23:00:00,14880.662570881843
2013-07-01 00:00:00,14005.852459319907
2013-07-01 01:00:00,13265.116540902272
2013-07-01 02:00:00,12903.53950289751
2013-07-01 03:00:00,12552.339250298577
2013-07-01 04:00:00,12568.335228504906
2013-07-01 05:00:00,13300.829570472804
2013-07-01 06:00:00,14283.303528503182
2013-07-01 07:00:00,16310.86199550347
2013-07-01 08:00:00,16976.750040996805
2013-07-01 09:00:00,17096.96346489087
2013-07-01 10:00:00,17340.599624146245
2013-07-01 11:00:00,18421.572081938968
2013-07-01 12:00:00,18801.317890169856
2013-07-01 13:00:00,17905.89154398484
2013-07-01 14:00:00,17379.10995661829
2013-07-01 15:00:00,16819.749485021053
2013-07-01 16:00:00,17245.34801891485
2013-07-01 17:00:00,18952.736836408803
2013-07-01 18:00:00,18973.55907531475
2013-07-01 19:00:00,18580.920349186792
2013-07-01 20:00:00,18165.011919755925
2013-07-01 21:00:00,17390.423508346696
2013-07-01 22:00:00,15999.383514076313
2013-07-01 23:00:00,14982.15787979546
2013-07-02 00:00:00,14126.378138654829
2013-07-02 01:00:00,13536.299319405845
2013-07-02 02:00:00,13071.64110828569
2013-07-02 03:00:00,12793.390608968415
2013-07-02 04:00:00,12722.164056077107
2013-07-02 05:00:00,13683.02284310065
2013-07-02 06:00:00,14725.759640798484
2013-07-02 07:00:00,16353.680328951401
2013-07-02 08:00:00,17320.882572782044
2013-07-02 09:00:00,17079.518958671342
2013-07-02 10:00:00,17462.71116768294
2013-07-02 11:00:00,18472.319736395777
2013-07-02 12:00:00,18706.16603806334
2013-07-02 13:00:00,18189.761236102615
2013-07-02 14:00:00,17391.79687023249
2013-07-02 15:00:00,16935.51757175065
2013-07-02 16:00:00,17227.90351269532
2013-07-02 17:00:00,19252.46517054433
2013-07-02 18:00:00,19102.01407565855
2013-07-02 19:00:00,18752.19368297852
2013-07-02 20:00:00,18166.597783957703
2013-07-02 21:00:00,17382.494187337816
2013-07-02 22:00:00,15970.83795844436
2013-07-02 23:00:00,14945.683003154627
2013-07-03 00:00:00,14081.973941005119
2013-07-03 01:00:00,13463.349566124183
2013-07-03 02:00:00,13062.125923075037
2013-07-03 03:00:00,12748.986411318709
2013-07-03 04:00:00,12714.234735068232
2013-07-03 05:00:00,13530.77987973022
2013-07-03 06:00:00,14479.950689523319
2013-07-03 07:00:00,16104.699649272681
2013-07-03 08:00:00,17305.023930764288
2013-07-03 09:00:00,17128.680748926377
2013-07-03 10:00:00,17562.620612394785
2013-07-03 11:00:00,18442.188316562042
2013-07-03 12:00:00,18814.00480378406
2013-07-03 13:00:00,17967.740247854075
2013-07-03 14:00:00,17271.27119089757
2013-07-03 15:00:00,16723.01176871276
2013-07-03 16:00:00,17080.418141930215
2013-07-03 17:00:00,18882.95881153069
2013-07-03 18:00:00,18811.00799463279
2013-07-03 19:00:00,18664.97115188088
2013-07-03 20:00:00,18104.749080088466
2013-07-03 21:00:00,17258.796779599346
2013-07-03 22:00:00,16196.030675096446
2013-07-03 23:00:00,15158.188806192516
2013-07-04 00:00:00,14281.792830428805
2013-07-04 01:00:00,13545.814504616497
2013-07-04 02:00:00,13041.509688451957
2013-07-04 03:00:00,12637.975917194439
2013-07-04 04:00:00,12477.940969003717
2013-07-04 05:00:00,13367.43586694737
2013-07-04 06:00:00,14684.52717155233
2013-07-04 07:00:00,16321.963044915896
2013-07-04 08:00:00,17225.730720675525
2013-07-04 09:00:00,16932.03358790624
2013-07-04 10:00:00,17356.458266163998
2013-07-04 11:00:00,18205.89455049753
2013-07-04 12:00:00,18695.064988650913
2013-07-04 13:00:00,17744.133395403762
2013-07-04 14:00:00,17128.543412737796
2013-07-04 15:00:00,16423.283434577235
2013-07-04 16:00:00,16902.801351331385
2013-07-04 17:00:00,18813.18078665258
2013-07-04 18:00:00,18527.9312346159
2013-07-04 19:00:00,18255.81818782286
2013-07-04 20:00:00,17893.829141252354
2013-07-04 21:00:00,17030.432334543704
2013-07-04 22:00:00,15840.797093898784
2013-07-04 23:00:00,14735.555996419405
2013-07-05 00:00:00,13791.760792080242
2013-07-05 01:00:00,13182.651602409958
2013-07-05 02:00:00,12673.589193640093
2013-07-05 03:00:00,12379.480052305069
2013-07-05 04:00:00,12278.122079580031
2013-07-05 05:00:00,13307.173027279909
2013-07-05 06:00:00,14470.435504312667
2013-07-05 07:00:00,16312.447859705246
2013-07-05 08:00:00,17450.923437327616
2013-07-05 09:00:00,17617.126923073163
2013-07-05 10:00:00,17979.70289746168
2013-07-05 11:00:00,18534.168440265013
2013-07-05 12:00:00,18783.87338395033
2013-07-05 13:00:00,18096.195248197873
2013-07-05 14:00:00,17436.2010678822
2013-07-05 15:00:00,16941.861028557752
2013-07-05 16:00:00,17113.7212901675
2013-07-05 17:00:00,18903.57504615377
2013-07-05 18:00:00,19083.776637338135
2013-07-05 19:00:00,18836.24448567261
2013-07-05 20:00:00,18199.900932194985
2013-07-05 21:00:00,17306.372705652604
2013-07-05 22:00:00,15964.494501637257
2013-07-05 23:00:00,14848.945286846338
2013-07-06 00:00:00,13894.841965195636
2013-07-06 01:00:00,13242.91444207742
2013-07-06 02:00:00,12933.67092273124
2013-07-06 03:00:00,12617.359682571361
2013-07-06 04:00:00,12306.667635211987
2013-07-06 05:00:00,12774.322655483411
2013-07-06 06:00:00,13101.834698180604
2013-07-06 07:00:00,14515.663719093853
2013-07-06 08:00:00,15070.541270462922
2013-07-06 09:00:00,15503.169942106715
2013-07-06 10:00:00,15927.594620364469
2013-07-06 11:00:00,17706.347326938318
2013-07-06 12:00:00,18545.993753684037
2013-07-06 13:00:00,15921.975427563966
2013-07-06 14:00:00,14624.463838134629
2013-07-06 15:00:00,14149.154169231486
2013-07-06 16:00:00,14546.207147493324
2013-07-06 17:00:00,16827.67880602993
2013-07-06 18:00:00,17105.411045623474
2013-07-06 19:00:00,16987.126826402637
2013-07-06 20:00:00,16902.664015142807
2013-07-06 21:00:00,15842.620047414022
2013-07-06 22:00:00,14640.2978931549
2013-07-06 23:00:00,13737.25448140187
2013-07-07 00:00:00,12995.656962789053
2013-07-07 01:00:00,12372.274995302792
2013-07-07 02:00:00,12034.485920324656
2013-07-07 03:00:00,11567.517580996127
2013-07-07 04:00:00,11491.533435499492
2013-07-07 05:00:00,12406.402160671549
2013-07-07 06:00:00,13468.169328790691
2013-07-07 07:00:00,15234.060202498054
2013-07-07 08:00:00,16150.514791871889
2013-07-07 09:00:00,16292.930314590805
2013-07-07 10:00:00,16680.88011620773
2013-07-07 11:00:00,17700.00387013122
2013-07-07 12:00:00,18079.749678362106
2013-07-07 13:00:00,17615.678395059964
2013-07-07 14:00:00,16571.90507791467
2013-07-07 15:00:00,16060.120532370696
2013-07-07 16:00:00,16720.426968127227
2013-07-07 17:00:00,18946.3933796017
2013-07-07 18:00:00,19023.513797670676
2013-07-07 19:00:00,18541.27374414241
2013-07-07 20:00:00,18114.26426529912
2013-07-07 21:00:00,17044.705112359683
2013-07-07 22:00:00,16105.636415595258
2013-07-07 23:00:00,14992.465997107
2013-07-08 00:00:00,14040.741471758962
2013-07-08 01:00:00,13203.267837033036
2013-07-08 02:00:00,12886.094996677979
2013-07-08 03:00:00,12362.035546085544
2013-07-08 04:00:00,12354.243561265243
2013-07-08 05:00:00,13361.092410140265
2013-07-08 06:00:00,14625.850196086645
2013-07-08 07:00:00,16410.77144021531
2013-07-08 08:00:00,17246.346955298603
2013-07-08 09:00:00,17507.702293150665
2013-07-08 10:00:00,17610.196538448043
2013-07-08 11:00:00,18662.623440608808
2013-07-08 12:00:00,18971.00535975981
2013-07-08 13:00:00,18262.71098938428
2013-07-08 14:00:00,17291.88742552065
2013-07-08 15:00:00,16927.588250741774
2013-07-08 16:00:00,17123.23647537815
2013-07-08 17:00:00,19618.79980115442
2013-07-08 18:00:00,19247.913582221878
2013-07-08 19:00:00,18980.55812803416
2013-07-08 20:00:00,18655.04395810449
2013-07-08 21:00:00,17555.353385331324
2013-07-08 22:00:00,16039.030119120695
2013-07-08 23:00:00,15251.754794097258
2013-07-09 00:00:00,14625.92536221404
2013-07-09 01:00:00,13541.056912011172
2013-07-09 02:00:00,13047.853145259058
2013-07-09 03:00:00,12734.71363350273
2013-07-09 04:00:00,12682.517451032725
2013-07-09 05:00:00,13606.901361415436
2013-07-09 06:00:00,15228.478592761248
2013-07-09 07:00:00,17024.500886302343
2013-07-09 08:00:00,17536.56010422348
2013-07-09 09:00:00,17325.32790994651
2013-07-09 10:00:00,17597.509624833838
2013-07-09 11:00:00,18580.158502116494
2013-07-09 12:00:00,19112.147273717812
2013-07-09 13:00:00,18251.60993997185
2013-07-09 14:00:00,17694.69693277157
2013-07-09 15:00:00,17109.962633945932
2013-07-09 16:00:00,17327.812957407165
2013-07-09 17:00:00,19526.819677451454
2013-07-09 18:00:00,19350.20182323638
2013-07-09 19:00:00,19181.96288165962
2013-07-09 20:00:00,18410.820871031097
2013-07-09 21:00:00,17387.251779943144
2013-07-09 22:00:00,16253.121786360356
2013-07-09 23:00:00,15226.380966868854
2013-07-10 00:00:00,14361.086040517568
2013-07-10 01:00:00,13418.945368474473
2013-07-10 02:00:00,13384.056356035419
2013-07-10 03:00:00,13015.411597216957
2013-07-10 04:00:00,12793.527945156997
2013-07-10 05:00:00,13995.438090850383
2013-07-10 06:00:00,15204.69062973462
2013-07-10 07:00:00,16423.458353829512
2013-07-10 08:00:00,17558.762203048333
2013-07-10 09:00:00,17120.751427917497
2013-07-10 10:00:00,17754.51018080959
2013-07-10 11:00:00,18565.88572430052
2013-07-10 12:00:00,19118.49073052491
2013-07-10 13:00:00,18191.347100304392
2013-07-10 14:00:00,17415.58483325912
2013-07-10 15:00:00,17032.255288058943
2013-07-10 16:00:00,17437.237587329655
2013-07-10 17:00:00,19085.949429357926
2013-07-10 18:00:00,19394.60602088609
2013-07-10 19:00:00,19093.154486360207
2013-07-10 20:00:00,18588.437661629927
2013-07-10 21:00:00,17560.11097793665
2013-07-10 22:00:00,16261.051107369236
2013-07-10 23:00:00,15289.022602838977
2013-07-11 00:00:00,14478.43999144894
2013-07-11 01:00:00,13804.310369505867
2013-07-11 02:00:00,13319.035923762633
2013-07-11 03:00:00,12931.360794522867
2013-07-11 04:00:00,12931.498130711447
2013-07-11 05:00:00,13668.750065284672
2013-07-11 06:00:00,14908.134024002642
2013-07-11 07:00:00,16907.93986747186
2013-07-11 08:00:00,17828.359117350134
2013-07-11 09:00:00,17606.025873660732
2013-07-11 10:00:00,17714.86357576521
2013-07-11 11:00:00,18548.44121808099
2013-07-11 12:00:00,18623.701099571026
2013-07-11 13:00:00,17618.850123463515
2013-07-11 14:00:00,17372.766499811187
2013-07-11 15:00:00,16883.184053092067
2013-07-11 16:00:00,17194.600364458038
2013-07-11 17:00:00,19085.949429357926
2013-07-11 18:00:00,19297.07537247691
2013-07-11 19:00:00,19023.376461482094
2013-07-11 20:00:00,18429.8512414524
2013-07-11 21:00:00,17767.85918836921
2013-07-11 22:00:00,16291.182527202964
2013-07-11 23:00:00,15142.330164174764
2013-07-12 00:00:00,14154.923694286783
2013-07-12 01:00:00,13406.258454860274
2013-07-12 02:00:00,13066.883515680362
2013-07-12 03:00:00,12929.774930321091
2013-07-12 04:00:00,12803.043130367647
2013-07-12 05:00:00,13822.578892856875
2013-07-12 06:00:00,15182.488530909766
2013-07-12 07:00:00,16455.17563786502
2013-07-12 08:00:00,17658.671647760177
2013-07-12 09:00:00,17425.23735465835
2013-07-12 10:00:00,17848.07616871433
2013-07-12 11:00:00,18849.75541641829
2013-07-12 12:00:00,19240.602274061606
2013-07-12 13:00:00,18416.53981695648
2013-07-12 14:00:00,17505.979092760314
2013-07-12 15:00:00,16813.406028213954
2013-07-12 16:00:00,17075.660549324894
2013-07-12 17:00:00,19089.121157761478
2013-07-12 18:00:00,19276.45913785383
2013-07-12 19:00:00,18980.55812803416
2013-07-12 20:00:00,18544.03346398022
2013-07-12 21:00:00,17864.596904677503
2013-07-12 22:00:00,16513.203515451503
2013-07-12 23:00:00,15474.568714446686
2013-07-13 00:00:00,14597.379806582087
2013-07-13 01:00:00,14051.70518498281
2013-07-13 02:00:00,13396.74326964962
2013-07-13 03:00:00,12809.24925098617
2013-07-13 04:00:00,12742.780290700186
2013-07-13 05:00:00,13342.062039718963
2013-07-13 06:00:00,13709.220687460534
2013-07-13 07:00:00,14579.098287164865
2013-07-13 08:00:00,15711.230407980134
2013-07-13 09:00:00,15606.251115222109
2013-07-13 10:00:00,16052.87789230472
2013-07-13 11:00:00,17021.253991771395
2013-07-13 12:00:00,18120.98214760826
2013-07-13 13:00:00,15715.81308133318
2013-07-13 14:00:00,14475.392603167755
2013-07-13 15:00:00,13971.537378632655
2013-07-13 16:00:00,14558.894061107527
2013-07-13 17:00:00,16558.081891728132
2013-07-13 18:00:00,17189.461848317565
2013-07-13 19:00:00,17201.218493642296
2013-07-13 20:00:00,16902.664015142807
2013-07-13 21:00:00,16208.954678024113
2013-07-13 22:00:00,15277.815302268562
2013-07-13 23:00:00,14255.039143281494
2013-07-14 00:00:00,13393.70887743465
2013-07-14 01:00:00,12775.084502553711
2013-07-14 02:00:00,12443.638884382679
2013-07-14 03:00:00,12108.297273801498
2013-07-14 04:00:00,11910.201584768167
2013-07-14 05:00:00,12714.059815815956
2013-07-14 06:00:00,13880.494021252262
2013-07-14 07:00:00,15814.486500347804
2013-07-14 08:00:00,16466.101768025168
2013-07-14 09:00:00,16302.445499801455
2013-07-14 10:00:00,16607.930362926065
2013-07-14 11:00:00,17634.983437858427
2013-07-14 12:00:00,18211.376407109452
2013-07-14 13:00:00,17864.659074738684
2013-07-14 14:00:00,16755.865325320607
2013-07-14 15:00:00,16280.55565641746
2013-07-14 16:00:00,16525.36567130887
2013-07-14 17:00:00,19231.84893592125
2013-07-14 18:00:00,19298.661236678687
2013-07-14 19:00:00,18953.59843660398
2013-07-14 20:00:00,18609.053896253004
2013-07-14 21:00:00,17428.4842491893
2013-07-14 22:00:00,16475.1427746089
2013-07-14 23:00:00,15365.93701662508
2013-07-15 00:00:00,14418.17715178148
2013-07-15 01:00:00,13707.572653197576
2013-07-15 02:00:00,13211.197158041916
2013-07-15 03:00:00,12788.633016363092
2013-07-15 04:00:00,12898.194982474164
2013-07-15 05:00:00,13611.658954020759
2013-07-15 06:00:00,15138.08433326006
2013-07-15 07:00:00,16962.652182433107
2013-07-15 08:00:00,17874.349179201614
2013-07-15 09:00:00,17669.460441731746
2013-07-15 10:00:00,17957.50079863683
2013-07-15 11:00:00,18643.593070187504
2013-07-15 12:00:00,19273.90542229889
2013-07-15 13:00:00,18416.53981695648
2013-07-15 14:00:00,17651.878599323638
2013-07-15 15:00:00,17325.640165387365
2013-07-15 16:00:00,17434.065858926107
2013-07-15 17:00:00,19495.10239341595
2013-07-15 18:00:00,19643.586700564807
2013-07-15 19:00:00,19253.326770739506
2013-07-15 20:00:00,18894.509452572558
2013-07-15 21:00:00,18002.56709023195
2013-07-15 22:00:00,16682.89098504146
2013-07-15 23:00:00,15708.483684208539
2013-07-16 00:00:00,14895.522276515836
2013-07-16 01:00:00,14083.422469018316
2013-07-16 02:00:00,13715.501974206452
2013-07-16 03:00:00,13308.796474545381
2013-07-16 04:00:00,13339.065230567694
2013-07-16 05:00:00,14004.953276061027
2013-07-16 06:00:00,15683.621618670753
2013-07-16 07:00:00,17095.86477538223
2013-07-16 08:00:00,17928.26856206197
2013-07-16 09:00:00,17861.350010146554
2013-07-16 10:00:00,18103.400305200154
2013-07-16 11:00:00,18868.785786839595
2013-07-16 12:00:00,19219.98603943853
2013-07-16 13:00:00,18694.066052267153
2013-07-16 14:00:00,17980.15248909112
2013-07-16 15:00:00,17530.21664741638
2013-07-16 16:00:00,17755.996291886488
2013-07-16 17:00:00,19496.688257617723
2013-07-16 18:00:00,19871.95114562045
2013-07-16 19:00:00,19437.287018145442
2013-07-16 20:00:00,19179.965008892108
2013-07-16 21:00:00,18037.456102671007
2013-07-16 22:00:00,16763.770059331997
2013-07-16 23:00:00,15762.403067068897
2013-07-17 00:00:00,14922.481967946016
2013-07-17 01:00:00,14180.16018532661
2013-07-17 02:00:00,13553.743825625374
2013-07-17 03:00:00,13327.826844966688
2013-07-17 04:00:00,13297.832761321533
2013-07-17 05:00:00,14115.963770185299
2013-07-17 06:00:00,15677.27816186365
2013-07-17 07:00:00,17054.632306136078
2013-07-17 08:00:00,18048.794241396892
2013-07-17 09:00:00,17926.370442419342
2013-07-17 10:00:00,18051.06678654157
2013-07-17 11:00:00,18963.937638946114
2013-07-17 12:00:00,19294.521656921966
2013-07-17 13:00:00,18820.935188409177
2013-07-17 14:00:00,17983.32421749467
2013-07-17 15:00:00,17508.014548591524
2013-07-17 16:00:00,17757.582156088265
2013-07-17 17:00:00,19392.021220300554
2013-07-17 18:00:00,19676.0969167012
2013-07-17 19:00:00,19453.145660163194
2013-07-17 20:00:00,18891.337724169007
2013-07-17 21:00:00,18132.607954777523
2013-07-17 22:00:00,16679.719256637905
2013-07-17 23:00:00,15646.634980339302
2013-07-18 00:00:00,14774.996597180916
2013-07-18 01:00:00,14018.40203674553
2013-07-18 02:00:00,13574.360060248451
2013-07-18 03:00:00,13183.513202605132
2013-07-18 04:00:00,13132.902884336905
2013-07-18 05:00:00,14201.600437081164
2013-07-18 06:00:00,15483.80272924707
2013-07-18 07:00:00,17062.56162714495
2013-07-18 08:00:00,17776.025598691547
2013-07-18 09:00:00,17642.500750301566
2013-07-18 10:00:00,17838.56098350368
2013-07-18 11:00:00,18816.452268181012
2013-07-18 12:00:00,19245.35986666693
2013-07-18 13:00:00,18560.85345931803
2013-07-18 14:00:00,18059.445699179883
2013-07-18 15:00:00,17244.76109109683
2013-07-18 16:00:00,17367.459562451542
2013-07-18 17:00:00,19195.37405928042
2013-07-18 18:00:00,19754.59719468908
2013-07-18 19:00:00,19522.923685041307
2013-07-18 20:00:00,19208.510564524062
2013-07-18 21:00:00,18020.011596451477
2013-07-18 22:00:00,16841.477405218986
2013-07-18 23:00:00,15836.938684552337
2013-07-19 00:00:00,14993.845857025904
2013-07-19 01:00:00,14167.473271712406
2013-07-19 02:00:00,13674.269504960295
2013-07-19 03:00:00,13424.564561274976
2013-07-19 04:00:00,13386.64115662095
2013-07-19 05:00:00,14231.731856914892
2013-07-19 06:00:00,15740.712729934663
2013-07-19 07:00:00,17341.6737266574
2013-07-19 08:00:00,18319.977019900467
2013-07-19 09:00:00,18116.674146632373
2013-07-19 10:00:00,18336.52234286112
2013-07-19 11:00:00,19120.938194921866
2013-07-19 12:00:00,19606.936904671697
2013-07-19 13:00:00,19008.06716421866
2013-07-19 14:00:00,18394.06304575447
2013-07-19 15:00:00,17650.7423267513
2013-07-19 16:00:00,17808.32981054507
2013-07-19 17:00:00,19533.163134258557
2013-07-19 18:00:00,19799.001392338785
2013-07-19 19:00:00,19616.48967294605
2013-07-19 20:00:00,18973.80266266132
2013-07-19 21:00:00,18142.123139988176
2013-07-19 22:00:00,16766.941787735548
2013-07-19 23:00:00,15714.82714101564
2013-07-20 00:00:00,14824.158387435951
2013-07-20 01:00:00,14246.766481801169
2013-07-20 02:00:00,13850.300431357351
2013-07-20 03:00:00,13495.928450354862
2013-07-20 04:00:00,13297.832761321533
2013-07-20 05:00:00,13947.86216479712
2013-07-20 06:00:00,14435.546491873612
2013-07-20 07:00:00,15644.79903075785
2013-07-20 08:00:00,16364.60645911155
2013-07-20 09:00:00,16204.121919291387
2013-07-20 10:00:00,16530.223017039076
2013-07-20 11:00:00,17728.54942576317
2013-07-20 12:00:00,18864.752458240866
2013-07-20 13:00:00,16351.744626245067
2013-07-20 14:00:00,15196.960814975508
2013-07-20 15:00:00,14352.144787058722
2013-07-20 16:00:00,14753.955357925883
2013-07-20 17:00:00,17358.943313624648
2013-07-20 18:00:00,17702.48891759187
2013-07-20 19:00:00,17594.51281568257
2013-07-20 20:00:00,17476.74685618546
2013-07-20 21:00:00,16738.633321417055
2013-07-20 22:00:00,15707.584500949662
2013-07-20 23:00:00,14872.733249872967
2013-07-21 00:00:00,14199.32789193649
2013-07-21 01:00:00,13135.0756763567
2013-07-21 02:00:00,12832.175613817622
2013-07-21 03:00:00,12493.662274832892
2013-07-21 04:00:00,12541.375537074728
2013-07-21 05:00:00,13464.17358325566
2013-07-21 06:00:00,14916.063345011518
2013-07-21 07:00:00,16310.86199550347
2013-07-21 08:00:00,16889.527509899166
2013-07-21 09:00:00,17082.69068707489
2013-07-21 10:00:00,17074.174438247996
2013-07-21 11:00:00,18210.652143102852
2013-07-21 12:00:00,18780.701655546778
2013-07-21 13:00:00,17982.013025670054
2013-07-21 14:00:00,17093.65440029874
2013-07-21 15:00:00,16551.73843492103
2013-07-21 16:00:00,17250.10561152017
2013-07-21 17:00:00,19081.1918367526
2013-07-21 18:00:00,19553.985373164505
2013-07-21 19:00:00,19286.62991897679
2013-07-21 20:00:00,18835.83247710687
2013-07-21 21:00:00,17886.799003502358
2013-07-21 22:00:00,16817.689442192357
2013-07-21 23:00:00,15739.408036143157
2013-07-22 00:00:00,14822.572523234174
2013-07-22 01:00:00,14205.534012555014
2013-07-22 02:00:00,13729.77475202243
2013-07-22 03:00:00,13451.524252705156
2013-07-22 04:00:00,13234.398193250523
2013-07-22 05:00:00,14284.065375573478
2013-07-22 06:00:00,15889.78396490154
2013-07-22 07:00:00,17706.422493065715
2013-07-22 08:00:00,18005.97590794896
2013-07-22 09:00:00,18013.59297351698
2013-07-22 10:00:00,18150.97623125341
2013-07-22 11:00:00,18675.31035422301
2013-07-22 12:00:00,19492.754682143877
2013-07-22 13:00:00,18778.116854961245
2013-07-22 14:00:00,18218.03211935741
2013-07-22 15:00:00,17645.984734145975
2013-07-22 16:00:00,17598.995735910736
2013-07-22 17:00:00,19350.7887510544
2013-07-22 18:00:00,19783.93568242192
2013-07-22 19:00:00,19562.57029008569
2013-07-22 20:00:00,19118.11630502287
2013-07-22 21:00:00,17858.2534478704
2013-07-22 22:00:00,16962.003084553908
2013-07-22 23:00:00,15806.014332617719
2013-07-23 00:00:00,14811.471473821748
2013-07-23 01:00:00,14222.978518774542
2013-07-23 02:00:00,13680.612961767396
2013-07-23 03:00:00,13381.746227827045
2013-07-23 04:00:00,13380.297699813851
2013-07-23 05:00:00,14290.408832380577
2013-07-23 06:00:00,15810.490754812774
2013-07-23 07:00:00,17459.027677588772
2013-07-23 08:00:00,17744.308314656042
2013-07-23 09:00:00,18046.896121754264
2013-07-23 10:00:00,18165.24900906939
2013-07-23 11:00:00,19176.443441984
2013-07-23 12:00:00,19418.21906466044
2013-07-23 13:00:00,18847.894879839358
2013-07-23 14:00:00,17997.59699531065
2013-07-23 15:00:00,17603.166400698043
2013-07-23 16:00:00,17828.94604516815
2013-07-23 17:00:00,19290.525911386936
2013-07-23 18:00:00,19800.587256540563
2013-07-23 19:00:00,19489.620536804025
2013-07-23 20:00:00,18918.297415599187
2013-07-23 21:00:00,18070.75925090829
2013-07-23 22:00:00,16966.760677159233
2013-07-23 23:00:00,15787.776894297303
2013-07-24 00:00:00,14770.239004575591
2013-07-24 01:00:00,14283.241358442003
2013-07-24 02:00:00,13621.935986301713
2013-07-24 03:00:00,13386.503820432372
2013-07-24 04:00:00,13120.215970722704
2013-07-24 05:00:00,13892.356917734985
2013-07-24 06:00:00,15728.025816320465
2013-07-24 07:00:00,17424.138665149716
2013-07-24 08:00:00,18419.886464612307
2013-07-24 09:00:00,18246.715011177945
2013-07-24 10:00:00,18371.411355300173
2013-07-24 11:00:00,18630.906156573303
2013-07-24 12:00:00,19519.714373574057
2013-07-24 13:00:00,18925.602225726347
2013-07-24 14:00:00,17962.707982871594
2013-07-24 15:00:00,17695.146524401007
2013-07-24 16:00:00,17765.511477097138
2013-07-24 17:00:00,19338.101837440197
2013-07-24 18:00:00,19933.006917388797
2013-07-24 19:00:00,19678.338376815285
2013-07-24 20:00:00,19235.470255954242
2013-07-24 21:00:00,18191.28493024321
2013-07-24 22:00:00,16950.90203514148
2013-07-24 23:00:00,15871.034764890504
2013-07-25 00:00:00,14952.613387779747
2013-07-25 01:00:00,13981.927160104698
2013-07-25 02:00:00,13709.158517399352
2013-07-25 03:00:00,13497.514314556638
2013-07-25 04:00:00,13462.762638306162
2013-07-25 05:00:00,13970.064263621976
2013-07-25 06:00:00,15666.177112451229
2013-07-25 07:00:00,17359.11823287693
2013-07-25 08:00:00,18399.270229989233
2013-07-25 09:00:00,18299.04852983653
2013-07-25 10:00:00,18606.119257162914
2013-07-25 11:00:00,19246.221466862113
2013-07-25 12:00:00,19667.199744339156
2013-07-25 13:00:00,18924.01636152457
2013-07-25 14:00:00,17919.88964942366
2013-07-25 15:00:00,17519.11559800395
2013-07-25 16:00:00,17814.673267352173
2013-07-25 17:00:00,19660.032270400578
2013-07-25 18:00:00,20070.18417084236
2013-07-25 19:00:00,19762.389179509373
2013-07-25 20:00:00,19401.985997140648
2013-07-25 21:00:00,18150.052460997053
2013-07-25 22:00:00,17011.16487480894
2013-07-25 23:00:00,15848.039733964764
2013-07-26 00:00:00,14846.360486260804
2013-07-26 01:00:00,13809.067962111194
2013-07-26 02:00:00,13647.309813530115
2013-07-26 03:00:00,13116.906906130573
2013-07-26 04:00:00,13050.437945844591
2013-07-26 05:00:00,14095.347535562221
2013-07-26 06:00:00,15563.095939335832
2013-07-26 07:00:00,17311.54230682367
2013-07-26 08:00:00,18597.50325521114
2013-07-26 09:00:00,18774.807790369116
2013-07-26 10:00:00,19015.272221220937
2013-07-26 11:00:00,19436.525171075144
2013-07-26 12:00:00,19936.796658640953
2013-07-26 13:00:00,18995.380250604456
2013-07-26 14:00:00,18436.8813792024
2013-07-26 15:00:00,17806.15701852528
2013-07-26 16:00:00,17981.189008538575
2013-07-26 17:00:00,19255.63689894788
2013-07-26 18:00:00,19697.506083425167
2013-07-26 19:00:00,19683.095969420607
2013-07-26 20:00:00,19021.37858871458
2013-07-26 21:00:00,18143.709004189954
2013-07-26 22:00:00,17060.326665063974
2013-07-26 23:00:00,15874.999425394944
2013-07-27 00:00:00,14851.11807886613
2013-07-27 01:00:00,14115.139753053823
2013-07-27 02:00:00,13580.703517055555
2013-07-27 03:00:00,13232.674992860171
2013-07-27 04:00:00,12906.12430348304
2013-07-27 05:00:00,13231.051545594693
2013-07-27 06:00:00,13664.816489810824
2013-07-27 07:00:00,15137.322486189762
2013-07-27 08:00:00,16232.979730364203
2013-07-27 09:00:00,16903.488032274287
2013-07-27 10:00:00,17221.659809013097
2013-07-27 11:00:00,18096.469920575037
2013-07-27 12:00:00,19178.75357019237
2013-07-27 13:00:00,16626.09913315219
2013-07-27 14:00:00,15568.053038190923
2013-07-27 15:00:00,14770.812936327395
2013-07-27 16:00:00,15237.643939467345
2013-07-27 17:00:00,17051.285658480247
2013-07-27 18:00:00,17866.62586247561
2013-07-27 19:00:00,17689.664667789086
2013-07-27 20:00:00,17517.979325431617
2013-07-27 21:00:00,16908.32079100701
2013-07-27 22:00:00,15978.767279453234
2013-07-27 23:00:00,15016.253960133628
2013-07-28 00:00:00,14215.186533954242
2013-07-28 01:00:00,13311.106602753756
2013-07-28 02:00:00,12906.71123130106
2013-07-28 03:00:00,12496.83400323644
2013-07-28 04:00:00,12503.314796232122
2013-07-28 05:00:00,13478.44636107164
2013-07-28 06:00:00,14751.13346802689
2013-07-28 07:00:00,16475.7918724881
2013-07-28 08:00:00,17462.02448674004
2013-07-28 09:00:00,17615.541058871386
2013-07-28 10:00:00,17805.257835266402
2013-07-28 11:00:00,18429.501402947844
2013-07-28 12:00:00,19248.531595070486
2013-07-28 13:00:00,18675.035681845853
2013-07-28 14:00:00,17391.79687023249
2013-07-28 15:00:00,17063.972572094448
2013-07-28 16:00:00,17181.913450843836
2013-07-28 17:00:00,19257.222763149657
2013-07-28 18:00:00,19833.89040477784
2013-07-28 19:00:00,19489.620536804025
2013-07-28 20:00:00,19015.03513190748
2013-07-28 21:00:00,17945.475978968043
2013-07-28 22:00:00,16962.003084553908
2013-07-28 23:00:00,15819.494178332807
2013-07-29 00:00:00,14838.431165251926
2013-07-29 01:00:00,14196.01882734436
2013-07-29 02:00:00,13629.865307310587
2013-07-29 03:00:00,13468.968758924686
2013-07-29 04:00:00,13262.94374888248
2013-07-29 05:00:00,14122.307226992403
2013-07-29 06:00:00,15812.07661901455
2013-07-29 07:00:00,17723.86699928524
2013-07-29 08:00:00,18746.574490178016
2013-07-29 09:00:00,18533.756431699272
2013-07-29 10:00:00,18658.4527758215
2013-07-29 11:00:00,19512.64665276036
2013-07-29 12:00:00,19803.584065691834
2013-07-29 13:00:00,18919.25876891924
2013-07-29 14:00:00,18264.022181208897
2013-07-29 15:00:00,17422.37788169566
2013-07-29 16:00:00,17319.883636398285
2013-07-29 17:00:00,19455.455788371568
2013-07-29 18:00:00,19843.40558998849
2013-07-29 19:00:00,19605.38862353362
2013-07-29 20:00:00,19122.873897628197
2013-07-29 21:00:00,17997.809497626626
2013-07-29 22:00:00,16833.54808421011
2013-07-29 23:00:00,15775.882912783987
2013-07-30 00:00:00,14879.663634498083
2013-07-30 01:00:00,14322.887963486384
2013-07-30 02:00:00,13939.108826656766
2013-07-30 03:00:00,13511.787092372617
2013-07-30 04:00:00,13505.580971754094
2013-07-30 05:00:00,14393.490005495974
2013-07-30 06:00:00,16005.552051631135
2013-07-30 07:00:00,17877.69582685744
2013-07-30 08:00:00,18711.68547773896
2013-07-30 09:00:00,18446.533900601633
2013-07-30 10:00:00,18831.311973815005
2013-07-30 11:00:00,19525.333566374564
2013-07-30 12:00:00,20141.373140669966
2013-07-30 13:00:00,19360.12901701277
2013-07-30 14:00:00,18395.648909956242
2013-07-30 15:00:00,17756.995228270243
2013-07-30 16:00:00,18052.552897618465
2013-07-30 17:00:00,19342.859430045522
2013-07-30 18:00:00,19947.279695204776
2013-07-30 19:00:00,19572.08547529634
2013-07-30 20:00:00,19195.82365090986
2013-07-30 21:00:00,18111.991720154445
2013-07-30 22:00:00,17044.46802304622
2013-07-30 23:00:00,16016.141339352942
2013-07-31 00:00:00,15149.26054879988
2013-07-31 01:00:00,14570.282778963328
2013-07-31 02:00:00,13797.966912698766
2013-07-31 03:00:00,13613.282401286237
2013-07-31 04:00:00,13613.419737474816
2013-07-31 05:00:00,14456.924573566987
2013-07-31 06:00:00,15885.026372296214
2013-07-31 07:00:00,17549.42193708996
2013-07-31 08:00:00,18708.513749335412
2013-07-31 09:00:00,18838.242358440126
2013-07-31 10:00:00,19097.73715971325
2013-07-31 11:00:00,19896.42578958998
2013-07-31 12:00:00,20396.69727715579
2013-07-31 13:00:00,19867.60556158086
2013-07-31 14:00:00,18538.37668811602
2013-07-31 15:00:00,17741.13658625249
2013-07-31 16:00:00,18163.563391742733
2013-07-31 17:00:00,19453.86992416979
2013-07-31 18:00:00,20093.97213386899
2013-07-31 19:00:00,19698.954611438363
2013-07-31 20:00:00,19376.61216991224
2013-07-31 21:00:00,18295.951967560377
2013-07-31 22:00:00,17092.04394909948
2013-07-31 23:00:00,15864.691308083404
2013-08-01 00:00:00,14798.784560207545
2013-08-01 01:00:00,14451.342963830182
2013-08-01 02:00:00,13793.209320093441
2013-08-01 03:00:00,13507.029499767294
2013-08-01 04:00:00,13348.580415778344
2013-08-01 05:00:00,14360.186857258694
2013-08-01 06:00:00,15956.3902613761
2013-08-01 07:00:00,17650.917246003577
2013-08-01 08:00:00,18770.362453204645
2013-08-01 09:00:00,18860.44445726498
2013-08-01 10:00:00,19173.858641398463
2013-08-01 11:00:00,19864.70850555447
2013-08-01 12:00:00,20336.434437488326
2013-08-01 13:00:00,19439.422227101535
2013-08-01 14:00:00,18633.528540222535
2013-08-01 15:00:00,17931.440290465525
2013-08-01 16:00:00,18115.98746568947
2013-08-01 17:00:00,19834.477332595856
2013-08-01 18:00:00,20117.760096895614
2013-08-01 19:00:00,19920.975599686903
2013-08-01 20:00:00,19340.13729327141
2013-08-01 21:00:00,18303.881288569253
2013-08-01 22:00:00,16993.720368589413
2013-08-01 23:00:00,15905.130845228672
2013-08-02 00:00:00,14977.987215008152
2013-08-02 01:00:00,14348.261790714787
2013-08-02 02:00:00,13959.725061279845
2013-08-02 03:00:00,13610.110672882685
2013-08-02 04:00:00,13497.65165074522
2013-08-02 05:00:00,14569.520931893028
2013-08-02 06:00:00,16146.693965589135
2013-08-02 07:00:00,17779.37224634737
2013-08-02 08:00:00,18967.009614224782
2013-08-02 09:00:00,18758.949148351363
2013-08-02 10:00:00,19010.514628615612
2013-08-02 11:00:00,19866.294369756244
2013-08-02 12:00:00,20120.75690604689
2013-08-02 13:00:00,19266.563029108027
2013-08-02 14:00:00,18700.134836697096
2013-08-02 15:00:00,18053.55183400222
2013-08-02 16:00:00,18220.654503006645
2013-08-02 17:00:00,19549.02177627631
2013-08-02 18:00:00,20153.44204143556
2013-08-02 19:00:00,19722.74257446499
2013-08-02 20:00:00,19340.13729327141
2013-08-02 21:00:00,18402.20486907932
2013-08-02 22:00:00,17190.36752960955
2013-08-02 23:00:00,16202.480383061536
2013-08-03 00:00:00,15376.039129653745
2013-08-03 01:00:00,14651.161853253867
2013-08-03 02:00:00,14138.927716080452
2013-08-03 03:00:00,13710.020117594526
2013-08-03 04:00:00,13591.217638649961
2013-08-03 05:00:00,14012.882597069907
2013-08-03 06:00:00,14787.60834466772
2013-08-03 07:00:00,16038.093352798121
2013-08-03 08:00:00,16919.658929732894
2013-08-03 09:00:00,17173.084946576084
2013-08-03 10:00:00,17591.16616802674
2013-08-03 11:00:00,18437.43072395672
2013-08-03 12:00:00,19508.61332416163
2013-08-03 13:00:00,16911.554689471737
2013-08-03 14:00:00,16083.458903767887
2013-08-03 15:00:00,15400.40102443218
2013-08-03 16:00:00,15531.02881679577
2013-08-03 17:00:00,17220.9731280702
2013-08-03 18:00:00,17942.747344160824
2013-08-03 19:00:00,17937.059483266028
2013-08-03 20:00:00,17633.74741216121
2013-08-03 21:00:00,17036.775791350807
2013-08-03 22:00:00,16062.818082147325
2013-08-03 23:00:00,15113.359931100922
2013-08-04 00:00:00,14340.72347254143
2013-08-04 01:00:00,13622.641882341199
2013-08-04 02:00:00,13089.791510544705
2013-08-04 03:00:00,12824.001810145362
2013-08-04 04:00:00,12660.342904158539
2013-08-04 05:00:00,13449.47918932565
2013-08-04 06:00:00,14890.726253717334
2013-08-04 07:00:00,16506.418380304298
2013-08-04 08:00:00,17515.98978951817
2013-08-04 09:00:00,17810.65133693537
2013-08-04 10:00:00,18175.720695638614
2013-08-04 11:00:00,19068.882833533033
2013-08-04 12:00:00,19356.87463275723
2013-08-04 13:00:00,18985.461817246884
2013-08-04 14:00:00,18361.261108155362
2013-08-04 15:00:00,17809.374666846597
2013-08-04 16:00:00,17650.46765437414
2013-08-04 17:00:00,19398.41059702543
2013-08-04 18:00:00,20211.486592730194
2013-08-04 19:00:00,19697.188552458083
2013-08-04 20:00:00,19312.7682310386
2013-08-04 21:00:00,18408.814237844766
2013-08-04 22:00:00,17254.288001679473
2013-08-04 23:00:00,16134.6564770442
2013-08-05 00:00:00,15174.888042675226
2013-08-05 01:00:00,14609.049415845422
2013-08-05 02:00:00,14201.482315989175
2013-08-05 03:00:00,13840.540763483315
2013-08-05 04:00:00,13573.800684381096
2013-08-05 05:00:00,14313.775179293176
2013-08-05 06:00:00,15984.972552942274
2013-08-05 07:00:00,17527.714926247576
2013-08-05 08:00:00,18573.761212102287
2013-08-05 09:00:00,18708.250475140176
2013-08-05 10:00:00,19005.127673167088
2013-08-05 11:00:00,19707.986106848468
2013-08-05 12:00:00,20099.05907918806
2013-08-05 13:00:00,19611.878176948114
2013-08-05 14:00:00,18946.44499861044
2013-08-05 15:00:00,18124.961642999882
2013-08-05 16:00:00,17953.36771691322
2013-08-05 17:00:00,19105.025719697005
2013-08-05 18:00:00,19995.809061288757
2013-08-05 19:00:00,19617.89534236932
2013-08-05 20:00:00,18908.372859585907
2013-08-05 21:00:00,18132.87386673587
2013-08-05 22:00:00,17216.227260836873
2013-08-05 23:00:00,16263.904409488885
2013-08-06 00:00:00,15471.444648407203
2013-08-06 01:00:00,14545.61484777441
2013-08-06 02:00:00,13974.70373513531
2013-08-06 03:00:00,13639.136009857853
2013-08-06 04:00:00,13372.395930755638
2013-08-06 05:00:00,13858.632153383673
2013-08-06 06:00:00,14673.462858074121
2013-08-06 07:00:00,16547.650849550457
2013-08-06 08:00:00,18457.99312537269
2013-08-06 09:00:00,18733.624302368582
2013-08-06 10:00:00,18890.945450639265
2013-08-06 11:00:00,19774.59240332303
2013-08-06 12:00:00,20493.9392654301
2013-08-06 13:00:00,19936.98033831205
2013-08-06 14:00:00,19163.708394253652
2013-08-06 15:00:00,18216.941766702847
2013-08-06 16:00:00,18192.833211381287
2013-08-06 17:00:00,19556.997017202953
2013-08-06 18:00:00,20204.350203822203
2013-08-06 19:00:00,19801.855589775252
2013-08-06 20:00:00,19212.85878632676
2013-08-06 21:00:00,18423.087015660745
2013-08-06 22:00:00,17160.72201377473
2013-08-06 23:00:00,16143.378730153965
2013-08-07 00:00:00,15285.898536799496
2013-08-07 01:00:00,14467.907501887421
2013-08-07 02:00:00,13974.70373513531
2013-08-07 03:00:00,13753.318232385674
2013-08-07 04:00:00,13670.53840068939
2013-08-07 05:00:00,14483.462648883133
2013-08-07 06:00:00,16216.508726401467
2013-08-07 07:00:00,17916.25165568252
2013-08-07 08:00:00,18925.823064896398
2013-08-07 09:00:00,18968.332204231323
2013-08-07 10:00:00,18867.15748761264
2013-08-07 11:00:00,20031.502404010625
2013-08-07 12:00:00,20233.85753633896
2013-08-07 13:00:00,19350.210583655193
2013-08-07 14:00:00,18775.17166481871
2013-08-07 15:00:00,18372.356458476825
2013-08-07 16:00:00,18211.86358180259
2013-08-07 17:00:00,19455.50170828934
2013-08-07 18:00:00,20416.85600686009
2013-08-07 19:00:00,19733.663429098917
2013-08-07 20:00:00,19262.020576581792
2013-08-07 21:00:00,18613.390719873776
2013-08-07 22:00:00,17498.511088752868
2013-08-07 23:00:00,16481.1678051321
2013-08-08 00:00:00,15623.68761177763
2013-08-08 01:00:00,14702.615403750162
2013-08-08 02:00:00,14196.724723383848
2013-08-08 03:00:00,13880.187368527697
2013-08-08 04:00:00,13778.377166410108
2013-08-08 05:00:00,14434.300858628098
2013-08-08 06:00:00,16318.004035315083
2013-08-08 07:00:00,17384.987148087803
2013-08-08 08:00:00,18875.075410439586
2013-08-08 09:00:00,19145.948994830156
2013-08-08 10:00:00,19420.62409403221
2013-08-08 11:00:00,20155.199811749095
2013-08-08 12:00:00,20671.556056028934
2013-08-08 13:00:00,19760.949411914993
2013-08-08 14:00:00,19177.98117206963
2013-08-08 15:00:00,18245.487322334804
2013-08-08 16:00:00,18400.581421813848
2013-08-08 17:00:00,20001.038993700036
2013-08-08 18:00:00,20802.221007891483
2013-08-08 19:00:00,20406.069850651635
2013-08-08 20:00:00,19636.28452820076
2013-08-08 21:00:00,18706.95670777852
2013-08-08 22:00:00,17357.369174794865
2013-08-08 23:00:00,16294.828761423503
2013-08-09 00:00:00,15392.151438318439
2013-08-09 01:00:00,14504.382378528253
2013-08-09 02:00:00,14423.503304237714
2013-08-09 03:00:00,14056.218294924753
2013-08-09 04:00:00,13848.15519128822
2013-08-09 05:00:00,14740.372649570725
2013-08-09 06:00:00,16449.630764062436
2013-08-09 07:00:00,17429.39134573751
2013-08-09 08:00:00,19182.73306558399
2013-08-09 09:00:00,19207.79769869939
2013-08-09 10:00:00,19658.5037242985
2013-08-09 11:00:00,20532.635491771613
2013-08-09 12:00:00,20782.566550153206
2013-08-09 13:00:00,19960.768301338678
2013-08-09 14:00:00,19480.881234608707
2013-08-09 15:00:00,18573.761212102287
2013-08-09 16:00:00,18457.672533077755
2013-08-09 17:00:00,19842.452573522507
2013-08-09 18:00:00,20838.695884532313
2013-08-09 19:00:00,20364.837381405476
2013-08-09 20:00:00,19601.395515761702
2013-08-09 21:00:00,18786.24991786728
2013-08-09 22:00:00,17718.94621279963
2013-08-09 23:00:00,16527.95079908447
2013-08-10 00:00:00,15496.81847563561
2013-08-10 01:00:00,14823.141083085084
2013-08-10 02:00:00,14352.139415157824
2013-08-10 03:00:00,14003.884776266168
2013-08-10 04:00:00,13971.852599026693
2013-08-10 05:00:00,14577.028636787873
2013-08-10 06:00:00,15314.151995591332
2013-08-10 07:00:00,16906.056159151667
2013-08-10 08:00:00,17292.382937067858
2013-08-10 09:00:00,17249.25540950692
2013-08-10 10:00:00,17536.61742232318
2013-08-10 11:00:00,18331.455979707527
2013-08-10 12:00:00,19201.45994098325
2013-08-10 13:00:00,16662.170761646095
2013-08-10 14:00:00,15834.979434727344
2013-08-10 15:00:00,15333.840647875391
2013-08-10 16:00:00,15369.99493222129
2013-08-10 17:00:00,16396.369663064826
2013-08-10 18:00:00,18140.347945211677
2013-08-10 19:00:00,17978.11175773368
2013-08-10 20:00:00,17723.732300859774
2013-08-10 21:00:00,16937.13225859731
2013-08-10 22:00:00,15752.474602598286
2013-08-10 23:00:00,14846.934745202676
2013-08-11 00:00:00,14101.257978073365
2013-08-11 01:00:00,13337.186326021649
2013-08-11 02:00:00,12872.52811490149
2013-08-11 03:00:00,12522.68761180806
2013-08-11 04:00:00,12382.816668847863
2013-08-11 05:00:00,13190.98332443628
2013-08-11 06:00:00,15101.646192553444
2013-08-11 07:00:00,16590.469182998386
2013-08-11 08:00:00,17262.25151723413
2013-08-11 09:00:00,17864.57071979573
2013-08-11 10:00:00,18239.15526370963
2013-08-11 11:00:00,18780.25554880993
2013-08-11 12:00:00,19379.076731582085
2013-08-11 13:00:00,18596.92508781194
2013-08-11 14:00:00,17990.168884939947
2013-08-11 15:00:00,17550.87880195723
2013-08-11 16:00:00,17409.416295704297
2013-08-11 17:00:00,18868.731953632487
2013-08-11 18:00:00,20196.420882813327
2013-08-11 19:00:00,19654.370219010154
2013-08-11 20:00:00,19350.82897188121
2013-08-11 21:00:00,18191.550842201552
2013-08-11 22:00:00,17046.539791246913
2013-08-11 23:00:00,15887.261661567256
2013-08-12 00:00:00,14887.846622153902
2013-08-12 01:00:00,14341.0383657454
2013-08-12 02:00:00,13689.248178815758
2013-08-12 03:00:00,13290.245885467291
2013-08-12 04:00:00,13362.880745544986
2013-08-12 05:00:00,14174.219129536954
2013-08-12 06:00:00,16151.488294128678
2013-08-12 07:00:00,17924.180976691398
2013-08-12 08:00:00,18890.93405245734
2013-08-12 09:00:00,18939.78664859937
2013-08-12 10:00:00,19151.027179730412
2013-08-12 11:00:00,19838.02697139404
2013-08-12 12:00:00,20243.372721549607
2013-08-12 13:00:00,19502.453547025623
2013-08-12 14:00:00,18605.484195228753
2013-08-12 15:00:00,17915.627568365544
2013-08-12 16:00:00,17904.205926658185
2013-08-12 17:00:00,19287.40010290116
2013-08-12 18:00:00,20267.784771893213
2013-08-12 19:00:00,19811.370774985906
2013-08-12 20:00:00,19244.576070362265
2013-08-12 21:00:00,18405.642509441215
2013-08-12 22:00:00,17070.327754273545
2013-08-12 23:00:00,15929.287062914304
2013-08-13 00:00:00,14948.109461821363
2013-08-13 01:00:00,14342.624229947176
2013-08-13 02:00:00,13908.097438660749
2013-08-13 03:00:00,13691.469528516438
2013-08-13 04:00:00,13391.426301176938
2013-08-13 05:00:00,14313.775179293176
2013-08-13 06:00:00,16183.205578164183
2013-08-13 07:00:00,17860.746408620384
2013-08-13 08:00:00,18867.14608943071
2013-08-13 09:00:00,18884.28140153723
2013-08-13 10:00:00,19024.15804358839
2013-08-13 11:00:00,19774.59240332303
2013-08-13 12:00:00,20211.655437514102
2013-08-13 13:00:00,19667.383424010248
2013-08-13 14:00:00,18957.546048022865
2013-08-13 15:00:00,18264.517692756104
2013-08-13 16:00:00,18188.075618775958
2013-08-13 17:00:00,19572.855659220713
2013-08-13 18:00:00,20347.07798198198
2013-08-13 19:00:00,19706.703737668737
2013-08-13 20:00:00,19311.182366836827
2013-08-13 21:00:00,18519.824731969034
2013-08-13 22:00:00,17148.03510016053
2013-08-13 23:00:00,16144.171662254854
2013-08-14 00:00:00,15300.171314615474
2013-08-14 01:00:00,14474.250958694522
2013-08-14 02:00:00,13858.935648405717
2013-08-14 03:00:00,13642.307738261406
2013-08-14 04:00:00,13680.05358590004
2013-08-14 05:00:00,14445.401908040525
2013-08-14 06:00:00,16262.49878825295
2013-08-14 07:00:00,18082.767396868927
2013-08-14 08:00:00,18676.84238521768
2013-08-14 09:00:00,18974.675661038425
2013-08-14 10:00:00,19352.431933355874
2013-08-14 11:00:00,20234.49302183786
2013-08-14 12:00:00,20719.131982082192
2013-08-14 13:00:00,20047.99083243632
2013-08-14 14:00:00,19131.991110218147
2013-08-14 15:00:00,18589.619854120036
2013-08-14 16:00:00,18457.672533077755
2013-08-14 17:00:00,19636.29022729172
2013-08-14 18:00:00,20664.250822337035
2013-08-14 19:00:00,20103.169788112555
2013-08-14 20:00:00,19626.76934299011
2013-08-14 21:00:00,18614.976584075554
2013-08-14 22:00:00,17374.813681014395
2013-08-14 23:00:00,16311.480335542146
2013-08-15 00:00:00,15408.010080336191
2013-08-15 01:00:00,14407.64466221996
2013-08-15 02:00:00,14022.279661188568
2013-08-15 03:00:00,13805.65175104426
2013-08-15 04:00:00,13829.124820866919
2013-08-15 05:00:00,14380.38147576774
2013-08-15 06:00:00,16318.004035315083
2013-08-15 07:00:00,18098.62603888668
2013-08-15 08:00:00,19128.81368272363
2013-08-15 09:00:00,18939.78664859937
2013-08-15 10:00:00,19468.200020085467
2013-08-15 11:00:00,20155.199811749095
2013-08-15 12:00:00,20814.28383418871
2013-08-15 13:00:00,19992.485585374186
2013-08-15 14:00:00,19679.114259830618
2013-08-15 15:00:00,18898.863373466214
2013-08-15 16:00:00,18609.915496448186
2013-08-15 17:00:00,20061.301833367495
2013-08-15 18:00:00,21092.434156816358
2013-08-15 19:00:00,20610.646332680648
2013-08-15 20:00:00,20211.953233445183
2013-08-15 21:00:00,19025.71541233535
2013-08-15 22:00:00,18017.08868273338
2013-08-15 23:00:00,16841.951911035976
2013-08-16 00:00:00,15826.678229604868
2013-08-16 01:00:00,15279.869973196366
2013-08-16 02:00:00,14846.929046111714
2013-08-16 03:00:00,14463.785394781
2013-08-16 04:00:00,14479.32914359478
2013-08-16 05:00:00,15155.869070435849
2013-08-16 06:00:00,16735.08632038198
2013-08-16 07:00:00,18254.040730660654
2013-08-16 08:00:00,19382.551955007675
2013-08-16 09:00:00,19724.78942847813
2013-08-16 10:00:00,20126.33366382221
2013-08-16 11:00:00,20841.879011117795
2013-08-16 12:00:00,21305.901736739048
2013-08-16 13:00:00,20634.760587093173
2013-08-16 14:00:00,19964.569816150168
2013-08-16 15:00:00,19445.986523078685
2013-08-16 16:00:00,19282.3219180009
2013-08-16 17:00:00,20365.78776010835
2013-08-16 18:00:00,21282.737861029393
2013-08-16 19:00:00,20689.93954276941
2013-08-16 20:00:00,20283.317122525074
2013-08-16 21:00:00,19373.019672524137
2013-08-16 22:00:00,18364.392942922168
2013-08-16 23:00:00,17164.675276097245
2013-08-17 00:00:00,16124.820699538617
2013-08-17 01:00:00,15321.102442442521
2013-08-17 02:00:00,15159.344293861444
2013-08-17 03:00:00,14936.37292691003
2013-08-17 04:00:00,14745.75432949303
2013-08-17 05:00:00,14721.342279149421
2013-08-17 06:00:00,15762.951564693738
2013-08-17 07:00:00,17047.198073109666
2013-08-17 08:00:00,17341.544727322893
2013-08-17 09:00:00,17290.48787875308
2013-08-17 10:00:00,17750.709089562843
2013-08-17 11:00:00,18875.407400916447
2013-08-17 12:00:00,19491.673089908127
2013-08-17 13:00:00,17106.212738143175
2013-08-17 14:00:00,16445.537152410823
2013-08-17 15:00:00,16156.904168596759
2013-08-17 16:00:00,16123.280428064549
2013-08-17 17:00:00,16908.603800238245
2013-08-17 18:00:00,17953.215969402198
2013-08-17 19:00:00,17595.91848510584
2013-08-17 20:00:00,16900.668780138403
2013-08-17 21:00:00,16199.705404771805
2013-08-17 22:00:00,15310.018490302984
2013-08-17 23:00:00,14255.407397940497
2013-08-18 00:00:00,13360.65939584431
2013-08-18 01:00:00,12706.012373715088
2013-08-18 02:00:00,12452.274101431043
2013-08-18 03:00:00,12418.02057449089
2013-08-18 04:00:00,12412.948088681596
2013-08-18 05:00:00,12642.274310622033
2013-08-18 06:00:00,13460.276743716035
2013-08-18 07:00:00,15049.009178872819
2013-08-18 08:00:00,15547.932315115055
2013-08-18 09:00:00,15617.40114588016
2013-08-18 10:00:00,16180.703529805316
2013-08-18 11:00:00,17053.249433076653
2013-08-18 12:00:00,17913.738209141724
2013-08-18 13:00:00,17784.962616502995
2013-08-18 14:00:00,16762.709992765882
2013-08-18 15:00:00,16023.691575647637
2013-08-18 16:00:00,16202.573638153312
2013-08-18 17:00:00,17907.698247356668
2013-08-18 18:00:00,18711.25905785078
2013-08-18 19:00:00,18401.537499607683
2013-08-18 20:00:00,18259.754401059818
2013-08-18 21:00:00,17485.841272411555
2013-08-18 22:00:00,16440.739666168756
2013-08-18 23:00:00,15441.633820868405
2013-08-19 00:00:00,14602.391065834352
2013-08-19 01:00:00,14053.996945224075
2013-08-19 02:00:00,13573.480092086163
2013-08-19 03:00:00,13309.276255888595
2013-08-19 04:00:00,13291.5168564651
2013-08-19 05:00:00,14194.835364160032
2013-08-19 06:00:00,16095.983047066546
2013-08-19 07:00:00,17619.695049950544
2013-08-19 08:00:00,18738.691089086915
2013-08-19 09:00:00,18850.978253299952
2013-08-19 10:00:00,19071.733969641646
2013-08-19 11:00:00,19941.108144509435
2013-08-19 12:00:00,20584.33352493129
2013-08-19 13:00:00,19667.383424010248
2013-08-19 14:00:00,19354.012098466686
2013-08-19 15:00:00,18886.176459852013
2013-08-19 16:00:00,18595.642718632207
2013-08-19 17:00:00,19468.18862190354
2013-08-19 18:00:00,20718.17020519739
2013-08-19 19:00:00,20166.604356183565
2013-08-19 20:00:00,19801.214405185387
2013-08-19 21:00:00,18795.765103077934
2013-08-19 22:00:00,17691.98652136945
2013-08-19 23:00:00,16633.410768502526
2013-08-20 00:00:00,15734.6981059019
2013-08-20 01:00:00,14896.090836366746
2013-08-20 02:00:00,14615.392872652523
2013-08-20 03:00:00,14240.178542330685
2013-08-20 04:00:00,14222.419142907187
2013-08-20 05:00:00,15138.424564216322
2013-08-20 06:00:00,17087.148173176094
2013-08-20 07:00:00,19066.003201969597
2013-08-20 08:00:00,19477.703807114194
2013-08-20 09:00:00,19640.73862578404
2013-08-20 10:00:00,19769.51421842277
2013-08-20 11:00:00,20741.96956640595
2013-08-20 12:00:00,20719.131982082192
2013-08-20 13:00:00,20387.365771616227
2013-08-20 14:00:00,20037.51956943183
2013-08-20 15:00:00,19436.471337868035
2013-08-20 16:00:00,19340.998893466585
2013-08-20 17:00:00,20124.736401438506
2013-08-20 18:00:00,21584.05205936669
2013-08-20 19:00:00,21197.4160873375
2013-08-20 20:00:00,20568.772678844623
2013-08-20 21:00:00,19515.74745068391
2013-08-20 22:00:00,18240.6955351837
2013-08-20 23:00:00,17090.139658613807
2013-08-21 00:00:00,16099.446872310215
2013-08-21 01:00:00,15411.496701943712
2013-08-21 02:00:00,14986.485095867938
2013-08-21 03:00:00,14847.564531610617
2013-08-21 04:00:00,14690.24908243089
2013-08-21 05:00:00,15339.829317841784
2013-08-21 06:00:00,17269.52255638025
2013-08-21 07:00:00,19223.00375794535
2013-08-21 08:00:00,19855.13948713671
2013-08-21 09:00:00,20015.002577403007
2013-08-21 10:00:00,20324.56668904412
2013-08-21 11:00:00,21127.334567437345
2013-08-21 12:00:00,21646.862540120736
2013-08-21 13:00:00,21024.88318072989
2013-08-21 14:00:00,20392.753150629494
2013-08-21 15:00:00,19829.765659908306
2013-08-21 16:00:00,19410.776918344698
2013-08-21 17:00:00,20889.122946694195
2013-08-21 18:00:00,21734.70915853535
2013-08-21 19:00:00,21070.546951195476
2013-08-21 20:00:00,20663.92453095114
2013-08-21 21:00:00,20015.294674243123
2013-08-21 22:00:00,18745.000351348237
2013-08-21 23:00:00,17663.42956755557
2013-08-22 00:00:00,16741.7218740292
2013-08-22 01:00:00,15720.740221289892
2013-08-22 02:00:00,15416.254294549039
2013-08-22 03:00:00,15061.65619885028
2013-08-22 04:00:00,15043.89679942678
2013-08-22 05:00:00,15544.405799870792
2013-08-22 06:00:00,17729.42317489508
2013-08-22 07:00:00,19462.469252413415
2013-08-22 08:00:00,19660.07819031835
2013-08-22 09:00:00,19796.15331755802
2013-08-22 10:00:00,20276.99076299086
2013-08-22 11:00:00,20440.655368068645
2013-08-22 12:00:00,21160.00223017572
2013-08-22 13:00:00,20541.194599188428
2013-08-22 14:00:00,20148.5300635561
2013-08-22 15:00:00,19617.259856870416
2013-08-22 16:00:00,19496.413585240563
2013-08-22 17:00:00,20322.969426660417
2013-08-22 18:00:00,21798.143726606362
2013-08-22 19:00:00,21305.25485305822
2013-08-22 20:00:00,20860.571691971272
2013-08-22 21:00:00,19769.485722967955
2013-08-22 22:00:00,18854.42498127073
2013-08-22 23:00:00,17741.929845543447
2013-08-23 00:00:00,16789.29780008246
2013-08-23 01:00:00,15809.548616589305
2013-08-23 02:00:00,15251.324417564409
2013-08-23 03:00:00,14925.271877497606
2013-08-23 04:00:00,14950.33081152204
2013-08-23 05:00:00,15669.689071811039
2013-08-23 06:00:00,17269.52255638025
2013-08-23 07:00:00,19092.962893399777
2013-08-23 08:00:00,19786.947326460373
2013-08-23 09:00:00,20034.03294782431
2013-08-23 10:00:00,20150.12162684884
2013-08-23 11:00:00,21075.00104877876
2013-08-23 12:00:00,21480.34679893433
2013-08-23 13:00:00,20777.488365252946
2013-08-23 14:00:00,20202.44944641646
2013-08-23 15:00:00,19897.95782058464
2013-08-23 16:00:00,19551.9188323027
2013-08-23 17:00:00,20667.10195844565
2013-08-23 18:00:00,21695.062553490967
2013-08-23 19:00:00,21015.041704133342
2013-08-23 20:00:00,20514.853295984263
2013-08-23 21:00:00,19634.687265817058
2013-08-23 22:00:00,18574.255638957096
2013-08-23 23:00:00,17628.01193371592
2013-08-24 00:00:00,16841.631318741045
2013-08-24 01:00:00,16145.751827365666
2013-08-24 02:00:00,15625.588369183377
2013-08-24 03:00:00,15096.545211289334
2013-08-24 04:00:00,15131.119330524421
2013-08-24 05:00:00,15415.950799526996
2013-08-24 06:00:00,16416.32761582515
2013-08-24 07:00:00,17337.411222034545
2013-08-24 08:00:00,17661.8892960815
2013-08-24 09:00:00,17686.953929196898
2013-08-24 10:00:00,18072.639522523223
2013-08-24 11:00:00,18856.377030495143
2013-08-24 12:00:00,19553.521793777363
2013-08-24 13:00:00,17772.27570288879
2013-08-24 14:00:00,16872.134622688372
2013-08-24 15:00:00,16443.945589118088
2013-08-24 16:00:00,16254.907156811896
2013-08-24 17:00:00,17351.059912533547
2013-08-24 18:00:00,19136.270663926556
2013-08-24 19:00:00,18950.246513421927
2013-08-24 20:00:00,18811.635143277614
2013-08-24 21:00:00,18242.29849665836
2013-08-24 22:00:00,17917.97217012243
2013-08-24 23:00:00,16774.94914851097
2013-08-25 00:00:00,15791.789217165811
2013-08-25 01:00:00,14967.454725446634
2013-08-25 02:00:00,14498.038921721154
2013-08-25 03:00:00,14211.632986698729
2013-08-25 04:00:00,14315.985130811929
2013-08-25 05:00:00,14876.7569709234
2013-08-25 06:00:00,16433.772122044677
2013-08-25 07:00:00,17710.089309451734
2013-08-25 08:00:00,17749.11182717914
2013-08-25 09:00:00,17702.81257121465
2013-08-25 10:00:00,18484.964214984793
2013-08-25 11:00:00,19504.995489021232
2013-08-25 12:00:00,20179.938153478597
2013-08-25 13:00:00,19335.937805839218
2013-08-25 14:00:00,18832.26277608262
2013-08-25 15:00:00,18259.76010015078
2013-08-25 16:00:00,17931.165618088366
2013-08-25 17:00:00,18229.62868031705
2013-08-25 18:00:00,17111.122078259523
2013-08-25 19:00:00,17730.71694225674
2013-08-25 20:00:00,18613.402118055707
2013-08-25 21:00:00,18415.15769465187
2013-08-25 22:00:00,17684.057200360574
2013-08-25 23:00:00,16886.356108685683
2013-08-26 00:00:00,16248.51810727709
2013-08-26 01:00:00,15747.69991272007
2013-08-26 02:00:00,15216.435405125354
2013-08-26 03:00:00,14877.695951444346
2013-08-26 04:00:00,14745.75432949303
2013-08-26 05:00:00,15412.779071123445
2013-08-26 06:00:00,17404.32101353115
2013-08-26 07:00:00,18615.61776866542
2013-08-26 08:00:00,18664.155471603473
2013-08-26 09:00:00,18508.431585716495
2013-08-26 10:00:00,18358.095078842773
2013-08-26 11:00:00,18961.044067812312
2013-08-26 12:00:00,19585.23907781287
2013-08-26 13:00:00,18403.449655195353
2013-08-26 14:00:00,18814.81826986309
2013-08-26 15:00:00,18716.48899026206
2013-08-26 16:00:00,18711.410805361804
2013-08-26 17:00:00,19755.230042424864
2013-08-26 18:00:00,21274.808540020516
2013-08-26 19:00:00,20864.38460496469
2013-08-26 20:00:00,20215.124961848738
2013-08-26 21:00:00,19541.121277912316
2013-08-26 22:00:00,18169.331646103812
2013-08-26 23:00:00,17161.503547693694
2013-08-27 00:00:00,16313.538539549876
2013-08-27 01:00:00,15359.163183285127
2013-08-27 02:00:00,15022.95997250877
2013-08-27 03:00:00,14722.281259670368
2013-08-27 04:00:00,14658.531798395386
2013-08-27 05:00:00,15319.213083218703
2013-08-27 06:00:00,17196.57280309859
2013-08-27 07:00:00,18590.243941437016
2013-08-27 08:00:00,19414.269239043184
2013-08-27 09:00:00,19431.404551149706
2013-08-27 10:00:00,19912.241996582547
2013-08-27 11:00:00,20852.980060530215
2013-08-27 12:00:00,21068.022106472756
2013-08-27 13:00:00,20771.144908445844
2013-08-27 14:00:00,20289.671977514103
2013-08-27 15:00:00,19817.0787462941
2013-08-27 16:00:00,19583.636116338206
2013-08-27 17:00:00,20413.363686161607
2013-08-27 18:00:00,21814.002368624115
2013-08-27 19:00:00,21363.931828523906
2013-08-27 20:00:00,20600.489962880125
2013-08-27 21:00:00,19753.627080950206
2013-08-27 22:00:00,18626.06053621509
2013-08-27 23:00:00,17541.31802401887
2013-08-28 00:00:00,16616.438602088954
2013-08-28 01:00:00,15880.912505669196
2013-08-28 02:00:00,15405.153245136611
2013-08-28 03:00:00,15110.817989105311
2013-08-28 04:00:00,14934.472169504286
2013-08-28 05:00:00,15853.649319216971
2013-08-28 06:00:00,17729.42317489508
2013-08-28 07:00:00,18820.19425069443
2013-08-28 08:00:00,19636.29022729172
2013-08-28 09:00:00,19732.71874948701
2013-08-28 10:00:00,20058.14150314587
2013-08-28 11:00:00,20821.262776494717
2013-08-28 12:00:00,21337.61902077455
2013-08-28 13:00:00,20761.629723235194
2013-08-28 14:00:00,20678.20870694904
2013-08-28 15:00:00,19969.321709664528
2013-08-28 16:00:00,19869.091672657756
2013-08-28 17:00:00,20992.204119809587
2013-08-28 18:00:00,22278.660579744264
2013-08-28 19:00:00,21747.71096535352
2013-08-28 20:00:00,21031.845025763003
2013-08-28 21:00:00,19896.354859109975
2013-08-28 22:00:00,18764.03072176954
2013-08-28 23:00:00,17758.581419662085
2013-08-29 00:00:00,16912.99520782093
2013-08-29 01:00:00,16144.16596316389
2013-08-29 02:00:00,15419.426022952588
2013-08-29 03:00:00,15236.101261045558
2013-08-29 04:00:00,14993.14914496997
2013-08-29 05:00:00,15650.658701389735
2013-08-29 06:00:00,17459.826260593287
2013-08-29 07:00:00,18923.27542380982
2013-08-29 08:00:00,19466.602757701767
2013-08-29 09:00:00,19593.162699730783
2013-08-29 10:00:00,20151.707491050613
2013-08-29 11:00:00,20816.50518388939
2013-08-29 12:00:00,21464.48815691657
2013-08-29 13:00:00,20885.327130973666
2013-08-29 14:00:00,20424.470434665
2013-08-29 15:00:00,19818.664610495878
2013-08-29 16:00:00,19773.939820551237
2013-08-29 17:00:00,20762.253810552167
2013-08-29 18:00:00,22154.96317200579
2013-08-29 19:00:00,21712.821952914463
2013-08-29 20:00:00,21274.48224863462
2013-08-29 21:00:00,20373.699983844337
2013-08-29 22:00:00,18846.495660261855
2013-08-29 23:00:00,17674.530616967997
2013-08-30 00:00:00,16662.428663940438
2013-08-30 01:00:00,16015.710962820092
2013-08-30 02:00:00,15336.961084460274
2013-08-30 03:00:00,14942.716383717134
2013-08-30 04:00:00,14809.188897564036
2013-08-30 05:00:00,15867.922097032948
2013-08-30 06:00:00,17856.2923110371
2013-08-30 07:00:00,19081.86184398735
2013-08-30 08:00:00,19636.29022729172
2013-08-30 09:00:00,19764.436033522514
2013-08-30 10:00:00,20023.252490706815
2013-08-30 11:00:00,21043.28376474325
2013-08-30 12:00:00,21321.760378756797
2013-08-30 13:00:00,20698.19515516418
2013-08-30 14:00:00,20590.9861758514
2013-08-30 15:00:00,19969.321709664528
2013-08-30 16:00:00,19440.90833817843
2013-08-30 17:00:00,20936.698872747453
2013-08-30 18:00:00,21964.659467792757
2013-08-30 19:00:00,21356.00250751503
2013-08-30 20:00:00,20854.228235164173
2013-08-30 21:00:00,20005.779489032473
2013-08-30 22:00:00,19106.577389353
2013-08-30 23:00:00,17997.253982029266
2013-08-31 00:00:00,17047.793664971832
2013-08-31 01:00:00,16317.025161157395
2013-08-31 02:00:00,15803.205159782206
2013-08-31 03:00:00,15397.859409626639
2013-08-31 04:00:00,15278.60470128952
2013-08-31 05:00:00,15799.729936356613
2013-08-31 06:00:00,17060.188481745914
2013-08-31 07:00:00,17940.03961870915
2013-08-31 08:00:00,18283.548063177408
2013-08-31 09:00:00,18590.896524208805
2013-08-31 10:00:00,18960.723475517378
2013-08-31 11:00:00,19964.896107536064
2013-08-31 12:00:00,20861.85976024197
2013-08-31 13:00:00,19017.179101282385
2013-08-31 14:00:00,18450.069503454775
2013-08-31 15:00:00,18098.0019515697
2013-08-31 16:00:00,17672.669753198996
2013-08-31 17:00:00,18819.57016337745
2013-08-31 18:00:00,20402.583229044114
2013-08-31 19:00:00,20119.02843013031
2013-08-31 20:00:00,19831.345825019118
2013-08-31 21:00:00,19206.50393133773
2013-08-31 22:00:00,18045.63423836534
2013-08-31 23:00:00,17144.42729613317
2013-09-01 00:00:00,16418.459243513982
2013-09-01 01:00:00,15713.516796320504
2013-09-01 02:00:00,15435.99056100983
2013-09-01 03:00:00,14933.680979849694
2013-09-01 04:00:00,14733.09496782949
2013-09-01 05:00:00,15645.479492670376
2013-09-01 06:00:00,17480.479231150584
2013-09-01 07:00:00,18671.618103710025
2013-09-01 08:00:00,18784.72707085617
2013-09-01 09:00:00,18925.562852029016
2013-09-01 10:00:00,19464.39892883872
2013-09-01 11:00:00,20653.439328376284
2013-09-01 12:00:00,21715.558972763094
2013-09-01 13:00:00,21470.10777328182
2013-09-01 14:00:00,21405.03572200029
2013-09-01 15:00:00,20970.047940902503
2013-09-01 16:00:00,20515.26266678689
2013-09-01 17:00:00,21493.383127488345
2013-09-01 18:00:00,23622.84099867865
2013-09-01 19:00:00,23111.373984101752
2013-09-01 20:00:00,22471.400350172327
2013-09-01 21:00:00,22094.628554728857
2013-09-01 22:00:00,20881.64533513845
2013-09-01 23:00:00,19601.723876783963
2013-09-02 00:00:00,18480.082705821846
2013-09-02 01:00:00,18000.332975280453
2013-09-02 02:00:00,18637.850384394114
2013-09-02 03:00:00,18695.350866460652
2013-09-02 04:00:00,17394.175098408406
2013-09-02 05:00:00,16516.118939445005
2013-09-02 06:00:00,16758.911019342828
2013-09-02 07:00:00,17994.45408955198
2013-09-02 08:00:00,19400.04238114498
2013-09-02 09:00:00,20373.456868249843
2013-09-02 10:00:00,21462.58782307557
2013-09-02 11:00:00,22426.435505961046
2013-09-02 12:00:00,22654.39058021406
2013-09-02 13:00:00,22447.00012157539
2013-09-02 14:00:00,21961.674056823413
2013-09-02 15:00:00,21832.75806666825
2013-09-02 16:00:00,21733.206373750305
2013-09-02 17:00:00,21690.03028850848
2013-09-02 18:00:00,22586.478742818505
2013-09-02 19:00:00,22664.16027920113
2013-09-02 20:00:00,22393.693004285342
2013-09-02 21:00:00,21967.759418586837
2013-09-02 22:00:00,20583.5028652047
2013-09-02 23:00:00,19654.057395442545
2013-09-03 00:00:00,18882.892213072766
2013-09-03 01:00:00,18223.939827730766
2013-09-03 02:00:00,18691.769767254475
2013-09-03 03:00:00,19321.767226161886
2013-09-03 04:00:00,17846.14639591436
2013-09-03 05:00:00,16869.76665644089
2013-09-03 06:00:00,17639.065651328106
2013-09-03 07:00:00,18631.97149866564
2013-09-03 08:00:00,19978.882814792956
2013-09-03 09:00:00,21166.388969137482
2013-09-03 10:00:00,21529.19411955013
2013-09-03 11:00:00,22251.990443765764
2013-09-03 12:00:00,22858.967062243068
2013-09-03 13:00:00,22434.31320796119
2013-09-03 14:00:00,21899.825352954183
2013-09-03 15:00:00,21640.868498253447
2013-09-03 16:00:00,21674.52939828462
2013-09-03 17:00:00,21774.081091202566
2013-09-03 18:00:00,22704.625625850767
2013-09-03 19:00:00,22459.58379717212
2013-09-03 20:00:00,22136.783003597742
2013-09-03 21:00:00,21696.57664008326
2013-09-03 22:00:00,20669.139532100562
2013-09-03 23:00:00,19650.885667038994
2013-09-04 00:00:00,18790.912089369802
2013-09-04 01:00:00,18013.019888894658
2013-09-04 02:00:00,18331.778593451487
2013-09-04 03:00:00,19385.2017942329
2013-09-04 04:00:00,17541.66046917351
2013-09-04 05:00:00,16384.492210697656
2013-09-04 06:00:00,17072.912131294335
2013-09-04 07:00:00,18435.324337645507
2013-09-04 08:00:00,19806.02361679945
2013-09-04 09:00:00,20782.609832307866
2013-09-04 10:00:00,21227.87992121283
2013-09-04 11:00:00,21742.9280349959
2013-09-04 12:00:00,22338.80360406078
2013-09-04 13:00:00,22324.888578038688
2013-09-04 14:00:00,22105.987699184963
2013-09-04 15:00:00,21801.04078263275
2013-09-04 16:00:00,21869.590695102976
2013-09-04 17:00:00,21382.372633364073
2013-09-04 18:00:00,22331.15460633269
2013-09-04 19:00:00,21998.09731445551
2013-09-04 20:00:00,21791.064607610733
2013-09-04 21:00:00,21296.938861235893
2013-09-04 22:00:00,20188.622678962656
2013-09-04 23:00:00,19149.752579278007
2013-09-05 00:00:00,18269.16276698573
2013-09-05 01:00:00,17686.33186332895
2013-09-05 02:00:00,18168.434580668632
2013-09-05 03:00:00,18917.371854709192
2013-09-05 04:00:00,17203.871394195372
2013-09-05 05:00:00,16171.986407659768
2013-09-05 06:00:00,16858.820464054672
2013-09-05 07:00:00,18130.838410904656
2013-09-05 08:00:00,19538.012566699428
2013-09-05 09:00:00,20351.25476942499
2013-09-05 10:00:00,20530.099672431705
2013-09-05 11:00:00,21205.320070594084
2013-09-05 12:00:00,21130.375082308015
2013-09-05 13:00:00,21252.844377638605
2013-09-05 14:00:00,20957.82201709967
2013-09-05 15:00:00,21245.9883120114
2013-09-05 16:00:00,21493.74087928223
2013-09-05 17:00:00,20987.492447122033
2013-09-05 18:00:00,22126.578124303676
2013-09-05 19:00:00,21890.258548734793
2013-09-05 20:00:00,21765.690780382327
2013-09-05 21:00:00,21347.686515692705
2013-09-05 22:00:00,20131.53156769875
2013-09-05 23:00:00,19052.22193086883
2013-09-06 00:00:00,18131.19258143128
2013-09-06 01:00:00,17611.79624584551
2013-09-06 02:00:00,17925.79735779702
2013-09-06 03:00:00,19064.857225474294
2013-09-06 04:00:00,17149.952011335015
2013-09-06 05:00:00,16091.107333369227
2013-09-06 06:00:00,16768.42620455348
2013-09-06 07:00:00,18262.465139652002
2013-09-06 08:00:00,19517.396332076347
2013-09-06 09:00:00,20153.021744203084
2013-09-06 10:00:00,20560.231092265436
2013-09-06 11:00:00,20929.379699485184
2013-09-06 12:00:00,21580.760515612197
2013-09-06 13:00:00,21774.59370002267
2013-09-06 14:00:00,21335.257697122182
2013-09-06 15:00:00,21380.7867691623
2013-09-06 16:00:00,21422.37699020235
2013-09-06 17:00:00,20906.613372831493
2013-09-06 18:00:00,21844.294296387678
2013-09-06 19:00:00,21693.61138771466
2013-09-06 20:00:00,21332.74985329768
2013-09-06 21:00:00,20897.301082388527
2013-09-06 22:00:00,19988.80378953897
2013-09-06 23:00:00,18984.822702293382
2013-09-07 00:00:00,18139.121902440158
2013-09-07 01:00:00,17400.8763070094
2013-09-07 02:00:00,17586.422418617105
2013-09-07 03:00:00,18719.13882948728
2013-09-07 04:00:00,16839.12262778706
2013-09-07 05:00:00,15678.782640907655
2013-09-07 06:00:00,15640.876757091257
2013-09-07 07:00:00,16280.134887432905
2013-09-07 08:00:00,17097.367560167277
2013-09-07 09:00:00,17940.741182726568
2013-09-07 10:00:00,18379.66781482443
2013-09-07 11:00:00,19341.92963350813
2013-09-07 12:00:00,19896.57273332685
2013-09-07 13:00:00,18025.61072702591
2013-09-07 14:00:00,18228.549725844412
2013-09-07 15:00:00,18448.52386007981
2013-09-07 16:00:00,19178.37914469033
2013-09-07 17:00:00,19336.60781307397
2013-09-07 18:00:00,19712.099877100816
2013-09-07 19:00:00,19657.361752635203
2013-09-07 20:00:00,19654.905527819432
2013-09-07 21:00:00,19368.527991877152
2013-09-07 22:00:00,18361.707118517537
2013-09-07 23:00:00,17275.26109277963
2013-09-08 00:00:00,16347.095354434094
2013-09-08 01:00:00,15767.436179180864
2013-09-08 02:00:00,16259.0540817312
2013-09-08 03:00:00,17367.982529574747
2013-09-08 04:00:00,15828.927131256207
2013-09-08 05:00:00,14884.264675818244
2013-09-08 06:00:00,15442.643731869346
2013-09-08 07:00:00,16817.742851834726
2013-09-08 08:00:00,18167.82589636559
2013-09-08 09:00:00,18803.45130849232
2013-09-08 10:00:00,19637.258126832225
2013-09-08 11:00:00,20231.59945070406
2013-09-08 12:00:00,20857.60643960267
2013-09-08 13:00:00,21186.238081164047
2013-09-08 14:00:00,21005.397943152926
2013-09-08 15:00:00,20676.66306357408
2013-09-08 16:00:00,21155.951804304103
2013-09-08 17:00:00,21165.109237720862
2013-09-08 18:00:00,21916.45111756845
2013-09-08 19:00:00,21871.228178313486
2013-09-08 20:00:00,21719.700718530847
2013-09-08 21:00:00,20645.148674306256
2013-09-08 22:00:00,19871.4498386076
2013-09-08 23:00:00,18953.105418257874
2013-09-09 00:00:00,18193.04128530052
2013-09-09 01:00:00,17472.240196089286
2013-09-09 02:00:00,17957.51464183252
2013-09-09 03:00:00,19028.38234883346
2013-09-09 04:00:00,17446.50861706699
2013-09-09 05:00:00,16210.047148502375
2013-09-09 06:00:00,16922.255032125682
2013-09-09 07:00:00,18183.17192956324
2013-09-09 08:00:00,19645.85133242015
2013-09-09 09:00:00,20689.043844403124
2013-09-09 10:00:00,21394.39566239923
2013-09-09 11:00:00,22045.828097534977
2013-09-09 12:00:00,22513.24866625606
2013-09-09 13:00:00,22653.162467806174
2013-09-09 14:00:00,22458.04955197908
2013-09-09 15:00:00,22103.94084517183
2013-09-09 16:00:00,22185.17767125626
2013-09-09 17:00:00,21561.57528816468
2013-09-09 18:00:00,22556.347322984777
2013-09-09 19:00:00,22629.271266762073
2013-09-09 20:00:00,22461.885164961677
2013-09-09 21:00:00,21977.27460379749
2013-09-09 22:00:00,20949.837495814794
2013-09-09 23:00:00,19864.184402177772
2013-09-10 00:00:00,18936.811595933126
2013-09-10 01:00:00,18182.70735848461
2013-09-10 02:00:00,18495.12260623434
2013-09-10 03:00:00,19451.80809070746
2013-09-10 04:00:00,17486.155222111374
2013-09-10 05:00:00,16641.40221138525
2013-09-10 06:00:00,17532.812749809167
2013-09-10 07:00:00,18762.012363211215
2013-09-10 08:00:00,20137.469234970482
2013-09-10 09:00:00,20934.85279567829
2013-09-10 10:00:00,21551.396218374983
2013-09-10 11:00:00,22302.738098222573
2013-09-10 12:00:00,22860.552926444845
2013-09-10 13:00:00,23268.47777809498
2013-09-10 14:00:00,22959.182639740065
2013-09-10 15:00:00,22508.336216624524
2013-09-10 16:00:00,22733.8866850705
2013-09-10 17:00:00,22332.30529022747
2013-09-10 18:00:00,23194.657664199323
2013-09-10 19:00:00,23152.60645334791
2013-09-10 20:00:00,23039.13973440788
2013-09-10 21:00:00,22381.669975250185
2013-09-10 22:00:00,21324.101447433757
2013-09-10 23:00:00,20246.377674805615
2013-09-11 00:00:00,19326.93418956984
2013-09-11 01:00:00,18585.51686573553
2013-09-11 02:00:00,18912.204891301237
2013-09-11 03:00:00,19650.04111592937
2013-09-11 04:00:00,18318.733928043395
2013-09-11 05:00:00,17037.86826182907
2013-09-11 06:00:00,17700.914355197343
2013-09-11 07:00:00,18687.476745727778
2013-09-11 08:00:00,19880.55923428289
2013-09-11 09:00:00,21055.37847501321
2013-09-11 10:00:00,21543.46689736611
2013-09-11 11:00:00,21920.54482559473
2013-09-11 12:00:00,22786.01730896141
2013-09-11 13:00:00,23130.507592540533
2013-09-11 14:00:00,23055.92035604836
2013-09-11 15:00:00,22720.84201966241
2013-09-11 16:00:00,22748.159462886484
2013-09-11 17:00:00,22356.093253254097
2013-09-11 18:00:00,23423.815041355854
2013-09-11 19:00:00,23376.213305798225
2013-09-11 20:00:00,23326.1811549292
2013-09-11 21:00:00,22776.55016149223
2013-09-11 22:00:00,21711.05231266692
2013-09-11 23:00:00,20715.00054643021
2013-09-12 00:00:00,19877.229067585868
2013-09-12 01:00:00,19262.680879893578
2013-09-12 02:00:00,19353.075139394765
2013-09-12 03:00:00,20008.446425530587
2013-09-12 04:00:00,18410.71405174636
2013-09-12 05:00:00,17226.58610184033
2013-09-12 06:00:00,17540.74207081804
2013-09-12 07:00:00,18965.00298103845
2013-09-12 08:00:00,20405.480285070505
2013-09-12 09:00:00,21504.17804411562
2013-09-12 10:00:00,21798.791033851925
2013-09-12 11:00:00,22664.31513622734
2013-09-12 12:00:00,23182.48335940523
2013-09-12 13:00:00,23408.033827851206
2013-09-12 14:00:00,23246.224060261393
2013-09-12 15:00:00,23022.156217999713
2013-09-12 16:00:00,22951.150080713713
2013-09-12 17:00:00,23091.934242877825
2013-09-12 18:00:00,23931.291585923944
2013-09-12 19:00:00,23710.83065237281
2013-09-12 20:00:00,23873.30430454167
2013-09-12 21:00:00,23287.198434463873
2013-09-12 22:00:00,22047.25552344328
2013-09-12 23:00:00,21105.123140066928
2013-09-13 00:00:00,20321.27104408294
2013-09-13 01:00:00,19806.632301102494
2013-09-13 02:00:00,20085.74440061495
2013-09-13 03:00:00,20462.003587238312
2013-09-13 04:00:00,19079.94874489553
2013-09-13 05:00:00,17837.14381952381
2013-09-13 06:00:00,18547.765838945346
2013-09-13 07:00:00,19702.429834863957
2013-09-13 08:00:00,20863.79503938356
2013-09-13 09:00:00,21872.098538927483
2013-09-13 10:00:00,22336.39899825375
2013-09-13 11:00:00,23181.306866006078
2013-09-13 12:00:00,23927.839534239607
2013-09-13 13:00:00,23955.156977463677
2013-09-13 14:00:00,24110.520050228915
2013-09-13 15:00:00,23894.38152897612
2013-09-13 16:00:00,23953.41625623569
2013-09-13 17:00:00,24035.523442934118
2013-09-13 18:00:00,24641.758748319266
2013-09-13 19:00:00,25125.42152035636
2013-09-13 20:00:00,25129.308752347693
2013-09-13 21:00:00,24270.43423956454
2013-09-13 22:00:00,23396.825959154045
2013-09-13 23:00:00,22487.99672401497
2013-09-14 00:00:00,21737.447776268265
2013-09-14 01:00:00,21181.57656404166
2013-09-14 02:00:00,21465.446256159437
2013-09-14 03:00:00,21369.117910653775
2013-09-14 04:00:00,19993.406525118087
2013-09-14 05:00:00,19177.19907002392
2013-09-14 06:00:00,18822.12034585247
2013-09-14 07:00:00,19416.974278544407
2013-09-14 08:00:00,20151.742012786464
2013-09-14 09:00:00,20428.96211531198
2013-09-14 10:00:00,20972.555784727007
2013-09-14 11:00:00,22126.70717182552
2013-09-14 12:00:00,22897.027803085675
2013-09-14 13:00:00,21761.906786408468
2013-09-14 14:00:00,21879.209118331106
2013-09-14 15:00:00,22233.981709717402
2013-09-14 16:00:00,22331.077177819585
2013-09-14 17:00:00,22562.255599484884
2013-09-14 18:00:00,24089.08507400058
2013-09-14 19:00:00,24185.004048703617
2013-09-14 20:00:00,24307.8310958281
2013-09-14 21:00:00,24073.78707854441
2013-09-14 22:00:00,23315.946884863504
2013-09-14 23:00:00,22195.404778787433
2013-09-15 00:00:00,21233.142960103723
2013-09-15 01:00:00,20977.000082012655
2013-09-15 02:00:00,21073.737798320948
2013-09-15 03:00:00,21668.846244789303
2013-09-15 04:00:00,20253.488254209235
2013-09-15 05:00:00,19381.77555205293
2013-09-15 06:00:00,19695.931521030645
2013-09-15 07:00:00,20620.64520769184
2013-09-15 08:00:00,21054.098743596594
2013-09-15 09:00:00,21518.450821931598
2013-09-15 10:00:00,22016.05442949514
2013-09-15 11:00:00,22868.89161825635
2013-09-15 12:00:00,23729.606509017696
2013-09-15 13:00:00,24573.644016156035
2013-09-15 14:00:00,24546.63270571712
2013-09-15 15:00:00,24370.1407895087
2013-09-15 16:00:00,24365.740948697265
2013-09-15 17:00:00,24703.172271881514
2013-09-15 18:00:00,26309.29495648597
2013-09-15 19:00:00,26221.253683783078
2013-09-15 20:00:00,26643.809065043082
2013-09-15 21:00:00,26156.026775475348
2013-09-15 22:00:00,25222.15565539739
2013-09-15 23:00:00,24076.239722092912
2013-09-16 00:00:00,23088.604076180804
2013-09-16 01:00:00,22363.045394364246
2013-09-16 02:00:00,22412.207184619278
2013-09-16 03:00:00,22758.33495140892
2013-09-16 04:00:00,21195.49159006375
2013-09-16 05:00:00,20510.91086371693
2013-09-16 06:00:00,20639.520721086934
2013-09-16 07:00:00,21637.184161029796
2013-09-16 08:00:00,22736.700661680163
2013-09-16 09:00:00,23568.97323482703
2013-09-16 10:00:00,23660.595606736104
2013-09-16 11:00:00,24394.492980364164
2013-09-16 12:00:00,25520.04719282199
2013-09-16 13:00:00,25858.194019594008
2013-09-16 14:00:00,25173.049065418352
2013-09-16 15:00:00,25099.63832232533
2013-09-16 16:00:00,25198.319654629286
2013-09-16 17:00:00,25210.6488164496
2013-09-16 18:00:00,26051.59202369749
2013-09-16 19:00:00,25153.967075988316
2013-09-16 20:00:00,25368.77424681576
2013-09-16 21:00:00,25044.335970030876
2013-09-16 22:00:00,24016.898862048176
2013-09-16 23:00:00,23318.989565745214
2013-09-17 00:00:00,22779.360556834625
2013-09-17 01:00:00,22052.21601081629
2013-09-17 02:00:00,22401.106135206854
2013-09-17 03:00:00,22439.576246852084
2013-09-17 04:00:00,21120.95597258031
2013-09-17 05:00:00,20219.111850590278
2013-09-17 06:00:00,20487.277757716507
2013-09-17 07:00:00,21340.627555297815
2013-09-17 08:00:00,22403.669179307355
2013-09-17 09:00:00,23576.902555835906
2013-09-17 10:00:00,23779.535421869252
2013-09-17 11:00:00,24053.532176982484
2013-09-17 12:00:00,24490.821325869834
2013-09-17 13:00:00,24985.96870861761
2013-09-17 14:00:00,23880.569740971503
2013-09-17 15:00:00,23418.622268443534
2013-09-17 16:00:00,23461.798353685357
2013-09-17 17:00:00,23661.259491315148
2013-09-17 18:00:00,25046.947051872852
2013-09-17 19:00:00,24584.64182755099
2013-09-17 20:00:00,25243.490974875516
2013-09-17 21:00:00,24598.708129332026
2013-09-17 22:00:00,24380.06176425472
2013-09-17 23:00:00,23445.065769786346
2013-09-18 00:00:00,22668.350062710353
2013-09-18 01:00:00,21877.77094862101
2013-09-18 02:00:00,22329.742246126963
2013-09-18 03:00:00,21787.786059922448
2013-09-18 04:00:00,20645.196712047727
2013-09-18 05:00:00,19652.958330556507
2013-09-18 06:00:00,19992.488126762622
2013-09-18 07:00:00,21140.808665874138
2013-09-18 08:00:00,22118.213622987805
2013-09-18 09:00:00,22990.13280117905
2013-09-18 10:00:00,22954.886036946107
2013-09-18 11:00:00,23871.157793778326
2013-09-18 12:00:00,23904.051571212978
2013-09-18 13:00:00,24216.8245707566
2013-09-18 14:00:00,24348.399680495208
2013-09-18 15:00:00,24457.363320606342
2013-09-18 16:00:00,24151.6492814576
2013-09-18 17:00:00,24324.15072765722
2013-09-18 18:00:00,25279.27615743293
2013-09-18 19:00:00,25233.26028607708
2013-09-18 20:00:00,25364.016654210438
2013-09-18 21:00:00,24744.607635895347
2013-09-18 22:00:00,23679.109787070047
2013-09-18 23:00:00,22801.99783596648
2013-09-19 00:00:00,22083.166172255278
2013-09-19 01:00:00,21592.31539230146
2013-09-19 02:00:00,21766.76045449674
2013-09-19 03:00:00,21806.81643034375
2013-09-19 04:00:00,20420.003995395637
2013-09-19 05:00:00,19311.99752717482
2013-09-19 06:00:00,19599.193804722356
2013-09-19 07:00:00,20814.120640308425
2013-09-19 08:00:00,22029.40522768839
2013-09-19 09:00:00,23069.42601126782
2013-09-19 10:00:00,23438.574618487568
2013-09-19 11:00:00,23982.168287902594
2013-09-19 12:00:00,24506.679967887583
2013-09-19 13:00:00,24779.806362386822
2013-09-19 14:00:00,24847.946904054425
2013-09-19 15:00:00,24845.900050041284
2013-09-19 16:00:00,24825.641567212093
2013-09-19 17:00:00,25052.06239627207
2013-09-19 18:00:00,25817.67705393564
2013-09-19 19:00:00,25740.73683064517
2013-09-19 20:00:00,25383.047024631735
2013-09-19 21:00:00,25172.790970374677
2013-09-19 22:00:00,24468.87015955413
2013-09-19 23:00:00,23675.80901114465
2013-09-20 00:00:00,23041.028150127546
2013-09-20 01:00:00,22432.823419242355
2013-09-20 02:00:00,22638.985765473142
2013-09-20 03:00:00,22836.042297295906
2013-09-20 04:00:00,21469.846096970872
2013-09-20 05:00:00,20545.799876155987
2013-09-20 06:00:00,20885.329672362102
2013-09-20 07:00:00,21932.154902559996
2013-09-20 08:00:00,22611.417389739916
2013-09-20 09:00:00,23418.316135658377
2013-09-20 10:00:00,23652.666285727228
2013-09-20 11:00:00,24085.24946101799
2013-09-20 12:00:00,24435.3160788077
2013-09-20 13:00:00,24304.047101854234
2013-09-20 14:00:00,23714.0539997851
2013-09-20 15:00:00,23466.198194496792
2013-09-20 16:00:00,23556.950205791873
2013-09-20 17:00:00,23659.673627113378
2013-09-20 18:00:00,23925.74106121773
2013-09-20 19:00:00,23909.063677594717
2013-09-20 20:00:00,24157.173996659443
2013-09-20 21:00:00,23664.634114486387
2013-09-20 22:00:00,22936.925340639216
2013-09-20 23:00:00,22061.39925373742
2013-09-21 00:00:00,21344.153454228
2013-09-21 01:00:00,20823.17125444045
2013-09-21 02:00:00,21061.05088470674
2013-09-21 03:00:00,21258.107416529503
2013-09-21 04:00:00,19574.738375849414
2013-09-21 05:00:00,18683.995303271808
2013-09-21 06:00:00,18558.86688835777
2013-09-21 07:00:00,18861.92180792306
2013-09-21 08:00:00,19574.48744334026
2013-09-21 09:00:00,19957.96044738472
2013-09-21 10:00:00,20147.906399803862
2013-09-21 11:00:00,20967.44044032779
2013-09-21 12:00:00,21815.468417474938
2013-09-21 13:00:00,19521.080669299998
2013-09-21 14:00:00,19841.37361904987
2013-09-21 15:00:00,19450.79003560179
2013-09-21 16:00:00,19838.098652628847
2013-09-21 17:00:00,20397.55096406163
2013-09-21 18:00:00,20941.144633476655
2013-09-21 19:00:00,20976.80076851223
2013-09-21 20:00:00,21209.052445559206
2013-09-21 21:00:00,21068.574416180254
2013-09-21 22:00:00,20467.734778475107
2013-09-21 23:00:00,19581.107642160885
2013-09-22 00:00:00,18852.76079323903
2013-09-22 01:00:00,18171.606309072184
2013-09-22 02:00:00,18601.375507753284
2013-09-22 03:00:00,19063.271361272517
2013-09-22 04:00:00,17538.488740769957
2013-09-22 05:00:00,16473.30060599707
2013-09-22 06:00:00,17058.639353478356
2013-09-22 07:00:00,18371.8897695745
2013-09-22 08:00:00,19398.456516943203
2013-09-22 09:00:00,19428.28180399178
2013-09-22 10:00:00,19642.015719437546
2013-09-22 11:00:00,20144.37691960642
2013-09-22 12:00:00,20565.807426476014
2013-09-22 13:00:00,20915.055302660472
2013-09-22 14:00:00,20478.891028163536
2013-09-22 15:00:00,20529.17769280898
2013-09-22 16:00:00,20849.880013361475
2013-09-22 17:00:00,21418.847510004907
2013-09-22 18:00:00,22094.860840268175
2013-09-22 19:00:00,22205.84552488807
2013-09-22 20:00:00,22192.28825065988
2013-09-22 21:00:00,21831.375097234162
2013-09-22 22:00:00,20537.512803353216
2013-09-22 23:00:00,19700.840389394918
2013-09-23 00:00:00,19022.44826282899
2013-09-23 01:00:00,18428.51630975978
2013-09-23 02:00:00,18688.598038850927
2013-09-23 03:00:00,19177.45358380034
2013-09-23 04:00:00,17467.12485169007
2013-09-23 05:00:00,16398.764988513634
2013-09-23 06:00:00,16927.012624731007
2013-09-23 07:00:00,17957.979212911152
2013-09-23 08:00:00,19430.173800978708
2013-09-23 09:00:00,20773.094647097216
2013-09-23 10:00:00,21240.56683482703
2013-09-23 11:00:00,22174.28309787878
2013-09-23 12:00:00,22465.6727402028
2013-09-23 13:00:00,22662.677653016824
2013-09-23 14:00:00,22434.26158895245
2013-09-23 15:00:00,22151.516771225088
2013-09-23 16:00:00,22159.803844027854
2013-09-23 17:00:00,22490.891710404994
2013-09-23 18:00:00,22844.974607707878
2013-09-23 19:00:00,22889.352995853216
2013-09-23 20:00:00,22817.118746159333
2013-09-23 21:00:00,22403.872074075036
2013-09-23 22:00:00,21703.122991658045
2013-09-23 23:00:00,20557.207058353564
2013-09-24 00:00:00,19569.571412441463
2013-09-24 01:00:00,18785.335755159216
2013-09-24 02:00:00,19376.863102421394
2013-09-24 03:00:00,19386.787658434678
2013-09-24 04:00:00,17812.84324767708
2013-09-24 05:00:00,16620.785976762174
2013-09-24 06:00:00,17147.447748777773
2013-09-24 07:00:00,18416.293967224203
2013-09-24 08:00:00,20094.650901522553
2013-09-24 09:00:00,20884.105141221484
2013-09-24 10:00:00,21310.344859705147
2013-09-24 11:00:00,22245.646986958665
2013-09-24 12:00:00,22835.17909921644
2013-09-24 13:00:00,23217.730123638175
2013-09-24 14:00:00,23124.112516724694
2013-09-24 15:00:00,22730.35720487306
2013-09-24 16:00:00,22775.11915431666
2013-09-24 17:00:00,23139.510168931083
2013-09-24 18:00:00,23428.572633961183
2013-09-24 19:00:00,23216.041021418925
2013-09-24 20:00:00,23159.6654137428
2013-09-24 21:00:00,22771.792568886907
2013-09-24 22:00:00,21901.356016879956
2013-09-24 23:00:00,20953.67310879739
2013-09-25 00:00:00,20164.270488107188
2013-09-25 01:00:00,19424.439028474655
2013-09-25 02:00:00,19996.93600531553
2013-09-25 03:00:00,20005.274697127035
2013-09-25 04:00:00,18069.753248364676
2013-09-25 05:00:00,17172.66671897997
2013-09-25 06:00:00,17862.672503778424
2013-09-25 07:00:00,19339.266932657418
2013-09-25 08:00:00,20413.40960607938
2013-09-25 09:00:00,21467.70316747479
2013-09-25 10:00:00,22028.741343109345
2013-09-25 11:00:00,22862.548161449246
2013-09-25 12:00:00,23337.898051179207
2013-09-25 13:00:00,23595.16580366069
2013-09-25 14:00:00,23582.42727103775
2013-09-25 15:00:00,23315.541095328143
2013-09-25 16:00:00,23336.515081745107
2013-09-25 17:00:00,23685.047454341784
2013-09-25 18:00:00,24322.20711166155
2013-09-25 19:00:00,23488.809664124274
2013-09-25 20:00:00,23871.7184403399
2013-09-25 21:00:00,23680.49275650414
2013-09-25 22:00:00,22340.640400771706
2013-09-25 23:00:00,21580.089468498623
2013-09-26 00:00:00,20977.81882361791
2013-09-26 01:00:00,20150.76483288773
2013-09-26 02:00:00,20531.3722413138
2013-09-26 03:00:00,20565.084760353708
2013-09-26 04:00:00,18691.412015460584
2013-09-26 05:00:00,17835.557955322034
2013-09-26 06:00:00,18129.09768967667
2013-09-26 07:00:00,18660.517054297597
2013-09-26 08:00:00,19798.094295790575
2013-09-26 09:00:00,20828.599894159346
2013-09-26 10:00:00,21513.33547753238
2013-09-26 11:00:00,22269.434949985294
2013-09-26 12:00:00,23019.139346622374
2013-09-26 13:00:00,23461.953210711563
2013-09-26 14:00:00,23331.86072715726
2013-09-26 15:00:00,23217.217514818076
2013-09-26 16:00:00,23371.404094184163
2013-09-26 17:00:00,23640.64325669207
2013-09-26 18:00:00,24698.849859583177
2013-09-26 19:00:00,24603.67219797229
2013-09-26 20:00:00,24904.116035695602
2013-09-26 21:00:00,24381.44473368881
2013-09-26 22:00:00,23504.66472487476
2013-09-26 23:00:00,22603.764810744564
2013-09-27 00:00:00,21861.14518400674
2013-09-27 01:00:00,21145.10168740083
2013-09-27 02:00:00,21406.769280693752
2013-09-27 03:00:00,21286.65297216146
2013-09-27 04:00:00,19733.32479602694
2013-09-27 05:00:00,18473.0753644357
2013-09-27 06:00:00,19080.616210741835
2013-09-27 07:00:00,20056.077551859842
2013-09-27 08:00:00,21468.00930025994
2013-09-27 09:00:00,22771.283541334065
2013-09-27 10:00:00,23720.85844640357
2013-09-27 11:00:00,24779.857981395562
2013-09-27 12:00:00,25317.056574994753
2013-09-27 13:00:00,25545.77877184428
2013-09-27 14:00:00,25298.332337358603
2013-09-27 15:00:00,24933.122581138927
2013-09-27 16:00:00,24681.327924850542
2013-09-27 17:00:00,24654.01048162648
2013-09-27 18:00:00,25946.132054279435
2013-09-27 19:00:00,25948.48504107773
2013-09-27 20:00:00,25852.462828357216
2013-09-27 21:00:00,25515.337637958135
2013-09-27 22:00:00,24892.295901428133
2013-09-27 23:00:00,24000.118240407697
2013-09-28 00:00:00,23266.220866779633
2013-09-28 01:00:00,22407.449592013956
2013-09-28 02:00:00,22640.57162967492
2013-09-28 03:00:00,21906.725875055596
2013-09-28 04:00:00,20648.36844045128
2013-09-28 05:00:00,19307.239934569494
2013-09-28 06:00:00,19529.41577984424
2013-09-28 07:00:00,19997.400576394157
2013-09-28 08:00:00,20740.097631645087
2013-09-28 09:00:00,21388.40995738602
2013-09-28 10:00:00,22134.994244628288
2013-09-28 11:00:00,23090.912606504888
2013-09-28 12:00:00,23742.293422631905
2013-09-28 13:00:00,22976.678764968332
2013-09-28 14:00:00,23721.983320793974
2013-09-28 15:00:00,23608.92597265657
2013-09-28 16:00:00,23599.768539239805
2013-09-28 17:00:00,24251.200974375555
2013-09-28 18:00:00,25617.85816451195
2013-09-28 19:00:00,25786.72689249665
2013-09-28 20:00:00,26031.665483157823
2013-09-28 21:00:00,25417.01405744807
2013-09-28 22:00:00,24944.629420086712
2013-09-28 23:00:00,24192.007808822505
2013-09-29 00:00:00,23597.666484950667
2013-09-29 01:00:00,22862.592617923456
2013-09-29 02:00:00,23071.926692557794
2013-09-29 03:00:00,22775.77945762845
2013-09-29 04:00:00,21699.796406228288
2013-09-29 05:00:00,20144.576233106844
2013-09-29 06:00:00,19984.558805753746
2013-09-29 07:00:00,20079.86551488647
2013-09-29 08:00:00,20721.067261223783
2013-09-29 09:00:00,21326.561253516782
2013-09-29 10:00:00,21616.416650647767
2013-09-29 11:00:00,22017.282541903023
2013-09-29 12:00:00,22524.349715668486
2013-09-29 13:00:00,23320.81129675357
2013-09-29 14:00:00,23531.679616580943
2013-09-29 15:00:00,23101.449428088483
2013-09-29 16:00:00,23160.484155348055
2013-09-29 17:00:00,23830.946960905105
2013-09-29 18:00:00,25155.578749694458
2013-09-29 19:00:00,24858.996334458112
2013-09-29 20:00:00,25018.298258223425
2013-09-29 21:00:00,24570.16257370007
2013-09-29 22:00:00,24132.666948777773
2013-09-29 23:00:00,23392.73225112776
2013-09-30 00:00:00,22811.077840870126
2013-09-30 01:00:00,22102.9636652731
2013-09-30 02:00:00,22551.763234375503
2013-09-30 03:00:00,21982.84735674081
2013-09-30 04:00:00,20749.863749364897
2013-09-30 05:00:00,19327.856169192575
2013-09-30 06:00:00,19082.202074943612
2013-09-30 07:00:00,19193.36742609409
2013-09-30 08:00:00,19706.114172087608
2013-09-30 09:00:00,19745.454644346835
2013-09-30 10:00:00,20217.684424681975
2013-09-30 11:00:00,20791.409513930736
2013-09-30 12:00:00,21634.67989847255
2013-09-30 13:00:00,22247.181232151703
2013-09-30 14:00:00,22148.8060326329
2013-09-30 15:00:00,21837.51565927358
2013-09-30 16:00:00,21815.67131224262
2013-09-30 17:00:00,22486.13411779967
2013-09-30 18:00:00,22962.32855863925
2013-09-30 19:00:00,22489.715217005847
2013-09-30 20:00:00,22287.44010276639
2013-09-30 21:00:00,22191.36627103715
2013-09-30 22:00:00,21860.1235476338
2013-09-30 23:00:00,21388.19990008381
2013-10-01 00:00:00,21074.5565399262
2013-10-01 01:00:00,20491.725636269417
2013-10-01 02:00:00,19855.79409135753
2013-10-01 03:00:00,19266.261979099756
2013-10-01 04:00:00,19121.181214141685
2013-10-01 05:00:00,19120.10795876001
2013-10-01 06:00:00,19913.194916673856
2013-10-01 07:00:00,19359.883167280495
2013-10-01 08:00:00,17888.71379685314
2013-10-01 09:00:00,17918.539083901716
2013-10-01 10:00:00,18420.900284070583
2013-10-01 11:00:00,18961.32222508206
2013-10-01 12:00:00,19385.92446035521
2013-10-01 13:00:00,19646.363941240248
2013-10-01 14:00:00,19395.745778351014
2013-10-01 15:00:00,18900.495157585767
2013-10-01 16:00:00,18353.729759767186
2013-10-01 17:00:00,17839.552006598107
2013-10-01 18:00:00,21350.297597534678
2013-10-01 19:00:00,21411.327559798658
2013-10-01 20:00:00,21657.85201466161
2013-10-01 21:00:00,21541.161948309284
2013-10-01 22:00:00,21395.465336513644
2013-10-01 23:00:00,20715.7934785311
2013-10-02 00:00:00,20194.40190794092
2013-10-02 01:00:00,19498.974645958093
2013-10-02 02:00:00,18980.397051977576
2013-10-02 03:00:00,18132.369074830433
2013-10-02 04:00:00,18034.86423592562
2013-10-02 05:00:00,17581.81968303799
2013-10-02 06:00:00,17816.68244192694
2013-10-02 07:00:00,18711.264708754406
2013-10-02 08:00:00,18797.41398447037
2013-10-02 09:00:00,18765.390567649712
2013-10-02 10:00:00,18903.003001410267
2013-10-02 11:00:00,19435.495621412872
2013-10-02 12:00:00,20351.715759236355
2013-10-02 13:00:00,20894.439068037394
2013-10-02 14:00:00,20675.538189183666
2013-10-02 15:00:00,20085.1357163119
2013-10-02 16:00:00,19325.864515455432
2013-10-02 17:00:00,18835.47472531298
2013-10-02 18:00:00,21798.304234536194
2013-10-02 19:00:00,22340.64398203897
2013-10-02 20:00:00,22009.91386745572
2013-10-02 21:00:00,22196.12386364248
2013-10-02 22:00:00,21731.668547290003
2013-10-02 23:00:00,21164.5930476335
2013-10-03 00:00:00,20755.797835369365
2013-10-03 01:00:00,20133.320326668203
2013-10-03 02:00:00,19800.288844295395
2013-10-03 03:00:00,19356.656238600943
2013-10-03 04:00:00,19068.8476954831
2013-10-03 05:00:00,18760.116784957023
2013-10-03 06:00:00,18765.029234588557
2013-10-03 07:00:00,19018.922363898808
2013-10-03 08:00:00,19174.84966449289
2013-10-03 09:00:00,19188.81630952371
2013-10-03 10:00:00,19204.317199747573
2013-10-03 11:00:00,19987.37636363067
2013-10-03 12:00:00,20752.9394022855
2013-10-03 13:00:00,21214.783636795997
2013-10-03 14:00:00,20919.76127625706
2013-10-03 15:00:00,20330.944667587068
2013-10-03 16:00:00,19801.623775988013
2013-10-03 17:00:00,19247.799417774553
2013-10-03 18:00:00,22666.56488500816
2013-10-03 19:00:00,22813.231514168005
2013-10-03 20:00:00,22696.593066824415
2013-10-03 21:00:00,22570.38781526144
2013-10-03 22:00:00,22202.67021521726
2013-10-03 23:00:00,21607.84209202969
2013-10-04 00:00:00,21171.294256234494
2013-10-04 01:00:00,20553.574340138653
2013-10-04 02:00:00,20061.956437588313
2013-10-04 03:00:00,19600.879325674337
2013-10-04 04:00:00,19384.43467163638
2013-10-04 05:00:00,18747.429871342818
2013-10-04 06:00:00,18923.615654766083
2013-10-04 07:00:00,19166.40773466391
2013-10-04 08:00:00,19277.930837608284
2013-10-04 09:00:00,19693.12112568825
2013-10-04 10:00:00,20082.885967531078
2013-10-04 11:00:00,20620.136180139005
2013-10-04 12:00:00,21231.870391221637
2013-10-04 13:00:00,21639.795242871773
2013-10-04 14:00:00,21392.348808386094
2013-10-04 15:00:00,20811.461520724974
2013-10-04 16:00:00,20324.95896257386
2013-10-04 17:00:00,19842.498493440282
2013-10-04 18:00:00,23039.24297242535
2013-10-04 19:00:00,23135.16194712838
2013-10-04 20:00:00,22928.129240283608
2013-10-04 21:00:00,22676.640716780385
2013-10-04 22:00:00,22421.519475062247
2013-10-04 23:00:00,21903.60576566078
2013-10-05 00:00:00,21543.97234365168
2013-10-05 01:00:00,21007.131501846383
2013-10-05 02:00:00,20431.462796601954
2013-10-05 03:00:00,19889.50661039744
2013-10-05 04:00:00,19646.1022649293
2013-10-05 05:00:00,19283.451971542865
2013-10-05 06:00:00,19358.142446052512
2013-10-05 07:00:00,19672.298415030225
2013-10-05 08:00:00,19482.507319637294
2013-10-05 09:00:00,19772.414335777015
2013-10-05 10:00:00,19998.835164836986
2013-10-05 11:00:00,20872.288588221272
2013-10-05 12:00:00,21975.640701854238
2013-10-05 13:00:00,21122.80351309303
2013-10-05 14:00:00,20710.427201622726
2013-10-05 15:00:00,19966.19590117875
2013-10-05 16:00:00,19590.703837151905
2013-10-05 17:00:00,19576.073307542032
2013-10-05 18:00:00,22680.04473072325
2013-10-05 19:00:00,22906.797502072746
2013-10-05 20:00:00,22929.715104485378
2013-10-05 21:00:00,22491.09460517268
2013-10-05 22:00:00,22310.50898093798
2013-10-05 23:00:00,21845.721722295984
2013-10-06 00:00:00,21539.21475104636
2013-10-06 01:00:00,20864.40372368661
2013-10-06 02:00:00,20333.139216091888
2013-10-06 03:00:00,19897.435931406315
2013-10-06 04:00:00,19485.92998055
2013-10-06 05:00:00,19089.97653892628
2013-10-06 06:00:00,19496.11263160696
2013-10-06 07:00:00,20098.895885307775
2013-10-06 08:00:00,20763.885594671716
2013-10-06 09:00:00,21145.772734514405
2013-10-06 10:00:00,21743.285786789795
2013-10-06 11:00:00,22654.79995101669
2013-10-06 12:00:00,23414.01953286442
2013-10-06 13:00:00,23633.226544503297
2013-10-06 14:00:00,23664.892209530062
2013-10-06 15:00:00,23045.94418102634
2013-10-06 16:00:00,22386.58242488172
2013-10-06 17:00:00,20614.814359704844
2013-10-06 18:00:00,22232.83102582262
2013-10-06 19:00:00,21807.79361024248
2013-10-06 20:00:00,22707.694116236842
2013-10-06 21:00:00,22882.803063011175
2013-10-06 22:00:00,22683.187068355164
2013-10-06 23:00:00,22374.607433588037
2013-10-07 00:00:00,22224.308086213277
2013-10-07 01:00:00,21417.87033010618
2013-10-07 02:00:00,20862.817859484832
2013-10-07 03:00:00,20584.11513077501
2013-10-07 04:00:00,20296.306587657164
2013-10-07 05:00:00,19786.170923505626
2013-10-07 06:00:00,20341.378251153183
2013-10-07 07:00:00,20893.41385039719
2013-10-07 08:00:00,21873.99053591441
2013-10-07 09:00:00,22474.72693560209
2013-10-07 10:00:00,23110.300728720085
2013-10-07 11:00:00,23883.844707392524
2013-10-07 12:00:00,24655.751202854462
2013-10-07 13:00:00,25020.857721056665
2013-10-07 14:00:00,24970.058447591116
2013-10-07 15:00:00,24766.60683995252
2013-10-07 16:00:00,24077.113663974164
2013-10-07 17:00:00,23250.520663055355
2013-10-07 18:00:00,26305.330295981537
2013-10-07 19:00:00,26256.142696222134
2013-10-07 20:00:00,25674.84603775839
2013-10-07 21:00:00,24663.728561604814
2013-10-07 22:00:00,23211.279847546335
2013-10-07 23:00:00,21004.4207632542
2013-10-08 00:00:00,18955.84196635443
2013-10-08 01:00:00,18595.03205094618
2013-10-08 02:00:00,17790.99890064612
2013-10-08 03:00:00,16700.333700627354
2013-10-08 04:00:00,16120.726144382857
2013-10-08 05:00:00,16522.462396252104
2013-10-08 06:00:00,17432.903305097323
2013-10-08 07:00:00,18547.920695971552
2013-10-08 08:00:00,19314.405714249115
2013-10-08 09:00:00,20394.073102872924
2013-10-08 10:00:00,21313.516588108694
2013-10-08 11:00:00,22646.87063000781
2013-10-08 12:00:00,23572.605953041948
2013-10-08 13:00:00,24034.45018755244
2013-10-08 14:00:00,24166.025297291053
2013-10-08 15:00:00,24132.261159242407
2013-10-08 16:00:00,23430.08106964985
2013-10-08 17:00:00,23006.29757598196
2013-10-08 18:00:00,25849.39433797114
2013-10-08 19:00:00,25518.715842396625
2013-10-08 20:00:00,25367.188382613982
2013-10-08 21:00:00,24800.112882957485
2013-10-08 22:00:00,24410.193184088446
2013-10-08 23:00:00,23807.435739891996
2013-10-09 00:00:00,23362.958583087926
2013-10-09 01:00:00,22513.702493532895
2013-10-09 02:00:00,21865.08403500681
2013-10-09 03:00:00,21145.511058203458
2013-10-09 04:00:00,21073.38004652705
2013-10-09 05:00:00,20633.022407253626
2013-10-09 06:00:00,21259.593623981073
2013-10-09 07:00:00,21970.215643402604
2013-10-09 08:00:00,22641.548809573647
2013-10-09 09:00:00,23862.358112155456
2013-10-09 10:00:00,24659.69005385453
2013-10-09 11:00:00,25028.83866107428
2013-10-09 12:00:00,25561.279662068144
2013-10-09 13:00:00,25652.031673363224
2013-10-09 14:00:00,25720.172215030827
2013-10-09 15:00:00,25337.51795259162
2013-10-09 16:00:00,24904.93477730086
2013-10-09 17:00:00,24132.261159242407
2013-10-09 18:00:00,26848.488785089565
2013-10-09 19:00:00,26945.99362399438
2013-10-09 20:00:00,26842.042090264997
2013-10-09 21:00:00,26433.55301078602
2013-10-09 22:00:00,25880.28929913413
2013-10-09 23:00:00,25059.475527193586
2013-10-10 00:00:00,24396.94204264541
2013-10-10 01:00:00,23875.959842857857
2013-10-10 02:00:00,22876.865395739434
2013-10-10 03:00:00,22328.56575272782
2013-10-10 04:00:00,21644.29115916615
2013-10-10 05:00:00,21276.883273174386
2013-10-10 06:00:00,21881.25239107698
2013-10-10 07:00:00,22414.25761989968
2013-10-10 08:00:00,23149.02535414174
2013-10-10 09:00:00,23973.368606279728
2013-10-10 10:00:00,24723.12462192554
2013-10-10 11:00:00,25425.3047115181
2013-10-10 12:00:00,25688.148798210164
2013-10-10 13:00:00,25953.34587170053
2013-10-10 14:00:00,25799.46542511959
2013-10-10 15:00:00,25575.397582857913
2013-10-10 16:00:00,25142.81440756715
2013-10-10 17:00:00,24734.889555917016
2013-10-10 18:00:00,27379.753292684287
2013-10-10 19:00:00,27532.763378651234
2013-10-10 20:00:00,27444.670486939598
2013-10-10 21:00:00,26901.38295030973
2013-10-10 22:00:00,26165.74485545368
2013-10-10 23:00:00,25471.800219655153
2013-10-11 00:00:00,24936.135871249004
2013-10-11 01:00:00,24240.708609266174
2013-10-11 02:00:00,23685.65613864483
2013-10-11 03:00:00,23184.93242168647
2013-10-11 04:00:00,22754.39610040885
2013-10-11 05:00:00,22482.140066523603
2013-10-11 06:00:00,22737.61906003563
2013-10-11 07:00:00,23096.179226663044
2013-10-11 08:00:00,23458.268873487912
2013-10-11 09:00:00,24195.389594528264
2013-10-11 10:00:00,24596.25548578352
2013-10-11 11:00:00,25187.425081251804
2013-10-11 12:00:00,25320.2283033983
2013-10-11 13:00:00,23717.277347197385
2013-10-11 14:00:00,24277.035791415325
2013-10-11 15:00:00,23688.21918274533
2013-10-11 16:00:00,22959.07940172259
2013-10-11 17:00:00,20089.893308917228
2013-10-11 18:00:00,23591.123714643145
2013-10-11 19:00:00,23867.83120834856
2013-10-11 20:00:00,23754.36448940853
2013-10-11 21:00:00,22540.25639542771
2013-10-11 22:00:00,20683.41230991654
2013-10-11 23:00:00,19717.491963513556
2013-10-12 00:00:00,18909.851904502942
2013-10-12 01:00:00,18647.365569604768
2013-10-12 02:00:00,18541.11266808582
2013-10-12 03:00:00,18254.480618367124
2013-10-12 04:00:00,17885.79300095874
2013-10-12 05:00:00,17347.11178117525
2013-10-12 06:00:00,17513.782379387863
2013-10-12 07:00:00,18089.605941658498
2013-10-12 08:00:00,18898.90929338399
2013-10-12 09:00:00,19532.94884130895
2013-10-12 10:00:00,20360.412202841748
2013-10-12 11:00:00,21847.59507231307
2013-10-12 12:00:00,22800.290086777382
2013-10-12 13:00:00,21975.99845364813
2013-10-12 14:00:00,22185.28090927373
2013-10-12 15:00:00,21364.92812714455
2013-10-12 16:00:00,20870.496247984553
2013-10-12 17:00:00,20725.824853829108
2013-10-12 18:00:00,24338.0657536793
2013-10-12 19:00:00,24662.349173437975
2013-10-12 20:00:00,24696.367825263045
2013-10-12 21:00:00,24425.848931338518
2013-10-12 22:00:00,23994.696763223325
2013-10-12 23:00:00,23200.04975061207
2013-10-13 00:00:00,22563.683025393184
2013-10-13 01:00:00,21955.478294507997
2013-10-13 02:00:00,21360.779218842268
2013-10-13 03:00:00,20866.398958691014
2013-10-13 04:00:00,20210.669920761302
2013-10-13 05:00:00,19648.200737951178
2013-10-13 06:00:00,20255.741584257317
2013-10-13 07:00:00,20931.4745912398
2013-10-13 08:00:00,21753.46485657949
2013-10-13 09:00:00,22244.77662634467
2013-10-13 10:00:00,23216.55363023903
2013-10-13 11:00:00,23823.581867725068
2013-10-13 12:00:00,24054.708670381628
2013-10-13 13:00:00,24446.774880014014
2013-10-13 14:00:00,24689.360483876895
2013-10-13 15:00:00,24259.130295384428
2013-10-13 16:00:00,24032.709466324453
2013-10-13 17:00:00,24037.109307135892
2013-10-13 18:00:00,26404.446808592493
2013-10-13 19:00:00,26597.10349960382
2013-10-13 20:00:00,26604.162459998704
2013-10-13 21:00:00,26298.75455363512
2013-10-13 22:00:00,25800.996089045362
2013-10-13 23:00:00,25075.334169211335
2013-10-14 00:00:00,24507.952536769677
2013-10-14 01:00:00,23955.253052946624
2013-10-14 02:00:00,23051.310457934713
2013-10-14 03:00:00,21551.492293857933
2013-10-14 04:00:00,20335.953192701545
2013-10-14 05:00:00,19288.20956414819
2013-10-14 06:00:00,18294.027566661298
2013-10-14 07:00:00,17574.20007608153
2013-10-14 08:00:00,18044.128488627117
2013-10-14 09:00:00,19471.100137439713
2013-10-14 10:00:00,20388.957758473705
2013-10-14 11:00:00,22085.474702579366
2013-10-14 12:00:00,23650.313298928933
2013-10-14 13:00:00,24121.672718650083
2013-10-14 14:00:00,24261.177149397572
2013-10-14 15:00:00,24750.748197934772
2013-10-14 16:00:00,24556.0446529103
2013-10-14 17:00:00,23862.66424494061
2013-10-14 18:00:00,26452.02273464575
2013-10-14 19:00:00,26787.407203816852
2013-10-14 20:00:00,26239.413693590388
2013-10-14 21:00:00,25775.419367049282
2013-10-14 22:00:00,25277.660902459527
2013-10-14 23:00:00,24551.998982625497
2013-10-15 00:00:00,23984.617350183835
2013-10-15 01:00:00,23146.462310041235
2013-10-15 02:00:00,22448.68206126011
2013-10-15 03:00:00,22074.827480443775
2013-10-15 04:00:00,21517.42202302413
2013-10-15 05:00:00,20783.67950642228
2013-10-15 06:00:00,20793.34954865914
2013-10-15 07:00:00,20926.716998634467
2013-10-15 08:00:00,20989.078311323807
2013-10-15 09:00:00,21689.72415572333
2013-10-15 10:00:00,22096.93350378568
2013-10-15 11:00:00,23090.912606504888
2013-10-15 12:00:00,24021.40552214435
2013-10-15 13:00:00,23844.146483339406
2013-10-15 14:00:00,23828.236222312917
2013-10-15 15:00:00,22755.73103210147
2013-10-15 16:00:00,21731.620509548527
2013-10-15 17:00:00,21415.67578160136
2013-10-15 18:00:00,24885.981835392664
2013-10-15 19:00:00,25177.755039014944
2013-10-15 20:00:00,25335.47109857848
2013-10-15 21:00:00,24887.335414055124
2013-10-15 22:00:00,23295.330650240427
2013-10-15 23:00:00,21800.524592545386
2013-10-16 00:00:00,20463.998822242716
2013-10-16 01:00:00,18786.92161936099
2013-10-16 02:00:00,17905.181123173938
2013-10-16 03:00:00,17593.175246226834
2013-10-16 04:00:00,16997.70904796459
2013-10-16 05:00:00,16956.989187538533
2013-10-16 06:00:00,18165.5725663175
2013-10-16 07:00:00,19239.357487945574
2013-10-16 08:00:00,20503.803865580572
2013-10-16 09:00:00,21951.391749016246
2013-10-16 10:00:00,22899.38078988397
2013-10-16 11:00:00,24521.36211650619
2013-10-16 12:00:00,25006.2271914468
2013-10-16 13:00:00,24946.322103573228
2013-10-16 14:00:00,25165.11974440948
2013-10-16 15:00:00,25104.395914930657
2013-10-16 16:00:00,24422.832059961172
2013-10-16 17:00:00,23645.4008492974
2013-10-16 18:00:00,27092.711872162963
2013-10-16 19:00:00,26865.114549703838
2013-10-16 20:00:00,26539.142027725917
2013-10-16 21:00:00,25972.066528069412
2013-10-16 22:00:00,25521.883989532915
2013-10-16 23:00:00,24653.494291539108
2013-10-17 00:00:00,23943.384880937676
2013-10-17 01:00:00,23154.391631050108
2013-10-17 02:00:00,22467.71243168141
2013-10-17 03:00:00,22000.291862960334
2013-10-17 04:00:00,21701.382270430066
2013-10-17 05:00:00,21008.872223074366
2013-10-17 06:00:00,21570.423007529025
2013-10-17 07:00:00,21946.427680375975
2013-10-17 08:00:00,23069.732144052974
2013-10-17 09:00:00,24052.661816368487
2013-10-17 10:00:00,24469.3863496415
2013-10-17 11:00:00,25028.83866107428
2013-10-17 12:00:00,24784.206203198264
2013-10-17 13:00:00,22789.54678915885
2013-10-17 14:00:00,20364.708805635713
2013-10-17 15:00:00,16742.13397896961
2013-10-17 16:00:00,17846.253215199096
2013-10-17 17:00:00,19254.142874581656
2013-10-17 18:00:00,21768.96574680335
2013-10-17 19:00:00,22169.370648247244
2013-10-17 20:00:00,22282.68251016107
2013-10-17 21:00:00,22080.35577691288
2013-10-17 22:00:00,21569.910398708922
2013-10-17 23:00:00,20947.329651990287
2013-10-18 00:00:00,20483.02919266402
2013-10-18 01:00:00,19589.368905459283
2013-10-18 02:00:00,18842.426866423128
2013-10-18 03:00:00,18409.895310141103
2013-10-18 04:00:00,17809.67151927353
2013-10-18 05:00:00,17297.949990920217
2013-10-18 06:00:00,18341.603492714556
2013-10-18 07:00:00,18524.132732944923
2013-10-18 08:00:00,19463.47694921599
2013-10-18 09:00:00,20181.567299835035
2013-10-18 10:00:00,20008.350350047636
2013-10-18 11:00:00,19064.403398197457
2013-10-18 12:00:00,19121.08513865874
2013-10-18 13:00:00,18514.056901172695
2013-10-18 14:00:00,18561.58120821722
2013-10-18 15:00:00,18683.231761942552
2013-10-18 16:00:00,18434.608834057726
2013-10-18 17:00:00,19084.4554049917
2013-10-18 18:00:00,21630.995561248907
2013-10-18 19:00:00,21538.196695940682
2013-10-18 20:00:00,21386.66923615804
2013-10-18 21:00:00,20672.108365736432
2013-10-18 22:00:00,20004.662431556724
2013-10-18 23:00:00,19306.75313525376
2013-10-19 00:00:00,18767.12412634317
2013-10-19 01:00:00,18087.555506378092
2013-10-19 02:00:00,17476.997788694614
2013-10-19 03:00:00,17071.42592384277
2013-10-19 04:00:00,16847.051948795935
2013-10-19 05:00:00,16495.502704821924
2013-10-19 06:00:00,17139.518427768897
2013-10-19 07:00:00,17472.704767167914
2013-10-19 08:00:00,17885.542068449588
2013-10-19 09:00:00,18213.509825431916
2013-10-19 10:00:00,18876.04330998009
2013-10-19 11:00:00,20182.437660449028
2013-10-19 12:00:00,20927.38446448078
2013-10-19 13:00:00,19069.109371794046
2013-10-19 14:00:00,18799.460838483516
2013-10-19 15:00:00,17745.986018693362
2013-10-19 16:00:00,17454.544757360603
2013-10-19 17:00:00,18044.128488627117
2013-10-19 18:00:00,20983.962966924584
2013-10-19 19:00:00,20921.295521450098
2013-10-19 20:00:00,20879.192691589946
2013-10-19 21:00:00,20648.320402709807
2013-10-19 22:00:00,20163.24885173425
2013-10-19 23:00:00,19441.55159240466
2013-10-20 00:00:00,18878.13462046744
2013-10-20 01:00:00,17951.17118502542
2013-10-20 02:00:00,17426.250134237802
2013-10-20 03:00:00,16931.869874086544
2013-10-20 04:00:00,16786.789109128476
2013-10-20 05:00:00,16723.867149877566
2013-10-20 06:00:00,17532.812749809167
2013-10-20 07:00:00,18019.827916780385
2013-10-20 08:00:00,18968.687318262102
2013-10-20 09:00:00,19448.898038614858
2013-10-20 10:00:00,20314.422140990268
2013-10-20 11:00:00,21647.776182889385
2013-10-20 12:00:00,22210.34860371698
2013-10-20 13:00:00,22071.150305754647
2013-10-20 14:00:00,21614.369796634634
2013-10-20 15:00:00,21877.162264317965
2013-10-20 16:00:00,21550.831990546147
2013-10-20 17:00:00,21737.60621456174
2013-10-20 18:00:00,25222.97797826991
2013-10-20 19:00:00,25130.179112961687
2013-10-20 20:00:00,24945.34850494176
2013-10-20 21:00:00,24365.58609167106
2013-10-20 22:00:00,23453.917070417952
2013-10-20 23:00:00,22775.83107663718
2013-10-21 00:00:00,22256.025370248783
2013-10-21 01:00:00,21624.032676336967
2013-10-21 02:00:00,20831.100575449324
2013-10-21 03:00:00,20266.942290419956
2013-10-21 04:00:00,19961.689241082582
2013-10-21 05:00:00,19454.725305334596
2013-10-21 06:00:00,20198.65047299341
2013-10-21 07:00:00,20351.048293390046
2013-10-21 08:00:00,21628.181584639246
2013-10-21 09:00:00,22541.33323207665
2013-10-21 10:00:00,23057.9672100615
2013-10-21 11:00:00,23950.45100386709
2013-10-21 12:00:00,24974.509907411295
2013-10-21 13:00:00,25017.685992653114
2013-10-21 14:00:00,25284.059559542624
2013-10-21 15:00:00,24893.47597609454
2013-10-21 16:00:00,24151.6492814576
2013-10-21 17:00:00,24132.261159242407
2013-10-21 18:00:00,26947.605297700524
2013-10-21 19:00:00,27294.88374838494
2013-10-21 20:00:00,27238.508140708815
2013-10-21 21:00:00,26536.634183901413
2013-10-21 22:00:00,26118.16892940042
2013-10-21 23:00:00,25297.35515745988
2013-10-22 00:00:00,24634.8216729117
2013-10-22 01:00:00,23955.253052946624
2013-10-22 02:00:00,23083.027741970218
2013-10-22 03:00:00,22392.000320798834
2013-10-22 04:00:00,21707.725727237164
2013-10-22 05:00:00,20753.548086588547
2013-10-22 06:00:00,20802.86473386979
2013-10-22 07:00:00,19802.339279575797
2013-10-22 08:00:00,18562.70608260763
2013-10-22 09:00:00,19452.06976701841
2013-10-22 10:00:00,21108.94010607968
2013-10-22 11:00:00,22380.445444109562
2013-10-22 12:00:00,22976.32101317444
2013-10-22 13:00:00,22845.052036220983
2013-10-22 14:00:00,23388.951838421166
2013-10-22 15:00:00,23133.166712123984
2013-10-22 16:00:00,22795.73538893974
2013-10-22 17:00:00,22482.962389396118
2013-10-22 18:00:00,26115.026591768503
2013-10-22 19:00:00,26137.202881088986
2013-10-22 20:00:00,26033.251347359605
2013-10-22 21:00:00,25426.52924265872
2013-10-22 22:00:00,24651.24454275829
2013-10-22 23:00:00,23826.466110313308
2013-10-23 00:00:00,23159.96796526069
2013-10-23 01:00:00,22527.975271348878
2013-10-23 02:00:00,21972.922800727527
2013-10-23 03:00:00,21361.1885896449
2013-10-23 04:00:00,21057.5214045093
2013-10-23 05:00:00,20682.184197508657
2013-10-23 06:00:00,21380.119303315994
2013-10-23 07:00:00,21446.880456816765
2013-10-23 08:00:00,22168.961277444618
2013-10-23 09:00:00,22990.13280117905
2013-10-23 10:00:00,23592.403446059772
2013-10-23 11:00:00,24361.18983212689
2013-10-23 12:00:00,25017.328240859228
2013-10-23 13:00:00,25287.282906954908
2013-10-23 14:00:00,25577.444436871046
2013-10-23 15:00:00,24979.112642990407
2013-10-23 16:00:00,24238.871812555244
2013-10-23 17:00:00,24052.967949153648
2013-10-23 18:00:00,26963.463939718276
2013-10-23 19:00:00,27374.17695847371
2013-10-23 20:00:00,27206.790856673306
2013-10-23 21:00:00,26806.231098203214
2013-10-23 22:00:00,26181.603497471428
2013-10-23 23:00:00,25210.132626362232
2013-10-24 00:00:00,24396.94204264541
2013-10-24 01:00:00,23558.787002502806
2013-10-24 02:00:00,23146.462310041235
2013-10-24 03:00:00,22725.03180317164
2013-10-24 04:00:00,22468.9405440893
2013-10-24 05:00:00,21895.370311866747
2013-10-24 06:00:00,22325.294367574053
2013-10-24 07:00:00,22216.024594677772
2013-10-24 08:00:00,22641.548809573647
2013-10-24 09:00:00,23251.80039447197
2013-10-24 10:00:00,23938.12184204678
2013-10-24 11:00:00,24608.584647603828
2013-10-24 12:00:00,25037.944475482305
2013-10-24 13:00:00,24970.110066599857
2013-10-24 14:00:00,25133.402460373974
2013-10-24 15:00:00,25369.23523662713
2013-10-24 16:00:00,24746.34835712333
2013-10-24 17:00:00,24576.303135739487
2013-10-24 18:00:00,27657.27952799496
2013-10-24 19:00:00,27810.289613961908
2013-10-24 20:00:00,27714.267401241395
2013-10-24 21:00:00,27377.142210842314
2013-10-24 22:00:00,26863.525104234803
2013-10-24 23:00:00,26153.72182641853
2013-10-25 00:00:00,25602.198835994623
2013-10-25 01:00:00,24906.771574011793
2013-10-25 02:00:00,24320.001819354937
2013-10-25 03:00:00,23819.27810239658
2013-10-25 04:00:00,23261.87264497693
2013-10-25 05:00:00,22624.867844683376
2013-10-25 06:00:00,22594.891281875854
2013-10-25 07:00:00,23040.673979600917
2013-10-25 08:00:00,23632.713935683198
2013-10-25 09:00:00,24449.127866812305
2013-10-25 10:00:00,25619.137895928576
2013-10-25 11:00:00,26027.933108192705
2013-10-25 12:00:00,26362.14108396466
2013-10-25 13:00:00,26333.953280126596
2013-10-25 14:00:00,26354.517895740933
2013-10-25 15:00:00,26360.400362736676
2013-10-25 16:00:00,25539.280458010973
2013-10-25 17:00:00,25012.415791227686
2013-10-25 18:00:00,28339.20113475833
2013-10-25 19:00:00,28325.695479538866
2013-10-25 20:00:00,28063.157525631956
2013-10-25 21:00:00,27773.608261286132
2013-10-25 22:00:00,27244.13251266087
2013-10-25 23:00:00,26684.986334013247
2013-10-26 00:00:00,26284.120442757987
2013-10-26 01:00:00,25636.26910682842
2013-10-26 02:00:00,24938.4888580473
2013-10-26 03:00:00,24326.754646964673
2013-10-26 04:00:00,23785.20783156278
2013-10-26 05:00:00,23005.475253109442
2013-10-26 06:00:00,22579.032639858102
2013-10-26 07:00:00,22533.19743503283
2013-10-26 08:00:00,22498.821031413867
2013-10-26 09:00:00,22466.797614593215
2013-10-26 10:00:00,23168.97770418577
2013-10-26 11:00:00,24109.037424044618
2013-10-26 12:00:00,24815.923487233766
2013-10-26 13:00:00,24026.520866543564
2013-10-26 14:00:00,24594.20863177038
2013-10-26 15:00:00,24251.200974375555
2013-10-26 16:00:00,23231.848044427938
2013-10-26 17:00:00,22562.255599484884
2013-10-26 18:00:00,26428.23477161912
2013-10-26 19:00:00,26866.700413905615
2013-10-26 20:00:00,27143.356288602296
2013-10-26 21:00:00,26837.94838223872
2013-10-26 22:00:00,26435.34176975548
2013-10-26 23:00:00,25852.40762808122
2013-10-27 00:00:00,25427.753773799337
2013-10-27 01:00:00,24542.02280760348
2013-10-27 02:00:00,23907.677126893366
2013-10-27 03:00:00,23391.094767917257
2013-10-27 04:00:00,23230.155360941433
2013-10-27 05:00:00,22783.454264860906
2013-10-27 06:00:00,22737.61906003563
2013-10-27 07:00:00,22802.794349334625
2013-10-27 08:00:00,22752.55930369792
2013-10-27 09:00:00,22783.970454948263
2013-10-27 10:00:00,23153.119062168018
2013-10-27 11:00:00,24156.613350097872
2013-10-27 12:00:00,24815.923487233766
2013-10-27 13:00:00,24843.240930457832
2013-10-27 14:00:00,25355.42344862251
2013-10-27 15:00:00,25702.266718999934
2013-10-27 16:00:00,25745.442804241757
2013-10-27 17:00:00,24893.47597609454
2013-10-27 18:00:00,27022.93384728485
2013-10-27 19:00:00,27612.056588739997
2013-10-27 20:00:00,27634.974191152633
2013-10-27 21:00:00,27329.566284789056
2013-10-27 22:00:00,26222.835966717586
2013-10-27 23:00:00,25666.861516473513
2013-10-28 00:00:00,25269.167353621808
2013-10-28 01:00:00,24351.719103390446
2013-10-28 02:00:00,22895.895766160735
2013-10-28 03:00:00,22001.877727162115
2013-10-28 04:00:00,21693.452949421186
2013-10-28 05:00:00,21502.07598982648
2013-10-28 06:00:00,21828.918872418395
2013-10-28 07:00:00,21962.286322393727
2013-10-28 08:00:00,22990.43893396421
2013-10-28 09:00:00,23735.488976013436
2013-10-28 10:00:00,24691.407337890036
2013-10-28 11:00:00,25631.467057748883
2013-10-28 12:00:00,26132.190774707244
2013-10-28 13:00:00,26080.21500784255
2013-10-28 14:00:00,26354.517895740933
2013-10-28 15:00:00,25765.701287070944
2013-10-28 16:00:00,25348.976753797935
2013-10-28 17:00:00,25052.06239627207
2013-10-28 18:00:00,27593.84495992395
2013-10-28 19:00:00,27770.643008917523
2013-10-28 20:00:00,27555.68098106387
2013-10-28 21:00:00,27059.969370487255
2013-10-28 22:00:00,26673.221400021772
2013-10-28 23:00:00,26042.71133229426
2013-10-29 00:00:00,25570.481551959114
2013-10-29 01:00:00,24954.34750006505
2013-10-29 02:00:00,23749.090706715837
2013-10-29 03:00:00,22661.597235100628
2013-10-29 04:00:00,21961.46399952121
2013-10-29 05:00:00,20801.12401264181
2013-10-29 06:00:00,20289.044732494596
2013-10-29 07:00:00,19900.662860085864
2013-10-29 08:00:00,20457.81380372909
2013-10-29 09:00:00,20587.548535489503
2013-10-29 10:00:00,21127.97047650099
2013-10-29 11:00:00,22064.85846795628
2013-10-29 12:00:00,21858.286750922867
2013-10-29 13:00:00,21941.109441209075
2013-10-29 14:00:00,22096.472513974313
2013-10-29 15:00:00,21119.119175869382
2013-10-29 16:00:00,20702.394642596373
2013-10-29 17:00:00,20231.035222875224
2013-10-29 18:00:00,22626.91827996378
2013-10-29 19:00:00,22524.604229444903
2013-10-29 20:00:00,22373.076769662257
2013-10-29 21:00:00,22016.92120884187
2013-10-29 22:00:00,21154.4139778438
2013-10-29 23:00:00,20190.872427743478
2013-10-30 00:00:00,19385.61116503553
2013-10-30 01:00:00,18035.22198771951
2013-10-30 02:00:00,17066.258960434818
2013-10-30 03:00:00,16663.858823986524
2013-10-30 04:00:00,15789.280526211825
2013-10-30 05:00:00,16068.905234544374
2013-10-30 06:00:00,17058.639353478356
2013-10-30 07:00:00,17918.332607866767
2013-10-30 08:00:00,19273.17324500296
2013-10-30 09:00:00,20666.84174557827
2013-10-30 10:00:00,21933.589491002826
2013-10-30 11:00:00,22941.841371538012
2013-10-30 12:00:00,23436.22163168927
2013-10-30 13:00:00,23130.507592540533
2013-10-30 14:00:00,23230.365418243644
2013-10-30 15:00:00,22911.14572387545
2013-10-30 16:00:00,21986.944646034346
2013-10-30 17:00:00,22118.213622987805
2013-10-30 18:00:00,24828.09779202786
2013-10-30 19:00:00,24491.075839646248
2013-10-30 20:00:00,24122.28498422039
2013-10-30 21:00:00,23748.684917180475
2013-10-30 22:00:00,22959.127439464064
2013-10-30 23:00:00,22084.394284663158
2013-10-31 00:00:00,21367.94141725463
2013-10-31 01:00:00,20617.00890820966
2013-10-31 02:00:00,20069.885758597193
2013-10-31 03:00:00,19521.586115585575
2013-10-31 04:00:00,19257.56553549436
2013-10-31 05:00:00,19365.91691003518
2013-10-31 06:00:00,19803.770286751365
2013-10-31 07:00:00,20455.71533070721
2013-10-31 08:00:00,21211.099299572343
2013-10-31 09:00:00,22312.96878702101
2013-10-31 10:00:00,23165.80597578222
2013-10-31 11:00:00,23950.45100386709
2013-10-31 12:00:00,24387.740152754443
2013-10-31 13:00:00,23392.175185833454
2013-10-31 14:00:00,23151.072208154874
2013-10-31 15:00:00,22815.993871768926
2013-10-31 16:00:00,21828.358225856817
2013-10-31 17:00:00,21682.100967499602
2013-10-31 18:00:00,24719.46609420626
2013-10-31 19:00:00,24557.68213612081
2013-10-31 20:00:00,24334.79078725828
2013-10-31 21:00:00,23412.481706404116
2013-10-31 22:00:00,22510.32787036166
2013-10-31 23:00:00,21853.22636586297
2013-11-01 00:00:00,21369.78094810334
2013-11-01 01:00:00,20532.07813735329
2013-11-01 02:00:00,20072.17751883846
2013-11-01 03:00:00,19539.510403148317
2013-11-01 04:00:00,19108.52185247815
2013-11-01 05:00:00,18406.047451847102
2013-11-01 06:00:00,18213.185228304977
2013-11-01 07:00:00,18004.464362745104
2013-11-01 08:00:00,18107.608976615902
2013-11-01 09:00:00,18419.721152908325
2013-11-01 10:00:00,19102.192527990755
2013-11-01 11:00:00,20044.74563216433
2013-11-01 12:00:00,20342.704845991728
2013-11-01 13:00:00,19270.110877272582
2013-11-01 14:00:00,18386.05149245834
2013-11-01 15:00:00,17741.274346005812
2013-11-01 16:00:00,16724.185624348796
2013-11-01 17:00:00,16637.512861570216
2013-11-01 18:00:00,20117.44868858424
2013-11-01 19:00:00,20402.537732691082
2013-11-01 20:00:00,20361.79159100858
2013-11-01 21:00:00,19841.381435964533
2013-11-01 22:00:00,19245.51938290528
2013-11-01 23:00:00,18698.942468531946
2013-11-02 00:00:00,18309.063038677054
2013-11-02 01:00:00,17813.90689551046
2013-11-02 02:00:00,17284.22825211752
2013-11-02 03:00:00,16688.126568356365
2013-11-02 04:00:00,16403.03752424952
2013-11-02 05:00:00,16314.29256970551
2013-11-02 06:00:00,17239.464608414957
2013-11-02 07:00:00,17855.39312777823
2013-11-02 08:00:00,18467.600150418886
2013-11-02 09:00:00,18878.035907221383
2013-11-02 10:00:00,19933.185369721
2013-11-02 11:00:00,21164.365758617674
2013-11-02 12:00:00,22220.36806089366
2013-11-02 13:00:00,21090.682980910602
2013-11-02 14:00:00,21397.607611629595
2013-11-02 15:00:00,20825.78021845873
2013-11-02 16:00:00,20203.57168304376
2013-11-02 17:00:00,20167.646574721988
2013-11-02 18:00:00,23684.057278376837
2013-11-02 19:00:00,23975.489779290783
2013-11-02 20:00:00,23880.824254747924
2013-11-02 21:00:00,23330.282679870146
2013-11-02 22:00:00,23072.20970178903
2013-11-02 23:00:00,22401.935379677216
2013-11-03 00:00:00,21888.358542083857
2013-11-03 01:00:00,20925.37245939356
2013-11-03 02:00:00,20289.440914481667
2013-11-03 03:00:00,19656.864354079684
2013-11-03 04:00:00,19405.078458210122
2013-11-03 05:00:00,19007.089984319933
2013-11-03 06:00:00,19806.978751089133
2013-11-03 07:00:00,20250.0480724589
2013-11-03 08:00:00,20966.92213241673
2013-11-03 09:00:00,21534.358445194972
2013-11-03 10:00:00,22296.123030366165
2013-11-03 11:00:00,22791.462429639112
2013-11-03 12:00:00,22664.41003739074
2013-11-03 13:00:00,22234.09107039058
2013-11-03 14:00:00,22636.167553216084
2013-11-03 15:00:00,22689.170655544684
2013-11-03 16:00:00,22517.34755343389
2013-11-03 17:00:00,22211.825530810318
2013-11-03 18:00:00,25441.194813943846
2013-11-03 19:00:00,25980.02213033473
2013-11-03 20:00:00,25660.163889139785
2013-11-03 21:00:00,24311.932620769043
2013-11-03 22:00:00,24315.527235980848
2013-11-03 23:00:00,23489.83822209506
2013-11-04 00:00:00,22820.84669272772
2013-11-04 01:00:00,22301.902586534496
2013-11-04 02:00:00,21575.57678212142
2013-11-04 03:00:00,20900.181888271505
2013-11-04 04:00:00,20623.02216517354
2013-11-04 05:00:00,20317.01381498631
2013-11-04 06:00:00,20840.962210646616
2013-11-04 07:00:00,21138.13202545305
2013-11-04 08:00:00,22265.744913670682
2013-11-04 09:00:00,23243.920054708724
2013-11-04 10:00:00,23761.461552806522
2013-11-04 11:00:00,24342.437618975335
2013-11-04 12:00:00,24545.244980696214
2013-11-04 13:00:00,23564.631135680036
2013-11-04 14:00:00,23554.38292604397
2013-11-04 15:00:00,23109.424669015127
2013-11-04 16:00:00,22740.954405884204
2013-11-04 17:00:00,22538.51355637603
2013-11-04 18:00:00,25682.24617261369
2013-11-04 19:00:00,25428.141388116936
2013-11-04 20:00:00,25216.121912642706
2013-11-04 21:00:00,24560.913300447763
2013-11-04 22:00:00,24153.769087399767
2013-11-04 23:00:00,23374.863067466347
2013-11-05 00:00:00,22752.654532051383
2013-11-05 01:00:00,21853.103017432095
2013-11-05 02:00:00,21401.131719926136
2013-11-05 03:00:00,20897.010159867954
2013-11-05 04:00:00,20505.66821424217
2013-11-05 05:00:00,20196.488135651387
2013-11-05 06:00:00,20847.30566745372
2013-11-05 07:00:00,21244.384926971998
2013-11-05 08:00:00,22238.7852222405
2013-11-05 09:00:00,23201.101721260788
2013-11-05 10:00:00,23880.401367939667
2013-11-05 11:00:00,24669.125644541044
2013-11-05 12:00:00,24995.630414000396
2013-11-05 13:00:00,24880.898423153518
2013-11-05 14:00:00,25140.24712781925
2013-11-05 15:00:00,24568.419734648385
2013-11-05 16:00:00,23977.92848326892
2013-11-05 17:00:00,23521.749361476705
2013-11-05 18:00:00,26705.12858275874
2013-11-05 19:00:00,26493.842131709924
2013-11-05 20:00:00,26311.954076069425
2013-11-05 21:00:00,25770.9276864023
2013-11-05 22:00:00,25189.33841115902
2013-11-05 23:00:00,24517.47822484544
2013-11-06 00:00:00,24002.3155230503
2013-11-06 01:00:00,23251.835243397887
2013-11-06 02:00:00,22561.984315625643
2013-11-06 03:00:00,22005.529236908875
2013-11-06 04:00:00,21503.176797158816
2013-11-06 05:00:00,21006.864742758557
2013-11-06 06:00:00,20752.153815347196
2013-11-06 07:00:00,21052.49535855719
2013-11-06 08:00:00,22189.623431985467
2013-11-06 09:00:00,22774.50425098324
2013-11-06 10:00:00,22706.861858625965
2013-11-06 11:00:00,23392.504962111943
2013-11-06 12:00:00,22624.763432346354
2013-11-06 13:00:00,22256.293169215427
2013-11-06 14:00:00,22434.762799590626
2013-11-06 15:00:00,21973.945900544033
2013-11-06 16:00:00,21711.728538932046
2013-11-06 17:00:00,22072.269481054096
2013-11-06 18:00:00,25285.78012216987
2013-11-06 19:00:00,25407.525153493858
2013-11-06 20:00:00,25038.505122043876
2013-11-06 21:00:00,24418.185522287986
2013-11-06 22:00:00,23693.86846888494
2013-11-06 23:00:00,22864.21479449471
2013-11-07 00:00:00,22191.258604622933
2013-11-07 01:00:00,21553.374683296566
2013-11-07 02:00:00,21042.72641032493
2013-11-07 03:00:00,20559.221084889818
2013-11-07 04:00:00,20240.8288925457
2013-11-07 05:00:00,19887.244616305212
2013-11-07 06:00:00,20606.254308783875
2013-11-07 07:00:00,20971.61628426665
2013-11-07 08:00:00,22240.371086442276
2013-11-07 09:00:00,23256.60696832292
2013-11-07 10:00:00,24023.129146099443
2013-11-07 11:00:00,24843.570706736322
2013-11-07 12:00:00,25415.884427470843
2013-11-07 13:00:00,25245.647189561827
2013-11-07 14:00:00,25298.83354799678
2013-11-07 15:00:00,25171.04813132299
2013-11-07 16:00:00,24707.42601608555
2013-11-07 17:00:00,24076.801832098045
2013-11-07 18:00:00,27212.60512732683
2013-11-07 19:00:00,27936.97855532543
2013-11-07 20:00:00,27770.949141702677
2013-11-07 21:00:00,27182.3468259823
2013-11-07 22:00:00,26767.273291925423
2013-11-07 23:00:00,26091.448445107402
2013-11-08 00:00:00,25572.321082807826
2013-11-08 01:00:00,24655.32506196901
2013-11-08 02:00:00,23687.94789888609
2013-11-08 03:00:00,23091.846215124937
2013-11-08 04:00:00,22819.444084632294
2013-11-08 05:00:00,22180.40425207226
2013-11-08 06:00:00,22480.745795282255
2013-11-08 07:00:00,22517.833880997543
2013-11-08 08:00:00,23379.021583316924
2013-11-08 09:00:00,24344.50981074076
2013-11-08 10:00:00,25285.47705071256
2013-11-08 11:00:00,26262.919167325195
2013-11-08 12:00:00,26700.434430908816
2013-11-08 13:00:00,26672.92497115958
2013-11-08 14:00:00,26599.242193452505
2013-11-08 15:00:00,26106.708010370403
2013-11-08 16:00:00,25547.934043026446
2013-11-08 17:00:00,24901.451217021193
2013-11-08 18:00:00,27601.141856761773
2013-11-08 19:00:00,27746.674851112395
2013-11-08 20:00:00,27881.959635826952
2013-11-08 21:00:00,27626.388802479374
2013-11-08 22:00:00,27132.022058333736
2013-11-08 23:00:00,26408.62128546246
2013-11-09 00:00:00,25841.917997109624
2013-11-09 01:00:00,24766.33555609328
2013-11-09 02:00:00,24100.272591347664
2013-11-09 03:00:00,23599.322759693026
2013-11-09 04:00:00,22930.454578756566
2013-11-09 05:00:00,20753.126470474515
2013-11-09 06:00:00,21069.326655702254
2013-11-09 07:00:00,21513.98184127379
2013-11-09 08:00:00,21731.30867767241
2013-11-09 09:00:00,22615.91783080571
2013-11-09 10:00:00,23242.883958826005
2013-11-09 11:00:00,24139.4470011481
2013-11-09 12:00:00,24821.185351805114
2013-11-09 13:00:00,24325.84595253217
2013-11-09 14:00:00,24823.074287464195
2013-11-09 15:00:00,24076.801832098045
2013-11-09 16:00:00,23660.755642913864
2013-11-09 17:00:00,23045.990100944116
2013-11-09 18:00:00,26879.57364495402
2013-11-09 19:00:00,27619.805714970375
2013-11-09 20:00:00,27929.535561880206
2013-11-09 21:00:00,27753.2579386214
2013-11-09 22:00:00,27576.064034830815
2013-11-09 23:00:00,26947.815114066052
2013-11-10 00:00:00,26476.263677819734
2013-11-10 01:00:00,25733.7127191762
2013-11-10 02:00:00,25131.084322501592
2013-11-10 03:00:00,24265.38572443864
2013-11-10 04:00:00,23977.124951928254
2013-11-10 05:00:00,23353.94376138597
2013-11-10 06:00:00,23368.829748276406
2013-11-10 07:00:00,23526.443513326623
2013-11-10 08:00:00,23616.901213583216
2013-11-10 09:00:00,24233.499316616493
2013-11-10 10:00:00,25188.739334404272
2013-11-10 11:00:00,25573.06823955295
2013-11-10 12:00:00,25851.997082959046
2013-11-10 13:00:00,25943.42743834295
2013-11-10 14:00:00,26250.352069061944
2013-11-10 15:00:00,25979.83887422838
2013-11-10 16:00:00,25595.509969079707
2013-11-10 17:00:00,25583.372823784564
2013-11-10 18:00:00,28425.791241684918
2013-11-10 19:00:00,29094.65942262138
2013-11-10 20:00:00,29198.226923300434
2013-11-10 21:00:00,28498.614113455777
2013-11-10 22:00:00,28242.126999576438
2013-11-10 23:00:00,27859.68703008684
2013-11-11 00:00:00,27633.94454511569
2013-11-11 01:00:00,27192.707784809452
2013-11-11 02:00:00,26479.068894010583
2013-11-11 03:00:00,25867.108568231673
2013-11-11 04:00:00,25515.413227650268
2013-11-11 05:00:00,24289.603640433383
2013-11-11 06:00:00,24082.468639075287
2013-11-11 07:00:00,24113.213267983476
2013-11-11 08:00:00,24552.561092630633
2013-11-11 09:00:00,24899.562281362112
2013-11-11 10:00:00,25680.35723695461
2013-11-11 11:00:00,26350.14169842283
2013-11-11 12:00:00,27009.677950254998
2013-11-11 13:00:00,27640.302134242498
2013-11-11 14:00:00,27360.45701030464
2013-11-11 15:00:00,26186.001220459166
2013-11-11 16:00:00,24453.687743801507
2013-11-11 17:00:00,22579.746025622182
2013-11-11 18:00:00,25396.79061629414
2013-11-11 19:00:00,26073.588118239473
2013-11-11 20:00:00,26096.276544627985
2013-11-11 21:00:00,26008.807316668594
2013-11-11 22:00:00,25895.04798094902
2013-11-11 23:00:00,25213.672609424786
2013-11-12 00:00:00,24688.994722418996
2013-11-12 01:00:00,23454.825861225127
2013-11-12 02:00:00,22409.741352255216
2013-11-12 03:00:00,21853.286273538448
2013-11-12 04:00:00,21560.267908422727
2013-11-12 05:00:00,20918.056347459144
2013-11-12 06:00:00,21116.902581755512
2013-11-12 07:00:00,21290.37498882348
2013-11-12 08:00:00,21761.440097506144
2013-11-12 09:00:00,22679.352398876723
2013-11-12 10:00:00,22952.67080990113
2013-11-12 11:00:00,23202.20125789891
2013-11-12 12:00:00,23806.232262668935
2013-11-12 13:00:00,23834.22804998183
2013-11-12 14:00:00,24426.608237020373
2013-11-12 15:00:00,24083.145288905147
2013-11-12 16:00:00,23291.249283900226
2013-11-12 17:00:00,22814.453927484927
2013-11-12 18:00:00,26051.752531627328
2013-11-12 19:00:00,26011.739414370237
2013-11-12 20:00:00,26005.88228512679
2013-11-12 21:00:00,25374.46163595848
2013-11-12 22:00:00,25276.560942256663
2013-11-12 23:00:00,24505.584243332123
2013-11-13 00:00:00,23891.305028926028
2013-11-13 01:00:00,22879.157155980698
2013-11-13 02:00:00,22419.256537465866
2013-11-13 03:00:00,22029.317199935504
2013-11-13 04:00:00,21859.996242558256
2013-11-13 05:00:00,21371.613509166873
2013-11-13 06:00:00,21814.68283053664
2013-11-13 07:00:00,22289.469435941908
2013-11-13 08:00:00,23283.869731210412
2013-11-13 09:00:00,23916.326476261438
2013-11-13 10:00:00,24348.231307463375
2013-11-13 11:00:00,25699.93737569497
2013-11-13 12:00:00,26105.735355243087
2013-11-13 13:00:00,25768.982376147673
2013-11-13 14:00:00,26424.797131257226
2013-11-13 15:00:00,26471.456776778716
2013-11-13 16:00:00,25389.347622848916
2013-11-13 17:00:00,24774.58208087917
2013-11-13 18:00:00,27410.838152548742
2013-11-13 19:00:00,27667.381641023632
2013-11-13 20:00:00,27707.51457363167
2013-11-13 21:00:00,27388.509172213082
2013-11-13 22:00:00,27052.728848244973
2013-11-13 23:00:00,26511.702458577853
2013-11-14 00:00:00,26127.373553429177
2013-11-14 01:00:00,25686.136793122943
2013-11-14 02:00:00,25004.21518635957
2013-11-14 03:00:00,24312.961650491907
2013-11-14 04:00:00,24056.418162017017
2013-11-14 05:00:00,23258.791909279447
2013-11-14 06:00:00,23717.71987266697
2013-11-14 07:00:00,23637.45400745089
2013-11-14 08:00:00,23823.063559814003
2013-11-14 09:00:00,24423.803020829524
2013-11-14 10:00:00,25014.29427220899
2013-11-14 11:00:00,25303.47132525115
2013-11-14 12:00:00,25804.421156905788
2013-11-14 13:00:00,25467.668177810367
2013-11-14 14:00:00,24236.304532807342
2013-11-14 15:00:00,23886.498127885014
2013-11-14 16:00:00,23977.92848326892
2013-11-14 17:00:00,24060.943190080296
2013-11-14 18:00:00,26863.71500293627
2013-11-14 19:00:00,27429.50201075734
2013-11-14 20:00:00,27533.069511436388
2013-11-14 21:00:00,27103.053615893532
2013-11-14 22:00:00,26450.10045157037
2013-11-14 23:00:00,25710.841036681337
2013-11-15 00:00:00,25128.279106310747
2013-11-15 01:00:00,24369.86950564946
2013-11-15 02:00:00,22895.015797998454
2013-11-15 03:00:00,22386.13664533494
2013-11-15 04:00:00,21847.30932894405
2013-11-15 05:00:00,21458.83604026451
2013-11-15 06:00:00,21608.52048430585
2013-11-15 07:00:00,21859.700237260804
2013-11-15 08:00:00,22728.81726058906
2013-11-15 09:00:00,23392.991289675596
2013-11-15 10:00:00,23832.82544188641
2013-11-15 11:00:00,24280.588915106095
2013-11-15 12:00:00,24567.447079521073
2013-11-15 13:00:00,24991.908917277786
2013-11-15 14:00:00,25156.105769837
2013-11-15 15:00:00,24441.55059850636
2013-11-15 16:00:00,23644.897000896115
2013-11-15 17:00:00,23077.707384979625
2013-11-15 18:00:00,25658.45820958706
2013-11-15 19:00:00,25558.18225266251
2013-11-15 20:00:00,25899.629383607855
2013-11-15 21:00:00,25041.430153585672
2013-11-15 22:00:00,24895.953533830598
2013-11-15 23:00:00,24283.563255083583
2013-11-16 00:00:00,23827.87046085502
2013-11-16 01:00:00,23069.46086019373
2013-11-16 02:00:00,22768.14666185643
2013-11-16 03:00:00,22489.217818450332
2013-11-16 04:00:00,22089.946551815665
2013-11-16 05:00:00,21308.17894109586
2013-11-16 06:00:00,21259.63035991529
2013-11-16 07:00:00,21369.66819891224
2013-11-16 08:00:00,21777.298739523896
2013-11-16 09:00:00,22125.88579245715
2013-11-16 10:00:00,22497.527783991627
2013-11-16 11:00:00,23758.83959272203
2013-11-16 12:00:00,24461.194178002126
2013-11-16 13:00:00,23962.683050325628
2013-11-16 14:00:00,24521.760089126892
2013-11-16 15:00:00,23799.275596787375
2013-11-16 16:00:00,22829.762801183617
2013-11-16 17:00:00,21659.944788592526
2013-11-16 18:00:00,24530.115830023948
2013-11-16 19:00:00,24037.33848316002
2013-11-16 20:00:00,22718.385794846643
2013-11-16 21:00:00,21679.39804582208
2013-11-16 22:00:00,21749.598957508446
2013-11-16 23:00:00,21266.45661120612
2013-11-17 00:00:00,20940.01174942224
2013-11-17 01:00:00,19634.47899914848
2013-11-17 02:00:00,19358.53862803958
2013-11-17 03:00:00,19157.317130520474
2013-11-17 04:00:00,18540.782468242596
2013-11-17 05:00:00,17952.490290139373
2013-11-17 06:00:00,18260.761154358235
2013-11-17 07:00:00,19139.943131216205
2013-11-17 08:00:00,20654.506884667
2013-11-17 09:00:00,21531.18671679142
2013-11-17 10:00:00,22346.870684822978
2013-11-17 11:00:00,23574.8793453161
2013-11-17 12:00:00,24147.193066050622
2013-11-17 13:00:00,24119.68360630138
2013-11-17 14:00:00,23855.697124381273
2013-11-17 15:00:00,23118.93985422578
2013-11-17 16:00:00,22802.80310975344
2013-11-17 17:00:00,22535.341827972476
2013-11-17 18:00:00,24725.177126842307
2013-11-17 19:00:00,24292.662619645835
2013-11-17 20:00:00,23512.903759936056
2013-11-17 21:00:00,21596.933107329765
2013-11-17 22:00:00,20073.34049623198
2013-11-17 23:00:00,19326.151760334065
2013-11-18 00:00:00,18735.660508954603
2013-11-18 01:00:00,18532.30337891466
2013-11-18 02:00:00,18673.44529287266
2013-11-18 03:00:00,18199.455152648203
2013-11-18 04:00:00,17766.88073777626
2013-11-18 05:00:00,17838.308067611553
2013-11-18 06:00:00,18825.328810190233
2013-11-18 07:00:00,19545.924366870677
2013-11-18 08:00:00,20659.26447727232
2013-11-18 09:00:00,21711.9752357938
2013-11-18 10:00:00,22350.04241322653
2013-11-18 11:00:00,23392.504962111943
2013-11-18 12:00:00,24329.567449254777
2013-11-18 13:00:00,24579.584224816215
2013-11-18 14:00:00,24870.650213517452
2013-11-18 15:00:00,24584.278376666134
2013-11-18 16:00:00,24065.151014366562
2013-11-18 17:00:00,22934.97960681985
2013-11-18 18:00:00,25484.013147391775
2013-11-18 19:00:00,25605.75817871577
2013-11-18 20:00:00,24932.25222052493
2013-11-18 21:00:00,24264.356694715785
2013-11-18 22:00:00,23405.24118416183
2013-11-18 23:00:00,22967.2959676101
2013-11-19 00:00:00,22686.048235576818
2013-11-19 01:00:00,22086.225055093062
2013-11-19 02:00:00,21610.465794560474
2013-11-19 03:00:00,21220.52645703011
2013-11-19 04:00:00,20694.386054253424
2013-11-19 05:00:00,20277.367209941927
2013-11-19 06:00:00,20569.779432143045
2013-11-19 07:00:00,20798.75708627314
2013-11-19 08:00:00,21000.22528065401
2013-11-19 09:00:00,22140.158570273128
2013-11-19 10:00:00,22920.95352586563
2013-11-19 11:00:00,23448.010209174077
2013-11-19 12:00:00,23314.614360118598
2013-11-19 13:00:00,22946.14409698768
2013-11-19 14:00:00,23126.199591564648
2013-11-19 15:00:00,23125.283311032883
2013-11-19 16:00:00,22629.943911759936
2013-11-19 17:00:00,22395.785778216254
2013-11-19 18:00:00,25194.59293056779
2013-11-19 19:00:00,25542.32361064476
2013-11-19 20:00:00,25590.385864261676
2013-11-19 21:00:00,24993.854227532414
2013-11-19 22:00:00,24539.13408843116
2013-11-19 23:00:00,23732.475444966676
2013-11-20 00:00:00,23082.51428602064
2013-11-20 01:00:00,22403.397895448114
2013-11-20 02:00:00,21959.355918951038
2013-11-20 03:00:00,21656.63911251831
2013-11-20 04:00:00,21336.661055972414
2013-11-20 05:00:00,21090.915545452644
2013-11-20 06:00:00,21350.024619416483
2013-11-20 07:00:00,21528.25461908977
2013-11-20 08:00:00,22157.90614794996
2013-11-20 09:00:00,22631.776472823465
2013-11-20 10:00:00,22841.66031577686
2013-11-20 11:00:00,23321.14107303205
2013-11-20 12:00:00,22900.703803455253
2013-11-20 13:00:00,22359.374342330826
2013-11-20 14:00:00,22809.026751209592
2013-11-20 15:00:00,21571.13639329311
2013-11-20 16:00:00,21234.383414197688
2013-11-20 17:00:00,21174.670342849287
2013-11-20 18:00:00,23411.288635671488
2013-11-20 19:00:00,23607.56928447892
2013-11-20 20:00:00,23362.246660767407
2013-11-20 21:00:00,22789.502987064778
2013-11-20 22:00:00,22501.29858914993
2013-11-20 23:00:00,21722.39256921651
2013-11-21 00:00:00,21100.18403380154
2013-11-21 01:00:00,20428.996964237893
2013-11-21 02:00:00,20032.53091379407
2013-11-21 03:00:00,19880.471206529997
2013-11-21 04:00:00,19711.150249152754
2013-11-21 05:00:00,19484.43510905429
2013-11-21 06:00:00,20236.747949770233
2013-11-21 07:00:00,20806.686407282017
2013-11-21 08:00:00,21626.641640355243
2013-11-21 09:00:00,22663.493756858974
2013-11-21 10:00:00,23246.055687229556
2013-11-21 11:00:00,24280.588915106095
2013-11-21 12:00:00,24432.648622370172
2013-11-21 13:00:00,24769.887929029246
2013-11-21 14:00:00,24553.477373162394
2013-11-21 15:00:00,23022.202137917488
2013-11-21 16:00:00,22392.06428149364
2013-11-21 17:00:00,22402.129235023356
2013-11-21 18:00:00,24813.98552214172
2013-11-21 19:00:00,24881.018238504468
2013-11-21 20:00:00,24583.362096134373
2013-11-21 21:00:00,23606.223050979046
2013-11-21 22:00:00,22564.733157220937
2013-11-21 23:00:00,22106.964638147016
2013-11-22 00:00:00,21805.893603591543
2013-11-22 01:00:00,21420.162090347443
2013-11-22 02:00:00,20658.94727349531
2013-11-22 03:00:00,20165.92676284955
2013-11-22 04:00:00,20044.18173152556
2013-11-22 05:00:00,19397.212577956652
2013-11-22 06:00:00,20355.68776490338
2013-11-22 07:00:00,20830.474370308646
2013-11-22 08:00:00,21531.489788248724
2013-11-22 09:00:00,22742.786966947737
2013-11-22 10:00:00,23000.246735954388
2013-11-22 11:00:00,23852.40558062677
2013-11-22 12:00:00,24163.05170806837
2013-11-22 13:00:00,24056.24903823037
2013-11-22 14:00:00,23934.990334470036
2013-11-22 15:00:00,23949.932695956028
2013-11-22 16:00:00,23565.60379080735
2013-11-22 17:00:00,23204.576521121646
2013-11-22 18:00:00,26126.288149110762
2013-11-22 19:00:00,26240.10385942588
2013-11-22 20:00:00,26216.802223962906
2013-11-22 21:00:00,25961.231390615336
2013-11-22 22:00:00,25387.57143638093
2013-11-22 23:00:00,24656.241342500773
2013-11-23 00:00:00,24081.608733139063
2013-11-23 01:00:00,23434.209626602045
2013-11-23 02:00:00,22752.288019838674
2013-11-23 03:00:00,22362.34868230831
2013-11-23 04:00:00,22121.66383585117
2013-11-23 05:00:00,20895.854248634285
2013-11-23 06:00:00,20755.32554375075
2013-11-23 07:00:00,20468.897332303888
2013-11-23 08:00:00,20973.26558922383
2013-11-23 09:00:00,21504.22702536124
2013-11-23 10:00:00,22012.253338248393
2013-11-23 11:00:00,22645.562923075784
2013-11-23 12:00:00,23320.957816925704
2013-11-23 13:00:00,22002.554896931386
2013-11-23 14:00:00,22190.539712517235
2013-11-23 15:00:00,21253.96355293805
2013-11-23 16:00:00,20803.028351314813
2013-11-23 17:00:00,20686.2241687025
2013-11-23 18:00:00,24274.79169353813
2013-11-23 19:00:00,24838.199905056535
2013-11-23 20:00:00,24567.50345411662
2013-11-23 21:00:00,24200.922126644775
2013-11-23 22:00:00,23960.29365478318
2013-11-23 23:00:00,23443.055228142686
2013-11-24 00:00:00,23082.51428602064
2013-11-24 01:00:00,22244.811475270588
2013-11-24 02:00:00,21991.073202986543
2013-11-24 03:00:00,21601.133865456177
2013-11-24 04:00:00,21312.87309294578
2013-11-24 05:00:00,20768.985112492268
2013-11-24 06:00:00,21132.76122377327
2013-11-24 07:00:00,21496.53733505427
2013-11-24 08:00:00,22031.037011807937
2013-11-24 09:00:00,22536.62462071695
2013-11-24 10:00:00,23206.40908218517
2013-11-24 11:00:00,23812.758975582394
2013-11-24 12:00:00,24313.708807237024
2013-11-24 13:00:00,24175.188853363514
2013-11-24 14:00:00,24268.021816842844
2013-11-24 15:00:00,23957.862016964904
2013-11-24 16:00:00,23232.57230843454
2013-11-24 17:00:00,22823.969112695577
2013-11-24 18:00:00,25955.807747419924
2013-11-24 19:00:00,26636.569909869697
2013-11-24 20:00:00,26660.844200459986
2013-11-24 21:00:00,26238.75762592601
2013-11-24 22:00:00,25799.896128842505
2013-11-24 23:00:00,25163.717887068862
2013-11-25 00:00:00,24684.23712981367
2013-11-25 01:00:00,23814.81703502811
2013-11-25 02:00:00,23418.35098458429
2013-11-25 03:00:00,23012.553005036174
2013-11-25 04:00:00,22660.857664454772
2013-11-25 05:00:00,21974.241905841478
2013-11-25 06:00:00,22444.27091864142
2013-11-25 07:00:00,22670.07684436797
2013-11-25 08:00:00,23775.487633760746
2013-11-25 09:00:00,24138.34746450998
2013-11-25 10:00:00,24570.252295711914
2013-11-25 11:00:00,25335.18860928665
2013-11-25 12:00:00,25582.40016865725
2013-11-25 13:00:00,25166.353979473064
2013-11-25 14:00:00,25108.529843783745
2013-11-25 15:00:00,24362.257388417598
2013-11-25 16:00:00,24104.797619410943
2013-11-25 17:00:00,23601.042571565464
2013-11-25 18:00:00,26562.400804598972
2013-11-25 19:00:00,26351.11435355015
2013-11-25 20:00:00,26399.176607167065
2013-11-25 21:00:00,25897.796822544322
2013-11-25 22:00:00,25784.03748682475
2013-11-25 23:00:00,25243.01109715763
2013-11-26 00:00:00,24858.68219200895
2013-11-26 01:00:00,24020.979381258898
2013-11-26 02:00:00,23545.220120726317
2013-11-26 03:00:00,23012.553005036174
2013-11-26 04:00:00,22692.574948490274
2013-11-26 05:00:00,21942.524621805973
2013-11-26 06:00:00,22258.724807033715
2013-11-26 07:00:00,22368.76264603067
2013-11-26 08:00:00,22887.40368076659
2013-11-26 09:00:00,23440.56721572886
2013-11-26 10:00:00,24300.655381410113
2013-11-26 11:00:00,24970.439842878346
2013-11-26 12:00:00,25233.510044266684
2013-11-26 13:00:00,25071.20212736655
2013-11-26 14:00:00,24616.911941233408
2013-11-26 15:00:00,24045.08454806254
2013-11-26 16:00:00,23708.33156896712
2013-11-26 17:00:00,23125.283311032883
2013-11-26 18:00:00,26015.277654986498
2013-11-26 19:00:00,26240.10385942588
2013-11-26 20:00:00,26232.660865980662
2013-11-26 21:00:00,25279.309783851964
2013-11-26 22:00:00,24753.22575567082
2013-11-26 23:00:00,24093.25955087055
2013-11-27 00:00:00,23589.99083058873
2013-11-27 01:00:00,23069.46086019373
2013-11-27 02:00:00,22435.115179483622
2013-11-27 03:00:00,22219.620904148534
2013-11-27 04:00:00,21931.360131638143
2013-11-27 05:00:00,21514.341287326642
2013-11-27 06:00:00,21735.38962044787
2013-11-27 07:00:00,22035.73116365786
2013-11-27 08:00:00,22784.322507651195
2013-11-27 09:00:00,23615.012277924136
2013-11-27 10:00:00,24221.36217132135
2013-11-27 11:00:00,25208.31947314464
2013-11-27 12:00:00,25709.26930479927
2013-11-27 13:00:00,25959.286080360704
2013-11-27 14:00:00,26202.776143008687
2013-11-27 15:00:00,26011.556158263887
2013-11-27 16:00:00,25627.227253115212
2013-11-27 17:00:00,24742.864796843663
2013-11-27 18:00:00,27331.544942459976
2013-11-27 19:00:00,27936.97855532543
2013-11-27 20:00:00,28278.425686270766
2013-11-27 21:00:00,27943.56164283443
2013-11-27 22:00:00,27528.488108777557
2013-11-27 23:00:00,27066.754929199196
2013-11-28 00:00:00,26761.719234139284
2013-11-28 01:00:00,25701.995435140696
2013-11-28 02:00:00,25162.801606537098
2013-11-28 03:00:00,24645.993132864707
2013-11-28 04:00:00,24246.721866230047
2013-11-28 05:00:00,23338.08511936821
2013-11-28 06:00:00,23543.274810471692
2013-11-28 07:00:00,23082.401536829548
2013-11-28 08:00:00,23759.62899174299
2013-11-28 09:00:00,24392.085736794023
2013-11-28 10:00:00,24998.435630191238
2013-11-28 11:00:00,25636.50280762396
2013-11-28 12:00:00,26026.442145154324
2013-11-28 13:00:00,25943.42743834295
2013-11-28 14:00:00,25933.179228706886
2013-11-28 15:00:00,25147.26016829636
2013-11-28 16:00:00,23851.0593471269
2013-11-28 17:00:00,22758.948680422796
2013-11-28 18:00:00,26348.309137359305
2013-11-28 19:00:00,26874.44954013599
2013-11-28 20:00:00,27295.1898811701
2013-11-28 21:00:00,26643.152997378704
2013-11-28 22:00:00,26243.938105339585
2013-11-28 23:00:00,25457.10276439729
2013-11-29 00:00:00,24826.964907973444
2013-11-29 01:00:00,23909.968887134633
2013-11-29 02:00:00,23196.329996335753
2013-11-29 03:00:00,22695.38016468112
2013-11-29 04:00:00,21899.642847602634
2013-11-29 05:00:00,20721.409186439007
2013-11-29 06:00:00,20387.405048938883
2013-11-29 07:00:00,19688.65214503045
2013-11-29 08:00:00,19390.5731158521
2013-11-29 09:00:00,19586.91720541493
2013-11-29 10:00:00,20042.609999643493
2013-11-29 11:00:00,20577.59600396082
2013-11-29 12:00:00,20437.856698098243
2013-11-29 13:00:00,20075.729891774423
2013-11-29 14:00:00,19446.994643446
2013-11-29 15:00:00,19097.188238523675
2013-11-29 16:00:00,18424.2320486519
2013-11-29 17:00:00,17972.810519465
2013-11-29 18:00:00,19456.936248544836
2013-11-29 19:00:00,19195.695075140095
2013-11-29 20:00:00,18557.078129388316
2013-11-29 21:00:00,17716.32340558566
2013-11-29 22:00:00,17058.612648657174
2013-11-29 23:00:00,16293.979406539733
2013-11-30 00:00:00,15686.043648940744
2013-11-30 01:00:00,15059.260777026802
2013-11-30 02:00:00,14426.500960518466
2013-11-30 03:00:00,13457.721189340124
2013-11-30 04:00:00,13101.268256153393
2013-11-30 05:00:00,13183.79663540111
2013-11-30 06:00:00,13584.047623322942
2013-11-30 07:00:00,14027.116944692707
2013-11-30 08:00:00,14449.020263120334
2013-11-30 09:00:00,15187.72990969031
2013-11-30 10:00:00,16512.476286491725
2013-11-30 11:00:00,17570.79747739489
2013-11-30 12:00:00,18239.848914437713
2013-11-30 13:00:00,17960.1870466062
2013-11-30 14:00:00,18294.071368755373
2013-11-30 15:00:00,18345.48860688219
2013-11-30 16:00:00,18511.454579749534
2013-11-30 17:00:00,19016.309164233135
2013-11-30 18:00:00,21628.77727287608
2013-11-30 19:00:00,22465.74705920072
2013-11-30 20:00:00,23328.943512530124
2013-11-30 21:00:00,22770.472616643474
2013-11-30 22:00:00,22626.581861090173
2013-11-30 23:00:00,21918.24679813576
2013-12-01 00:00:00,21366.60921969979
2013-12-01 01:00:00,20708.109063750344
2013-12-01 02:00:00,20271.99640826214
2013-12-01 03:00:00,20097.734602173212
2013-12-01 04:00:00,19753.968582600683
2013-12-01 05:00:00,19662.051899653125
2013-12-01 06:00:00,20293.839061034145
2013-12-01 07:00:00,20911.35344459919
2013-12-01 08:00:00,21542.590837661155
2013-12-01 09:00:00,22179.80517531751
2013-12-01 10:00:00,22384.93142566558
2013-12-01 11:00:00,23433.7374313581
2013-12-01 12:00:00,22900.703803455253
2013-12-01 13:00:00,22245.192119803007
2013-12-01 14:00:00,22339.610947484107
2013-12-01 15:00:00,20759.173921984166
2013-12-01 16:00:00,20324.09736237868
2013-12-01 17:00:00,21315.812256807287
2013-12-01 18:00:00,23577.011444757005
2013-12-01 19:00:00,24971.41249800566
2013-12-01 20:00:00,25542.80993820841
2013-12-01 21:00:00,25326.885709905222
2013-12-01 22:00:00,24930.842546269654
2013-12-01 23:00:00,23900.09595013009
2013-12-02 00:00:00,23072.174236549028
2013-12-02 01:00:00,22156.53490388786
2013-12-02 02:00:00,21522.18922317775
2013-12-02 03:00:00,21020.56104743429
2013-12-02 04:00:00,20794.37815481726
2013-12-02 05:00:00,20149.233225457807
2013-12-02 06:00:00,20514.384392883567
2013-12-02 07:00:00,20798.656486018783
2013-12-02 08:00:00,21691.799832381348
2013-12-02 09:00:00,22146.648970817103
2013-12-02 10:00:00,22533.700436304633
2013-12-02 11:00:00,22984.186469863176
2013-12-02 12:00:00,23225.732916515488
2013-12-02 13:00:00,23182.813982813193
2013-12-02 14:00:00,23184.794334743077
2013-12-02 15:00:00,22521.20680990982
2013-12-02 16:00:00,21820.154232470784
2013-12-02 17:00:00,21877.345943989058
2013-12-02 18:00:00,23441.901579294725
2013-12-02 19:00:00,23443.684687360557
2013-12-02 20:00:00,23787.616018637076
2013-12-02 21:00:00,23757.677886022728
2013-12-02 22:00:00,23463.7900074225
2013-12-02 23:00:00,22770.960638466087
2013-12-03 00:00:00,22230.080345406357
2013-12-03 01:00:00,21538.0478651955
2013-12-03 02:00:00,20933.833604319123
2013-12-03 03:00:00,20305.33629243364
2013-12-03 04:00:00,19140.321792365645
2013-12-03 05:00:00,18534.82346805057
2013-12-03 06:00:00,18622.448400165656
2013-12-03 07:00:00,18553.072776304987
2013-12-03 08:00:00,19703.12612335515
2013-12-03 09:00:00,20693.99736199095
2013-12-03 10:00:00,21712.22277978504
2013-12-03 11:00:00,22857.317333721156
2013-12-03 12:00:00,23565.107855695394
2013-12-03 13:00:00,23615.754909897845
2013-12-03 14:00:00,23817.554151251414
2013-12-03 15:00:00,23510.786071817594
2013-12-03 16:00:00,22954.04713674011
2013-12-03 17:00:00,22443.499464022832
2013-12-03 18:00:00,25384.585226469444
2013-12-03 19:00:00,26096.835496930602
2013-12-03 20:00:00,26006.240036920688
2013-12-03 21:00:00,24948.661901555966
2013-12-03 22:00:00,23003.889388907668
2013-12-03 23:00:00,21435.662980571306
2013-12-04 00:00:00,20019.385648131618
2013-12-04 01:00:00,18732.654092255034
2013-12-04 02:00:00,17118.244334847805
2013-12-04 03:00:00,15451.005970799511
2013-12-04 04:00:00,15365.964992140482
2013-12-04 05:00:00,15689.78309006572
2013-12-04 06:00:00,16067.621171105682
2013-12-04 07:00:00,17006.855179574093
2013-12-04 08:00:00,18271.09074915207
2013-12-04 09:00:00,19590.235877555355
2013-12-04 10:00:00,20592.602653331694
2013-12-04 11:00:00,21656.818132977267
2013-12-04 12:00:00,22455.002914452703
2013-12-04 13:00:00,22768.903426149845
2013-12-04 14:00:00,23030.96550717088
2013-12-04 15:00:00,22670.278044876693
2013-12-04 16:00:00,21918.47781298085
2013-12-04 17:00:00,21484.051621948787
2013-12-04 18:00:00,24212.631581357513
2013-12-04 19:00:00,24809.113765089078
2013-12-04 20:00:00,24858.074354835386
2013-12-04 21:00:00,24480.831962032255
2013-12-04 22:00:00,24099.721552334384
2013-12-04 23:00:00,23192.800516138315
2013-12-05 00:00:00,22437.82855583892
2013-12-05 01:00:00,21522.18922317775
2013-12-05 02:00:00,20689.61051724573
2013-12-05 03:00:00,19891.42573577029
2013-12-05 04:00:00,18743.855741921823
2013-12-05 05:00:00,17576.961490178302
2013-12-05 06:00:00,17848.54666969932
2013-12-05 07:00:00,18841.70006102809
2013-12-05 08:00:00,20090.076988588316
2013-12-05 09:00:00,20464.047052733535
2013-12-05 10:00:00,21201.5745068134
2013-12-05 11:00:00,21886.768442234683
2013-12-05 12:00:00,22429.6290872243
2013-12-05 13:00:00,22261.42688158176
2013-12-05 14:00:00,22239.61927048501
2013-12-05 15:00:00,21956.63915407782
2013-12-05 16:00:00,21039.909045197346
2013-12-05 17:00:00,20716.493348289554
2013-12-05 18:00:00,23904.973926213104
2013-12-05 19:00:00,24587.09277684053
2013-12-05 20:00:00,24433.062748759614
2013-12-05 21:00:00,24065.335541167136
2013-12-05 22:00:00,23574.800501546768
2013-12-05 23:00:00,22818.536564519352
2013-12-06 00:00:00,22214.221703388608
2013-12-06 01:00:00,21695.04842117125
2013-12-06 02:00:00,21289.067185516786
2013-12-06 03:00:00,20760.479318343143
2013-12-06 04:00:00,20343.99272151308
2013-12-06 05:00:00,19107.320444891448
2013-12-06 06:00:00,18995.12648758285
2013-12-06 07:00:00,19074.822098689056
2013-12-06 08:00:00,19127.45741811072
2013-12-06 09:00:00,19579.13482814293
2013-12-06 10:00:00,20164.419318852368
2013-12-06 11:00:00,20775.07763679021
2013-12-06 12:00:00,21276.705812533673
2013-12-06 13:00:00,21110.089471092906
2013-12-06 14:00:00,20523.71420416416
2013-12-06 15:00:00,19850.611494120247
2013-12-06 16:00:00,19048.063607767595
2013-12-06 17:00:00,18964.11340532787
2013-12-06 18:00:00,22143.871730141665
2013-12-06 19:00:00,22845.81388329128
2013-12-06 20:00:00,23153.27033792696
2013-12-06 21:00:00,22764.926895711404
2013-12-06 22:00:00,22474.210745514723
2013-12-06 23:00:00,21847.194740931987
2013-12-07 00:00:00,21372.127812245933
2013-12-07 01:00:00,20651.54977640312
2013-12-07 02:00:00,20075.881071158696
2013-12-07 03:00:00,19418.83820364126
2013-12-07 04:00:00,18808.87617419461
2013-12-07 05:00:00,17865.588774901404
2013-12-07 06:00:00,17691.54611372357
2013-12-07 07:00:00,17866.393576936294
2013-12-07 08:00:00,17887.311612322454
2013-12-07 09:00:00,17929.836058296638
2013-12-07 10:00:00,18456.443573540393
2013-12-07 11:00:00,19103.576768119066
2013-12-07 12:00:00,20490.117168453133
2013-12-07 13:00:00,20055.489776912345
2013-12-07 14:00:00,19313.69981820962
2013-12-07 15:00:00,18651.69815757814
2013-12-07 16:00:00,17972.847678963957
2013-12-07 17:00:00,17773.129389794634
2013-12-07 18:00:00,21293.84851799011
2013-12-07 19:00:00,21678.61783078467
2013-12-07 20:00:00,21878.235519699636
2013-12-07 21:00:00,21602.488435810126
2013-12-07 22:00:00,21603.571298740095
2013-12-07 23:00:00,21150.207424251756
2013-12-08 00:00:00,20848.79262566009
2013-12-08 01:00:00,20172.61878746699
2013-12-08 02:00:00,19734.92026777701
2013-12-08 03:00:00,19323.686351534743
2013-12-08 04:00:00,18957.947409161487
2013-12-08 05:00:00,18495.17686300619
2013-12-08 06:00:00,18544.741054278667
2013-12-08 07:00:00,17633.271539275327
2013-12-08 08:00:00,16953.237597476815
2013-12-08 09:00:00,17163.86364883918
2013-12-08 10:00:00,17359.025545911903
2013-12-08 11:00:00,17939.55244401601
2013-12-08 12:00:00,18032.02765570145
2013-12-08 13:00:00,18081.08884570212
2013-12-08 14:00:00,18579.44469278767
2013-12-08 15:00:00,18916.53747927461
2013-12-08 16:00:00,18762.608051448045
2013-12-08 17:00:00,19002.174146170477
2013-12-08 18:00:00,21546.793858173274
2013-12-08 19:00:00,22565.115919577052
2013-12-08 20:00:00,22953.451448503278
2013-12-08 21:00:00,22555.59282107707
2013-12-08 22:00:00,22326.725374749625
2013-12-08 23:00:00,21802.790543282284
2013-12-09 00:00:00,21430.80478771162
2013-12-09 01:00:00,20932.247740117342
2013-12-09 02:00:00,20356.57903487292
2013-12-09 03:00:00,19842.26394551526
2013-12-09 04:00:00,19446.393583308272
2013-12-09 05:00:00,18733.05649327248
2013-12-09 06:00:00,18998.2982159864
2013-12-09 07:00:00,19082.751419697932
2013-12-09 08:00:00,19465.246493088856
2013-12-09 09:00:00,19628.296618397962
2013-12-09 10:00:00,19683.90246571446
2013-12-09 11:00:00,19382.688867631517
2013-12-09 12:00:00,20877.0680336863
2013-12-09 13:00:00,21709.54613936396
2013-12-09 14:00:00,21575.14216994117
2013-12-09 15:00:00,21085.999707303195
2013-12-09 16:00:00,20088.39052413218
2013-12-09 17:00:00,18991.073096758046
2013-12-09 18:00:00,21833.835278694598
2013-12-09 19:00:00,22671.368821096003
2013-12-09 20:00:00,23140.58342431276
2013-12-09 21:00:00,23118.574612707293
2013-12-09 22:00:00,23032.434944539622
2013-12-09 23:00:00,22698.803817285312
2013-12-10 00:00:00,22517.121765927688
2013-12-10 01:00:00,22188.252187923365
2013-12-10 02:00:00,21720.42224839966
2013-12-10 03:00:00,21274.29931971834
2013-12-10 04:00:00,20873.671364906022
2013-12-10 05:00:00,19774.969273838837
2013-12-10 06:00:00,20075.10000899181
2013-12-10 07:00:00,20161.13907690512
2013-12-10 08:00:00,20115.450815816723
2013-12-10 09:00:00,20307.046496757783
2013-12-10 10:00:00,20275.42981297664
2013-12-10 11:00:00,20616.49121661268
2013-12-10 12:00:00,21029.310997056728
2013-12-10 13:00:00,21538.27280557223
2013-12-10 14:00:00,21554.52593531809
2013-12-10 15:00:00,21292.16205353398
2013-12-10 16:00:00,20367.502623644632
2013-12-10 17:00:00,19628.59050587171
2013-12-10 18:00:00,22519.721545962406
2013-12-10 19:00:00,23551.523453081278
2013-12-10 20:00:00,24245.930772950123
2013-12-10 21:00:00,24235.023010757086
2013-12-10 22:00:00,24202.80272544978
2013-12-10 23:00:00,23799.393573317357
2013-12-11 00:00:00,23547.933497081616
2013-12-11 01:00:00,23108.053424953025
2013-12-11 02:00:00,22505.425028278423
2013-12-11 03:00:00,22178.241914730246
2013-12-11 04:00:00,21872.765812024445
2013-12-11 05:00:00,20900.932857099284
2013-12-11 06:00:00,20847.41587525637
2013-12-11 07:00:00,20776.45438719393
2013-12-11 08:00:00,20741.867175517957
2013-12-11 09:00:00,20882.715202002208
2013-12-11 10:00:00,20795.59327115893
2013-12-11 11:00:00,21212.77615648019
2013-12-11 12:00:00,22037.9206293858
2013-12-11 13:00:00,22312.17453603857
2013-12-11 14:00:00,22372.83186343414
2013-12-11 15:00:00,21948.70983306894
2013-12-11 16:00:00,21358.667749754175
2013-12-11 17:00:00,20321.61316204751
2013-12-11 18:00:00,22913.015868002673
2013-12-11 19:00:00,23456.371600974762
2013-12-11 20:00:00,22707.64249722811
2013-12-11 21:00:00,21380.46744756159
2013-12-11 22:00:00,20848.69993869506
2013-12-11 23:00:00,20647.48847228899
2013-12-12 00:00:00,20598.226081779598
2013-12-12 01:00:00,20713.398480272357
2013-12-12 02:00:00,20538.95341807708
2013-12-12 03:00:00,20322.78079865317
2013-12-12 04:00:00,20096.59790603614
2013-12-12 05:00:00,19056.57279043464
2013-12-12 06:00:00,19049.045870443206
2013-12-12 07:00:00,19255.61061769144
2013-12-12 08:00:00,19506.478962335015
2013-12-12 09:00:00,19994.631249008053
2013-12-12 10:00:00,20161.247590448816
2013-12-12 11:00:00,21082.735291934616
2013-12-12 12:00:00,22074.395506026638
2013-12-12 13:00:00,22618.246326981192
2013-12-12 14:00:00,22504.458592181483
2013-12-12 15:00:00,22238.92298199382
2013-12-12 16:00:00,21499.809663712178
2013-12-12 17:00:00,20369.189088100768
2013-12-12 18:00:00,22647.38361420531
2013-12-12 19:00:00,23561.03863829193
2013-12-12 20:00:00,24460.022440189787
2013-12-12 21:00:00,24290.528257819224
2013-12-12 22:00:00,24464.4703187427
2013-12-12 23:00:00,24017.44990106146
2013-12-13 00:00:00,23722.378559276898
2013-12-13 01:00:00,23266.639845130554
2013-12-13 02:00:00,22901.891078722245
2013-12-13 03:00:00,22408.19222398766
2013-12-13 04:00:00,21920.341738077706
2013-12-13 05:00:00,20954.852239959644
2013-12-13 06:00:00,20669.79908465754
2013-12-13 07:00:00,20927.111486362584
2013-12-13 08:00:00,20825.91797821205
2013-12-13 09:00:00,21123.76656067205
2013-12-13 10:00:00,21418.83790245661
2013-12-13 11:00:00,22031.082084596233
2013-12-13 12:00:00,22586.629643200053
2013-12-13 13:00:00,23139.99564936526
2013-12-13 14:00:00,23145.1477296987
2013-12-13 15:00:00,22962.077058003346
2013-12-13 16:00:00,22105.609788790338
2013-12-13 17:00:00,21109.78767032982
2013-12-13 18:00:00,24118.272661351883
2013-12-13 19:00:00,25010.518518714533
2013-12-13 20:00:00,25593.915344459114
2013-12-13 21:00:00,25551.290298230568
2013-12-13 22:00:00,25542.857975949886
2013-12-13 23:00:00,25143.413484321907
2013-12-14 00:00:00,24895.918068590603
2013-12-14 01:00:00,24376.74478637325
2013-12-14 02:00:00,23932.702809876173
2013-12-14 03:00:00,23288.34685597294
2013-12-14 04:00:00,23062.163963355903
2013-12-14 05:00:00,22141.078662887554
2013-12-14 06:00:00,21867.12655699788
2013-12-14 07:00:00,21819.953031962064
2013-12-14 08:00:00,21557.00137523045
2013-12-14 09:00:00,21569.394401370904
2013-12-14 10:00:00,21885.081977778544
2013-12-14 11:00:00,22421.20467823295
2013-12-14 12:00:00,23666.603164609016
2013-12-14 13:00:00,23166.955340795444
2013-12-14 14:00:00,23440.1184712289
2013-12-14 15:00:00,23203.12841667319
2013-12-14 16:00:00,22514.762752848357
2013-12-14 17:00:00,21566.5165604411
2013-12-14 18:00:00,24497.294205576174
2013-12-14 19:00:00,25692.4401254779
2013-12-14 20:00:00,26418.564729382255
2013-12-14 21:00:00,26391.79832517147
2013-12-14 22:00:00,26193.062298677753
2013-12-14 23:00:00,25912.557622182914
2013-12-15 00:00:00,25784.002021584758
2013-12-15 01:00:00,24900.07997295909
2013-12-15 02:00:00,24662.2003426928
2013-12-15 03:00:00,24255.72401905586
2013-12-15 04:00:00,23728.226928101525
2013-12-15 05:00:00,22543.888170138474
2013-12-15 06:00:00,22407.906249803247
2013-12-15 07:00:00,22438.440070654422
2013-12-15 08:00:00,22438.7418714175
2013-12-15 09:00:00,23025.217738600604
2013-12-15 10:00:00,22874.66123968632
2013-12-15 11:00:00,23655.00702721412
2013-12-15 12:00:00,24394.514833223868
2013-12-15 13:00:00,24514.939912304424
2013-12-15 14:00:00,24784.93131433434
2013-12-15 15:00:00,24402.041753215297
2013-12-15 16:00:00,23739.049916618875
2013-12-15 17:00:00,22402.266994776674
2013-12-15 18:00:00,25412.337850000513
2013-12-15 19:00:00,26377.533460644823
2013-12-15 20:00:00,26730.979977131985
2013-12-15 21:00:00,26567.829251568524
2013-12-15 22:00:00,26394.46705230321
2013-12-15 23:00:00,25965.68407294239
2013-12-16 00:00:00,25688.850169478243
2013-12-16 01:00:00,25280.687381385156
2013-12-16 02:00:00,24559.119169577403
2013-12-16 03:00:00,24074.935500053478
2013-12-16 04:00:00,23457.044149597947
2013-12-16 05:00:00,22775.424343597668
2013-12-16 06:00:00,22460.239768461834
2013-12-16 07:00:00,22823.805071685816
2013-12-16 08:00:00,23401.3614418951
2013-12-16 09:00:00,24048.100148745663
2013-12-16 10:00:00,24347.929083135557
2013-12-16 11:00:00,24990.304685108902
2013-12-16 12:00:00,24851.24372333515
2013-12-16 13:00:00,24821.011703247055
2013-12-16 14:00:00,24692.951190631367
2013-12-16 15:00:00,24814.366445676875
2013-12-16 16:00:00,23975.343682683386
2013-12-16 17:00:00,23049.29958910099
2013-12-16 18:00:00,25712.06618413604
2013-12-16 19:00:00,26564.665436454306
2013-12-16 20:00:00,26973.617200003606
2013-12-16 21:00:00,26471.09153526023
2013-12-16 22:00:00,26343.719397846402
2013-12-16 23:00:00,25870.532220835874
2013-12-17 00:00:00,25549.29411972202
2013-12-17 01:00:00,24757.352194799318
2013-12-17 02:00:00,24376.74478637325
2013-12-17 03:00:00,23870.359018024465
2013-12-17 04:00:00,23447.528964387297
2013-12-17 05:00:00,22304.42267567041
2013-12-17 06:00:00,22392.0476077855
2013-12-17 07:00:00,22138.711736518893
2013-12-17 08:00:00,22698.82360050865
2013-12-17 09:00:00,23293.22878870063
2013-12-17 10:00:00,24014.897600762743
2013-12-17 11:00:00,24471.72709112839
2013-12-17 12:00:00,25100.224403013868
2013-12-17 13:00:00,24874.931086107412
2013-12-17 14:00:00,25135.407302926673
2013-12-17 15:00:00,24950.75076702955
2013-12-17 16:00:00,24014.990287727775
2013-12-17 17:00:00,22689.308415298
2013-12-17 18:00:00,25283.089917555826
2013-12-17 19:00:00,26142.825558782086
2013-12-17 20:00:00,26014.16935792956
2013-12-17 21:00:00,25741.594002443602
2013-12-17 22:00:00,25622.151186038653
2013-12-17 23:00:00,25024.473669188763
2013-12-18 00:00:00,24578.745228235548
2013-12-18 01:00:00,23686.893858601004
2013-12-18 02:00:00,23058.891634697993
2013-12-18 03:00:00,22384.404260961026
2013-12-18 04:00:00,21504.84531721258
2013-12-18 05:00:00,20691.59878246495
2013-12-18 06:00:00,20544.51581271729
2013-12-18 07:00:00,20709.84809071937
2013-12-18 08:00:00,21144.67668276888
2013-12-18 09:00:00,21921.456254165016
2013-12-18 10:00:00,22229.214509563782
2013-12-18 11:00:00,22901.721531370862
2013-12-18 12:00:00,23376.39001568414
2013-12-18 13:00:00,23157.440155584787
2013-12-18 14:00:00,23064.268655408156
2013-12-18 15:00:00,22102.538660641145
2013-12-18 16:00:00,21772.578306417527
2013-12-18 17:00:00,21832.94174633935
2013-12-18 18:00:00,24020.742012942705
2013-12-18 19:00:00,24947.083950643522
2013-12-18 20:00:00,25213.30793603305
2013-12-18 21:00:00,24740.9136911234
2013-12-18 22:00:00,24234.520009485284
2013-12-18 23:00:00,23651.908202552255
2013-12-19 00:00:00,23221.245471515907
2013-12-19 01:00:00,22402.343855163028
2013-12-19 02:00:00,21913.897681016242
2013-12-19 03:00:00,21207.693023243773
2013-12-19 04:00:00,20743.63050036045
2013-12-19 05:00:00,19730.56507618913
2013-12-19 06:00:00,19834.04865032197
2013-12-19 07:00:00,20170.654262115775
2013-12-19 08:00:00,20484.957174830364
2013-12-19 09:00:00,21656.616932468543
2013-12-19 10:00:00,21755.041113232972
2013-12-19 11:00:00,22652.740851692142
2013-12-19 12:00:00,23403.349707114317
2013-12-19 13:00:00,22818.06521640488
2013-12-19 14:00:00,22672.560197569666
2013-12-19 15:00:00,22307.115142670158
2013-12-19 16:00:00,21804.29559045303
2013-12-19 17:00:00,21528.455819598494
2013-12-19 18:00:00,24116.68679715011
2013-12-19 19:00:00,24791.669258869548
2013-12-19 20:00:00,24590.063304735362
2013-12-19 21:00:00,24260.396837985492
2013-12-19 22:00:00,23731.801057522523
2013-12-19 23:00:00,23072.274836803394
2013-12-20 00:00:00,22564.697691980942
2013-12-20 01:00:00,21696.63428537303
2013-12-20 02:00:00,21046.429962645165
2013-12-20 03:00:00,20251.416909573283
2013-12-20 04:00:00,19455.908768518926
2013-12-20 05:00:00,18733.05649327248
2013-12-20 06:00:00,18988.783030775747
2013-12-20 07:00:00,19910.572533024628
2013-12-20 08:00:00,20424.6943351629
2013-12-20 09:00:00,21279.18125244603
2013-12-20 10:00:00,21791.515989873802
2013-12-20 11:00:00,22738.377518588004
2013-12-20 12:00:00,23485.81464560663
2013-12-20 13:00:00,22737.186142114344
2013-12-20 14:00:00,22919.955013046605
2013-12-20 15:00:00,22722.61156353528
2013-12-20 16:00:00,21962.882010630557
2013-12-20 17:00:00,21877.345943989058
2013-12-20 18:00:00,24285.581334639177
2013-12-20 19:00:00,24985.14469148613
2013-12-20 20:00:00,24667.770650622355
2013-12-20 21:00:00,24008.24442990322
2013-12-20 22:00:00,23728.629329118972
2013-12-20 23:00:00,23018.355453943033
2013-12-21 00:00:00,22460.030654663773
2013-12-21 01:00:00,21793.372001681324
2013-12-21 02:00:00,21043.258234241617
2013-12-21 03:00:00,20402.074008741933
2013-12-21 04:00:00,19788.940250891734
2013-12-21 05:00:00,19110.492173294995
2013-12-21 06:00:00,18977.68198136332
2013-12-21 07:00:00,19250.85302508611
2013-12-21 08:00:00,19374.852233587666
2013-12-21 09:00:00,19463.366741413334
2013-12-21 10:00:00,20305.561232810367
2013-12-21 11:00:00,21203.260971269538
2013-12-21 12:00:00,22234.567790405938
2013-12-21 13:00:00,21211.584780006524
2013-12-21 14:00:00,20817.09908149259
2013-12-21 15:00:00,19964.79371664807
2013-12-21 16:00:00,19276.428052823238
2013-12-21 17:00:00,19554.054888388273
2013-12-21 18:00:00,22652.14120681064
2013-12-21 19:00:00,23770.372712926266
2013-12-21 20:00:00,24171.395155466693
2013-12-21 21:00:00,24104.982146211514
2013-12-21 22:00:00,23976.02414459591
2013-12-21 23:00:00,23314.91205967501
2013-12-22 00:00:00,22805.749050650786
2013-12-22 01:00:00,22145.433854475436
2013-12-22 02:00:00,21473.027432922714
2013-12-22 03:00:00,21271.127591314787
2013-12-22 04:00:00,20507.336734295935
2013-12-22 05:00:00,19878.050446954232
2013-12-22 06:00:00,20378.000071530892
2013-12-22 07:00:00,20771.696794588603
2013-12-22 08:00:00,21431.718103290204
2013-12-22 09:00:00,21634.41483364369
2013-12-22 10:00:00,22173.709262501645
2013-12-22 11:00:00,22941.36813641524
2013-12-22 12:00:00,23745.896374697782
2013-12-22 13:00:00,23707.73503360081
2013-12-22 14:00:00,23720.81643494312
2013-12-22 15:00:00,23805.756813347794
2013-12-22 16:00:00,23277.563433902265
2013-12-22 17:00:00,22984.279156828205
2013-12-22 18:00:00,25950.738746503223
2013-12-22 19:00:00,27072.141981022396
2013-12-22 20:00:00,27100.48633614563
2013-12-22 21:00:00,26780.33505460641
2013-12-22 22:00:00,26240.63822473101
2013-12-22 23:00:00,25757.935862509825
2013-12-23 00:00:00,25427.182576185318
2013-12-23 01:00:00,24241.946329222355
2013-12-23 02:00:00,23636.146204144196
2013-12-23 03:00:00,23224.912287901927
2013-12-23 04:00:00,22657.76859190321
2013-12-23 05:00:00,21692.279093785153
2013-12-23 06:00:00,21913.116618849363
2013-12-23 07:00:00,22008.670871973318
2013-12-23 08:00:00,22795.561316816944
2013-12-23 09:00:00,23458.158665685263
2013-12-23 10:00:00,23729.442044443193
2013-12-23 11:00:00,24520.88888138342
2013-12-23 12:00:00,24908.334834599056
2013-12-23 13:00:00,25314.21546999917
2013-12-23 14:00:00,25322.539278736152
2013-12-23 15:00:00,25133.125150233707
2013-12-23 16:00:00,24459.032264224847
2013-12-23 17:00:00,23547.260948458428
2013-12-23 18:00:00,26380.507945184316
2013-12-23 19:00:00,27088.000623040152
2013-12-23 20:00:00,26878.465347897087
2013-12-23 21:00:00,26225.28258398506
2013-12-23 22:00:00,25828.31353226944
2013-12-23 23:00:00,25603.314102836735
2013-12-24 00:00:00,25530.263749300713
2013-12-24 01:00:00,24725.634910763813
2013-12-24 02:00:00,23948.561451893926
2013-12-24 03:00:00,23415.21599211496
2013-12-24 04:00:00,23006.658716293772
2013-12-24 05:00:00,22171.210082721285
2013-12-24 06:00:00,22014.611927762977
2013-12-24 07:00:00,22216.419082405886
2013-12-24 08:00:00,23104.804836163123
2013-12-24 09:00:00,23575.512616616634
2013-12-24 10:00:00,23826.179760751485
2013-12-24 11:00:00,24506.616103567445
2013-12-24 12:00:00,25044.719155951734
2013-12-24 13:00:00,25062.0630619169
2013-12-24 14:00:00,25289.236130498877
2013-12-24 15:00:00,24990.397372073927
2013-12-24 16:00:00,24127.586646053816
2013-12-24 17:00:00,23656.68557838092
2013-12-24 18:00:00,26449.49303796154
2013-12-24 19:00:00,27167.293833128915
2013-12-24 20:00:00,26864.192570081115
2013-12-24 21:00:00,26301.404065670275
2013-12-24 22:00:00,26177.203656660004
2013-12-24 23:00:00,25734.147899483196
2013-12-25 00:00:00,25443.04121820307
2013-12-25 01:00:00,24360.886144355496
2013-12-25 02:00:00,23742.39910566314
2013-12-25 03:00:00,23018.74994167114
2013-12-25 04:00:00,22554.687418787817
2013-12-25 05:00:00,21700.208414794026
2013-12-25 06:00:00,21779.904025900232
2013-12-25 07:00:00,22367.07618157453
2013-12-25 08:00:00,23027.097490276137
2013-12-25 09:00:00,23773.74564183854
2013-12-25 10:00:00,24279.736922459215
2013-12-25 11:00:00,25064.840302592336
2013-12-25 12:00:00,25399.952737149393
2013-12-25 13:00:00,25390.33695168438
2013-12-25 14:00:00,25593.722057239727
2013-12-25 15:00:00,25191.802125699392
2013-12-25 16:00:00,24065.737942184584
2013-12-25 17:00:00,23244.36088591935
2013-12-25 18:00:00,26167.20921004554
2013-12-25 19:00:00,27103.8592650579
2013-12-25 20:00:00,26751.596211755073
2013-12-25 21:00:00,26375.939683153712
2013-12-25 22:00:00,26526.09378105056
2013-12-25 23:00:00,25817.4057700764
2013-12-26 00:00:00,25260.666834998912
2013-12-26 01:00:00,24614.62441663954
2013-12-26 02:00:00,24011.996019964932
2013-12-26 03:00:00,23684.81290641676
2013-12-26 04:00:00,22951.153469231638
2013-12-26 05:00:00,22226.71532978342
2013-12-26 06:00:00,22092.319273649962
2013-12-26 07:00:00,22471.7432188917
2013-12-26 08:00:00,22927.188045564293
2013-12-26 09:00:00,23467.673850895913
2013-12-26 10:00:00,23797.634205119528
2013-12-26 11:00:00,24343.272090784587
2013-12-26 12:00:00,24790.98088366769
2013-12-26 13:00:00,24592.647258191417
2013-12-26 14:00:00,25046.598907627253
2013-12-26 15:00:00,24557.456444989275
2013-12-26 16:00:00,23980.101275288718
2013-12-26 17:00:00,23011.23884825838
2013-12-26 18:00:00,26007.829857767127
2013-12-26 19:00:00,26762.898461676214
2013-12-26 20:00:00,25276.742504104055
2013-12-26 21:00:00,26328.363757100455
2013-12-26 22:00:00,26224.779582713258
2013-12-26 23:00:00,25825.33509108528
2013-12-27 00:00:00,25577.83967535397
2013-12-27 01:00:00,24678.058984710555
2013-12-27 02:00:00,24130.93583509808
2013-12-27 03:00:00,23321.65000421022
2013-12-27 04:00:00,23044.71945713638
2013-12-27 05:00:00,21847.69378555913
2013-12-27 06:00:00,21911.530754647585
2013-12-27 07:00:00,22146.641057527773
2013-12-27 08:00:00,22827.27860085245
2013-12-27 09:00:00,23475.60317190479
2013-12-27 10:00:00,23899.12951403315
2013-12-27 11:00:00,24768.283696860362
2013-12-27 12:00:00,24797.32434047479
2013-12-27 13:00:00,24522.869233313304
2013-12-27 14:00:00,24705.638104245576
2013-12-27 15:00:00,24700.184223149052
2013-12-27 16:00:00,23802.48448468988
2013-12-27 17:00:00,23136.52212019863
2013-12-27 18:00:00,25743.783468171547
2013-12-27 19:00:00,26564.665436454306
2013-12-27 20:00:00,26593.009791577537
2013-12-27 21:00:00,26288.717152056077
2013-12-27 22:00:00,26240.63822473101
2013-12-27 23:00:00,25670.71333141219
2013-12-28 00:00:00,25252.73751399004
2013-12-28 01:00:00,24678.058984710555
2013-12-28 02:00:00,23948.561451893926
2013-12-28 03:00:00,23462.791918168223
2013-12-28 04:00:00,22824.284333089614
2013-12-28 05:00:00,21116.610388540725
2013-12-28 06:00:00,20663.45562785044
2013-12-28 07:00:00,20416.46321339094
2013-12-28 08:00:00,20040.91519833328
2013-12-28 09:00:00,20248.369521292097
2013-12-28 10:00:00,20643.350307788503
2013-12-28 11:00:00,21947.03128190214
2013-12-28 12:00:00,22886.35797733558
2013-12-28 13:00:00,22218.608548133823
2013-12-28 14:00:00,22136.53809736962
2013-12-28 15:00:00,21223.969892857644
2013-12-28 16:00:00,20648.200587358853
2013-12-28 17:00:00,19769.73241982971
2013-12-28 18:00:00,23273.007041805657
2013-12-28 19:00:00,24615.638332472492
2013-12-28 20:00:00,24948.468614336576
2013-12-28 21:00:00,24882.0556050814
2013-12-28 22:00:00,24729.30964043917
2013-12-28 23:00:00,24371.890550158238
2013-12-29 00:00:00,24166.420535773974
2013-12-29 01:00:00,23544.16608044123
2013-12-29 02:00:00,23014.487437048287
2013-12-29 03:00:00,22596.91006399892
2013-12-29 04:00:00,22264.474269862938
2013-12-29 05:00:00,21199.07532703304
2013-12-29 06:00:00,21185.204950234503
2013-12-29 07:00:00,20598.837596595095
2013-12-29 08:00:00,20353.33044608301
2013-12-29 09:00:00,20698.75495459628
2013-12-29 10:00:00,21349.0598775785
2013-12-29 11:00:00,22143.678442922275
2013-12-29 12:00:00,22618.346927235558
2013-12-29 13:00:00,22819.651080606658
2013-12-29 14:00:00,23222.855075585685
2013-12-29 15:00:00,23096.875515154246
2013-12-29 16:00:00,22744.713062105773
2013-12-29 17:00:00,22893.88489732701
2013-12-29 18:00:00,25886.51124633132
2013-12-29 19:00:00,26913.555560844867
2013-12-29 20:00:00,26608.868433595297
2013-12-29 21:00:00,26264.929189029444
2013-12-29 22:00:00,26097.910446571237
2013-12-29 23:00:00,25516.091571739096
2013-12-30 00:00:00,25086.221772803634
2013-12-30 01:00:00,24273.66361325786
2013-12-30 02:00:00,23908.91484684954
2013-12-30 03:00:00,23415.21599211496
2013-12-30 04:00:00,23149.386494453545
2013-12-30 05:00:00,21743.02674824196
2013-12-30 06:00:00,21694.26735900437
2013-12-30 07:00:00,21948.408032305862
2013-12-30 08:00:00,22643.318353446517
2013-12-30 09:00:00,23305.915702314833
2013-12-30 10:00:00,23864.240501594093
2013-12-30 11:00:00,24620.798326095264
2013-12-30 12:00:00,24914.678291406155
2013-12-30 13:00:00,24700.486023912134
2013-12-30 14:00:00,24753.21403029883
2013-12-30 15:00:00,24790.578482650246
2013-12-30 16:00:00,24305.203436652646
2013-12-30 17:00:00,23206.30014507674
2013-12-30 18:00:00,25924.571987173924
2013-12-30 19:00:00,26739.11049864959
2013-12-30 20:00:00,26569.221828550908
2013-12-30 21:00:00,26336.29307810933
2013-12-30 22:00:00,26319.931434819773
2013-12-30 23:00:00,25825.33509108528
2013-12-31 00:00:00,25482.687823247456
2013-12-31 01:00:00,24630.48305865729
2013-12-31 02:00:00,24138.86515610696
2013-12-31 03:00:00,23668.954264399006
2013-12-31 04:00:00,23173.174457480174
2013-12-31 05:00:00,21936.502180858544
2013-12-31 06:00:00,21767.217112286035
2013-12-31 07:00:00,22065.76198323723
2013-12-31 08:00:00,22443.499464022832
2013-12-31 09:00:00,22841.257491194676
2013-12-31 10:00:00,23337.7335866047
2013-12-31 11:00:00,24227.504004054994
2013-12-31 12:00:00,24914.678291406155
2013-12-31 13:00:00,24952.638431994405
2013-12-31 14:00:00,24840.436561396473
2013-12-31 15:00:00,24540.01193876975
2013-12-31 16:00:00,23869.090781164447
2013-12-31 17:00:00,23079.431008934716
2013-12-31 18:00:00,26188.61837676951
2013-12-31 19:00:00,26707.39321461408
2013-12-31 20:00:00,26577.151149559788
2013-12-31 21:00:00,26312.505115082706
2013-12-31 22:00:00,25828.31353226944
2013-12-31 23:00:00,25828.31353226944
