,BD_demand
2013-01-01 00:00:00,36267.25478199758
2013-01-01 01:00:00,35599.565246318525
2013-01-01 02:00:00,34941.72528113767
2013-01-01 03:00:00,33192.41015923783
2013-01-01 04:00:00,32917.19574482431
2013-01-01 05:00:00,32476.910037716298
2013-01-01 06:00:00,33948.17058596039
2013-01-01 07:00:00,35717.6519184198
2013-01-01 08:00:00,37641.20448619499
2013-01-01 09:00:00,39100.9979074972
2013-01-01 10:00:00,40541.09218780302
2013-01-01 11:00:00,41761.90647971522
2013-01-01 12:00:00,42129.75767473527
2013-01-01 13:00:00,40908.943382823076
2013-01-01 14:00:00,40779.604247629875
2013-01-01 15:00:00,39834.00437013117
2013-01-01 16:00:00,37999.20611071685
2013-01-01 17:00:00,38562.180437448194
2013-01-01 18:00:00,42567.85058195934
2013-01-01 19:00:00,42996.560988248384
2013-01-01 20:00:00,42221.460316215496
2013-01-01 21:00:00,40922.31652988089
2013-01-01 22:00:00,38874.924855601836
2013-01-01 23:00:00,37060.47309654222
2013-01-02 00:00:00,36047.974793603964
2013-01-02 01:00:00,34875.941284619585
2013-01-02 02:00:00,33560.26135425787
2013-01-02 03:00:00,33236.26615691654
2013-01-02 04:00:00,32961.051742503034
2013-01-02 05:00:00,33136.94280278109
2013-01-02 06:00:00,34138.94417586283
2013-01-02 07:00:00,35447.93753269565
2013-01-02 08:00:00,37553.49249083755
2013-01-02 09:00:00,39057.141909818485
2013-01-02 10:00:00,40299.88420057004
2013-01-02 11:00:00,41147.922512213096
2013-01-02 12:00:00,41099.141729285264
2013-01-02 13:00:00,40251.10341764222
2013-01-02 14:00:00,39463.92431726816
2013-01-02 15:00:00,38178.44045775935
2013-01-02 16:00:00,37670.28612812642
2013-01-02 17:00:00,38233.26045485777
2013-01-02 18:00:00,41361.81064579445
2013-01-02 19:00:00,42009.801040477105
2013-01-02 20:00:00,41717.11634291017
2013-01-02 21:00:00,40308.332562378746
2013-01-02 22:00:00,38195.15689158162
2013-01-02 23:00:00,36446.48912904009
2013-01-03 00:00:00,35499.77482261992
2013-01-03 01:00:00,34196.173320599366
2013-01-03 02:00:00,33450.62136006106
2013-01-03 03:00:00,32644.21018825377
2013-01-03 04:00:00,32478.63576803707
2013-01-03 05:00:00,33158.870801620455
2013-01-03 06:00:00,34182.80017354156
2013-01-03 07:00:00,35908.42550832224
2013-01-03 08:00:00,37136.86051288967
2013-01-03 09:00:00,38925.573916782305
2013-01-03 10:00:00,40036.74821449769
2013-01-03 11:00:00,40862.85852730138
2013-01-03 12:00:00,41603.48570259059
2013-01-03 13:00:00,41172.07936889542
2013-01-03 14:00:00,41503.228209328816
2013-01-03 15:00:00,40119.06835504289
2013-01-03 16:00:00,39117.53405152431
2013-01-03 17:00:00,38627.96443396628
2013-01-03 18:00:00,42721.34657383488
2013-01-03 19:00:00,43171.984978963286
2013-01-03 20:00:00,42703.87629068146
2013-01-03 21:00:00,41602.0844939011
2013-01-03 22:00:00,39817.8288056944
2013-01-03 23:00:00,37948.55704953638
2013-01-04 00:00:00,36881.23874949972
2013-01-04 01:00:00,35862.70123239087
2013-01-04 02:00:00,34766.30129042277
2013-01-04 03:00:00,34025.674115133574
2013-01-04 04:00:00,33860.09969491687
2013-01-04 05:00:00,33465.86278537152
2013-01-04 06:00:00,34895.460135820824
2013-01-04 07:00:00,36259.273489752035
2013-01-04 08:00:00,37750.84448039181
2013-01-04 09:00:00,39451.845888927
2013-01-04 10:00:00,40573.984186062065
2013-01-04 11:00:00,41696.12248319714
2013-01-04 12:00:00,41800.83769214485
2013-01-04 13:00:00,41259.79136425286
2013-01-04 14:00:00,40450.68426503945
2013-01-04 15:00:00,39702.436377095015
2013-01-04 16:00:00,38547.406081700894
2013-01-04 17:00:00,38562.180437448194
2013-01-04 18:00:00,42030.61461039498
2013-01-04 19:00:00,43062.344984766474
2013-01-04 20:00:00,42703.87629068146
2013-01-04 21:00:00,41338.948507828754
2013-01-04 22:00:00,39335.41283122844
2013-01-04 23:00:00,37433.24907681137
2013-01-05 00:00:00,36333.03877851566
2013-01-05 01:00:00,35204.86126721001
2013-01-05 02:00:00,34854.013285780224
2013-01-05 03:00:00,34091.45811165166
2013-01-05 04:00:00,34035.523685631764
2013-01-05 05:00:00,33575.502779568335
2013-01-05 06:00:00,33963.52018514794
2013-01-05 07:00:00,35031.30555474776
2013-01-05 08:00:00,35777.32458484924
2013-01-05 09:00:00,36239.39405896048
2013-01-05 10:00:00,36425.2068056548
2013-01-05 11:00:00,38005.64027853253
2013-01-05 12:00:00,39127.814633626636
2013-01-05 13:00:00,37477.21156446294
2013-01-05 14:00:00,37220.69003600144
2013-01-05 15:00:00,35704.96218867935
2013-01-05 16:00:00,35030.15506786725
2013-01-05 17:00:00,34661.189443925716
2013-01-05 18:00:00,37763.426036255165
2013-01-05 19:00:00,41104.174688411455
2013-01-05 20:00:00,40465.02760918261
2013-01-05 21:00:00,38760.2158443198
2013-01-05 22:00:00,37160.15534636373
2013-01-05 23:00:00,35654.88837093912
2013-01-06 00:00:00,34951.574851635865
2013-01-06 01:00:00,34174.245321760005
2013-01-06 02:00:00,33231.34137166744
2013-01-06 03:00:00,32558.69099278026
2013-01-06 04:00:00,31930.43579705302
2013-01-06 05:00:00,33523.97198229583
2013-01-06 06:00:00,33695.99859930773
2013-01-06 07:00:00,35524.68552863341
2013-01-06 08:00:00,37849.52047516893
2013-01-06 09:00:00,39210.63790169401
2013-01-06 10:00:00,39905.18022146153
2013-01-06 11:00:00,41476.84249480352
2013-01-06 12:00:00,40857.93374205228
2013-01-06 13:00:00,41347.50335961032
2013-01-06 14:00:00,41371.66021629264
2013-01-06 15:00:00,40469.91633647268
2013-01-06 16:00:00,39183.31804804239
2013-01-06 17:00:00,38562.180437448194
2013-01-06 18:00:00,43181.83454946148
2013-01-06 19:00:00,44268.38492093138
2013-01-06 20:00:00,43515.21224773784
2013-01-06 21:00:00,42457.276448636214
2013-01-06 22:00:00,40234.46078364227
2013-01-06 23:00:00,38748.92900717308
2013-01-07 00:00:00,38065.35068682526
2013-01-07 01:00:00,37222.23716043131
2013-01-07 02:00:00,36147.76521730257
2013-01-07 03:00:00,35231.71405129848
2013-01-07 04:00:00,34912.64363920624
2013-01-07 05:00:00,35433.90068120425
2013-01-07 06:00:00,36298.852061539976
2013-01-07 07:00:00,37925.80140154353
2013-01-07 08:00:00,39527.01238638011
2013-01-07 09:00:00,40914.44341151243
2013-01-07 10:00:00,42005.88251027239
2013-01-07 11:00:00,43296.866398470556
2013-01-07 12:00:00,43708.57359116933
2013-01-07 13:00:00,43485.48324644809
2013-01-07 14:00:00,41327.80421861392
2013-01-07 15:00:00,42070.66025174609
2013-01-07 16:00:00,41288.40593662113
2013-01-07 17:00:00,40426.060338793955
2013-01-07 18:00:00,44387.87448562639
2013-01-07 19:00:00,45529.24485419469
2013-01-07 20:00:00,45225.59615720807
2013-01-07 21:00:00,43860.66837435537
2013-01-07 22:00:00,41977.736691371545
2013-01-07 23:00:00,40585.39890996964
2013-01-08 00:00:00,39995.0145846891
2013-01-08 01:00:00,38559.84508963237
2013-01-08 02:00:00,37682.7251360579
2013-01-08 03:00:00,37249.08994451976
2013-01-08 04:00:00,37258.93951501796
2013-01-08 05:00:00,36535.78262288219
2013-01-08 06:00:00,37855.739979134676
2013-01-08 07:00:00,38956.41734699354
2013-01-08 08:00:00,40206.78035040033
2013-01-08 09:00:00,41940.67375719457
2013-01-08 10:00:00,42602.32407870303
2013-01-08 11:00:00,43669.64237873971
2013-01-08 12:00:00,43927.85357956294
2013-01-08 13:00:00,44088.503214530545
2013-01-08 14:00:00,43520.60410255011
2013-01-08 15:00:00,42947.78020532057
2013-01-08 16:00:00,41398.045930817934
2013-01-08 17:00:00,40798.8363190631
2013-01-08 18:00:00,44881.25445951203
2013-01-08 19:00:00,46022.62482808033
2013-01-08 20:00:00,45444.876145601695
2013-01-08 21:00:00,44408.86834533942
2013-01-08 22:00:00,42580.756659454
2013-01-08 23:00:00,40777.26889981405
2013-01-09 00:00:00,39775.73459629548
2013-01-09 01:00:00,38713.34108150791
2013-01-09 02:00:00,37902.00512445152
2013-01-09 03:00:00,37468.36993291338
2013-01-09 04:00:00,37149.29952082116
2013-01-09 05:00:00,37018.19859734814
2013-01-09 06:00:00,37910.559976233075
2013-01-09 07:00:00,39263.40933074461
2013-01-09 08:00:00,40579.55633066948
2013-01-09 09:00:00,42653.33371947383
2013-01-09 10:00:00,43654.86802299241
2013-01-09 11:00:00,44437.12233811737
2013-01-09 12:00:00,44761.117535458696
2013-01-09 13:00:00,43978.86322033373
2013-01-09 14:00:00,43739.88409094372
2013-01-09 15:00:00,43386.3401821078
2013-01-09 16:00:00,42165.52589019561
2013-01-09 17:00:00,41149.68430049289
2013-01-09 18:00:00,44771.614465315215
2013-01-09 19:00:00,45474.42485709627
2013-01-09 20:00:00,45335.236151404875
2013-01-09 21:00:00,43970.308368552185
2013-01-09 22:00:00,42361.47667106037
2013-01-09 23:00:00,40667.628905617246
2013-01-10 00:00:00,39775.73459629548
2013-01-10 01:00:00,38888.76507222281
2013-01-10 02:00:00,38559.84508963237
2013-01-10 03:00:00,38235.84989229105
2013-01-10 04:00:00,37916.77948019882
2013-01-10 05:00:00,37193.622588063045
2013-01-10 06:00:00,38458.75994721713
2013-01-10 07:00:00,39877.39329824674
2013-01-10 08:00:00,41083.90030397481
2013-01-10 09:00:00,39364.13389356955
2013-01-10 10:00:00,43260.16404388389
2013-01-10 11:00:00,43779.28237293651
2013-01-10 12:00:00,44322.55755867146
2013-01-10 13:00:00,43540.30324354651
2013-01-10 14:00:00,43739.88409094372
2013-01-10 15:00:00,43386.3401821078
2013-01-10 16:00:00,42384.80587858922
2013-01-10 17:00:00,41851.380263352476
2013-01-10 18:00:00,45155.35444500404
2013-01-10 19:00:00,45255.14486870266
2013-01-10 20:00:00,45444.876145601695
2013-01-10 21:00:00,44518.50833953623
2013-01-10 22:00:00,42580.756659454
2013-01-10 23:00:00,40886.90889401086
2013-01-11 00:00:00,39995.0145846891
2013-01-11 01:00:00,39546.605037403664
2013-01-11 02:00:00,38669.48508382919
2013-01-11 03:00:00,38345.489886487856
2013-01-11 04:00:00,38136.05946859244
2013-01-11 05:00:00,38509.302518424745
2013-01-11 06:00:00,39445.519894988414
2013-01-11 07:00:00,40601.01725994568
2013-01-11 08:00:00,42289.9402401397
2013-01-11 09:00:00,43311.173684654685
2013-01-11 10:00:00,44531.98797656688
2013-01-11 11:00:00,45862.44226267589
2013-01-11 12:00:00,45747.877483229975
2013-01-11 13:00:00,45404.18314489226
2013-01-11 14:00:00,44836.28403291182
2013-01-11 15:00:00,43386.3401821078
2013-01-11 16:00:00,41178.76594242432
2013-01-11 17:00:00,40206.78035040033
2013-01-11 18:00:00,43017.37455816627
2013-01-11 19:00:00,43215.84097664201
2013-01-11 20:00:00,42923.15627907507
2013-01-11 21:00:00,41010.02852523833
2013-01-11 22:00:00,39730.11681033695
2013-01-11 23:00:00,38200.729036189034
2013-01-12 00:00:00,37473.29471816249
2013-01-12 01:00:00,36367.04520569619
2013-01-12 02:00:00,35709.20524051533
2013-01-12 03:00:00,35385.21004317401
2013-01-12 04:00:00,35066.13963108177
2013-01-12 05:00:00,33465.86278537152
2013-01-12 06:00:00,33919.66418746922
2013-01-12 07:00:00,34733.08477053244
2013-01-12 08:00:00,35656.72059123274
2013-01-12 09:00:00,36650.544037198524
2013-01-12 10:00:00,37186.10836538065
2013-01-12 11:00:00,38516.562651489665
2013-01-12 12:00:00,39498.39781401185
2013-01-12 13:00:00,38716.14349888689
2013-01-12 14:00:00,38148.244386906445
2013-01-12 15:00:00,36917.58052449605
2013-01-12 16:00:00,35894.11822213811
2013-01-12 17:00:00,35751.010986242
2013-01-12 18:00:00,40081.215513575706
2013-01-12 19:00:00,41428.70907123402
2013-01-12 20:00:00,41250.049967631756
2013-01-12 21:00:00,40192.11416853013
2013-01-12 22:00:00,39072.2768451561
2013-01-12 23:00:00,37290.71708435552
2013-01-13 00:00:00,36311.1107796763
2013-01-13 01:00:00,35204.86126721001
2013-01-13 02:00:00,34459.309306671705
2013-01-13 03:00:00,34135.31410933038
2013-01-13 04:00:00,33925.88369143495
2013-01-13 05:00:00,33641.28677608642
2013-01-13 06:00:00,35103.77612479476
2013-01-13 07:00:00,36544.337474663735
2013-01-13 08:00:00,38606.036435126916
2013-01-13 09:00:00,40021.9738587504
2013-01-13 10:00:00,40913.86816807217
2013-01-13 11:00:00,42244.32245418118
2013-01-13 12:00:00,43116.51762250656
2013-01-13 13:00:00,42663.183289972025
2013-01-13 14:00:00,42680.76174700255
2013-01-13 15:00:00,42015.84025464769
2013-01-13 16:00:00,41178.76594242432
2013-01-13 17:00:00,40426.060338793955
2013-01-13 18:00:00,44113.774500134365
2013-01-13 19:00:00,45255.14486870266
2013-01-13 20:00:00,45225.59615720807
2013-01-13 21:00:00,44079.94836274899
2013-01-13 22:00:00,42471.11666525718
2013-01-13 23:00:00,40612.80890851884
2013-01-14 00:00:00,39556.454607901855
2013-01-14 01:00:00,38779.125078025994
2013-01-14 02:00:00,37902.00512445152
2013-01-14 03:00:00,37249.08994451976
2013-01-14 04:00:00,37258.93951501796
2013-01-14 05:00:00,37193.622588063045
2013-01-14 06:00:00,37800.91998203626
2013-01-14 07:00:00,38737.137358599924
2013-01-14 08:00:00,40316.420344597136
2013-01-14 09:00:00,41885.853760096164
2013-01-14 10:00:00,42997.02805781155
2013-01-14 11:00:00,44327.48234392056
2013-01-14 12:00:00,44432.19755286827
2013-01-14 13:00:00,44198.14320872735
2013-01-14 14:00:00,44353.868058445856
2013-01-14 15:00:00,43715.26016469823
2013-01-14 16:00:00,42428.66187626795
2013-01-14 17:00:00,41544.38827960141
2013-01-14 18:00:00,45374.63443339767
2013-01-14 19:00:00,46351.544810670755
2013-01-14 20:00:00,45883.43612238892
2013-01-14 21:00:00,44628.14833373304
2013-01-14 22:00:00,42580.756659454
2013-01-14 23:00:00,41106.18888240449
2013-01-15 00:00:00,40433.57456147633
2013-01-15 01:00:00,39765.88502579728
2013-01-15 02:00:00,39108.04506061642
2013-01-15 03:00:00,38564.76987488148
2013-01-15 04:00:00,38136.05946859244
2013-01-15 05:00:00,37961.1025474407
2013-01-15 06:00:00,39116.599912397985
2013-01-15 07:00:00,40162.457283158445
2013-01-15 08:00:00,41632.10027495885
2013-01-15 09:00:00,42982.253702064256
2013-01-15 10:00:00,43435.58803459878
2013-01-15 11:00:00,44546.76233231418
2013-01-15 12:00:00,44980.39752385232
2013-01-15 13:00:00,44812.127176229485
2013-01-15 14:00:00,44551.22004800011
2013-01-15 15:00:00,43824.90015889505
2013-01-15 16:00:00,42976.86184725199
2013-01-15 17:00:00,41895.2362610312
2013-01-15 18:00:00,45539.094424692885
2013-01-15 19:00:00,46680.464793261184
2013-01-15 20:00:00,45883.43612238892
2013-01-15 21:00:00,44518.50833953623
2013-01-15 22:00:00,43019.31663624122
2013-01-15 23:00:00,41435.108864994916
2013-01-16 00:00:00,40652.85454986995
2013-01-16 01:00:00,39875.52501999409
2013-01-16 02:00:00,39327.32504901004
2013-01-16 03:00:00,38784.049863275104
2013-01-16 04:00:00,38793.899433773295
2013-01-16 05:00:00,38070.74254163752
2013-01-16 06:00:00,38656.11193677138
2013-01-16 07:00:00,40052.81728896163
2013-01-16 08:00:00,41412.820286565235
2013-01-16 09:00:00,42872.613707867444
2013-01-16 10:00:00,43435.58803459878
2013-01-16 11:00:00,44546.76233231418
2013-01-16 12:00:00,44541.83754706507
2013-01-16 13:00:00,44636.70318551459
2013-01-16 14:00:00,44288.084061927766
2013-01-16 15:00:00,44044.18014728866
2013-01-16 16:00:00,43481.20582055732
2013-01-16 17:00:00,42180.3002459429
2013-01-16 18:00:00,45758.3744130865
2013-01-16 19:00:00,46790.10478745799
2013-01-16 20:00:00,46541.27608756978
2013-01-16 21:00:00,45505.26828730752
2013-01-16 22:00:00,43567.516607225276
2013-01-16 23:00:00,41928.48883888056
2013-01-17 00:00:00,41091.414526657194
2013-01-17 01:00:00,40204.445002584514
2013-01-17 02:00:00,39656.24503160047
2013-01-17 03:00:00,39332.24983425914
2013-01-17 04:00:00,39342.09940475734
2013-01-17 05:00:00,38180.382535834324
2013-01-17 06:00:00,39335.879900791595
2013-01-17 07:00:00,40052.81728896163
2013-01-17 08:00:00,40645.340327187565
2013-01-17 09:00:00,41995.49375429297
2013-01-17 10:00:00,42163.7641019158
2013-01-17 11:00:00,43669.64237873971
2013-01-17 12:00:00,44432.19755286827
2013-01-17 13:00:00,44198.14320872735
2013-01-17 14:00:00,43849.52408514054
2013-01-17 15:00:00,42728.50021692695
2013-01-17 16:00:00,42165.52589019561
2013-01-17 17:00:00,41632.10027495885
2013-01-17 18:00:00,45374.63443339767
2013-01-17 19:00:00,46022.62482808033
2013-01-17 20:00:00,46102.716110782545
2013-01-17 21:00:00,45176.34830471708
2013-01-17 22:00:00,43348.23661883166
2013-01-17 23:00:00,41654.38885338854
2013-01-18 00:00:00,40762.494544066765
2013-01-18 01:00:00,40204.445002584514
2013-01-18 02:00:00,39546.605037403664
2013-01-18 03:00:00,39112.969845865526
2013-01-18 04:00:00,39232.45941056053
2013-01-18 05:00:00,38947.862495211986
2013-01-18 06:00:00,39993.71986597246
2013-01-18 07:00:00,41412.35321700207
2013-01-18 08:00:00,43276.700187910996
2013-01-18 09:00:00,44297.93363242597
2013-01-18 10:00:00,45189.82794174774
2013-01-18 11:00:00,45752.802268479085
2013-01-18 12:00:00,46076.797465820404
2013-01-18 13:00:00,46171.66310426992
2013-01-18 14:00:00,46151.96396327353
2013-01-18 15:00:00,45359.860077650366
2013-01-18 16:00:00,44796.88575091903
2013-01-18 17:00:00,43167.06019371418
2013-01-18 18:00:00,46471.034375365765
2013-01-18 19:00:00,46790.10478745799
2013-01-18 20:00:00,46321.99609917616
2013-01-18 21:00:00,44957.068316323464
2013-01-18 22:00:00,42800.036647847606
2013-01-18 23:00:00,41325.4688707981
2013-01-19 00:00:00,40652.85454986995
2013-01-19 01:00:00,39985.1650141909
2013-01-19 02:00:00,39546.605037403664
2013-01-19 03:00:00,39222.60984006233
2013-01-19 04:00:00,38903.5394279701
2013-01-19 05:00:00,38070.74254163752
2013-01-19 06:00:00,38787.67992980756
2013-01-19 07:00:00,39504.617317977594
2013-01-19 08:00:00,39658.580379416286
2013-01-19 09:00:00,40570.17382973446
2013-01-19 10:00:00,40256.02820289131
2013-01-19 11:00:00,41367.20250060671
2013-01-19 12:00:00,42239.397668932084
2013-01-19 13:00:00,41128.22337121669
2013-01-19 14:00:00,41108.524230220304
2013-01-19 15:00:00,40316.420344597136
2013-01-19 16:00:00,38108.84610491365
2013-01-19 17:00:00,37136.86051288967
2013-01-19 18:00:00,41701.69462780455
2013-01-19 19:00:00,42952.70499056966
2013-01-19 20:00:00,43142.436267468685
2013-01-19 21:00:00,42216.068461403236
2013-01-19 22:00:00,40716.876758108236
2013-01-19 23:00:00,39406.76897235394
2013-01-20 00:00:00,38898.614642721004
2013-01-20 01:00:00,37792.365130254715
2013-01-20 02:00:00,37134.52516507386
2013-01-20 03:00:00,36700.88997353572
2013-01-20 04:00:00,36381.81956144349
2013-01-20 05:00:00,36097.222646094946
2013-01-20 06:00:00,36923.800028461796
2013-01-20 07:00:00,37531.09742243502
2013-01-20 08:00:00,37992.05246762479
2013-01-20 09:00:00,38815.9339225855
2013-01-20 10:00:00,38457.93229806364
2013-01-20 11:00:00,40205.018562120524
2013-01-20 12:00:00,40649.617753078346
2013-01-20 13:00:00,40580.02340023264
2013-01-20 14:00:00,40165.62028012774
2013-01-20 15:00:00,39176.16440495032
2013-01-20 16:00:00,37505.8261368312
2013-01-20 17:00:00,36568.9253429502
2013-01-20 18:00:00,41208.31465391891
2013-01-20 19:00:00,41637.025060207954
2013-01-20 20:00:00,41717.11634291017
2013-01-20 21:00:00,40900.38853104152
2013-01-20 22:00:00,39554.69281962206
2013-01-20 23:00:00,37893.73705243797
2013-01-21 00:00:00,37034.73474137524
2013-01-21 01:00:00,36257.40521149938
2013-01-21 02:00:00,35709.20524051533
2013-01-21 03:00:00,35385.21004317401
2013-01-21 04:00:00,35066.13963108177
2013-01-21 05:00:00,34123.70275055237
2013-01-21 06:00:00,34970.01533187465
2013-01-21 07:00:00,35728.615917839474
2013-01-21 08:00:00,36178.606963609556
2013-01-21 09:00:00,36820.486028203566
2013-01-21 10:00:00,36907.622780120764
2013-01-21 11:00:00,37981.519479809234
2013-01-21 12:00:00,38770.38825254503
2013-01-21 13:00:00,38939.80908704838
2013-01-21 14:00:00,38352.174776112515
2013-01-21 15:00:00,37224.57250824712
2013-01-21 16:00:00,35249.435056260874
2013-01-21 17:00:00,34632.68304543455
2013-01-21 18:00:00,39003.454370621075
2013-01-21 19:00:00,40650.265112436675
2013-01-21 20:00:00,41059.27637772931
2013-01-21 21:00:00,40089.05257398514
2013-01-21 22:00:00,38578.89687127045
2013-01-21 23:00:00,37044.02709741269
2013-01-22 00:00:00,36311.1107796763
2013-01-22 01:00:00,35226.78926604937
2013-01-22 02:00:00,34568.94930086852
2013-01-22 03:00:00,34091.45811165166
2013-01-22 04:00:00,33860.09969491687
2013-01-22 05:00:00,33288.24599477269
2013-01-22 06:00:00,33568.816206039424
2013-01-22 07:00:00,34309.87439293276
2013-01-22 08:00:00,35290.5230106154
2013-01-22 09:00:00,35831.53328054835
2013-01-22 10:00:00,36403.27880681543
2013-01-22 11:00:00,36904.854736796566
2013-01-22 12:00:00,37748.54350663077
2013-01-22 13:00:00,37387.306769221555
2013-01-22 14:00:00,36549.693271516975
2013-01-22 15:00:00,35751.010986242
2013-01-22 16:00:00,34497.304696070765
2013-01-22 17:00:00,33441.9927084572
2013-01-22 18:00:00,38571.47279348565
2013-01-22 19:00:00,39729.28916118347
2013-01-22 20:00:00,39655.884452010156
2013-01-22 21:00:00,38817.22864130214
2013-01-22 22:00:00,37635.99292117789
2013-01-22 23:00:00,36107.70154697195
2013-01-23 00:00:00,35381.36362888736
2013-01-23 01:00:00,34014.17093023266
2013-01-23 02:00:00,33150.207775961804
2013-01-23 03:00:00,32837.176578040155
2013-01-23 04:00:00,32393.116572563566
2013-01-23 05:00:00,31678.730879963532
2013-01-23 06:00:00,32882.4698423674
2013-01-23 07:00:00,34114.71520326244
2013-01-23 08:00:00,35266.4022118921
2013-01-23 09:00:00,36206.502060701445
2013-01-23 10:00:00,36686.1499918432
2013-01-23 11:00:00,37900.3858841036
2013-01-23 12:00:00,38801.08745092014
2013-01-23 13:00:00,38584.57550585071
2013-01-23 14:00:00,38628.46756148847
2013-01-23 15:00:00,37275.00690557765
2013-01-23 16:00:00,35367.846249993425
2013-01-23 17:00:00,35044.92942361455
2013-01-23 18:00:00,39854.26072558832
2013-01-23 19:00:00,41196.27228353678
2013-01-23 20:00:00,41289.52036554262
2013-01-23 21:00:00,40461.82855425428
2013-01-23 22:00:00,38896.85285444119
2013-01-23 23:00:00,37422.28507739169
2013-01-24 00:00:00,36749.67075646354
2013-01-24 01:00:00,35380.28525792491
2013-01-24 02:00:00,34832.08528694086
2013-01-24 03:00:00,34201.09810584846
2013-01-24 04:00:00,33724.14610211283
2013-01-24 05:00:00,33457.09158583578
2013-01-24 06:00:00,34746.34974371316
2013-01-24 07:00:00,36057.5359004299
2013-01-24 08:00:00,38132.3916601967
2013-01-24 09:00:00,39721.56027465114
2013-01-24 10:00:00,41023.50816226898
2013-01-24 11:00:00,42858.306421683315
2013-01-24 12:00:00,43160.37362018528
2013-01-24 13:00:00,42816.67928184756
2013-01-24 14:00:00,42906.62013504797
2013-01-24 15:00:00,41851.380263352476
2013-01-24 16:00:00,38994.73725802388
2013-01-24 17:00:00,37941.61807029425
2013-01-24 18:00:00,43017.37455816627
2013-01-24 19:00:00,43610.54495575052
2013-01-24 20:00:00,43032.79627327189
2013-01-24 21:00:00,42764.26843238728
2013-01-24 22:00:00,41330.86072561036
2013-01-24 23:00:00,39768.58095320341
2013-01-25 00:00:00,39008.25463691781
2013-01-25 01:00:00,37573.08514186109
2013-01-25 02:00:00,37024.88517087705
2013-01-25 03:00:00,36152.69000255167
2013-01-25 04:00:00,36272.179567246676
2013-01-25 05:00:00,35724.446665825795
2013-01-25 06:00:00,36814.16003426498
2013-01-25 07:00:00,38298.57738181269
2013-01-25 08:00:00,39768.22037361309
2013-01-25 09:00:00,41622.717774023826
2013-01-25 10:00:00,42646.18007638176
2013-01-25 11:00:00,43669.64237873971
2013-01-25 12:00:00,44651.47754126189
2013-01-25 13:00:00,44691.523182613
2013-01-25 14:00:00,44452.54405322299
2013-01-25 15:00:00,43331.5201850094
2013-01-25 16:00:00,41617.32591921156
2013-01-25 17:00:00,40276.9499466863
2013-01-25 18:00:00,44634.564472569204
2013-01-25 19:00:00,45364.78486289947
2013-01-25 20:00:00,45225.59615720807
2013-01-25 21:00:00,43970.308368552185
2013-01-25 22:00:00,42580.756659454
2013-01-25 23:00:00,41106.18888240449
2013-01-26 00:00:00,40433.57456147633
2013-01-26 01:00:00,39546.605037403664
2013-01-26 02:00:00,38669.48508382919
2013-01-26 03:00:00,38279.70588996977
2013-01-26 04:00:00,38355.33945698605
2013-01-26 05:00:00,37412.90257645666
2013-01-26 06:00:00,38349.119953020316
2013-01-26 07:00:00,38627.49736440312
2013-01-26 08:00:00,39592.7963828982
2013-01-26 09:00:00,40241.25384714403
2013-01-26 10:00:00,40804.228173875366
2013-01-26 11:00:00,42068.898463466285
2013-01-26 12:00:00,43160.37362018528
2013-01-26 13:00:00,41435.21535496776
2013-01-26 14:00:00,41810.220193079884
2013-01-26 15:00:00,39987.500362006715
2013-01-26 16:00:00,38985.966058488135
2013-01-26 17:00:00,37465.780495480096
2013-01-26 18:00:00,42743.27457267425
2013-01-26 19:00:00,43829.82494414414
2013-01-26 20:00:00,43690.63623845274
2013-01-26 21:00:00,42808.124430066
2013-01-26 22:00:00,41813.27670007632
2013-01-26 23:00:00,39954.96894333798
2013-01-27 00:00:00,38898.614642721004
2013-01-27 01:00:00,38230.92510704195
2013-01-27 02:00:00,37529.229144182376
2013-01-27 03:00:00,37029.80995612615
2013-01-27 04:00:00,37039.659526624346
2013-01-27 05:00:00,36974.34259966942
2013-01-27 06:00:00,37537.783995963924
2013-01-27 07:00:00,38956.41734699354
2013-01-27 08:00:00,40426.060338793955
2013-01-27 09:00:00,41513.077779827014
2013-01-27 10:00:00,41900.62811584345
2013-01-27 11:00:00,43516.14638686417
2013-01-27 12:00:00,43555.07759929379
2013-01-27 13:00:00,43430.66324934969
2013-01-27 14:00:00,43794.704088042134
2013-01-27 15:00:00,42728.50021692695
2013-01-27 16:00:00,42055.8858959988
2013-01-27 17:00:00,40535.70033299076
2013-01-27 18:00:00,45264.99443920086
2013-01-27 19:00:00,45912.984833883515
2013-01-27 20:00:00,45444.876145601695
2013-01-27 21:00:00,44408.86834533942
2013-01-27 22:00:00,43019.31663624122
2013-01-27 23:00:00,41599.56885629013
2013-01-28 00:00:00,40981.77453246038
2013-01-28 01:00:00,39985.1650141909
2013-01-28 02:00:00,39217.685054813235
2013-01-28 03:00:00,39003.329851668714
2013-01-28 04:00:00,38793.899433773295
2013-01-28 05:00:00,38114.59853931624
2013-01-28 06:00:00,39116.599912397985
2013-01-28 07:00:00,40601.01725994568
2013-01-28 08:00:00,42180.3002459429
2013-01-28 09:00:00,43749.733661441926
2013-01-28 10:00:00,44203.06799397645
2013-01-28 11:00:00,45314.242291691844
2013-01-28 12:00:00,45857.517477426794
2013-01-28 13:00:00,45623.46313328588
2013-01-28 14:00:00,45274.84400969905
2013-01-28 15:00:00,44702.020112469516
2013-01-28 16:00:00,43042.64584377008
2013-01-28 17:00:00,41851.380263352476
2013-01-28 18:00:00,46196.934389873735
2013-01-28 19:00:00,46899.74478165481
2013-01-28 20:00:00,46431.636093372974
2013-01-28 21:00:00,45176.34830471708
2013-01-28 22:00:00,43622.33660432368
2013-01-28 23:00:00,41846.25884323295
2013-01-29 00:00:00,40872.13453826357
2013-01-29 01:00:00,39327.32504901004
2013-01-29 02:00:00,38779.125078025994
2013-01-29 03:00:00,38235.84989229105
2013-01-29 04:00:00,38136.05946859244
2013-01-29 05:00:00,38509.302518424745
2013-01-29 06:00:00,39226.23990659479
2013-01-29 07:00:00,40820.2972483393
2013-01-29 08:00:00,42399.58023433652
2013-01-29 09:00:00,44078.653644032354
2013-01-29 10:00:00,44641.627970763686
2013-01-29 11:00:00,45643.16227428227
2013-01-29 12:00:00,46164.50946117786
2013-01-29 13:00:00,46171.66310426992
2013-01-29 14:00:00,45494.12399809268
2013-01-29 15:00:00,44482.7401240759
2013-01-29 16:00:00,42823.36585537646
2013-01-29 17:00:00,41851.380263352476
2013-01-29 18:00:00,46361.39438116895
2013-01-29 19:00:00,46570.824799064365
2013-01-29 20:00:00,45993.07611658573
2013-01-29 21:00:00,44518.50833953623
2013-01-29 22:00:00,43019.31663624122
2013-01-29 23:00:00,41380.28886789652
2013-01-30 00:00:00,40543.21455567314
2013-01-30 01:00:00,39546.605037403664
2013-01-30 02:00:00,38998.40506641962
2013-01-30 03:00:00,38345.489886487856
2013-01-30 04:00:00,37916.77948019882
2013-01-30 05:00:00,37741.82255904709
2013-01-30 06:00:00,39006.959918201166
2013-01-30 07:00:00,40052.81728896163
2013-01-30 08:00:00,41632.10027495885
2013-01-30 09:00:00,43311.173684654685
2013-01-30 10:00:00,43983.78800558283
2013-01-30 11:00:00,45029.178306780144
2013-01-30 12:00:00,45199.67751224594
2013-01-30 13:00:00,44746.343179711395
2013-01-30 14:00:00,44397.72405612458
2013-01-30 15:00:00,43605.620170501425
2013-01-30 16:00:00,42604.085866982845
2013-01-30 17:00:00,41632.10027495885
2013-01-30 18:00:00,46109.22239451629
2013-01-30 19:00:00,46351.544810670755
2013-01-30 20:00:00,45993.07611658573
2013-01-30 21:00:00,44518.50833953623
2013-01-30 22:00:00,43238.59662463485
2013-01-30 23:00:00,41489.928862093315
2013-01-31 00:00:00,40543.21455567314
2013-01-31 01:00:00,39546.605037403664
2013-01-31 02:00:00,38888.76507222281
2013-01-31 03:00:00,38126.20989809423
2013-01-31 04:00:00,37916.77948019882
2013-01-31 05:00:00,37522.54257065347
2013-01-31 06:00:00,39006.959918201166
2013-01-31 07:00:00,40326.917274453655
2013-01-31 08:00:00,42070.66025174609
2013-01-31 09:00:00,43530.4536730483
2013-01-31 10:00:00,44312.70798817326
2013-01-31 11:00:00,45094.96230329822
2013-01-31 12:00:00,45418.95750063955
2013-01-31 13:00:00,44855.983173908215
2013-01-31 14:00:00,44945.924027108624
2013-01-31 15:00:00,43715.26016469823
2013-01-31 16:00:00,42384.80587858922
2013-01-31 17:00:00,42289.9402401397
2013-01-31 18:00:00,45319.81443629926
2013-01-31 19:00:00,45408.64086057819
2013-01-31 20:00:00,45006.31616881445
2013-01-31 21:00:00,43970.308368552185
2013-01-31 22:00:00,42471.11666525718
2013-01-31 23:00:00,40316.78092418746
2013-02-01 00:00:00,38964.39863923909
2013-02-01 01:00:00,37792.365130254715
2013-02-01 02:00:00,36805.60518248343
2013-02-01 03:00:00,36371.96999094529
2013-02-01 04:00:00,35833.619590459435
2013-02-01 05:00:00,35614.80667162898
2013-02-01 06:00:00,36551.02404819264
2013-02-01 07:00:00,36982.89745145097
2013-02-01 08:00:00,39000.74041423543
2013-02-01 09:00:00,39780.765871517426
2013-02-01 10:00:00,40102.53221101578
2013-02-01 11:00:00,41257.5625064099
2013-02-01 12:00:00,41252.6377211608
2013-02-01 13:00:00,39593.26345246137
2013-02-01 14:00:00,38738.10755568528
2013-02-01 15:00:00,37202.64450940776
2013-02-01 16:00:00,36190.14620646949
2013-02-01 17:00:00,36180.799763493495
2013-02-01 18:00:00,39039.63556870603
2013-02-01 19:00:00,38733.75801387644
2013-02-01 20:00:00,38563.87010980994
2013-02-01 21:00:00,37115.61593136766
2013-02-01 22:00:00,34822.63067008777
2013-02-01 23:00:00,33810.743668548785
2013-02-02 00:00:00,33600.810123131174
2013-02-02 01:00:00,32251.15982354797
2013-02-02 02:00:00,30922.32309388264
2013-02-02 03:00:00,30240.90151545971
2013-02-02 04:00:00,29752.98551230439
2013-02-02 05:00:00,29845.550176992874
2013-02-02 06:00:00,30507.667568064513
2013-02-02 07:00:00,31902.180120370827
2013-02-02 08:00:00,32777.57434362453
2013-02-02 09:00:00,33776.87978930015
2013-02-02 10:00:00,34238.98532137042
2013-02-02 11:00:00,35453.22121363081
2013-02-02 12:00:00,36772.74755827917
2013-02-02 13:00:00,35308.532479250054
2013-02-02 14:00:00,34203.39739570525
2013-02-02 15:00:00,33095.53032679528
2013-02-02 16:00:00,32751.83598845755
2013-02-02 17:00:00,32777.57434362453
2013-02-02 18:00:00,37350.08325813319
2013-02-02 19:00:00,37900.494057980686
2013-02-02 20:00:00,37366.601373180776
2013-02-02 21:00:00,36220.953578721696
2013-02-02 22:00:00,34460.81868923829
2013-02-02 23:00:00,32811.92332141586
2013-02-03 00:00:00,31964.98140971478
2013-02-03 01:00:00,30760.055902471362
2013-02-03 02:00:00,30043.01034042423
2013-02-03 03:00:00,29645.55634697104
2013-02-03 04:00:00,29362.66713296375
2013-02-03 05:00:00,28957.466223998723
2013-02-03 06:00:00,30823.430751351323
2013-02-03 07:00:00,32768.33607452563
2013-02-03 08:00:00,34992.302226400076
2013-02-03 09:00:00,36454.28844758622
2013-02-03 10:00:00,37192.686765032464
2013-02-03 11:00:00,38711.72184115999
2013-02-03 12:00:00,39520.32581285122
2013-02-03 13:00:00,38341.174718733804
2013-02-03 14:00:00,37549.61001859187
2013-02-03 15:00:00,36518.49094561967
2013-02-03 16:00:00,36319.52139962173
2013-02-03 17:00:00,36174.22136384169
2013-02-03 18:00:00,40739.05547875656
2013-02-03 19:00:00,40836.65310257125
2013-02-03 20:00:00,40554.93240442399
2013-02-03 21:00:00,39431.21260880428
2013-02-03 22:00:00,37405.74893336459
2013-02-03 23:00:00,35635.1531719837
2013-02-04 00:00:00,34666.510866724166
2013-02-04 01:00:00,33626.04535077596
2013-02-04 02:00:00,32836.63739255893
2013-02-04 03:00:00,30591.749496889504
2013-02-04 04:00:00,31667.299810980687
2013-02-04 05:00:00,31996.686863134277
2013-02-04 06:00:00,33152.18422809155
2013-02-04 07:00:00,35086.12555184618
2013-02-04 08:00:00,37948.19646994606
2013-02-04 09:00:00,38728.221927228056
2013-02-04 10:00:00,39620.116236549824
2013-02-04 11:00:00,41191.77850989181
2013-02-04 12:00:00,41713.1256967874
2013-02-04 13:00:00,41018.58337701988
2013-02-04 14:00:00,40538.39626039689
2013-02-04 15:00:00,38518.32443976947
2013-02-04 16:00:00,36486.17419080088
2013-02-04 17:00:00,35060.279022802104
2013-02-04 18:00:00,40243.48270498699
2013-02-04 19:00:00,40869.545100830284
2013-02-04 20:00:00,40160.22842531548
2013-02-04 21:00:00,38795.30064246278
2013-02-04 22:00:00,37318.03693800714
2013-02-04 23:00:00,35755.75716560019
2013-02-05 00:00:00,34995.43084931459
2013-02-05 01:00:00,33911.109335687666
2013-02-05 02:00:00,32968.205385595094
2013-02-05 03:00:00,32644.21018825377
2013-02-05 04:00:00,32544.41976455516
2013-02-05 05:00:00,32062.470859652363
2013-02-05 06:00:00,32757.480248983044
2013-02-05 07:00:00,33803.3376197435
2013-02-05 08:00:00,34743.41943957332
2013-02-05 09:00:00,35454.37170051133
2013-02-05 10:00:00,35841.92203652777
2013-02-05 11:00:00,36409.28196302699
2013-02-05 12:00:00,36546.889170233735
2013-02-05 13:00:00,36641.754808683254
2013-02-05 14:00:00,36058.50609751527
2013-02-05 15:00:00,33485.84870613592
2013-02-05 16:00:00,30866.028088272436
2013-02-05 17:00:00,30924.65844169845
2013-02-05 18:00:00,36922.487280765636
2013-02-05 19:00:00,37606.65887353324
2013-02-05 20:00:00,37899.45174497727
2013-02-05 21:00:00,36666.09195516075
2013-02-05 22:00:00,35335.74584292883
2013-02-05 23:00:00,33811.840068490754
2013-02-06 00:00:00,33089.88775017404
2013-02-06 01:00:00,31816.985446528604
2013-02-06 02:00:00,31115.28948366902
2013-02-06 03:00:00,30795.679886095568
2013-02-06 04:00:00,30281.450284333012
2013-02-06 05:00:00,30181.048559235114
2013-02-06 06:00:00,31531.705113862707
2013-02-06 07:00:00,33062.171258973074
2013-02-06 08:00:00,34718.20224090805
2013-02-06 09:00:00,35767.9420839142
2013-02-06 10:00:00,36567.73879811065
2013-02-06 11:00:00,37854.33708654093
2013-02-06 12:00:00,38627.85626008918
2013-02-06 13:00:00,38729.30029819051
2013-02-06 14:00:00,38203.06438400484
2013-02-06 15:00:00,37064.49811671977
2013-02-06 16:00:00,35626.596636297894
2013-02-06 17:00:00,34332.26946133529
2013-02-06 18:00:00,39864.12832506603
2013-02-06 19:00:00,40384.93632648039
2013-02-06 20:00:00,40103.215628333135
2013-02-06 21:00:00,39207.547020642785
2013-02-06 22:00:00,37646.95692059757
2013-02-06 23:00:00,36117.56914644966
2013-02-07 00:00:00,35390.1348284231
2013-02-07 01:00:00,34393.52531015362
2013-02-07 02:00:00,33626.04535077596
2013-02-07 03:00:00,33192.41015923783
2013-02-07 04:00:00,33311.899723932824
2013-02-07 05:00:00,33027.30280858428
2013-02-07 06:00:00,34336.296165417094
2013-02-07 07:00:00,35820.713512964794
2013-02-07 08:00:00,37356.14050128329
2013-02-07 09:00:00,38969.429914461034
2013-02-07 10:00:00,39927.108220300885
2013-02-07 11:00:00,40819.00252962267
2013-02-07 12:00:00,41252.6377211608
2013-02-07 13:00:00,40996.65537818052
2013-02-07 14:00:00,40867.31624298732
2013-02-07 15:00:00,39658.580379416286
2013-02-07 16:00:00,37955.35011303812
2013-02-07 17:00:00,36720.228534941794
2013-02-07 18:00:00,41910.01061677849
2013-02-07 19:00:00,42251.00902771008
2013-02-07 20:00:00,41695.188344070804
2013-02-07 21:00:00,40461.82855425428
2013-02-07 22:00:00,38940.708852119926
2013-02-07 23:00:00,37477.105074490086
2013-02-08 00:00:00,36815.45475298162
2013-02-08 01:00:00,35599.565246318525
2013-02-08 02:00:00,34832.08528694086
2013-02-08 03:00:00,34617.73008379634
2013-02-08 04:00:00,34079.379683310486
2013-02-08 05:00:00,33685.14277376514
2013-02-08 06:00:00,34731.0001445256
2013-02-08 07:00:00,36325.05748627012
2013-02-08 08:00:00,37685.06048387372
2013-02-08 09:00:00,39254.493899372734
2013-02-08 10:00:00,39598.188237710456
2013-02-08 11:00:00,41586.48248900032
2013-02-08 12:00:00,41471.91770955441
2013-02-08 13:00:00,41237.8633654135
2013-02-08 14:00:00,41042.740233702214
2013-02-08 15:00:00,40162.92435272161
2013-02-08 16:00:00,38218.48609911047
2013-02-08 17:00:00,37246.50050708648
2013-02-08 18:00:00,41789.406623161995
2013-02-08 19:00:00,41768.59305324412
2013-02-08 20:00:00,41958.32433014314
2013-02-08 21:00:00,40352.188560057475
2013-02-08 22:00:00,38852.996856762475
2013-02-08 23:00:00,37268.78908551615
2013-02-09 00:00:00,36486.5347703912
2013-02-09 01:00:00,35994.26922542704
2013-02-09 02:00:00,34722.44529274405
2013-02-09 03:00:00,34223.02610468782
2013-02-09 04:00:00,33816.24369723815
2013-02-09 05:00:00,33136.94280278109
2013-02-09 06:00:00,33415.32021416389
2013-02-09 07:00:00,34746.241569836064
2013-02-09 08:00:00,35382.62060574072
2013-02-09 09:00:00,36118.790065343994
2013-02-09 10:00:00,36396.70040716363
2013-02-09 11:00:00,37858.72268630881
2013-02-09 12:00:00,39213.33382910015
2013-02-09 13:00:00,37428.969967016346
2013-02-09 14:00:00,37205.34043681389
2013-02-09 15:00:00,36237.81256047584
2013-02-09 16:00:00,34841.57427784874
2013-02-09 17:00:00,34387.089458433686
2013-02-09 18:00:00,40079.022713691775
2013-02-09 19:00:00,40759.90510663348
2013-02-09 20:00:00,40796.14039165697
2013-02-09 21:00:00,39431.21260880428
2013-02-09 22:00:00,37888.164907830556
2013-02-09 23:00:00,36347.81313426296
2013-02-10 00:00:00,35609.41481681672
2013-02-10 01:00:00,34503.165304350434
2013-02-10 02:00:00,33976.89333220574
2013-02-10 03:00:00,32753.85018245058
2013-02-10 04:00:00,33224.18772857538
2013-02-10 05:00:00,32764.16682251194
2013-02-10 06:00:00,34182.80017354156
2013-02-10 07:00:00,35338.29753849883
2013-02-10 08:00:00,37246.50050708648
2013-02-10 09:00:00,38322.55394869985
2013-02-10 10:00:00,39488.54824351365
2013-02-10 11:00:00,40424.29855051415
2013-02-10 12:00:00,40978.537735668775
2013-02-10 13:00:00,40908.943382823076
2013-02-10 14:00:00,40604.18025691498
2013-02-10 15:00:00,39483.15638870139
2013-02-10 16:00:00,38218.48609911047
2013-02-10 17:00:00,37685.06048387372
2013-02-10 18:00:00,42337.60659414605
2013-02-10 19:00:00,42952.70499056966
2013-02-10 20:00:00,42440.74030460912
2013-02-10 21:00:00,41075.812521756416
2013-02-10 22:00:00,39379.26882890715
2013-02-10 23:00:00,37893.73705243797
2013-02-11 00:00:00,37210.15873209014
2013-02-11 01:00:00,36191.62121498129
2013-02-11 02:00:00,35555.7092486398
2013-02-11 03:00:00,34924.72206754741
2013-02-11 04:00:00,34430.227664740276
2013-02-11 05:00:00,34408.76673546408
2013-02-11 06:00:00,35498.48010390327
2013-02-11 07:00:00,36982.89745145097
2013-02-11 08:00:00,38562.180437448194
2013-02-11 09:00:00,40065.829856429125
2013-02-11 10:00:00,40672.660180839186
2013-02-11 11:00:00,41871.54647391203
2013-02-11 12:00:00,41910.477686341655
2013-02-11 13:00:00,41018.58337701988
2013-02-11 14:00:00,40889.24424182668
2013-02-11 15:00:00,39834.00437013117
2013-02-11 16:00:00,38503.55008402217
2013-02-11 17:00:00,38397.72044615298
2013-02-11 18:00:00,43044.784556715465
2013-02-11 19:00:00,43884.64494124255
2013-02-11 20:00:00,43252.076261665505
2013-02-11 21:00:00,41887.14847881281
2013-02-11 22:00:00,40059.03679292738
2013-02-11 23:00:00,38387.11702632361
2013-02-12 00:00:00,37517.150715841206
2013-02-12 01:00:00,37024.88517087705
2013-02-12 02:00:00,36301.261209178105
2013-02-12 03:00:00,35823.770019961245
2013-02-12 04:00:00,35175.779625278585
2013-02-12 05:00:00,34891.18270993004
2013-02-12 06:00:00,35937.04008069051
2013-02-12 07:00:00,37531.09742243502
2013-02-12 08:00:00,39066.52441075352
2013-02-12 09:00:00,40789.453818128066
2013-02-12 10:00:00,41681.34812744984
2013-02-12 11:00:00,42485.530441414165
2013-02-12 12:00:00,43006.87762830974
2013-02-12 13:00:00,42378.11930506032
2013-02-12 14:00:00,42204.92417218839
2013-02-12 15:00:00,40754.980321384384
2013-02-12 16:00:00,38547.406081700894
2013-02-12 17:00:00,38606.036435126916
2013-02-12 18:00:00,43762.92651870457
2013-02-12 19:00:00,44049.10493253775
2013-02-12 20:00:00,43032.79627327189
2013-02-12 21:00:00,41777.508484616
2013-02-12 22:00:00,40059.03679292738
2013-02-12 23:00:00,38420.00902458265
2013-02-13 00:00:00,37582.934712359296
2013-02-13 01:00:00,36476.685199893
2013-02-13 02:00:00,35818.84523471215
2013-02-13 03:00:00,35407.13804201337
2013-02-13 04:00:00,35120.95962818018
2013-02-13 05:00:00,35220.102692520464
2013-02-13 06:00:00,36419.45605515647
2013-02-13 07:00:00,37465.31342591693
2013-02-13 08:00:00,39351.58839566522
2013-02-13 09:00:00,41118.373800718495
2013-02-13 10:00:00,42448.8280868275
2013-02-13 11:00:00,43231.08240195246
2013-02-13 12:00:00,43664.717593490604
2013-02-13 13:00:00,43430.66324934969
2013-02-13 14:00:00,43301.32411415649
2013-02-13 15:00:00,42070.66025174609
2013-02-13 16:00:00,41288.40593662113
2013-02-13 17:00:00,40535.70033299076
2013-02-13 18:00:00,44826.434462413614
2013-02-13 19:00:00,45145.50487450585
2013-02-13 20:00:00,44567.75619202722
2013-02-13 21:00:00,43312.46840337132
2013-02-13 22:00:00,41703.636705879515
2013-02-13 23:00:00,39845.32894914118
2013-02-14 00:00:00,38788.97464852419
2013-02-14 01:00:00,38121.285112845144
2013-02-14 02:00:00,37682.7251360579
2013-02-14 03:00:00,37029.80995612615
2013-02-14 04:00:00,36820.37953823073
2013-02-14 05:00:00,36535.78262288219
2013-02-14 06:00:00,37910.559976233075
2013-02-14 07:00:00,39175.697335387165
2013-02-14 08:00:00,40645.340327187565
2013-02-14 09:00:00,42324.4137368834
2013-02-14 10:00:00,43150.52404968708
2013-02-14 11:00:00,44437.12233811737
2013-02-14 12:00:00,44541.83754706507
2013-02-14 13:00:00,44307.78320292416
2013-02-14 14:00:00,44288.084061927766
2013-02-14 15:00:00,43167.06019371418
2013-02-14 16:00:00,42604.085866982845
2013-02-14 17:00:00,41961.02025754929
2013-02-14 18:00:00,46142.11439277534
2013-02-14 19:00:00,45474.42485709627
2013-02-14 20:00:00,45335.236151404875
2013-02-14 21:00:00,44079.94836274899
2013-02-14 22:00:00,42251.83667686357
2013-02-14 23:00:00,40612.80890851884
2013-02-15 00:00:00,39775.73459629548
2013-02-15 01:00:00,39217.685054813235
2013-02-15 02:00:00,38888.76507222281
2013-02-15 03:00:00,37797.28991550381
2013-02-15 04:00:00,37478.21950341158
2013-02-15 05:00:00,37083.982593866225
2013-02-15 06:00:00,38129.83996462669
2013-02-15 07:00:00,39723.897306371204
2013-02-15 08:00:00,41358.000289466836
2013-02-15 09:00:00,42543.693725277015
2013-02-15 10:00:00,43435.58803459878
2013-02-15 11:00:00,44656.402326510986
2013-02-15 12:00:00,44980.39752385232
2013-02-15 13:00:00,45075.26316230184
2013-02-15 14:00:00,45055.564021305436
2013-02-15 15:00:00,44044.18014728866
2013-02-15 16:00:00,42867.22185305518
2013-02-15 17:00:00,41522.46028076205
2013-02-15 18:00:00,45648.73441888969
2013-02-15 19:00:00,45584.064851293086
2013-02-15 20:00:00,45510.66014211977
2013-02-15 21:00:00,44299.228351142614
2013-02-15 22:00:00,42251.83667686357
2013-02-15 23:00:00,40503.16891432203
2013-02-16 00:00:00,39556.454607901855
2013-02-16 01:00:00,38450.205095435565
2013-02-16 02:00:00,37792.365130254715
2013-02-16 03:00:00,37468.36993291338
2013-02-16 04:00:00,37039.659526624346
2013-02-16 05:00:00,36141.07864377367
2013-02-16 06:00:00,35103.77612479476
2013-02-16 07:00:00,36895.185456093524
2013-02-16 08:00:00,37597.348488516276
2013-02-16 09:00:00,37743.65477934071
2013-02-16 10:00:00,38275.92990769694
2013-02-16 11:00:00,39996.70257314659
2013-02-16 12:00:00,40923.71773857037
2013-02-16 13:00:00,39154.70347567412
2013-02-16 14:00:00,38716.17955684592
2013-02-16 15:00:00,37511.82929304276
2013-02-16 16:00:00,36497.13819022056
2013-02-16 17:00:00,35683.03418983998
2013-02-16 18:00:00,41043.8546626237
2013-02-16 19:00:00,41637.025060207954
2013-02-16 20:00:00,41552.65635161496
2013-02-16 21:00:00,40615.324546129814
2013-02-16 22:00:00,39072.2768451561
2013-02-16 23:00:00,37433.24907681137
2013-02-17 00:00:00,36596.17476458801
2013-02-17 01:00:00,35270.645263728096
2013-02-17 02:00:00,34503.165304350434
2013-02-17 03:00:00,33740.61013022187
2013-02-17 04:00:00,33421.539718129636
2013-02-17 05:00:00,33027.30280858428
2013-02-17 06:00:00,34621.360150328794
2013-02-17 07:00:00,36039.99350135842
2013-02-17 08:00:00,37334.21250244392
2013-02-17 09:00:00,38377.37394579827
2013-02-17 10:00:00,38940.348272529605
2013-02-17 11:00:00,40051.522570245
2013-02-17 12:00:00,40704.43775017675
2013-02-17 13:00:00,40273.03141648157
2013-02-17 14:00:00,39420.06831958944
2013-02-17 15:00:00,37531.564491998186
2013-02-17 16:00:00,37012.44616294557
2013-02-17 17:00:00,36917.58052449605
2013-02-17 18:00:00,42195.0746016902
2013-02-17 19:00:00,42623.78500797924
2013-02-17 20:00:00,42287.24431273358
2013-02-17 21:00:00,40527.61255077237
2013-02-17 22:00:00,38743.35686256566
2013-02-17 23:00:00,37213.969088417754
2013-02-18 00:00:00,36486.5347703912
2013-02-18 01:00:00,34832.08528694086
2013-02-18 02:00:00,34108.461325241915
2013-02-18 03:00:00,33674.82613370378
2013-02-18 04:00:00,32873.33974714559
2013-02-18 05:00:00,32961.5188120662
2013-02-18 06:00:00,34402.080161935184
2013-02-18 07:00:00,36215.417492073306
2013-02-18 08:00:00,38123.62046066095
2013-02-18 09:00:00,39254.493899372734
2013-02-18 10:00:00,40256.02820289131
2013-02-18 11:00:00,41213.70650873118
2013-02-18 12:00:00,41581.55770375123
2013-02-18 13:00:00,41325.57536077095
2013-02-18 14:00:00,40889.24424182668
2013-02-18 15:00:00,39483.15638870139
2013-02-18 16:00:00,38766.68607009452
2013-02-18 17:00:00,38584.108436287555
2013-02-18 18:00:00,43148.94255120244
2013-02-18 19:00:00,43391.2649673569
2013-02-18 20:00:00,42660.02029300273
2013-02-18 21:00:00,41010.02852523833
2013-02-18 22:00:00,39291.55683354971
2013-02-18 23:00:00,37433.24907681137
2013-02-19 00:00:00,36376.894776194385
2013-02-19 01:00:00,35161.005269531284
2013-02-19 02:00:00,34503.165304350434
2013-02-19 03:00:00,33850.25012441868
2013-02-19 04:00:00,33202.25972973601
2013-02-19 05:00:00,33246.582796977906
2013-02-19 06:00:00,34292.440167738365
2013-02-19 07:00:00,35491.793530374365
2013-02-19 08:00:00,37290.3565047652
2013-02-19 09:00:00,37938.813969011026
2013-02-19 10:00:00,39137.70026208386
2013-02-19 11:00:00,40270.802558638614
2013-02-19 12:00:00,40397.445766425684
2013-02-19 13:00:00,39176.63147451349
2013-02-19 14:00:00,38915.724346284114
2013-02-19 15:00:00,37706.98848271308
2013-02-19 16:00:00,36749.31017687322
2013-02-19 17:00:00,36807.940530299245
2013-02-19 18:00:00,41175.42265565987
2013-02-19 19:00:00,40869.545100830284
2013-02-19 20:00:00,40949.63638353251
2013-02-19 21:00:00,38883.01263782023
2013-02-19 22:00:00,36704.052970505014
2013-02-19 23:00:00,34856.709213186354
2013-02-20 00:00:00,33811.318911989045
2013-02-20 01:00:00,32683.141400683395
2013-02-20 02:00:00,31981.445437823815
2013-02-20 03:00:00,31438.170252088872
2013-02-20 04:00:00,31448.019822587066
2013-02-20 05:00:00,31601.982884025765
2013-02-20 06:00:00,33108.32823041283
2013-02-20 07:00:00,34816.411166122016
2013-02-20 08:00:00,36698.300536102426
2013-02-20 09:00:00,38234.84195334241
2013-02-20 10:00:00,38484.24589667087
2013-02-20 11:00:00,39656.81859113648
2013-02-20 12:00:00,40375.51776758632
2013-02-20 13:00:00,40075.67942692732
2013-02-20 14:00:00,39902.4842940554
2013-02-20 15:00:00,39263.87640030777
2013-02-20 16:00:00,38262.34209678919
2013-02-20 17:00:00,37750.84448039181
2013-02-20 18:00:00,42414.354590083814
2013-02-20 19:00:00,42437.39701784466
2013-02-20 20:00:00,41914.46833246443
2013-02-20 21:00:00,40154.83657050322
2013-02-20 22:00:00,38151.300893902895
2013-02-20 23:00:00,35273.34119113423
2013-02-21 00:00:00,33197.334944486916
2013-02-21 01:00:00,31915.661441305732
2013-02-21 02:00:00,32683.141400683395
2013-02-21 03:00:00,32403.002201020798
2013-02-21 04:00:00,32044.46139101771
2013-02-21 05:00:00,32154.56845477768
2013-02-21 06:00:00,33274.98102159198
2013-02-21 07:00:00,34803.25436681841
2013-02-21 08:00:00,35985.64057382317
2013-02-21 09:00:00,37638.40038491177
2013-02-21 10:00:00,38589.500291099816
2013-02-21 11:00:00,39766.4585853333
2013-02-21 12:00:00,40057.56178441558
2013-02-21 13:00:00,39680.975447818804
2013-02-21 14:00:00,39025.36434048092
2013-02-21 15:00:00,38288.08045195617
2013-02-21 16:00:00,37330.402146116314
2013-02-21 17:00:00,37803.47167760628
2013-02-21 18:00:00,41675.38102919732
2013-02-21 19:00:00,41637.025060207954
2013-02-21 20:00:00,40839.9963893357
2013-02-21 21:00:00,39255.78861808939
2013-02-21 22:00:00,37646.95692059757
2013-02-21 23:00:00,35755.75716560019
2013-02-22 00:00:00,34666.510866724166
2013-02-22 01:00:00,33560.26135425787
2013-02-22 02:00:00,32639.285403004673
2013-02-22 03:00:00,31986.370223072914
2013-02-22 04:00:00,31228.739834193446
2013-02-22 05:00:00,31601.982884025765
2013-02-22 06:00:00,32976.76023737666
2013-02-22 07:00:00,33770.445621484454
2013-02-22 08:00:00,36018.532572082215
2013-02-22 09:00:00,37392.80679791091
2013-02-22 10:00:00,38446.96829864396
2013-02-22 11:00:00,39183.17381620626
2013-02-22 12:00:00,39364.637021091745
2013-02-22 13:00:00,38426.69391420732
2013-02-22 14:00:00,38290.7763793623
2013-02-22 15:00:00,36796.97653087956
2013-02-22 16:00:00,35850.26222445939
2013-02-22 17:00:00,36248.77655989551
2013-02-22 18:00:00,40583.366686997106
2013-02-22 19:00:00,40227.05473483699
2013-02-22 20:00:00,39489.23166083101
2013-02-22 21:00:00,37650.65910304809
2013-02-22 22:00:00,35912.452212404045
2013-02-22 23:00:00,33875.431265124906
2013-02-23 00:00:00,32640.36377396712
2013-02-23 01:00:00,31768.743849082006
2013-02-23 02:00:00,31395.967868812855
2013-02-23 03:00:00,30661.91909317546
2013-02-23 04:00:00,30035.856697332165
2013-02-23 05:00:00,30347.701350414263
2013-02-23 06:00:00,31101.91633661121
2013-02-23 07:00:00,32367.053695765302
2013-02-23 08:00:00,33251.21911855475
2013-02-23 09:00:00,34186.93336759621
2013-02-23 10:00:00,34949.452483765745
2013-02-23 11:00:00,36336.9195668571
2013-02-23 12:00:00,37790.20670442556
2013-02-23 13:00:00,36904.89079475559
2013-02-23 14:00:00,36499.25887418643
2013-02-23 15:00:00,35522.95979831264
2013-02-23 16:00:00,33870.16392926501
2013-02-23 17:00:00,33788.45509011911
2013-02-23 18:00:00,39090.06996603656
2013-02-23 19:00:00,39422.2971774324
2013-02-23 20:00:00,38965.15248857025
2013-02-23 21:00:00,37940.10868772767
2013-02-23 22:00:00,36572.48497746884
2013-02-23 23:00:00,34703.21322131082
2013-02-24 00:00:00,33635.89492127416
2013-02-24 01:00:00,32968.205385595094
2013-02-24 02:00:00,32134.941429699345
2013-02-24 03:00:00,31920.586226554835
2013-02-24 04:00:00,31338.379828390254
2013-02-24 05:00:00,31273.062901435336
2013-02-24 06:00:00,32823.26424550112
2013-02-24 07:00:00,34033.58160755681
2013-02-24 08:00:00,35744.43258659019
2013-02-24 09:00:00,37028.802017177506
2013-02-24 10:00:00,38082.96351791056
2013-02-24 11:00:00,39305.97060970669
2013-02-24 12:00:00,40145.27377977303
2013-02-24 13:00:00,39889.29143679275
2013-02-24 14:00:00,39968.268290573484
2013-02-24 15:00:00,38913.028418877984
2013-02-24 16:00:00,37867.638117680675
2013-02-24 17:00:00,37575.42048967691
2013-02-24 18:00:00,42852.914566871055
2013-02-24 19:00:00,42733.425002176045
2013-02-24 20:00:00,42089.89232317932
2013-02-24 21:00:00,40659.18054380854
2013-02-24 22:00:00,38173.228892742256
2013-02-24 23:00:00,35876.36115921668
2013-02-25 00:00:00,34381.44688181246
2013-02-25 01:00:00,34108.461325241915
2013-02-25 02:00:00,33362.90936470361
2013-02-25 03:00:00,32600.354190575046
2013-02-25 04:00:00,32325.139776161537
2013-02-25 05:00:00,32281.75084804598
2013-02-25 06:00:00,33351.72901752974
2013-02-25 07:00:00,35283.477541400425
2013-02-25 08:00:00,37049.14851753222
2013-02-25 09:00:00,38158.09395740465
2013-02-25 10:00:00,38830.7082783328
2013-02-25 11:00:00,39788.38658417265
2013-02-25 12:00:00,40397.445766425684
2013-02-25 13:00:00,40031.823429248594
2013-02-25 14:00:00,39420.06831958944
2013-02-25 15:00:00,38013.98046646415
2013-02-25 16:00:00,36858.950171070035
2013-02-25 17:00:00,36698.300536102426
2013-02-25 18:00:00,41372.77464521413
2013-02-25 19:00:00,40759.90510663348
2013-02-25 20:00:00,40072.51642995803
2013-02-25 21:00:00,38926.86863549895
2013-02-25 22:00:00,36725.980969344375
2013-02-25 23:00:00,34922.49320970444
2013-02-26 00:00:00,33920.95890618586
2013-02-26 01:00:00,32463.861412289778
2013-02-26 02:00:00,31674.45345407275
2013-02-26 03:00:00,31372.386255570782
2013-02-26 04:00:00,31119.09983999664
2013-02-26 05:00:00,30724.862930451287
2013-02-26 06:00:00,31748.79230237239
2013-02-26 07:00:00,33233.20964992009
2013-02-26 08:00:00,34658.99664404178
2013-02-26 09:00:00,35789.870082753565
2013-02-26 10:00:00,36714.65639033437
2013-02-26 11:00:00,37836.794687469446
2013-02-26 12:00:00,38950.19784302781
2013-02-26 13:00:00,38135.051529643795
2013-02-26 14:00:00,37819.324404316016
2013-02-26 15:00:00,36895.65252565669
2013-02-26 16:00:00,35784.478227941305
2013-02-26 17:00:00,36479.02054770882
2013-02-26 18:00:00,40824.57467423008
2013-02-26 19:00:00,41143.645086322314
2013-02-26 20:00:00,40346.61641545005
2013-02-26 21:00:00,38926.86863549895
2013-02-26 22:00:00,37098.756949613526
2013-02-26 23:00:00,35108.881199839016
2013-02-27 00:00:00,33920.95890618586
2013-02-27 01:00:00,32902.42138907701
2013-02-27 02:00:00,32420.005414611056
2013-02-27 03:00:00,32205.650211466538
2013-02-27 04:00:00,31886.5797993743
2013-02-27 05:00:00,31711.62287822257
2013-02-27 06:00:00,33042.54423389475
2013-02-27 07:00:00,34680.45757331797
2013-02-27 08:00:00,36544.8045442269
2013-02-27 09:00:00,37500.25399222379
2013-02-27 10:00:00,38578.53629168013
2013-02-27 11:00:00,39766.4585853333
2013-02-27 12:00:00,40419.37376526505
2013-02-27 13:00:00,40251.10341764222
2013-02-27 14:00:00,40341.044270842634
2013-02-27 15:00:00,39461.22838986203
2013-02-27 16:00:00,38766.68607009452
2013-02-27 17:00:00,37904.34047226733
2013-02-27 18:00:00,43203.76254830084
2013-02-27 19:00:00,42623.78500797924
2013-02-27 20:00:00,42374.95630809103
2013-02-27 21:00:00,40527.61255077237
2013-02-27 22:00:00,38798.17685966407
2013-02-27 23:00:00,37049.50909712254
2013-02-28 00:00:00,36102.79479070237
2013-02-28 01:00:00,34393.52531015362
2013-02-28 02:00:00,34283.88531595681
2013-02-28 03:00:00,33685.79013312346
2013-02-28 04:00:00,33585.99970942485
2013-02-28 05:00:00,34014.06275635557
2013-02-28 06:00:00,35279.20011550965
2013-02-28 07:00:00,37355.673431720126
2013-02-28 08:00:00,38891.10042003862
2013-02-28 09:00:00,40021.9738587504
2013-02-28 10:00:00,40804.228173875366
2013-02-28 11:00:00,42068.898463466285
2013-02-28 12:00:00,42042.04567937782
2013-02-28 13:00:00,42005.343324791174
2013-02-28 14:00:00,41766.364195401155
2013-02-28 15:00:00,40754.980321384384
2013-02-28 16:00:00,39578.02202715091
2013-02-28 17:00:00,39154.23640611096
2013-02-28 18:00:00,43817.74651580298
2013-02-28 19:00:00,43654.40095342925
2013-02-28 20:00:00,43186.29226514742
2013-02-28 21:00:00,41667.86849041918
2013-02-28 22:00:00,39839.75680453376
2013-02-28 23:00:00,37816.989056500206
2013-03-01 00:00:00,36596.17476458801
2013-03-01 01:00:00,35928.485228908954
2013-03-01 02:00:00,35270.645263728096
2013-03-01 03:00:00,34946.65006638677
2013-03-01 04:00:00,34737.219648491344
2013-03-01 05:00:00,34891.18270993004
2013-03-01 06:00:00,35717.76009229689
2013-03-01 07:00:00,37246.03343752332
2013-03-01 08:00:00,39548.940385219474
2013-03-01 09:00:00,41337.65378911212
2013-03-01 10:00:00,42229.54809843389
2013-03-01 11:00:00,43011.80241355885
2013-03-01 12:00:00,43664.717593490604
2013-03-01 13:00:00,43430.66324934969
2013-03-01 14:00:00,43959.164079337344
2013-03-01 15:00:00,42728.50021692695
2013-03-01 16:00:00,41726.96591340836
2013-03-01 17:00:00,40864.62031558119
2013-03-01 18:00:00,45374.63443339767
2013-03-01 19:00:00,45035.86488030905
2013-03-01 20:00:00,44348.476203633596
2013-03-01 21:00:00,43093.18841497771
2013-03-01 22:00:00,41308.932726771
2013-03-01 23:00:00,39373.87697409489
2013-03-02 00:00:00,38240.77467754015
2013-03-02 01:00:00,37134.52516507386
2013-03-02 02:00:00,36476.685199893
2013-03-02 03:00:00,35494.850037370816
2013-03-02 04:00:00,35066.13963108177
2013-03-02 05:00:00,35000.822704126855
2013-03-02 06:00:00,35388.84010970646
2013-03-02 07:00:00,36708.79746595895
2013-03-02 08:00:00,37794.700478070525
2013-03-02 09:00:00,38761.1139254871
2013-03-02 10:00:00,39214.44825802163
2013-03-02 11:00:00,40819.00252962267
2013-03-02 12:00:00,41910.477686341655
2013-03-02 13:00:00,40360.74341183902
2013-03-02 14:00:00,40604.18025691498
2013-03-02 15:00:00,39285.80439914713
2013-03-02 16:00:00,37670.28612812642
2013-03-02 17:00:00,37027.22051869286
2013-03-02 18:00:00,42666.526576736476
2013-03-02 19:00:00,43062.344984766474
2013-03-02 20:00:00,42484.596302287835
2013-03-02 21:00:00,41887.14847881281
2013-03-02 22:00:00,40716.876758108236
2013-03-02 23:00:00,39132.668986861914
2013-03-03 00:00:00,38350.41467173696
2013-03-03 01:00:00,37573.08514186109
2013-03-03 02:00:00,36695.965188286624
2013-03-03 03:00:00,35933.41001415806
2013-03-03 04:00:00,36052.89957885306
2013-03-03 05:00:00,35877.94265770133
2013-03-03 06:00:00,36704.52004006818
2013-03-03 07:00:00,37750.37741082864
2013-03-03 08:00:00,39329.66039682586
2013-03-03 09:00:00,40350.89384134083
2013-03-03 10:00:00,41462.06813905622
2013-03-03 11:00:00,42573.24243677161
2013-03-03 12:00:00,43335.797610900176
2013-03-03 13:00:00,42992.103272562454
2013-03-03 14:00:00,42928.548133887336
2013-03-03 15:00:00,42180.3002459429
2013-03-03 16:00:00,40740.205965637084
2013-03-03 17:00:00,40645.340327187565
2013-03-03 18:00:00,45758.3744130865
2013-03-03 19:00:00,45584.064851293086
2013-03-03 20:00:00,44896.67617461765
2013-03-03 21:00:00,43641.388385961756
2013-03-03 22:00:00,41813.27670007632
2013-03-03 23:00:00,39281.2250111898
2013-03-04 00:00:00,37469.12251524232
2013-03-04 01:00:00,38961.12177503075
2013-03-04 02:00:00,37535.80185047222
2013-03-04 03:00:00,36664.81262719365
2013-03-04 04:00:00,36677.07408778544
2013-03-04 05:00:00,36512.97067205491
2013-03-04 06:00:00,37463.659389180146
2013-03-04 07:00:00,38304.70811210858
2013-03-04 08:00:00,39894.844603526995
2013-03-04 09:00:00,41143.79965176318
2013-03-04 10:00:00,41600.751819438105
2013-03-04 11:00:00,43044.46393488432
2013-03-04 12:00:00,43367.25318717886
2013-03-04 13:00:00,42734.87702878903
2013-03-04 14:00:00,42776.13810412353
2013-03-04 15:00:00,42197.28448165998
2013-03-04 16:00:00,41082.492348804204
2013-03-04 17:00:00,40596.540566386575
2013-03-04 18:00:00,45395.236504255154
2013-03-04 19:00:00,45163.695055269745
2013-03-04 20:00:00,44600.63870134967
2013-03-04 21:00:00,43311.363463386435
2013-03-04 22:00:00,41574.80259599583
2013-03-04 23:00:00,39759.255385887904
2013-03-05 00:00:00,38754.10324722893
2013-03-05 01:00:00,38084.001821456266
2013-03-05 02:00:00,37206.88186788179
2013-03-05 03:00:00,37103.37260398089
2013-03-05 04:00:00,36896.35407617906
2013-03-05 05:00:00,36293.69068366128
2013-03-05 06:00:00,37573.299383376965
2013-03-05 07:00:00,38523.9881005022
2013-03-05 08:00:00,39719.4206128121
2013-03-05 09:00:00,41428.86363667489
2013-03-05 10:00:00,41863.88780551045
2013-03-05 11:00:00,43592.663905868365
2013-03-05 12:00:00,43805.813163966086
2013-03-05 13:00:00,43677.78097888159
2013-03-05 14:00:00,43258.55407858948
2013-03-05 15:00:00,42526.204464250426
2013-03-05 16:00:00,41740.33231398506
2013-03-05 17:00:00,40771.96455710147
2013-03-05 18:00:00,45943.4364752392
2013-03-05 19:00:00,45711.895026253784
2013-03-05 20:00:00,44907.63068510073
2013-03-05 21:00:00,43421.00345758323
2013-03-05 22:00:00,41903.722578586254
2013-03-05 23:00:00,40307.45535687194
2013-03-06 00:00:00,39521.58320660659
2013-03-06 01:00:00,38741.84178663713
2013-03-06 02:00:00,37097.24187368499
2013-03-06 03:00:00,36116.6126562096
2013-03-06 04:00:00,34703.554192242875
2013-03-06 05:00:00,34429.81078231552
2013-03-06 06:00:00,35007.723519171625
2013-03-06 07:00:00,36331.18821656602
2013-03-06 08:00:00,37482.76473119719
2013-03-06 09:00:00,38950.999767826994
2013-03-06 10:00:00,40328.92788675512
2013-03-06 11:00:00,41290.22402773538
2013-03-06 12:00:00,42051.573256817144
2013-03-06 13:00:00,42142.82106012626
2013-03-06 14:00:00,42118.298138942664
2013-03-06 15:00:00,41758.72450487275
2013-03-06 16:00:00,40863.21236041059
2013-03-06 17:00:00,40333.404580314236
2013-03-06 18:00:00,45175.95651586154
2013-03-06 19:00:00,44725.1350784825
2013-03-06 20:00:00,44425.21471063478
2013-03-06 21:00:00,42916.659484277916
2013-03-06 22:00:00,40697.68264242136
2013-03-06 23:00:00,38662.855443919805
2013-03-07 00:00:00,37438.42331686721
2013-03-07 01:00:00,37206.88186788179
2013-03-07 02:00:00,36110.48192591371
2013-03-07 03:00:00,36006.9726620128
2013-03-07 04:00:00,35580.67414581735
2013-03-07 05:00:00,35416.57073008681
2013-03-07 06:00:00,36147.97945881844
2013-03-07 07:00:00,37756.50814112454
2013-03-07 08:00:00,39675.56461513337
2013-03-07 09:00:00,41143.79965176318
2013-03-07 10:00:00,42258.59178461897
2013-03-07 11:00:00,43921.583888458794
2013-03-07 12:00:00,44025.09315235971
2013-03-07 13:00:00,43458.50099048796
2013-03-07 14:00:00,43148.91408439268
2013-03-07 15:00:00,42306.9244758568
2013-03-07 16:00:00,41082.492348804204
2013-03-07 17:00:00,40881.604551298275
2013-03-07 18:00:00,44956.67652746791
2013-03-07 19:00:00,45382.975043663355
2013-03-07 20:00:00,45236.55066769117
2013-03-07 21:00:00,43530.643451780044
2013-03-07 22:00:00,41794.08258438944
2013-03-07 23:00:00,40088.17536847833
2013-03-08 00:00:00,39192.66322401616
2013-03-08 01:00:00,38522.561798243514
2013-03-08 02:00:00,37864.72183306265
2013-03-08 03:00:00,37322.6525923745
2013-03-08 04:00:00,36238.514110998214
2013-03-08 05:00:00,36074.41069526767
2013-03-08 06:00:00,37573.299383376965
2013-03-08 07:00:00,38414.3481063054
2013-03-08 08:00:00,39456.28462673976
2013-03-08 09:00:00,40924.51966336957
2013-03-08 10:00:00,42039.311796225345
2013-03-08 11:00:00,42825.1839464907
2013-03-08 12:00:00,43367.25318717886
2013-03-08 13:00:00,43458.50099048796
2013-03-08 14:00:00,43412.05007046502
2013-03-08 15:00:00,42416.56447005361
2013-03-08 16:00:00,41630.69231978825
2013-03-08 17:00:00,41320.164528085515
2013-03-08 18:00:00,45614.51649264877
2013-03-08 19:00:00,45821.535020450596
2013-03-08 20:00:00,45236.55066769117
2013-03-08 21:00:00,43859.56343437047
2013-03-08 22:00:00,42013.36257278306
2013-03-08 23:00:00,40252.63535977354
2013-03-09 00:00:00,39302.30321821297
2013-03-09 01:00:00,38084.001821456266
2013-03-09 02:00:00,37206.88186788179
2013-03-09 03:00:00,35239.49270263513
2013-03-09 04:00:00,35032.4741748333
2013-03-09 05:00:00,33881.61081133148
2013-03-09 06:00:00,34064.81956907906
2013-03-09 07:00:00,35344.428268794734
2013-03-09 08:00:00,35947.80481244186
2013-03-09 09:00:00,37262.543857196135
2013-03-09 10:00:00,38311.55199353382
2013-03-09 11:00:00,39864.90410317685
2013-03-09 12:00:00,41547.22928351181
2013-03-09 13:00:00,40827.141129764546
2013-03-09 14:00:00,40802.61820858095
2013-03-09 15:00:00,38688.80466736209
2013-03-09 16:00:00,38034.5005101329
2013-03-09 17:00:00,37460.83673235783
2013-03-09 18:00:00,43366.896611614175
2013-03-09 19:00:00,43519.0951423176
2013-03-09 20:00:00,43701.590748935836
2013-03-09 21:00:00,42543.88350400876
2013-03-09 22:00:00,40916.962630814975
2013-03-09 23:00:00,39485.15540039588
2013-03-10 00:00:00,38863.743241425735
2013-03-10 01:00:00,37864.72183306265
2013-03-10 02:00:00,37316.52186207861
2013-03-10 03:00:00,36664.81262719365
2013-03-10 04:00:00,36238.514110998214
2013-03-10 05:00:00,36184.05068946448
2013-03-10 06:00:00,36257.61945301524
2013-03-10 07:00:00,37142.524173622405
2013-03-10 08:00:00,38973.8686522738
2013-03-10 09:00:00,40157.0397039919
2013-03-10 10:00:00,41052.55184845406
2013-03-10 11:00:00,42715.54395229389
2013-03-10 12:00:00,43367.25318717886
2013-03-10 13:00:00,43458.50099048796
2013-03-10 14:00:00,43105.05808671396
2013-03-10 15:00:00,42482.3484665717
2013-03-10 16:00:00,41959.61230237868
2013-03-10 17:00:00,42197.28448165998
2013-03-10 18:00:00,46272.35645782962
2013-03-10 19:00:00,46260.09499723784
2013-03-10 20:00:00,45784.750638675214
2013-03-10 21:00:00,44517.40339955134
2013-03-10 22:00:00,42671.202537963916
2013-03-10 23:00:00,41020.11531915121
2013-03-11 00:00:00,40179.42317178744
2013-03-11 01:00:00,38961.12177503075
2013-03-11 02:00:00,37755.081838865844
2013-03-11 03:00:00,37432.29258657132
2013-03-11 04:00:00,37005.99407037588
2013-03-11 05:00:00,36907.67465116341
2013-03-11 06:00:00,38340.77934275462
2013-03-11 07:00:00,39620.3880424703
2013-03-11 08:00:00,40881.604551298275
2013-03-11 09:00:00,43007.679553108945
2013-03-11 10:00:00,43683.91170917749
2013-03-11 11:00:00,45303.04781533859
2013-03-11 12:00:00,45340.773082721425
2013-03-11 13:00:00,44664.54092665287
2013-03-11 14:00:00,44420.73801707566
2013-03-11 15:00:00,43622.60440621851
2013-03-11 16:00:00,42946.37225014996
2013-03-11 17:00:00,43074.404435234464
2013-03-11 18:00:00,46820.556428813674
2013-03-11 19:00:00,47137.21495081231
2013-03-11 20:00:00,46223.31061546244
2013-03-11 21:00:00,44846.32338214176
2013-03-11 22:00:00,43000.122520554345
2013-03-11 23:00:00,41349.035301741635
2013-03-12 00:00:00,40508.34315437787
2013-03-12 01:00:00,39618.961740211606
2013-03-12 02:00:00,39290.04175762118
2013-03-12 03:00:00,39076.892499523456
2013-03-12 04:00:00,38869.87397172164
2013-03-12 05:00:00,38596.13056179428
2013-03-12 06:00:00,39327.53929052591
2013-03-12 07:00:00,40168.58801345434
2013-03-12 08:00:00,41539.44451647913
2013-03-12 09:00:00,42569.119576321704
2013-03-12 10:00:00,43574.27171498067
2013-03-12 11:00:00,44798.70384203327
2013-03-12 12:00:00,45340.773082721425
2013-03-12 13:00:00,45322.38089183372
2013-03-12 14:00:00,45078.57798225652
2013-03-12 15:00:00,44280.44437139937
2013-03-12 16:00:00,43604.21221533082
2013-03-12 17:00:00,43293.68442362808
2013-03-12 18:00:00,46710.91643461687
2013-03-12 19:00:00,47137.21495081231
2013-03-12 20:00:00,46881.1505806433
2013-03-12 21:00:00,45284.88335892899
2013-03-12 22:00:00,43329.042503144774
2013-03-12 23:00:00,41623.135287233665
2013-03-13 00:00:00,40727.623142771496
2013-03-13 01:00:00,39838.24172860522
2013-03-13 02:00:00,39180.401763424365
2013-03-13 03:00:00,38857.61251112984
2013-03-13 04:00:00,38650.59398332801
2013-03-13 05:00:00,38815.4105501879
2013-03-13 06:00:00,39985.37925570676
2013-03-13 07:00:00,41374.627949619244
2013-03-13 08:00:00,42855.12444684085
2013-03-13 09:00:00,44323.35948347065
2013-03-13 10:00:00,45218.871627932815
2013-03-13 11:00:00,45895.10378400136
2013-03-13 12:00:00,45669.69306531185
2013-03-13 13:00:00,45541.66088022735
2013-03-13 14:00:00,45133.39797935492
2013-03-13 15:00:00,44390.08436559618
2013-03-13 16:00:00,43823.49220372444
2013-03-13 17:00:00,43293.68442362808
2013-03-13 18:00:00,46710.91643461687
2013-03-13 19:00:00,47027.57495661551
2013-03-13 20:00:00,46442.59060385607
2013-03-13 21:00:00,44890.179379820474
2013-03-13 22:00:00,43000.122520554345
2013-03-13 23:00:00,41403.85529884004
2013-03-14 00:00:00,40617.98314857469
2013-03-14 01:00:00,39947.88172280203
2013-03-14 02:00:00,39509.3217460148
2013-03-14 03:00:00,39076.892499523456
2013-03-14 04:00:00,39089.15396011525
2013-03-14 05:00:00,39253.970526975136
2013-03-14 06:00:00,39761.71366754528
2013-03-14 07:00:00,40988.69517004648
2013-03-14 08:00:00,42526.204464250426
2013-03-14 09:00:00,43382.64833326203
2013-03-14 10:00:00,44534.71806414473
2013-03-14 11:00:00,45627.582198161144
2013-03-14 12:00:00,45560.05307111504
2013-03-14 13:00:00,44993.4609092433
2013-03-14 14:00:00,44749.657999666095
2013-03-14 15:00:00,44170.80437720256
2013-03-14 16:00:00,43165.65223854358
2013-03-14 17:00:00,43074.404435234464
2013-03-14 18:00:00,46656.09643751846
2013-03-14 19:00:00,46808.29496822188
2013-03-14 20:00:00,46442.59060385607
2013-03-14 21:00:00,44955.963376338565
2013-03-14 22:00:00,42934.338524036255
2013-03-14 23:00:00,41063.97131682993
2013-03-15 00:00:00,40003.999181072555
2013-03-15 01:00:00,39290.04175762118
2013-03-15 02:00:00,38851.48178083394
2013-03-15 03:00:00,37980.49255755536
2013-03-15 04:00:00,37773.47402975354
2013-03-15 05:00:00,38157.570585007044
2013-03-15 06:00:00,39327.53929052591
2013-03-15 07:00:00,40826.4279786352
2013-03-15 08:00:00,42306.9244758568
2013-03-15 09:00:00,43446.23952989618
2013-03-15 10:00:00,44341.75167435834
2013-03-15 11:00:00,45456.543807214126
2013-03-15 12:00:00,45450.41307691824
2013-03-15 13:00:00,44993.4609092433
2013-03-15 14:00:00,44640.01800546929
2013-03-15 15:00:00,43622.60440621851
2013-03-15 16:00:00,42617.452267559536
2013-03-15 17:00:00,42855.12444684085
2013-03-15 18:00:00,45395.236504255154
2013-03-15 19:00:00,45382.975043663355
2013-03-15 20:00:00,45126.910673494356
2013-03-15 21:00:00,43859.56343437047
2013-03-15 22:00:00,42013.36257278306
2013-03-15 23:00:00,40252.63535977354
2013-03-16 00:00:00,39302.30321821297
2013-03-16 01:00:00,38522.561798243514
2013-03-16 02:00:00,38303.28180984989
2013-03-16 03:00:00,37980.49255755536
2013-03-16 04:00:00,37554.194041359915
2013-03-16 05:00:00,37061.170643038946
2013-03-16 06:00:00,37463.659389180146
2013-03-16 07:00:00,38414.3481063054
2013-03-16 08:00:00,38908.08465575571
2013-03-16 09:00:00,39674.623729525934
2013-03-16 10:00:00,39956.15190648596
2013-03-16 11:00:00,41246.36803005665
2013-03-16 12:00:00,41920.00526378097
2013-03-16 13:00:00,39928.09317735071
2013-03-16 14:00:00,39596.578272416045
2013-03-16 15:00:00,37680.116720751445
2013-03-16 16:00:00,35490.85264476693
2013-03-16 17:00:00,35640.812828690796
2013-03-16 18:00:00,39562.3888129849
2013-03-16 19:00:00,38870.35938837288
2013-03-16 20:00:00,38723.93501240069
2013-03-16 21:00:00,37237.307784883196
2013-03-16 22:00:00,35215.68293258089
2013-03-16 23:00:00,32720.36775845274
2013-03-17 00:00:00,31035.447655773547
2013-03-17 01:00:00,29795.218260177488
2013-03-17 02:00:00,28834.77191101344
2013-03-17 03:00:00,27830.021894814752
2013-03-17 04:00:00,26173.562643731108
2013-03-17 05:00:00,25520.464853882793
2013-03-17 06:00:00,27082.944738626236
2013-03-17 07:00:00,29772.52376371288
2013-03-17 08:00:00,32303.371405339913
2013-03-17 09:00:00,33942.64483291674
2013-03-17 10:00:00,34410.56100001135
2013-03-17 11:00:00,35762.17552033225
2013-03-17 12:00:00,36663.86394198593
2013-03-17 13:00:00,35827.55739439004
2013-03-17 14:00:00,35544.28408690198
2013-03-17 15:00:00,34739.57207639302
2013-03-17 16:00:00,34135.70231649437
2013-03-17 17:00:00,34364.60329623993
2013-03-17 18:00:00,37560.36251895116
2013-03-17 19:00:00,37392.412266599895
2013-03-17 20:00:00,36197.8295461062
2013-03-17 21:00:00,33967.84315793433
2013-03-17 22:00:00,32264.174288802777
2013-03-17 23:00:00,30586.773471382832
2013-03-18 00:00:00,29719.767725411835
2013-03-18 01:00:00,28874.242308924287
2013-03-18 02:00:00,27843.626363474283
2013-03-18 03:00:00,27005.529138454745
2013-03-18 04:00:00,26962.97060194813
2013-03-18 05:00:00,27478.63515023781
2013-03-18 06:00:00,29253.81662372306
2013-03-18 07:00:00,30800.946909278955
2013-03-18 08:00:00,32623.5201883946
2013-03-18 09:00:00,34100.52642456015
2013-03-18 10:00:00,34890.78417459338
2013-03-18 11:00:00,36319.14669085204
2013-03-18 12:00:00,36328.365559743695
2013-03-18 13:00:00,35676.25420239844
2013-03-18 14:00:00,35311.84729920475
2013-03-18 15:00:00,34934.73126606334
2013-03-18 16:00:00,34390.06710303096
2013-03-18 17:00:00,35759.22402242335
2013-03-18 18:00:00,38498.88086927585
2013-03-18 19:00:00,38471.269809496494
2013-03-18 20:00:00,37186.782293761426
2013-03-18 21:00:00,34605.947924159766
2013-03-18 22:00:00,33003.14784968927
2013-03-18 23:00:00,31388.241828961505
2013-03-19 00:00:00,30583.73087968269
2013-03-19 01:00:00,29604.44467027504
2013-03-19 02:00:00,29016.774301380137
2013-03-19 03:00:00,28571.188255585188
2013-03-19 04:00:00,28412.411325229958
2013-03-19 05:00:00,28524.600694875375
2013-03-19 06:00:00,30087.080579618818
2013-03-19 07:00:00,31829.37005484503
2013-03-19 08:00:00,33500.640141969074
2013-03-19 09:00:00,34795.64398776792
2013-03-19 10:00:00,36002.53371574902
2013-03-19 11:00:00,37772.97301390173
2013-03-19 12:00:00,38218.55905969669
2013-03-19 13:00:00,38279.10766463069
2013-03-19 14:00:00,37998.02715702657
2013-03-19 15:00:00,37237.17114419634
2013-03-19 16:00:00,36286.83900263577
2013-03-19 17:00:00,37772.214315876765
2013-03-19 18:00:00,41760.67069663092
2013-03-19 19:00:00,41830.63923168674
2013-03-19 20:00:00,40905.770896917194
2013-03-19 21:00:00,39956.37964096406
2013-03-19 22:00:00,37375.59081825804
2013-03-19 23:00:00,35740.949598574836
2013-03-20 00:00:00,34916.703450340596
2013-03-20 01:00:00,33917.68204197752
2013-03-20 02:00:00,33106.346084921126
2013-03-20 03:00:00,32476.564848875536
2013-03-20 04:00:00,32247.618322234346
2013-03-20 05:00:00,32456.290886772953
2013-03-20 06:00:00,34415.66755050884
2013-03-20 07:00:00,36331.18821656602
2013-03-20 08:00:00,38206.38869289613
2013-03-20 09:00:00,40157.0397039919
2013-03-20 10:00:00,41666.535815956195
2013-03-20 11:00:00,42978.67993836623
2013-03-20 12:00:00,43213.75719530332
2013-03-20 13:00:00,43085.72501021882
2013-03-20 14:00:00,42995.41809251714
2013-03-20 15:00:00,41978.00449326637
2013-03-20 16:00:00,40972.85235460739
2013-03-20 17:00:00,41100.8845396919
2013-03-20 18:00:00,45614.51649264877
2013-03-20 19:00:00,44944.41506687612
2013-03-20 20:00:00,44249.79071991988
2013-03-20 21:00:00,42982.443480796006
2013-03-20 22:00:00,41509.01859947774
2013-03-20 23:00:00,39836.00338182567
2013-03-21 00:00:00,38973.38323562255
2013-03-21 01:00:00,37974.36182725946
2013-03-21 02:00:00,36987.60187948818
2013-03-21 03:00:00,35897.33266781599
2013-03-21 04:00:00,36019.23412260459
2013-03-21 05:00:00,36184.05068946448
2013-03-21 06:00:00,37354.01939498334
2013-03-21 07:00:00,38852.90808309263
2013-03-21 08:00:00,40114.12459192061
2013-03-21 09:00:00,41735.85562042595
2013-03-21 10:00:00,42916.43174979982
2013-03-21 11:00:00,44140.86387685242
2013-03-21 12:00:00,44529.437125665034
2013-03-21 13:00:00,44269.836947544354
2013-03-21 14:00:00,44486.52201359375
2013-03-21 15:00:00,43403.32441782489
2013-03-21 16:00:00,41893.82830586059
2013-03-21 17:00:00,42570.06046192914
2013-03-21 18:00:00,46656.09643751846
2013-03-21 19:00:00,46479.37498563145
2013-03-21 20:00:00,46047.88662474755
2013-03-21 21:00:00,44692.827390266226
2013-03-21 22:00:00,42890.48252635754
2013-03-21 23:00:00,41074.93531624961
2013-03-22 00:00:00,40069.78317759064
2013-03-22 01:00:00,39355.82575413926
2013-03-22 02:00:00,38566.41779592223
2013-03-22 03:00:00,37410.36458773195
2013-03-22 04:00:00,36786.71408198226
2013-03-22 05:00:00,36918.638650583096
2013-03-22 06:00:00,38823.19531722058
2013-03-22 07:00:00,40212.44401113307
2013-03-22 08:00:00,41320.164528085515
2013-03-22 09:00:00,42525.26357864298
2013-03-22 10:00:00,43727.76770685621
2013-03-22 11:00:00,45456.543807214126
2013-03-22 12:00:00,45779.33305950865
2013-03-22 13:00:00,45980.22085701458
2013-03-22 14:00:00,45846.057941634186
2013-03-22 15:00:00,45157.56432497384
2013-03-22 16:00:00,44042.77219211806
2013-03-22 17:00:00,44938.28433658022
2013-03-22 18:00:00,47971.77636788017
2013-03-22 19:00:00,47959.51490728838
2013-03-22 20:00:00,47319.710557430546
2013-03-22 21:00:00,46162.00331250347
2013-03-22 22:00:00,44315.80245091607
2013-03-22 23:00:00,42500.25524080813
2013-03-23 00:00:00,41495.10310214916
2013-03-23 01:00:00,40605.721687982885
2013-03-23 02:00:00,40057.52171699885
2013-03-23 03:00:00,39625.09247050751
2013-03-23 04:00:00,39308.43394850887
2013-03-23 05:00:00,38815.4105501879
2013-03-23 06:00:00,38998.61930793548
2013-03-23 07:00:00,39949.30802506073
2013-03-23 08:00:00,40048.34059540253
2013-03-23 09:00:00,41691.99962274723
2013-03-23 10:00:00,42697.151761406196
2013-03-23 11:00:00,43811.94389426199
2013-03-23 12:00:00,44573.293123343756
2013-03-23 13:00:00,43787.42097307839
2013-03-23 14:00:00,44201.45802868204
2013-03-23 15:00:00,42964.76444103765
2013-03-23 16:00:00,41301.77233719782
2013-03-23 17:00:00,41539.44451647913
2013-03-23 18:00:00,45285.59651005834
2013-03-23 19:00:00,44944.41506687612
2013-03-23 20:00:00,44293.64671759861
2013-03-23 21:00:00,42938.58748311728
2013-03-23 22:00:00,40916.962630814975
2013-03-23 23:00:00,39265.875412002264
2013-03-24 00:00:00,38425.183264638494
2013-03-24 01:00:00,37798.93783654457
2013-03-24 02:00:00,37206.88186788179
2013-03-24 03:00:00,36993.73260978408
2013-03-24 04:00:00,36304.29810751629
2013-03-24 05:00:00,35701.634714998516
2013-03-24 06:00:00,36301.47545069397
2013-03-24 07:00:00,36835.53218987134
2013-03-24 08:00:00,38425.668681289746
2013-03-24 09:00:00,38950.999767826994
2013-03-24 10:00:00,38750.111970321064
2013-03-24 11:00:00,41005.16004282366
2013-03-24 12:00:00,41854.22126726288
2013-03-24 13:00:00,41594.62108914221
2013-03-24 14:00:00,41241.1781853682
2013-03-24 15:00:00,38030.964702181234
2013-03-24 16:00:00,36433.756594859486
2013-03-24 17:00:00,36221.90479793388
2013-03-24 18:00:00,39249.914829523994
2013-03-24 19:00:00,39890.011334403214
2013-03-24 20:00:00,39820.33495436878
2013-03-24 21:00:00,39232.755679265116
2013-03-24 22:00:00,38033.43078343889
2013-03-24 23:00:00,36782.52954344453
2013-03-25 00:00:00,36342.023374899116
2013-03-25 01:00:00,35452.64196073285
2013-03-25 02:00:00,34750.94599787326
2013-03-25 03:00:00,34362.372749060654
2013-03-25 04:00:00,33497.51425607798
2013-03-25 05:00:00,33969.32280668893
2013-03-25 06:00:00,35227.00350756524
2013-03-25 07:00:00,36857.4601887107
2013-03-25 08:00:00,38710.73266620146
2013-03-25 09:00:00,40595.59968077914
2013-03-25 10:00:00,42346.30377997641
2013-03-25 11:00:00,43811.94389426199
2013-03-25 12:00:00,44025.09315235971
2013-03-25 13:00:00,44225.98094986563
2013-03-25 14:00:00,44201.45802868204
2013-03-25 15:00:00,43622.60440621851
2013-03-25 16:00:00,43056.01224434677
2013-03-25 17:00:00,44280.44437139937
2013-03-25 18:00:00,46985.01642010889
2013-03-25 19:00:00,47356.49493920593
2013-03-25 20:00:00,46881.1505806433
2013-03-25 21:00:00,45613.80334151942
2013-03-25 22:00:00,43438.68249734159
2013-03-25 23:00:00,41568.31529013525
2013-03-26 00:00:00,40508.34315437787
2013-03-26 01:00:00,39618.961740211606
2013-03-26 02:00:00,39180.401763424365
2013-03-26 03:00:00,38967.25250532665
2013-03-26 04:00:00,38979.513965918435
2013-03-26 05:00:00,39034.69053858152
2013-03-26 06:00:00,39766.09926731315
2013-03-26 07:00:00,41264.98795542244
2013-03-26 08:00:00,42526.204464250426
2013-03-26 09:00:00,43884.79950668341
2013-03-26 10:00:00,44889.951645342386
2013-03-26 11:00:00,45829.31978748328
2013-03-26 12:00:00,45713.549062990576
2013-03-26 13:00:00,45256.59689531564
2013-03-26 14:00:00,44968.937988059704
2013-03-26 15:00:00,44061.164383005744
2013-03-26 16:00:00,43165.65223854358
2013-03-26 17:00:00,44390.08436559618
2013-03-26 18:00:00,47423.576396896126
2013-03-26 19:00:00,47356.49493920593
2013-03-26 20:00:00,46881.1505806433
2013-03-26 21:00:00,45613.80334151942
2013-03-26 22:00:00,43109.76251475116
2013-03-26 23:00:00,39759.255385887904
2013-03-27 00:00:00,37219.1433284736
2013-03-27 01:00:00,35671.92194912647
2013-03-27 02:00:00,34772.87399671263
2013-03-27 03:00:00,34472.01274325746
2013-03-27 04:00:00,34626.806196305115
2013-03-27 05:00:00,35043.79474981765
2013-03-27 06:00:00,35847.565874719185
2013-03-27 07:00:00,37368.38256166783
2013-03-27 08:00:00,39675.56461513337
2013-03-27 09:00:00,41253.43964595999
2013-03-27 10:00:00,42346.30377997641
2013-03-27 11:00:00,43702.30390006517
2013-03-27 12:00:00,43805.813163966086
2013-03-27 13:00:00,44116.34095566882
2013-03-27 14:00:00,43982.178040288425
2013-03-27 15:00:00,42964.76444103765
2013-03-27 16:00:00,41849.97230818186
2013-03-27 17:00:00,43184.04442943128
2013-03-27 18:00:00,45121.13651876313
2013-03-27 19:00:00,45163.695055269745
2013-03-27 20:00:00,44578.71070251031
2013-03-27 21:00:00,43201.723469189616
2013-03-27 22:00:00,41552.87459715647
2013-03-27 23:00:00,39748.29138646822
2013-03-28 00:00:00,38754.10324722893
2013-03-28 01:00:00,37645.44184466904
2013-03-28 02:00:00,36987.60187948818
2013-03-28 03:00:00,36226.252650406415
2013-03-28 04:00:00,35361.39415742373
2013-03-28 05:00:00,34802.58676258467
2013-03-28 06:00:00,35753.27547970992
2013-03-28 07:00:00,36769.748193353254
2013-03-28 08:00:00,38030.964702181234
2013-03-28 09:00:00,39170.27975622062
2013-03-28 10:00:00,39923.25990822693
2013-03-28 11:00:00,40084.18409157047
2013-03-28 12:00:00,40078.05336127457
2013-03-28 13:00:00,38873.3564331774
2013-03-28 14:00:00,38526.4919290552
2013-03-28 15:00:00,37460.83673235783
2013-03-28 16:00:00,37332.80454727332
2013-03-28 17:00:00,39204.11264008709
2013-03-28 18:00:00,41477.79951160315
2013-03-28 19:00:00,41262.70406174726
2013-03-28 20:00:00,39908.046949726224
2013-03-28 21:00:00,38441.15492116416
2013-03-28 22:00:00,36467.77166630845
2013-03-28 23:00:00,34475.70406554366
2013-03-29 00:00:00,33294.03153622782
2013-03-29 01:00:00,32053.802140631757
2013-03-29 02:00:00,31275.358181834414
2013-03-29 03:00:00,31007.388926638287
2013-03-29 04:00:00,30811.334398256146
2013-03-29 05:00:00,31184.46695408997
2013-03-29 06:00:00,32709.669240806496
2013-03-29 07:00:00,34436.60911684515
2013-03-29 08:00:00,36118.84320338888
2013-03-29 09:00:00,37459.89584675039
2013-03-29 10:00:00,38311.55199353382
2013-03-29 11:00:00,39141.28014147791
2013-03-29 12:00:00,39749.13337868415
2013-03-29 13:00:00,38480.84525395283
2013-03-29 14:00:00,38305.01914077764
2013-03-29 15:00:00,36517.93278226526
2013-03-29 16:00:00,36223.247806001615
2013-03-29 17:00:00,38280.943888949965
2013-03-29 18:00:00,39846.35639795463
2013-03-29 19:00:00,39600.56174972364
2013-03-29 20:00:00,38449.835026908666
2013-03-29 21:00:00,36864.53180461404
2013-03-29 22:00:00,34788.08695521332
2013-03-29 23:00:00,32939.64774684636
2013-03-30 00:00:00,31901.60360992834
2013-03-30 01:00:00,30913.546200984943
2013-03-30 02:00:00,30288.59823406313
2013-03-30 03:00:00,29889.060985830834
2013-03-30 04:00:00,29745.633654663157
2013-03-30 05:00:00,30092.45261188975
2013-03-30 06:00:00,31097.9613261134
2013-03-30 07:00:00,32647.284411553224
2013-03-30 08:00:00,33590.544937210456
2013-03-30 09:00:00,34940.36878010771
2013-03-30 10:00:00,36079.281711686795
2013-03-30 11:00:00,37683.068218660344
2013-03-30 12:00:00,38981.65341930648
2013-03-30 13:00:00,36720.02694715206
2013-03-30 14:00:00,35949.952065430174
2013-03-30 15:00:00,34066.38251202461
2013-03-30 16:00:00,33293.66716106287
2013-03-30 17:00:00,36585.909578667284
2013-03-30 18:00:00,39304.73482662239
2013-03-30 19:00:00,39192.700971311504
2013-03-30 20:00:00,38706.3926133292
2013-03-30 21:00:00,37741.65175818851
2013-03-30 22:00:00,35972.19889253887
2013-03-30 23:00:00,34079.903686493184
2013-03-31 00:00:00,32998.00355189643
2013-03-31 01:00:00,31702.95415920197
2013-03-31 02:00:00,31176.682187057286
2013-03-31 03:00:00,30601.720948110094
2013-03-31 04:00:00,30679.766405219973
2013-03-31 05:00:00,31272.178949447414
2013-03-31 06:00:00,33099.987620147134
2013-03-31 07:00:00,34603.2619080243
2013-03-31 08:00:00,35991.66081012058
2013-03-31 09:00:00,37679.17583514401
2013-03-31 10:00:00,38859.751964517876
2013-03-31 11:00:00,40763.952055590686
2013-03-31 12:00:00,40988.06531310809
2013-03-31 13:00:00,40914.85312512199
2013-03-31 14:00:00,40978.04219929585
2013-03-31 15:00:00,40201.836587278056
2013-03-31 16:00:00,39043.18845674355
2013-03-31 17:00:00,41539.44451647913
2013-03-31 18:00:00,44298.83656228706
2013-03-31 19:00:00,44505.85509008889
2013-03-31 20:00:00,42934.110789558166
2013-03-31 21:00:00,41688.69154927365
2013-03-31 22:00:00,39601.28270045325
2013-03-31 23:00:00,37851.51948686342
2013-04-01 00:00:00,36912.15134472253
2013-04-01 01:00:00,35781.56194332328
2013-04-01 02:00:00,34685.16200135519
2013-04-01 03:00:00,34252.73275486384
2013-04-01 04:00:00,34155.35422125883
2013-04-01 05:00:00,34473.666779994244
2013-04-01 06:00:00,35709.419482031204
2013-04-01 07:00:00,37383.73216085538
2013-04-01 08:00:00,38601.09267200465
2013-04-01 09:00:00,39477.27173997168
2013-04-01 10:00:00,40624.9558710865
2013-04-01 11:00:00,41860.351997558784
2013-04-01 12:00:00,42753.26921967672
2013-04-01 13:00:00,42800.66102530711
2013-04-01 14:00:00,42447.21812153309
2013-04-01 15:00:00,41429.80452228233
2013-04-01 16:00:00,40424.65238362335
2013-04-01 17:00:00,43732.244400415315
2013-04-01 18:00:00,45614.51649264877
2013-04-01 19:00:00,45602.25503205697
2013-04-01 20:00:00,44578.71070251031
2013-04-01 21:00:00,43355.21946106515
2013-04-01 22:00:00,41903.722578586254
2013-04-01 23:00:00,39814.07538298631
2013-04-02 00:00:00,38534.823258835306
2013-04-02 01:00:00,37864.72183306265
2013-04-02 02:00:00,37426.161856275416
2013-04-02 03:00:00,36664.81262719365
2013-04-02 04:00:00,36238.514110998214
2013-04-02 05:00:00,36403.33067785809
2013-04-02 06:00:00,37792.579371770575
2013-04-02 07:00:00,38523.9881005022
2013-04-02 08:00:00,40114.12459192061
2013-04-02 09:00:00,41691.99962274723
2013-04-02 10:00:00,42697.151761406196
2013-04-02 11:00:00,43592.663905868365
2013-04-02 12:00:00,43915.453158162905
2013-04-02 13:00:00,43787.42097307839
2013-04-02 14:00:00,43543.618063501184
2013-04-02 15:00:00,42855.12444684085
2013-04-02 16:00:00,41521.05232559143
2013-04-02 17:00:00,43732.244400415315
2013-04-02 18:00:00,46162.716463632816
2013-04-02 19:00:00,46084.671006522934
2013-04-02 20:00:00,44885.70268626138
2013-04-02 21:00:00,43486.78745410132
2013-04-02 22:00:00,41574.80259599583
2013-04-02 23:00:00,39743.88111546522
2013-04-03 00:00:00,38395.33765365423
2013-04-03 01:00:00,37057.74870232633
2013-04-03 02:00:00,36838.468713932714
2013-04-03 03:00:00,35204.82331146367
2013-04-03 04:00:00,34788.172355642615
2013-04-03 05:00:00,35610.3869116894
2013-04-03 06:00:00,36662.81698873972
2013-04-03 07:00:00,37890.67105650494
2013-04-03 08:00:00,39699.64556032301
2013-04-03 09:00:00,41355.143050138715
2013-04-03 10:00:00,43142.24648873695
2013-04-03 11:00:00,43832.949985367086
2013-04-03 12:00:00,44370.195445868034
2013-04-03 13:00:00,44118.05192602514
2013-04-03 14:00:00,43964.59388989595
2013-04-03 15:00:00,42703.78140131558
2013-04-03 16:00:00,41684.157922095015
2013-04-03 17:00:00,43800.18134328368
2013-04-03 18:00:00,46025.84475866915
2013-04-03 19:00:00,46113.57573189976
2013-04-03 20:00:00,45170.72871542673
2013-04-03 21:00:00,43745.503680234084
2013-04-03 22:00:00,41826.94611583872
2013-04-03 23:00:00,39689.061118366815
2013-04-04 00:00:00,38395.33765365423
2013-04-04 01:00:00,37277.02869071995
2013-04-04 02:00:00,36838.468713932714
2013-04-04 03:00:00,36301.22325343176
2013-04-04 04:00:00,36103.85228600433
2013-04-04 05:00:00,36969.922839729836
2013-04-04 06:00:00,37912.71292258334
2013-04-04 07:00:00,38943.21500079431
2013-04-04 08:00:00,40291.70152898578
2013-04-04 09:00:00,42012.98301531958
2013-04-04 10:00:00,43142.24648873695
2013-04-04 11:00:00,43832.949985367086
2013-04-04 12:00:00,44041.275463277605
2013-04-04 13:00:00,43613.707952719815
2013-04-04 14:00:00,42977.833942124664
2013-04-04 15:00:00,41717.0214535443
2013-04-04 16:00:00,40149.19800333969
2013-04-04 17:00:00,43580.90135489006
2013-04-04 18:00:00,44396.59444490456
2013-04-04 19:00:00,43876.91985028485
2013-04-04 20:00:00,42934.07283381182
2013-04-04 21:00:00,41706.19978817343
2013-04-04 22:00:00,39853.426220296154
2013-04-04 23:00:00,38044.46120541468
2013-04-05 00:00:00,37079.65772329251
2013-04-05 01:00:00,36290.26874294866
2013-04-05 02:00:00,35303.508795177375
2013-04-05 03:00:00,34327.703357889186
2013-04-05 04:00:00,33801.412407871336
2013-04-05 05:00:00,34009.64299641598
2013-04-05 06:00:00,34798.93708739396
2013-04-05 07:00:00,36355.71113774961
2013-04-05 08:00:00,37769.98166245916
2013-04-05 09:00:00,38921.13517896955
2013-04-05 10:00:00,39304.84669184862
2013-04-05 11:00:00,40763.03014785642
2013-04-05 12:00:00,41080.99561996375
2013-04-05 13:00:00,40499.93211753043
2013-04-05 14:00:00,39578.99412202358
2013-04-05 15:00:00,38526.49762241715
2013-04-05 16:00:00,38022.18211592159
2013-04-05 17:00:00,41168.821482560255
2013-04-05 18:00:00,42321.109354758955
2013-04-05 19:00:00,42144.607941975264
2013-04-05 20:00:00,40872.840942911804
2013-04-05 21:00:00,39368.67511189746
2013-04-05 22:00:00,36761.57838394614
2013-04-05 23:00:00,35092.95256163657
2013-04-06 00:00:00,34268.488272086324
2013-04-06 01:00:00,32823.452126445554
2013-04-06 02:00:00,31742.40178366501
2013-04-06 03:00:00,30915.70673848448
2013-04-06 04:00:00,31018.749355156306
2013-04-06 05:00:00,30746.756769118936
2013-04-06 06:00:00,31272.914874024573
2013-04-06 07:00:00,32763.904927862135
2013-04-06 08:00:00,33551.034685765946
2013-04-06 09:00:00,34572.81300912409
2013-04-06 10:00:00,35379.734899602845
2013-04-06 11:00:00,37311.56313054087
2013-04-06 12:00:00,37831.26619197033
2013-04-06 13:00:00,35278.875593878365
2013-04-06 14:00:00,35039.89836227567
2013-04-06 15:00:00,33507.17868808722
2013-04-06 16:00:00,33151.97357369932
2013-04-06 17:00:00,36381.93933592756
2013-04-06 18:00:00,38252.36917011536
2013-04-06 19:00:00,38008.987360871615
2013-04-06 20:00:00,37193.32273766688
2013-04-06 21:00:00,35816.33929992083
2013-04-06 22:00:00,33753.056943185686
2013-04-06 23:00:00,31966.01992714357
2013-04-07 00:00:00,31023.14444386077
2013-04-07 01:00:00,29990.3546764
2013-04-07 02:00:00,29273.309114352865
2013-04-07 03:00:00,28635.194859190848
2013-04-07 04:00:00,28183.45910522682
2013-04-07 05:00:00,28582.46328367392
2013-04-07 06:00:00,30579.99011070074
2013-04-07 07:00:00,32410.864146548407
2013-04-07 08:00:00,33713.30187717722
2013-04-07 09:00:00,34945.58898939325
2013-04-07 10:00:00,36324.83164957934
2013-04-07 11:00:00,37840.02790256948
2013-04-07 12:00:00,38778.55574183076
2013-04-07 13:00:00,38022.06824868254
2013-04-07 14:00:00,37495.83423228421
2013-04-07 15:00:00,36454.301732097454
2013-04-07 16:00:00,36349.07580447828
2013-04-07 17:00:00,39717.187959394505
2013-04-07 18:00:00,41628.18459143512
2013-04-07 19:00:00,40936.37520592643
2013-04-07 20:00:00,40103.168183650196
2013-04-07 21:00:00,38767.847943698944
2013-04-07 22:00:00,36272.584009828366
2013-04-07 23:00:00,34307.93020318742
2013-04-08 00:00:00,33187.43792930579
2013-04-08 01:00:00,32240.167357318525
2013-04-08 02:00:00,31216.129811520324
2013-04-08 03:00:00,30847.72994208246
2013-04-08 04:00:00,30413.536587189923
2013-04-08 05:00:00,31139.267948343513
2013-04-08 06:00:00,33108.28837687916
2013-04-08 07:00:00,34886.53521551236
2013-04-08 08:00:00,36838.04171178628
2013-04-08 09:00:00,38548.359198700404
2013-04-08 10:00:00,39480.27068256351
2013-04-08 11:00:00,41157.73412696493
2013-04-08 12:00:00,41738.83558514462
2013-04-08 13:00:00,40423.18412159266
2013-04-08 14:00:00,40763.10605934912
2013-04-08 15:00:00,39787.35755568046
2013-04-08 16:00:00,38855.446071817336
2013-04-08 17:00:00,42703.78140131558
2013-04-08 18:00:00,43460.26889446381
2013-04-08 19:00:00,43547.99986769443
2013-04-08 20:00:00,41519.71690867298
2013-04-08 21:00:00,40083.52787406065
2013-04-08 22:00:00,38164.97030966529
2013-04-08 23:00:00,35994.193313934345
2013-04-09 00:00:00,34667.57785096271
2013-04-09 01:00:00,33658.90888222524
2013-04-09 02:00:00,33110.70891124119
2013-04-09 03:00:00,32573.463450740237
2013-04-09 04:00:00,32310.30848679472
2013-04-09 05:00:00,32803.60306025107
2013-04-09 06:00:00,34864.72108391205
2013-04-09 07:00:00,36311.85514007089
2013-04-09 08:00:00,37704.19766594109
2013-04-09 09:00:00,39271.983160399344
2013-04-09 10:00:00,40445.102631495436
2013-04-09 11:00:00,41859.43008982451
2013-04-09 12:00:00,42440.53154800419
2013-04-09 13:00:00,42034.89203628575
2013-04-09 14:00:00,41618.29801408423
2013-04-09 15:00:00,40291.70152898578
2013-04-09 16:00:00,39381.71804396203
2013-04-09 17:00:00,42594.141407118776
2013-04-09 18:00:00,44512.812838753176
2013-04-09 19:00:00,44227.76783171465
2013-04-09 20:00:00,42890.2168361331
2013-04-09 21:00:00,41750.05578585215
2013-04-09 22:00:00,39414.86624350893
2013-04-09 23:00:00,37419.51323849287
2013-04-10 00:00:00,36268.32176623613
2013-04-10 01:00:00,35413.14878937419
2013-04-10 02:00:00,34492.17283812099
2013-04-10 03:00:00,34218.063363692374
2013-04-10 04:00:00,33582.13241947771
2013-04-10 05:00:00,34228.9229848096
2013-04-10 06:00:00,35522.5610490929
2013-04-10 07:00:00,37123.191097127274
2013-04-10 08:00:00,38362.03763112194
2013-04-10 09:00:00,39820.18313138338
2013-04-10 10:00:00,40752.0946152465
2013-04-10 11:00:00,42012.92608170005
2013-04-10 12:00:00,42396.67555032547
2013-04-10 13:00:00,42254.17202467938
2013-04-10 14:00:00,41607.33401466455
2013-04-10 15:00:00,40291.70152898578
2013-04-10 16:00:00,39052.7980613716
2013-04-10 17:00:00,41892.445444259196
2013-04-10 18:00:00,43054.6009159356
2013-04-10 19:00:00,42736.66391063804
2013-04-10 20:00:00,42210.44887211287
2013-04-10 21:00:00,40741.36783924151
2013-04-10 22:00:00,38713.17028064934
2013-04-10 23:00:00,36926.13326460722
2013-04-11 00:00:00,35983.25778132442
2013-04-11 01:00:00,34536.02883579971
2013-04-11 02:00:00,33987.82886481567
2013-04-11 03:00:00,33231.303415921095
2013-04-11 04:00:00,33253.21243688728
2013-04-11 05:00:00,33242.16303703831
2013-04-11 06:00:00,34755.08108971524
2013-04-11 07:00:00,36026.79115515918
2013-04-11 08:00:00,38098.90164504959
2013-04-11 09:00:00,39666.687139507856
2013-04-11 10:00:00,41059.086598997565
2013-04-11 11:00:00,42034.85408053941
2013-04-11 12:00:00,42506.31554452228
2013-04-11 13:00:00,41289.34007574745
2013-04-11 14:00:00,40346.47408140125
2013-04-11 15:00:00,38537.46162183683
2013-04-11 16:00:00,37956.3981194035
2013-04-11 17:00:00,40686.40550809429
2013-04-11 18:00:00,42362.772552553746
2013-04-11 19:00:00,41719.20476449165
2013-04-11 20:00:00,40953.97453861744
2013-04-11 21:00:00,39607.6902992465
2013-04-11 22:00:00,37550.98634216317
2013-04-11 23:00:00,35281.53335165508
2013-04-12 00:00:00,33856.24189390632
2013-04-12 01:00:00,32737.932930972038
2013-04-12 02:00:00,31948.52497275501
2013-04-12 03:00:00,31740.199494844488
2013-04-12 04:00:00,31608.612523935142
2013-04-12 05:00:00,31685.27511944362
2013-04-12 06:00:00,33154.33717444182
2013-04-12 07:00:00,35040.031207387896
2013-04-12 08:00:00,36607.79772397299
2013-04-12 09:00:00,37758.95124048337
2013-04-12 10:00:00,39050.48190531202
2013-04-12 11:00:00,40072.29818441652
2013-04-12 12:00:00,41212.563612999926
2013-04-12 13:00:00,41070.060087353835
2013-04-12 14:00:00,41026.24204542146
2013-04-12 15:00:00,39480.36557192939
2013-04-12 16:00:00,38175.67810779712
2013-04-12 17:00:00,41936.301441937925
2013-04-12 18:00:00,43175.2049095521
2013-04-12 19:00:00,42605.095917601866
2013-04-12 20:00:00,41749.96089648628
2013-04-12 21:00:00,40118.61267220363
2013-04-12 22:00:00,38050.944715700614
2013-04-12 23:00:00,36353.81249489988
2013-04-13 00:00:00,35500.84180685846
2013-04-13 01:00:00,34536.02883579971
2013-04-13 02:00:00,33505.412890349704
2013-04-13 03:00:00,32902.383433330666
2013-04-13 04:00:00,32595.37247170643
2013-04-13 05:00:00,32737.819063732994
2013-04-13 06:00:00,33527.113154710976
2013-04-13 07:00:00,34974.24721086981
2013-04-13 08:00:00,35868.824163086494
2013-04-13 09:00:00,36759.034493408464
2013-04-13 10:00:00,37688.75317738765
2013-04-13 11:00:00,38905.728646162475
2013-04-13 12:00:00,40502.09645060461
2013-04-13 13:00:00,38899.188202257006
2013-04-13 14:00:00,38866.334159744314
2013-04-13 15:00:00,37020.044102152984
2013-04-13 16:00:00,35395.20785496603
2013-04-13 17:00:00,38951.90079990077
2013-04-13 18:00:00,40424.33745515416
2013-04-13 19:00:00,40274.1496409777
2013-04-13 20:00:00,39765.47700152403
2013-04-13 21:00:00,38559.531954725
2013-04-13 22:00:00,37108.04076560805
2013-04-13 23:00:00,35410.90854480732
2013-04-14 00:00:00,34557.9378567659
2013-04-14 01:00:00,33658.90888222524
2013-04-14 02:00:00,32847.572925168846
2013-04-14 03:00:00,32244.54346814981
2013-04-14 04:00:00,31827.892512328763
2013-04-14 05:00:00,32036.123100873414
2013-04-14 06:00:00,32222.397223768945
2013-04-14 07:00:00,33838.37687099086
2013-04-14 08:00:00,35717.5209710949
2013-04-14 09:00:00,37460.73045626805
2013-04-14 10:00:00,39120.65150159798
2013-04-14 11:00:00,40598.5701565612
2013-04-14 12:00:00,41519.55559675099
2013-04-14 13:00:00,41333.196073426174
2013-04-14 14:00:00,40920.98765099253
2013-04-14 15:00:00,39486.9439715812
2013-04-14 16:00:00,38153.750108957756
2013-04-14 17:00:00,41914.37344309856
2013-04-14 18:00:00,43390.09929817785
2013-04-14 19:00:00,43021.72789554974
2013-04-14 20:00:00,41574.53690577139
2013-04-14 21:00:00,40522.087850847885
2013-04-14 22:00:00,38649.57908401519
2013-04-14 23:00:00,36729.87767499493
2013-04-15 00:00:00,35654.33779873399
2013-04-15 01:00:00,35018.444810265675
2013-04-15 02:00:00,34075.54086017312
2013-04-15 03:00:00,33669.863392708336
2013-04-15 04:00:00,33187.4284403692
2013-04-15 05:00:00,33132.52304284151
2013-04-15 06:00:00,34141.097122213105
2013-04-15 07:00:00,35697.871172568746
2013-04-15 08:00:00,37002.5017030815
2013-04-15 09:00:00,38044.01522539508
2013-04-15 10:00:00,39190.821097883934
2013-04-15 11:00:00,40539.36455969493
2013-04-15 12:00:00,41116.08041810673
2013-04-15 13:00:00,40784.996102442135
2013-04-15 14:00:00,40346.47408140125
2013-04-15 15:00:00,39004.527997115234
2013-04-15 16:00:00,37901.578122305094
2013-04-15 17:00:00,41958.229440777286
2013-04-15 18:00:00,43087.492914194656
2013-04-15 19:00:00,42890.15990251357
2013-04-15 20:00:00,42122.73687675543
2013-04-15 21:00:00,40487.00305270491
2013-04-15 22:00:00,38669.31428297061
2013-04-15 23:00:00,36739.74527447265
2013-04-16 00:00:00,35654.33779873399
2013-04-16 01:00:00,34426.3888416029
2013-04-16 02:00:00,33658.90888222524
2013-04-16 03:00:00,32792.743439133854
2013-04-16 04:00:00,32376.09248331281
2013-04-16 05:00:00,33022.8830486447
2013-04-16 06:00:00,34360.37711060672
2013-04-16 07:00:00,36136.43114935599
2013-04-16 08:00:00,38055.04564737087
2013-04-16 09:00:00,39469.3351499536
2013-04-16 10:00:00,40861.73460944331
2013-04-16 11:00:00,41903.28608750324
2013-04-16 12:00:00,42506.31554452228
2013-04-16 13:00:00,42188.388028161295
2013-04-16 14:00:00,41815.65000363849
2013-04-16 15:00:00,40949.54149416663
2013-04-16 16:00:00,39272.07804976521
2013-04-16 17:00:00,42879.205392030475
2013-04-16 18:00:00,44293.53285035955
2013-04-16 19:00:00,43964.6318456423
2013-04-16 20:00:00,42539.3688547033
2013-04-16 21:00:00,40982.57582647449
2013-04-16 22:00:00,39085.946260918485
2013-04-16 23:00:00,37200.23325009924
2013-04-17 00:00:00,36158.68177203932
2013-04-17 01:00:00,35018.444810265675
2013-04-17 02:00:00,34141.3248566912
2013-04-17 03:00:00,33604.079396190245
2013-04-17 04:00:00,32858.508457778764
2013-04-17 05:00:00,33242.16303703831
2013-04-17 06:00:00,34645.44109551843
2013-04-17 07:00:00,36465.351131946416
2013-04-17 08:00:00,38208.5416392464
2013-04-17 09:00:00,39228.127162720615
2013-04-17 10:00:00,40291.6066396199
2013-04-17 11:00:00,41749.7900956277
2013-04-17 12:00:00,42133.53956425313
2013-04-17 13:00:00,41881.39604441023
2013-04-17 14:00:00,41508.65801988742
2013-04-17 15:00:00,40730.261505773015
2013-04-17 16:00:00,39710.63802655245
2013-04-17 17:00:00,43361.62136649644
2013-04-17 18:00:00,43986.54086660849
2013-04-17 19:00:00,44074.27183983911
2013-04-17 20:00:00,42692.864846578836
2013-04-17 21:00:00,41223.78381370747
2013-04-17 22:00:00,38757.026278328056
2013-04-17 23:00:00,36948.06126344658
2013-04-18 00:00:00,35983.25778132442
2013-04-18 01:00:00,35084.228806783765
2013-04-18 02:00:00,34426.3888416029
2013-04-18 03:00:00,33604.079396190245
2013-04-18 04:00:00,33318.99643340537
2013-04-18 05:00:00,33680.723013825555
2013-04-18 06:00:00,35062.07307346631
2013-04-18 07:00:00,36574.99112614322
2013-04-18 08:00:00,38208.5416392464
2013-04-18 09:00:00,39820.18313138338
2013-04-18 10:00:00,40949.44660480076
2013-04-18 11:00:00,41640.150101430896
2013-04-18 12:00:00,42287.03555612866
2013-04-18 13:00:00,42144.532030482565
2013-04-18 14:00:00,41991.073994353384
2013-04-18 15:00:00,40839.90149996983
2013-04-18 16:00:00,39929.91801494607
2013-04-18 17:00:00,43142.34137810283
2013-04-18 18:00:00,44293.53285035955
2013-04-18 19:00:00,44030.41584216039
2013-04-18 20:00:00,42758.648843096926
2013-04-18 21:00:00,41114.14381951065
2013-04-18 22:00:00,39085.946260918485
2013-04-18 23:00:00,37189.269250679565
2013-04-19 00:00:00,36136.753773199955
2013-04-19 01:00:00,35435.07678821355
2013-04-19 02:00:00,34404.46084276354
2013-04-19 03:00:00,34152.2793671743
2013-04-19 04:00:00,33384.78042992345
2013-04-19 05:00:00,34075.426992934066
2013-04-19 06:00:00,35412.9210548961
2013-04-19 07:00:00,37123.191097127274
2013-04-19 08:00:00,38076.97364621023
2013-04-19 09:00:00,39162.34316620253
2013-04-19 10:00:00,39874.97466167203
2013-04-19 11:00:00,39929.766191960676
2013-04-19 12:00:00,39896.88368263821
2013-04-19 13:00:00,39535.1001685985
2013-04-19 14:00:00,38592.2341742523
2013-04-19 15:00:00,32895.38752046902
2013-04-19 16:00:00,31829.715243685794
2013-04-19 17:00:00,35754.798569121805
2013-04-19 18:00:00,42681.82493566646
2013-04-19 19:00:00,43087.51189206782
2013-04-19 20:00:00,41344.29291795808
2013-04-19 21:00:00,39842.319886827674
2013-04-19 22:00:00,37463.27434680571
2013-04-19 23:00:00,35632.38133308487
2013-04-20 00:00:00,34645.649852123344
2013-04-20 01:00:00,33724.69287874333
2013-04-20 02:00:00,32935.2849205263
2013-04-20 03:00:00,31981.40748207747
2013-04-20 04:00:00,31970.424504784613
2013-04-20 05:00:00,31948.411105515966
2013-04-20 06:00:00,33307.83316631735
2013-04-20 07:00:00,34015.993661589695
2013-04-20 08:00:00,35303.08179303095
2013-04-20 09:00:00,35787.624144824746
2013-04-20 10:00:00,36943.201216849346
2013-04-20 11:00:00,38339.98627610693
2013-04-20 12:00:00,39554.806900744166
2013-04-20 13:00:00,37410.27708106434
2013-04-20 14:00:00,36344.61429321771
2013-04-20 15:00:00,34342.6354438669
2013-04-20 16:00:00,33873.40473551432
2013-04-20 17:00:00,37741.475263967994
2013-04-20 18:00:00,38586.771152415626
2013-04-20 19:00:00,38313.78654473875
2013-04-20 20:00:00,37965.18829681242
2013-04-20 21:00:00,36664.95285500413
2013-04-20 22:00:00,35046.80887470803
2013-04-20 23:00:00,33229.07266029081
2013-04-21 00:00:00,32255.497978632906
2013-04-21 01:00:00,31400.325001770965
2013-04-21 02:00:00,30775.377034849153
2013-04-21 03:00:00,30097.792381776282
2013-04-21 04:00:00,29727.190223517893
2013-04-21 05:00:00,30516.512781305635
2013-04-21 06:00:00,32395.628414599898
2013-04-21 07:00:00,34502.795235823534
2013-04-21 08:00:00,36296.42014045404
2013-04-21 09:00:00,37673.43204500986
2013-04-21 10:00:00,38798.30991865935
2013-04-21 11:00:00,40214.830176872376
2013-04-21 12:00:00,40927.499628088226
2013-04-21 13:00:00,40094.26413900223
2013-04-21 14:00:00,39535.138124344856
2013-04-21 15:00:00,37949.791252941926
2013-04-21 16:00:00,37618.706937277326
2013-04-21 17:00:00,41074.531087551
2013-04-21 18:00:00,42544.77494292045
2013-04-21 19:00:00,41850.77275752781
2013-04-21 20:00:00,40600.93375730371
2013-04-21 21:00:00,38465.241559715745
2013-04-21 22:00:00,36257.23441064081
2013-04-21 23:00:00,34344.11140127236
2013-04-22 00:00:00,33275.14992466323
2013-04-22 01:00:00,32036.236968112462
2013-04-22 02:00:00,31312.613006413518
2013-04-22 03:00:00,30786.331545332247
2013-04-22 04:00:00,30349.94539055577
2013-04-22 05:00:00,30933.144759253508
2013-04-22 06:00:00,33334.14676492459
2013-04-22 07:00:00,34472.09603744842
2013-04-22 08:00:00,36581.48412536575
2013-04-22 09:00:00,38454.068803691145
2013-04-22 10:00:00,39524.12668024224
2013-04-22 11:00:00,41135.80612812558
2013-04-22 12:00:00,41322.20360719674
2013-04-22 13:00:00,40982.348091996384
2013-04-22 14:00:00,40631.53806631295
2013-04-22 15:00:00,39590.0055661262
2013-04-22 16:00:00,38658.09408226308
2013-04-22 17:00:00,41673.16545586557
2013-04-22 18:00:00,42912.06892347976
2013-04-22 19:00:00,42232.31993733271
2013-04-22 20:00:00,40894.768941751165
2013-04-22 21:00:00,38897.22313685117
2013-04-22 22:00:00,36708.95118673167
2013-04-22 23:00:00,34761.839779162205
2013-04-23 00:00:00,33658.889904352065
2013-04-23 01:00:00,32277.444955345443
2013-04-23 02:00:00,31422.25300061033
2013-04-23 03:00:00,30777.5603457965
2013-04-23 04:00:00,30485.898983359817
2013-04-23 05:00:00,31150.231947763194
2013-04-23 06:00:00,33119.25237629884
2013-04-23 07:00:00,34629.97762909183
2013-04-23 08:00:00,36294.227340570105
2013-04-23 09:00:00,38030.85842609146
2013-04-23 10:00:00,39429.83628523298
2013-04-23 11:00:00,40982.310136250046
2013-04-23 12:00:00,41089.7668194995
2013-04-23 13:00:00,40885.864897103194
2013-04-23 14:00:00,40763.10605934912
2013-04-23 15:00:00,39221.61518562492
2013-04-23 16:00:00,38344.523698860205
2013-04-23 17:00:00,42703.78140131558
2013-04-23 18:00:00,43350.628900267
2013-04-23 19:00:00,42758.5919094774
2013-04-23 20:00:00,41421.04091389585
2013-04-23 21:00:00,39535.327903076606
2013-04-23 22:00:00,37228.64475922454
2013-04-23 23:00:00,35208.07455554322
2013-04-24 00:00:00,34031.665884621216
2013-04-24 01:00:00,32628.292936775233
2013-04-24 02:00:00,32145.87696230927
2013-04-24 03:00:00,31509.955507031187
2013-04-24 04:00:00,31181.016546567585
2013-04-24 05:00:00,31786.14391410469
2013-04-24 06:00:00,33864.80433683714
2013-04-24 07:00:00,35489.55518359481
2013-04-24 08:00:00,37134.069696117665
2013-04-24 09:00:00,38789.56718593338
2013-04-24 10:00:00,40181.96664542309
2013-04-24 11:00:00,41903.28608750324
2013-04-24 12:00:00,42659.81153639781
2013-04-24 13:00:00,42254.17202467938
2013-04-24 14:00:00,41881.43400015658
2013-04-24 15:00:00,41039.44628940801
2013-04-24 16:00:00,39381.71804396203
2013-04-24 17:00:00,43361.62136649644
2013-04-24 18:00:00,44136.74765865812
2013-04-24 19:00:00,43811.13585376677
2013-04-24 20:00:00,42539.3688547033
2013-04-24 21:00:00,40982.57582647449
2013-04-24 22:00:00,39239.44225279402
2013-04-24 23:00:00,37298.90924487638
2013-04-25 00:00:00,36202.537769718045
2013-04-25 01:00:00,35193.86880098057
2013-04-25 02:00:00,34097.46885901247
2013-04-25 03:00:00,33450.58340431471
2013-04-25 04:00:00,33253.21243688728
2013-04-25 05:00:00,33900.00300221917
2013-04-25 06:00:00,35347.13705837801
2013-04-25 07:00:00,36180.28714703471
2013-04-25 08:00:00,38285.28963518417
2013-04-25 09:00:00,39754.39913486531
2013-04-25 10:00:00,40883.66260828268
2013-04-25 11:00:00,41749.7900956277
2013-04-25 12:00:00,42023.89957005632
2013-04-25 13:00:00,40324.50812681553
2013-04-25 14:00:00,39322.43653560305
2013-04-25 15:00:00,37715.161665360756
2013-04-25 16:00:00,37938.85572033201
2013-04-25 17:00:00,42111.72543265281
2013-04-25 18:00:00,41678.61898876566
2013-04-25 19:00:00,40938.56800581036
2013-04-25 20:00:00,39443.13541858541
2013-04-25 21:00:00,37862.22159163329
2013-04-25 22:00:00,35443.70565370049
2013-04-25 23:00:00,33613.90903992161
2013-04-26 00:00:00,32628.273958902057
2013-04-26 01:00:00,31685.388986682672
2013-04-26 02:00:00,30632.8450423933
2013-04-26 03:00:00,30007.8875865349
2013-04-26 04:00:00,29437.74063883832
2013-04-26 05:00:00,30334.510390938933
2013-04-26 06:00:00,32430.71321274288
2013-04-26 07:00:00,33943.631265419805
2013-04-26 08:00:00,35039.94580695861
2013-04-26 09:00:00,36219.605721960164
2013-04-26 10:00:00,37193.18040361807
2013-04-26 11:00:00,38225.96068214225
2013-04-26 12:00:00,38480.334957615436
2013-04-26 13:00:00,36693.23151901721
2013-04-26 14:00:00,34555.28958792577
2013-04-26 15:00:00,33239.657102247
2013-04-26 16:00:00,34090.491924024005
2013-04-26 17:00:00,37316.07208648437
2013-04-26 18:00:00,37143.908828785614
2013-04-26 19:00:00,36923.55141832321
2013-04-26 20:00:00,35702.21881659028
2013-04-26 21:00:00,34224.36658418316
2013-04-26 22:00:00,31735.681049964394
2013-04-26 23:00:00,29854.353638913017
2013-04-27 00:00:00,28817.187760620967
2013-04-27 01:00:00,28216.379570295623
2013-04-27 02:00:00,27209.884423568907
2013-04-27 03:00:00,26650.710964228594
2013-04-27 04:00:00,26861.200775213296
2013-04-27 05:00:00,27483.87054182189
2013-04-27 06:00:00,29259.924580571154
2013-04-27 07:00:00,30959.23062338265
2013-04-27 08:00:00,32160.799559350395
2013-04-27 09:00:00,32985.2258931543
2013-04-27 10:00:00,34059.66936947326
2013-04-27 11:00:00,36134.02959286713
2013-04-27 12:00:00,37541.81660729075
2013-04-27 13:00:00,35425.79318610209
2013-04-27 14:00:00,34566.253587345454
2013-04-27 15:00:00,33390.9602942386
2013-04-27 16:00:00,32785.775993081974
2013-04-27 17:00:00,36963.03130517065
2013-04-27 18:00:00,37530.938008300356
2013-04-27 19:00:00,37197.65140381523
2013-04-27 20:00:00,36901.68035310337
2013-04-27 21:00:00,35614.6017105987
2013-04-27 22:00:00,33329.846565586
2013-04-27 23:00:00,31642.581944262976
2013-04-28 00:00:00,30799.47885569928
2013-04-28 01:00:00,29670.205893345315
2013-04-28 02:00:00,29185.59711899542
2013-04-28 03:00:00,28477.31326754744
2013-04-28 04:00:00,28277.749500236074
2013-04-28 05:00:00,28685.52487821892
2013-04-28 06:00:00,31325.542071239044
2013-04-28 07:00:00,33044.58331300597
2013-04-28 08:00:00,34472.010637019135
2013-04-28 09:00:00,35754.7321465657
2013-04-28 10:00:00,37261.1572000201
2013-04-28 11:00:00,38787.317452429925
2013-04-28 12:00:00,39806.97888739683
2013-04-28 13:00:00,39234.68658449924
2013-04-28 14:00:00,38785.200564038685
2013-04-28 15:00:00,37546.316074297676
2013-04-28 16:00:00,37351.18535143711
2013-04-28 17:00:00,41717.0214535443
2013-04-28 18:00:00,42495.43694553188
2013-04-28 19:00:00,42013.0399489391
2013-04-28 20:00:00,40675.48895335754
2013-04-28 21:00:00,39030.98392977128
2013-04-28 22:00:00,36564.22639439187
2013-04-28 23:00:00,34525.017391697096
2013-04-29 00:00:00,33329.969921761636
2013-04-29 01:00:00,32014.308969273097
2013-04-29 02:00:00,31290.68500757416
2013-04-29 03:00:00,30814.837943823415
2013-04-29 04:00:00,30672.28697349439
2013-04-29 05:00:00,31492.308729657238
2013-04-29 06:00:00,33362.65316341576
2013-04-29 07:00:00,35500.5191830145
2013-04-29 08:00:00,36761.29371584852
2013-04-29 09:00:00,38175.583218431246
2013-04-29 10:00:00,39853.04666283266
2013-04-29 11:00:00,41091.95013044685
2013-04-29 12:00:00,41300.27560835737
2013-04-29 13:00:00,41157.77208271128
2013-04-29 14:00:00,40785.03405818848
2013-04-29 15:00:00,39962.78154639535
2013-04-29 16:00:00,39272.07804976521
2013-04-29 17:00:00,42923.061389709204
2013-04-29 18:00:00,43361.59289968668
2013-04-29 19:00:00,42868.231903674205
2013-04-29 20:00:00,41771.88889532564
2013-04-29 21:00:00,39908.10388334576
2013-04-29 22:00:00,37594.84233984188
2013-04-29 23:00:00,35709.129329022646
2013-04-30 00:00:00,34667.57785096271
2013-04-30 01:00:00,33329.98889963481
2013-04-30 02:00:00,32343.228951863523
2013-04-30 03:00:00,31959.479483238105
2013-04-30 04:00:00,31608.612523935142
2013-04-30 05:00:00,32145.763095070222
2013-04-30 06:00:00,34141.097122213105
2013-04-30 07:00:00,35478.59118417514
2013-04-30 08:00:00,37177.925693796395
2013-04-30 09:00:00,38778.6031865137
2013-04-30 10:00:00,39962.68665702947
2013-04-30 11:00:00,41201.590124643655
2013-04-30 12:00:00,41848.47557934142
2013-04-30 13:00:00,41596.33205949853
2013-04-30 14:00:00,41004.314046582105
2013-04-30 15:00:00,40182.06153478897
2013-04-30 16:00:00,39710.63802655245
2013-04-30 17:00:00,43251.98137229963
2013-04-30 18:00:00,43690.51288227711
2013-04-30 19:00:00,43372.57587697953
2013-04-30 20:00:00,42210.44887211287
2013-04-30 21:00:00,40522.087850847885
2013-04-30 22:00:00,37879.90632475358
2013-04-30 23:00:00,35829.73332263913
2013-05-01 00:00:00,34623.72185328399
2013-05-01 01:00:00,33680.836881064606
2013-05-01 02:00:00,32474.7969448997
2013-05-01 03:00:00,31751.16349426417
2013-05-01 04:00:00,31213.908544826634
2013-05-01 05:00:00,31983.495903658946
2013-05-01 06:00:00,33943.74513265885
2013-05-01 07:00:00,35522.44718185386
2013-05-01 08:00:00,37199.853692635756
2013-05-01 09:00:00,38394.86320682487
2013-05-01 10:00:00,40181.96664542309
2013-05-01 11:00:00,41420.87011303728
2013-05-01 12:00:00,41738.83558514462
2013-05-01 13:00:00,41442.836067622986
2013-05-01 14:00:00,41048.17004426082
2013-05-01 15:00:00,39886.033550457585
2013-05-01 16:00:00,39381.71804396203
2013-05-01 17:00:00,42703.78140131558
2013-05-01 18:00:00,43613.76488633934
2013-05-01 19:00:00,43262.935882782724
2013-05-01 20:00:00,42254.3048697916
2013-05-01 21:00:00,40719.43984040215
2013-05-01 22:00:00,38647.38628413125
2013-05-01 23:00:00,36783.601272151376
2013-05-02 00:00:00,35763.977792930804
2013-05-02 01:00:00,34316.748847406096
2013-05-02 02:00:00,33768.54887642205
2013-05-02 03:00:00,32902.383433330666
2013-05-02 04:00:00,32595.37247170643
2013-05-02 05:00:00,33242.16303703831
2013-05-02 06:00:00,34798.93708739396
2013-05-02 07:00:00,36355.71113774961
2013-05-02 08:00:00,37550.70167406555
2013-05-02 09:00:00,39271.983160399344
2013-05-02 10:00:00,40401.246633816714
2013-05-02 11:00:00,41420.87011303728
2013-05-02 12:00:00,41738.83558514462
2013-05-02 13:00:00,41442.836067622986
2013-05-02 14:00:00,41048.17004426082
2013-05-02 15:00:00,39886.033550457585
2013-05-02 16:00:00,39381.71804396203
2013-05-02 17:00:00,42484.50141292196
2013-05-02 18:00:00,43613.76488633934
2013-05-02 19:00:00,43262.935882782724
2013-05-02 20:00:00,42254.3048697916
2013-05-02 21:00:00,40929.94862926002
2013-05-02 22:00:00,38757.026278328056
2013-05-02 23:00:00,36948.06126344658
2013-05-03 00:00:00,35983.25778132442
2013-05-03 01:00:00,34536.02883579971
2013-05-03 02:00:00,33987.82886481567
2013-05-03 03:00:00,33121.66342172428
2013-05-03 04:00:00,32814.65246010004
2013-05-03 05:00:00,33461.44302543194
2013-05-03 06:00:00,35018.21707578758
2013-05-03 07:00:00,36574.99112614322
2013-05-03 08:00:00,37879.621656655974
2013-05-03 09:00:00,39600.903142989766
2013-05-03 10:00:00,40620.52662221033
2013-05-03 11:00:00,41640.150101430896
2013-05-03 12:00:00,41738.83558514462
2013-05-03 13:00:00,41662.1160560166
2013-05-03 14:00:00,41157.81003845764
2013-05-03 15:00:00,39962.78154639535
2013-05-03 16:00:00,39491.35803815883
2013-05-03 17:00:00,42265.22142452835
2013-05-03 18:00:00,43339.66490084731
2013-05-03 19:00:00,43262.935882782724
2013-05-03 20:00:00,42758.648843096926
2013-05-03 21:00:00,41114.14381951065
2013-05-03 22:00:00,38866.666272524875
2013-05-03 23:00:00,37190.907682783734
2013-05-04 00:00:00,36277.30636261958
2013-05-04 01:00:00,34608.38553860766
2013-05-04 02:00:00,34060.18556762361
2013-05-04 03:00:00,33195.226069579025
2013-05-04 04:00:00,32671.347009654764
2013-05-04 05:00:00,33328.991080407846
2013-05-04 06:00:00,33540.70054328464
2013-05-04 07:00:00,34695.313956254
2013-05-04 08:00:00,35331.03002816772
2013-05-04 09:00:00,36231.87477370124
2013-05-04 10:00:00,36996.36570175773
2013-05-04 11:00:00,38929.618967952214
2013-05-04 12:00:00,40138.848047774765
2013-05-04 13:00:00,38150.77478448188
2013-05-04 14:00:00,37453.064196717205
2013-05-04 15:00:00,35846.33800089273
2013-05-04 16:00:00,34768.27668943336
2013-05-04 17:00:00,39492.964207878606
2013-05-04 18:00:00,40112.73034359531
2013-05-04 19:00:00,39801.15264773988
2013-05-04 20:00:00,39153.67634496925
2013-05-04 21:00:00,37955.40704665765
2013-05-04 22:00:00,35935.433910970736
2013-05-04 23:00:00,34035.468649799564
2013-05-05 00:00:00,32988.1065367153
2013-05-05 01:00:00,31977.02567788423
2013-05-05 02:00:00,31075.78492558646
2013-05-05 03:00:00,30305.11582255113
2013-05-05 04:00:00,30064.107947654637
2013-05-05 05:00:00,30631.847223166336
2013-05-05 06:00:00,32124.151818261864
2013-05-05 07:00:00,33811.61560302772
2013-05-05 08:00:00,35092.01484081867
2013-05-05 09:00:00,36043.29398368272
2013-05-05 10:00:00,37555.52967216145
2013-05-05 11:00:00,39162.05575564944
2013-05-05 12:00:00,39906.41126007753
2013-05-05 13:00:00,39760.28989929105
2013-05-05 14:00:00,39382.72809458105
2013-05-05 15:00:00,38006.245886569865
2013-05-05 16:00:00,38517.96449096424
2013-05-05 17:00:00,41514.72570086776
2013-05-05 18:00:00,42022.65904250373
2013-05-05 19:00:00,41469.873359415324
2013-05-05 20:00:00,41114.03944120819
2013-05-05 21:00:00,39139.51898398319
2013-05-05 22:00:00,36654.67227290181
2013-05-05 23:00:00,34504.727824961905
2013-05-06 00:00:00,33207.38652510892
2013-05-06 01:00:00,32525.22564886828
2013-05-06 02:00:00,31777.48088844604
2013-05-06 03:00:00,30653.771004096987
2013-05-06 04:00:00,30564.066321192095
2013-05-06 05:00:00,31147.155195891344
2013-05-06 06:00:00,33172.31016278336
2013-05-06 07:00:00,34809.33955021868
2013-05-06 08:00:00,36591.88996143103
2013-05-06 09:00:00,37959.80108224295
2013-05-06 10:00:00,39333.8903780337
2013-05-06 11:00:00,40905.33166337871
2013-05-06 12:00:00,41057.63119914403
2013-05-06 13:00:00,40308.48987027509
2013-05-06 14:00:00,39733.57607601084
2013-05-06 15:00:00,38839.509842465624
2013-05-06 16:00:00,38846.884473554666
2013-05-06 17:00:00,42062.925671851815
2013-05-06 18:00:00,42428.32702103192
2013-05-06 19:00:00,41965.4461331849
2013-05-06 20:00:00,40576.80346964383
2013-05-06 21:00:00,38696.57340742808
2013-05-06 22:00:00,36211.7266963467
2013-05-06 23:00:00,34173.61504248754
2013-05-07 00:00:00,32988.1065367153
2013-05-07 01:00:00,32305.945660474663
2013-05-07 02:00:00,31428.825706900185
2013-05-07 03:00:00,30430.105415935494
2013-05-07 04:00:00,30070.68634730645
2013-05-07 05:00:00,30577.02722606793
2013-05-07 06:00:00,32852.16137972868
2013-05-07 07:00:00,34263.332379118576
2013-05-07 08:00:00,36278.31957802815
2013-05-07 09:00:00,37712.014695358164
2013-05-07 10:00:00,38994.006396023586
2013-05-07 11:00:00,40795.691669181906
2013-05-07 12:00:00,41222.091190439234
2013-05-07 13:00:00,40527.769858668704
2013-05-07 14:00:00,40259.84804815552
2013-05-07 15:00:00,38576.37385639327
2013-05-07 16:00:00,38452.18049444615
2013-05-07 17:00:00,41734.00568926139
2013-05-07 18:00:00,42439.2910204516
2013-05-07 19:00:00,41921.59013550617
2013-05-07 20:00:00,40467.16347544702
2013-05-07 21:00:00,38455.3654201951
2013-05-07 22:00:00,36270.93229321297
2013-05-07 23:00:00,34334.78583395685
2013-05-08 00:00:00,33251.242522787645
2013-05-08 01:00:00,31670.033694133166
2013-05-08 02:00:00,30775.3713414872
2013-05-08 03:00:00,30180.126229166766
2013-05-08 04:00:00,29893.069556707618
2013-05-08 05:00:00,30772.18641573825
2013-05-08 06:00:00,33185.46696208698
2013-05-08 07:00:00,34925.5579440673
2013-05-08 08:00:00,36105.08838719719
2013-05-08 09:00:00,37600.181901277414
2013-05-08 10:00:00,38700.17121157614
2013-05-08 11:00:00,40604.91807927946
2013-05-08 12:00:00,40871.24320900945
2013-05-08 13:00:00,40341.38186853413
2013-05-08 14:00:00,39950.66326452052
2013-05-08 15:00:00,38379.02186683902
2013-05-08 16:00:00,38101.332513016365
2013-05-08 17:00:00,40900.74173336564
2013-05-08 18:00:00,40893.367102276585
2013-05-08 19:00:00,39722.21185191818
2013-05-08 20:00:00,38278.74919127871
2013-05-08 21:00:00,36609.02791792084
2013-05-08 22:00:00,33784.29722482934
2013-05-08 23:00:00,31665.051975264545
2013-05-09 00:00:00,30398.409873786666
2013-05-09 01:00:00,27913.76749295048
2013-05-09 02:00:00,26422.66357187387
2013-05-09 03:00:00,26233.08643808163
2013-05-09 04:00:00,26325.384145543438
2013-05-09 05:00:00,27265.89940132429
2013-05-09 06:00:00,29804.16954105738
2013-05-09 07:00:00,32074.918094950262
2013-05-09 08:00:00,33589.946920322385
2013-05-09 09:00:00,34938.122842178884
2013-05-09 10:00:00,36103.89614899569
2013-05-09 11:00:00,37877.07502366284
2013-05-09 12:00:00,38643.358526930286
2013-05-09 13:00:00,38181.47398285699
2013-05-09 14:00:00,37689.88658418231
2013-05-09 15:00:00,36499.79236630571
2013-05-09 16:00:00,36375.59900435858
2013-05-09 17:00:00,40374.46976122095
2013-05-09 18:00:00,39811.220359554085
2013-05-09 19:00:00,38862.6342974152
2013-05-09 20:00:00,37835.803614723605
2013-05-09 21:00:00,35775.76396202508
2013-05-09 22:00:00,33505.811639569445
2013-05-09 23:00:00,31430.42238768337
2013-05-10 00:00:00,30207.636283884214
2013-05-10 01:00:00,29073.758631552722
2013-05-10 02:00:00,28146.204280647715
2013-05-10 03:00:00,27597.00796588994
2013-05-10 04:00:00,27371.349690181
2013-05-10 05:00:00,28557.458532962704
2013-05-10 06:00:00,30904.95508279335
2013-05-10 07:00:00,33188.860435989845
2013-05-10 08:00:00,34537.23647018282
2013-05-10 09:00:00,37078.295528900606
2013-05-10 10:00:00,37443.69687808071
2013-05-10 11:00:00,38701.567780022844
2013-05-10 12:00:00,39292.4272925754
2013-05-10 13:00:00,38609.06996022455
2013-05-10 14:00:00,38060.469764567526
2013-05-10 15:00:00,37080.8843355488
2013-05-10 16:00:00,36954.49817371774
2013-05-10 17:00:00,40484.10975541776
2013-05-10 18:00:00,40057.91034649691
2013-05-10 19:00:00,39281.45907524701
2013-05-10 20:00:00,38022.19160485817
2013-05-10 21:00:00,35582.7975722387
2013-05-10 22:00:00,33521.161238757
2013-05-10 23:00:00,31449.06118669683
2013-05-11 00:00:00,30229.56428272358
2013-05-11 01:00:00,28709.753850819317
2013-05-11 02:00:00,27878.6826948075
2013-05-11 03:00:00,27200.111186897488
2013-05-11 04:00:00,27116.984903644396
2013-05-11 05:00:00,27779.01457416536
2013-05-11 06:00:00,29453.32155962759
2013-05-11 07:00:00,31134.206944741636
2013-05-11 08:00:00,31980.431805513228
2013-05-11 09:00:00,32580.862966947487
2013-05-11 10:00:00,33786.106671675145
2013-05-11 11:00:00,35429.91035319005
2013-05-11 12:00:00,37134.712206782184
2013-05-11 13:00:00,34914.20215579207
2013-05-11 14:00:00,34120.0083731342
2013-05-11 15:00:00,32633.886170926213
2013-05-11 16:00:00,32071.13283219185
2013-05-11 17:00:00,36688.37315632422
2013-05-11 18:00:00,36647.01012703416
2013-05-11 19:00:00,36237.852836343576
2013-05-11 20:00:00,35327.2405475006
2013-05-11 21:00:00,33852.67846381305
2013-05-11 22:00:00,31766.921331608046
2013-05-11 23:00:00,29788.01527461517
2013-05-12 00:00:00,28661.7123657092
2013-05-12 01:00:00,27606.77550919941
2013-05-12 02:00:00,26698.956357249823
2013-05-12 03:00:00,26068.626446786417
2013-05-12 04:00:00,26125.83935610524
2013-05-12 05:00:00,27167.223406547157
2013-05-12 06:00:00,29363.416764386206
2013-05-12 07:00:00,31226.304539866956
2013-05-12 08:00:00,32502.318177890033
2013-05-12 09:00:00,33466.7541200577
2013-05-12 10:00:00,34972.411408884625
2013-05-12 11:00:00,36942.942273106026
2013-05-12 12:00:00,37823.251370338156
2013-05-12 13:00:00,36982.01244634389
2013-05-12 14:00:00,36878.55062712592
2013-05-12 15:00:00,35701.61320855294
2013-05-12 16:00:00,36055.4502213039
2013-05-12 17:00:00,39826.26979023691
2013-05-12 18:00:00,39704.86956518317
2013-05-12 19:00:00,38638.9687092537
2013-05-12 20:00:00,37316.11004223072
2013-05-12 21:00:00,35538.94157455997
2013-05-12 22:00:00,33258.02525268465
2013-05-12 23:00:00,31048.875207878475
2013-05-13 00:00:00,29692.328311159214
2013-05-13 01:00:00,28635.198654765485
2013-05-13 02:00:00,27709.837103744412
2013-05-13 03:00:00,27099.24239223642
2013-05-13 04:00:00,26880.162516179294
2013-05-13 05:00:00,28191.26095234536
2013-05-13 06:00:00,30779.965489408984
2013-05-13 07:00:00,33050.71404330186
2013-05-13 08:00:00,34528.46527064707
2013-05-13 09:00:00,35856.90599354814
2013-05-13 10:00:00,37154.247293401124
2013-05-13 11:00:00,38769.544576424865
2013-05-13 12:00:00,38316.631344223795
2013-05-13 13:00:00,38334.96997473253
2013-05-13 14:00:00,37738.12818162891
2013-05-13 15:00:00,36602.85396085071
2013-05-13 16:00:00,36763.72458381529
2013-05-13 17:00:00,40089.40577630925
2013-05-13 18:00:00,40065.585146090685
2013-05-13 19:00:00,39384.520669792015
2013-05-13 20:00:00,38033.155604277854
2013-05-13 21:00:00,36231.86633788381
2013-05-13 22:00:00,33446.60604270316
2013-05-13 23:00:00,31306.52919424098
2013-05-14 00:00:00,30019.055493865704
2013-05-14 01:00:00,28977.27543665953
2013-05-14 02:00:00,28108.9266826208
2013-05-14 03:00:00,27445.704773898346
2013-05-14 04:00:00,27169.612100858867
2013-05-14 05:00:00,28303.093746426108
2013-05-14 06:00:00,30795.315088596537
2013-05-14 07:00:00,32870.90445281909
2013-05-14 08:00:00,34335.49888086069
2013-05-14 09:00:00,35911.725990646555
2013-05-14 10:00:00,37601.5784697241
2013-05-14 11:00:00,39151.091756229755
2013-05-14 12:00:00,39138.93130069987
2013-05-14 13:00:00,38334.96997473253
2013-05-14 14:00:00,37825.840176986356
2013-05-14 15:00:00,36909.84594460177
2013-05-14 16:00:00,37202.28456060253
2013-05-14 17:00:00,40308.68576470287
2013-05-14 18:00:00,40158.779141157975
2013-05-14 19:00:00,40013.8542364817
2013-05-14 20:00:00,38478.293980716895
2013-05-14 21:00:00,36637.534316412006
2013-05-14 22:00:00,33896.13001891008
2013-05-14 23:00:00,31782.366769055126
2013-05-15 00:00:00,30521.206667287093
2013-05-15 01:00:00,29415.835413446766
2013-05-15 02:00:00,28269.001074148142
2013-05-15 03:00:00,27958.81994673941
2013-05-15 04:00:00,27842.801665227278
2013-05-15 05:00:00,29026.717708125052
2013-05-15 06:00:00,31766.725437180266
2013-05-15 07:00:00,33644.96281184857
2013-05-15 08:00:00,35050.35164302389
2013-05-15 09:00:00,36163.89797729921
2013-05-15 10:00:00,37456.85367738432
2013-05-15 11:00:00,38931.811767836145
2013-05-15 12:00:00,39467.85128329029
2013-05-15 13:00:00,38663.88995732295
2013-05-15 14:00:00,38286.32815261296
2013-05-15 15:00:00,37238.76592719221
2013-05-15 16:00:00,37640.84453738976
2013-05-15 17:00:00,40527.96575309648
2013-05-15 18:00:00,40174.12874034551
2013-05-15 19:00:00,38952.539092656574
2013-05-15 20:00:00,37436.71403584722
2013-05-15 21:00:00,35762.60716272147
2013-05-15 22:00:00,32994.889266612314
2013-05-15 23:00:00,31062.03200718209
2013-05-16 00:00:00,29981.777895838786
2013-05-16 01:00:00,28497.052262077505
2013-05-16 02:00:00,27874.297095039627
2013-05-16 03:00:00,27421.583975175046
2013-05-16 04:00:00,27049.008107242378
2013-05-16 05:00:00,28219.76735083653
2013-05-16 06:00:00,31097.921472579732
2013-05-16 07:00:00,33094.57004098059
2013-05-16 08:00:00,34440.75327528963
2013-05-16 09:00:00,35604.73400689549
2013-05-16 10:00:00,37033.643299784635
2013-05-16 11:00:00,38574.38538675454
2013-05-16 12:00:00,38770.54092019859
2013-05-16 13:00:00,38054.29158958868
2013-05-16 14:00:00,37516.65539335136
2013-05-16 15:00:00,36664.252357600926
2013-05-16 16:00:00,36379.98460412645
2013-05-16 17:00:00,40010.464980487544
2013-05-16 18:00:00,39276.177187873654
2013-05-16 19:00:00,38500.822316565725
2013-05-16 20:00:00,37226.20524698934
2013-05-16 21:00:00,35192.479192898056
2013-05-16 22:00:00,32481.77409377124
2013-05-16 23:00:00,30460.108439041607
2013-05-17 00:00:00,29291.045932398887
2013-05-17 01:00:00,28152.782680299522
2013-05-17 02:00:00,27312.940324751962
2013-05-17 03:00:00,26612.44081800259
2013-05-17 04:00:00,26921.825713974074
2013-05-17 05:00:00,28270.201748167063
2013-05-17 06:00:00,30571.649500435047
2013-05-17 07:00:00,32778.80685769377
2013-05-17 08:00:00,34142.53249107431
2013-05-17 09:00:00,35624.46920585091
2013-05-17 10:00:00,36680.602518470914
2013-05-17 11:00:00,38284.935802074964
2013-05-17 12:00:00,38766.15532043071
2013-05-17 13:00:00,37935.88039585613
2013-05-17 14:00:00,37233.78420832358
2013-05-17 15:00:00,36252.00597942092
2013-05-17 16:00:00,36101.499018866554
2013-05-17 17:00:00,39653.03859940594
2013-05-17 18:00:00,38632.59042193838
2013-05-17 19:00:00,38016.213542215824
2013-05-17 20:00:00,36432.41168900444
2013-05-17 21:00:00,34501.74722945816
2013-05-17 22:00:00,31894.103724876342
2013-05-17 23:00:00,29851.606471249317
2013-05-18 00:00:00,28661.7123657092
2013-05-18 01:00:00,27514.67791407409
2013-05-18 02:00:00,26944.54994425068
2013-05-18 03:00:00,26461.13762601099
2013-05-18 04:00:00,26092.947357846202
2013-05-18 05:00:00,27081.704211073647
2013-05-18 06:00:00,28584.972805588863
2013-05-18 07:00:00,30603.549372829082
2013-05-18 08:00:00,31237.072644858865
2013-05-18 09:00:00,31905.48060269514
2013-05-18 10:00:00,32926.52911717216
2013-05-18 11:00:00,34783.034387428874
2013-05-18 12:00:00,35985.68506759963
2013-05-18 13:00:00,33881.39341045813
2013-05-18 14:00:00,32716.61644741504
2013-05-18 15:00:00,31563.799827565348
2013-05-18 16:00:00,31683.007252735148
2013-05-18 17:00:00,35324.451628515904
2013-05-18 18:00:00,35003.506614023994
2013-05-18 19:00:00,34516.504927453665
2013-05-18 20:00:00,33871.22142456697
2013-05-18 21:00:00,32168.60815295005
2013-05-18 22:00:00,29729.810239431325
2013-05-18 23:00:00,27773.92858121978
2013-05-19 00:00:00,26670.650071095144
2013-05-19 01:00:00,25611.32761481748
2013-05-19 02:00:00,25054.35644429769
2013-05-19 03:00:00,24809.959313407042
2013-05-19 04:00:00,24404.49144721534
2013-05-19 05:00:00,25871.27867514087
2013-05-19 06:00:00,28639.792802687265
2013-05-19 07:00:00,30544.343775962807
2013-05-19 08:00:00,31541.871828725994
2013-05-19 09:00:00,31826.53980687344
2013-05-19 10:00:00,33174.31550405695
2013-05-19 11:00:00,35052.74877315303
2013-05-19 12:00:00,35439.67789649952
2013-05-19 13:00:00,34903.23815637239
2013-05-19 14:00:00,33545.49480354292
2013-05-19 15:00:00,33105.33814597249
2013-05-19 16:00:00,34119.20792378824
2013-05-19 17:00:00,37449.27471605008
2013-05-19 18:00:00,36995.66530858002
2013-05-19 19:00:00,36237.852836343576
2013-05-19 20:00:00,35009.28456432986
2013-05-19 21:00:00,33039.14970687272
2013-05-19 22:00:00,30286.78140995112
2013-05-19 23:00:00,28089.69176450659
2013-05-20 00:00:00,26745.205267148973
2013-05-20 01:00:00,25922.705198336418
2013-05-20 02:00:00,25295.564431530667
2013-05-20 03:00:00,24820.923312826726
2013-05-20 04:00:00,24764.110628180875
2013-05-20 05:00:00,26176.077859008
2013-05-20 06:00:00,28644.178402455138
2013-05-20 07:00:00,31656.09331711845
2013-05-20 08:00:00,32754.4901645427
2013-05-20 09:00:00,33370.270925164514
2013-05-20 10:00:00,34413.247438480896
2013-05-20 11:00:00,35989.07432359378
2013-05-20 12:00:00,36558.00583730697
2013-05-20 13:00:00,35324.25573408814
2013-05-20 14:00:00,34543.21875073388
2013-05-20 15:00:00,33620.64611869749
2013-05-20 16:00:00,33753.0103431709
2013-05-20 17:00:00,37317.70672301391
2013-05-20 18:00:00,36505.57453452028
2013-05-20 19:00:00,35851.92005677081
2013-05-20 20:00:00,34384.33659740804
2013-05-20 21:00:00,32304.561745754098
2013-05-20 22:00:00,29488.602252198347
2013-05-20 23:00:00,27407.731000602438
2013-05-21 00:00:00,26179.462897093435
2013-05-21 01:00:00,24922.788451261516
2013-05-21 02:00:00,24560.976470412046
2013-05-21 03:00:00,23956.960158555867
2013-05-21 04:00:00,23954.967471008422
2013-05-21 05:00:00,25706.818683845657
2013-05-21 06:00:00,28598.129604892478
2013-05-21 07:00:00,30559.693375150353
2013-05-21 08:00:00,31943.15420748631
2013-05-21 09:00:00,32780.40775638568
2013-05-21 10:00:00,34209.317049274825
2013-05-21 11:00:00,35651.38314146761
2013-05-21 12:00:00,36277.32745216314
2013-05-21 13:00:00,35043.57734894431
2013-05-21 14:00:00,34433.57875653708
2013-05-21 15:00:00,33353.12453285728
2013-05-21 16:00:00,33588.55035187569
2013-05-21 17:00:00,36765.12115226199
2013-05-21 18:00:00,36421.15173898874
2013-05-21 19:00:00,35788.32886013666
2013-05-21 20:00:00,34382.1437975241
2013-05-21 21:00:00,32203.692951093035
2013-05-21 22:00:00,29370.191058465793
2013-05-21 23:00:00,27278.355807450196
2013-05-22 00:00:00,26039.12370452152
2013-05-22 01:00:00,25043.392444878005
2013-05-22 02:00:00,24563.16927029598
2013-05-22 03:00:00,24224.481744396082
2013-05-22 04:00:00,24255.38105510767
2013-05-22 05:00:00,25608.14268906853
2013-05-22 06:00:00,29084.931179126314
2013-05-22 07:00:00,31059.651748687804
2013-05-22 08:00:00,32502.318177890033
2013-05-22 09:00:00,33324.22212760185
2013-05-22 10:00:00,34174.232251131856
2013-05-22 11:00:00,35421.1391536543
2013-05-22 12:00:00,36215.929055412926
2013-05-22 13:00:00,35499.679724803034
2013-05-22 14:00:00,34413.84355758165
2013-05-22 15:00:00,33743.44291219792
2013-05-22 16:00:00,33551.272753848774
2013-05-22 17:00:00,37508.480312916356
2013-05-22 18:00:00,36412.38053945299
2013-05-22 19:00:00,35542.735273135804
2013-05-22 20:00:00,34555.37498835506
2013-05-22 21:00:00,32427.358539254525
2013-05-22 22:00:00,29440.360654751752
2013-05-22 23:00:00,27522.85299450908
2013-05-23 00:00:00,26457.948482353335
2013-05-23 01:00:00,25446.867623522267
2013-05-23 02:00:00,24714.47246228758
2013-05-23 03:00:00,24360.435337200124
2013-05-23 04:00:00,24463.697044081615
2013-05-23 05:00:00,25787.952279551297
2013-05-23 06:00:00,28727.504798044713
2013-05-23 07:00:00,31478.476526519615
2013-05-23 08:00:00,32609.76537220291
2013-05-23 09:00:00,33212.3893335211
2013-05-23 10:00:00,34422.018638016634
2013-05-23 11:00:00,35627.2623427443
2013-05-23 12:00:00,36483.45064125314
2013-05-23 13:00:00,35216.808539775266
2013-05-23 14:00:00,34626.54514632346
2013-05-23 15:00:00,33655.730916840475
2013-05-23 16:00:00,34156.485521815164
2013-05-23 17:00:00,37100.61953450422
2013-05-23 18:00:00,36637.142527556454
2013-05-23 19:00:00,36104.09204342347
2013-05-23 20:00:00,34373.37259798836
2013-05-23 21:00:00,32493.142535772608
2013-05-23 22:00:00,29468.86705324292
2013-05-23 23:00:00,27497.63579584382
2013-05-24 00:00:00,26379.00768653163
2013-05-24 01:00:00,25427.132424566837
2013-05-24 02:00:00,24679.3876641446
2013-05-24 03:00:00,24176.24014694949
2013-05-24 04:00:00,24117.234662419698
2013-05-24 05:00:00,25722.168283033207
2013-05-24 06:00:00,28815.216793402164
2013-05-24 07:00:00,31381.99333162642
2013-05-24 08:00:00,32370.750184853863
2013-05-24 09:00:00,33304.48692864642
2013-05-24 10:00:00,34479.03143499898
2013-05-24 11:00:00,36026.35192162069
2013-05-24 12:00:00,36386.96744635995
2013-05-24 13:00:00,35240.92933849856
2013-05-24 14:00:00,34339.28836152782
2013-05-24 15:00:00,33037.36134957046
2013-05-24 16:00:00,33891.15673585889
2013-05-24 17:00:00,37273.850725335185
2013-05-24 18:00:00,36189.81135123347
2013-05-24 19:00:00,34659.03691990952
2013-05-24 20:00:00,34498.362191372726
2013-05-24 21:00:00,32245.356148887822
2013-05-24 22:00:00,29466.674253358982
2013-05-24 23:00:00,27337.561404316475
2013-05-25 00:00:00,26061.05170336088
2013-05-25 01:00:00,25117.947640931838
2013-05-25 02:00:00,24508.349273197575
2013-05-25 03:00:00,24027.129754841822
2013-05-25 04:00:00,23726.916283079056
2013-05-25 05:00:00,24687.16673781533
2013-05-25 06:00:00,26817.57609913629
2013-05-25 07:00:00,29254.97744420832
2013-05-25 08:00:00,29498.182336897466
2013-05-25 09:00:00,30445.07587999364
2013-05-25 10:00:00,31262.194005264595
2013-05-25 11:00:00,33077.03607772652
2013-05-25 12:00:00,34275.301158129405
2013-05-25 13:00:00,31528.5191349946
2013-05-25 14:00:00,30012.89419052172
2013-05-25 15:00:00,29004.802363011822
2013-05-25 16:00:00,29606.425762647577
2013-05-25 17:00:00,32925.52855548972
2013-05-25 18:00:00,32935.69632347217
2013-05-25 19:00:00,32525.44263283961
2013-05-25 20:00:00,31948.135926354935
2013-05-25 21:00:00,30002.121867621103
2013-05-25 22:00:00,27666.385548647377
2013-05-25 23:00:00,25949.51907778487
2013-05-26 00:00:00,25085.25575500928
2013-05-26 01:00:00,23692.627716373318
2013-05-26 02:00:00,23166.355744228633
2013-05-26 03:00:00,22816.704218909053
2013-05-26 04:00:00,22836.639530200962
2013-05-26 05:00:00,24472.27234918958
2013-05-26 06:00:00,27275.871274878955
2013-05-26 07:00:00,29945.70940764822
2013-05-26 08:00:00,31044.106255072475
2013-05-26 09:00:00,31482.270225095457
2013-05-26 10:00:00,32735.75552726971
2013-05-26 11:00:00,34092.30242398898
2013-05-26 12:00:00,34944.10512272994
2013-05-26 13:00:00,33819.995013707914
2013-05-26 14:00:00,32986.33083313919
2013-05-26 15:00:00,31943.15420748631
2013-05-26 16:00:00,32926.32478692696
2013-05-26 17:00:00,35491.10441969506
2013-05-26 18:00:00,35947.50696405852
2013-05-26 19:00:00,35163.380893214846
2013-05-26 20:00:00,33991.825418183456
2013-05-26 21:00:00,31841.88097024356
2013-05-26 22:00:00,28887.77508399983
2013-05-26 23:00:00,26974.653023525036
2013-05-27 00:00:00,25914.13411113716
2013-05-27 01:00:00,24613.603667626514
2013-05-27 02:00:00,24201.35728944651
2013-05-27 03:00:00,23770.57216842129
2013-05-27 04:00:00,23700.60268447182
2013-05-27 05:00:00,25323.078704156826
2013-05-27 06:00:00,28163.955227873113
2013-05-27 07:00:00,30939.047755071315
2013-05-27 08:00:00,32254.53179100525
2013-05-27 09:00:00,32839.61335325196
2013-05-27 10:00:00,33777.335472139406
2013-05-27 11:00:00,34899.25278127749
2013-05-27 12:00:00,35560.281890116006
2013-05-27 13:00:00,34495.377377960256
2013-05-27 14:00:00,33137.634025130785
2013-05-27 15:00:00,32539.595775916954
2013-05-27 16:00:00,33507.41675617005
2013-05-27 17:00:00,36085.35318824177
2013-05-27 18:00:00,35525.39298640081
2013-05-27 19:00:00,34882.702508071015
2013-05-27 20:00:00,33586.15743965527
2013-05-27 21:00:00,31670.842579296543
2013-05-27 22:00:00,28861.461485392596
2013-05-27 23:00:00,26759.758634899288
2013-05-28 00:00:00,25510.6589324929
2013-05-28 01:00:00,24291.262084687896
2013-05-28 02:00:00,23703.591715792994
2013-05-28 03:00:00,23367.096989777034
2013-05-28 04:00:00,23297.12750582756
2013-05-28 05:00:00,25103.7987157632
2013-05-28 06:00:00,28157.376828221302
2013-05-28 07:00:00,30724.15336644557
2013-05-28 08:00:00,31454.15983336854
2013-05-28 09:00:00,32131.33899074057
2013-05-28 10:00:00,33248.870700110776
2013-05-28 11:00:00,34980.38637698313
2013-05-28 12:00:00,34768.681132015045
2013-05-28 13:00:00,34142.336596646535
2013-05-28 14:00:00,32889.847638246
2013-05-28 15:00:00,32226.025392514082
2013-05-28 16:00:00,33046.92878054345
2013-05-28 17:00:00,35912.12199741081
2013-05-28 18:00:00,35527.58578628474
2013-05-28 19:00:00,35143.64569425942
2013-05-28 20:00:00,33612.4710382625
2013-05-28 21:00:00,31745.397775350375
2013-05-28 22:00:00,28887.77508399983
2013-05-28 23:00:00,26588.72024395227
2013-05-29 00:00:00,25142.26855199162
2013-05-29 01:00:00,24332.92528248268
2013-05-29 02:00:00,23692.627716373318
2013-05-29 03:00:00,23340.7833911698
2013-05-29 04:00:00,23351.94750292597
2013-05-29 05:00:00,25252.90910787087
2013-05-29 06:00:00,28234.12482415907
2013-05-29 07:00:00,31228.497339750887
2013-05-29 08:00:00,32138.31339715663
2013-05-29 09:00:00,32640.068563813762
2013-05-29 10:00:00,33755.40747330004
2013-05-29 11:00:00,35127.303969206856
2013-05-29 12:00:00,35128.30031298058
2013-05-29 13:00:00,34199.34939362887
2013-05-29 14:00:00,33435.85480934611
2013-05-29 15:00:00,32864.13015873951
2013-05-29 16:00:00,33187.26797311536
2013-05-29 17:00:00,36199.37878220645
2013-05-29 18:00:00,35711.78097653538
2013-05-29 19:00:00,34860.774509231655
2013-05-29 20:00:00,33869.02862468303
2013-05-29 21:00:00,31773.904173841544
2013-05-29 22:00:00,28784.71348945483
2013-05-29 23:00:00,26604.069843139823
2013-05-30 00:00:00,25276.029344911727
2013-05-30 01:00:00,24194.778889794703
2013-05-30 02:00:00,23499.661326586927
2013-05-30 03:00:00,23292.5417937232
2013-05-30 04:00:00,23310.28430513118
2013-05-30 05:00:00,25081.870716923844
2013-05-30 06:00:00,28177.112027176732
2013-05-30 07:00:00,30923.698155883758
2013-05-30 08:00:00,32201.904593790783
2013-05-30 09:00:00,33155.376536538766
2013-05-30 10:00:00,34001.00106030089
2013-05-30 11:00:00,35537.35754750292
2013-05-30 12:00:00,35733.51308094697
2013-05-30 13:00:00,34041.46780198547
2013-05-30 14:00:00,33424.89080992643
2013-05-30 15:00:00,32809.31016164111
2013-05-30 16:00:00,33055.6999800792
2013-05-30 17:00:00,36177.45078336709
2013-05-30 18:00:00,35846.638169397454
2013-05-30 19:00:00,34948.4865045891
2013-05-30 20:00:00,33871.22142456697
2013-05-30 21:00:00,31719.084176743134
2013-05-30 22:00:00,28887.77508399983
2013-05-30 23:00:00,26701.649437974982
2013-05-31 00:00:00,25368.126940037047
2013-05-31 01:00:00,24385.552479697148
2013-05-31 02:00:00,23650.964518578523
2013-05-31 03:00:00,23303.505793142882
2013-05-31 04:00:00,23538.335493060546
2013-05-31 05:00:00,25171.775512165226
2013-05-31 06:00:00,28218.775224971516
2013-05-31 07:00:00,31164.906143116743
2013-05-31 08:00:00,32136.120597272693
2013-05-31 09:00:00,32736.551758706955
2013-05-31 10:00:00,33943.98826331855
2013-05-31 11:00:00,35587.79194483346
2013-05-31 12:00:00,36152.33785877878
2013-05-31 13:00:00,34883.50295741696
2013-05-31 14:00:00,34027.91077800888
2013-05-31 15:00:00,32945.26375444515
2013-05-31 16:00:00,33542.501554313036
2013-05-31 17:00:00,36471.28596781453
2013-05-31 18:00:00,36064.82175784911
2013-05-31 19:00:00,35303.72008578676
2013-05-31 20:00:00,34176.0206084341
2013-05-31 21:00:00,31784.868173261224
2013-05-31 22:00:00,29343.87745985856
2013-05-31 23:00:00,27213.66821087408
2013-06-01 00:00:00,25936.062109976523
2013-06-01 01:00:00,24839.462055671942
2013-06-01 02:00:00,23940.414103258103
2013-06-01 03:00:00,23737.68017016225
2013-06-01 04:00:00,23687.445885168203
2013-06-01 05:00:00,24818.734730851498
2013-06-01 06:00:00,26907.480894377673
2013-06-01 07:00:00,29434.78703469109
2013-06-01 08:00:00,30254.698296855448
2013-06-01 09:00:00,30670.93426803907
2013-06-01 10:00:00,31990.20356673141
2013-06-01 11:00:00,33967.31283060461
2013-06-01 12:00:00,34775.25953166685
2013-06-01 13:00:00,31796.040720834815
2013-06-01 14:00:00,30433.911768237467
2013-06-01 15:00:00,29542.038334576187
2013-06-01 16:00:00,30183.132132122788
2013-06-01 17:00:00,33258.834137848025
2013-06-01 18:00:00,33663.70588493898
2013-06-01 19:00:00,33387.212987226536
2013-06-01 20:00:00,32540.191895017702
2013-06-01 21:00:00,30668.733032337703
2013-06-01 22:00:00,28232.12791870291
2013-06-01 23:00:00,26230.197462928696
2013-06-02 00:00:00,25080.870155241406
2013-06-02 01:00:00,23800.074910686188
2013-06-02 02:00:00,23376.8645330865
2013-06-02 03:00:00,22919.76581345405
2013-06-02 04:00:00,23288.35630629182
2013-06-02 05:00:00,24923.989125280434
2013-06-02 06:00:00,27729.780850853746
2013-06-02 07:00:00,30412.775782926627
2013-06-02 08:00:00,31105.504651822688
2013-06-02 09:00:00,31903.287802811203
2013-06-02 10:00:00,33226.942701271415
2013-06-02 11:00:00,35037.399173965474
2013-06-02 12:00:00,35615.10188721441
2013-06-02 13:00:00,34359.423785156214
2013-06-02 14:00:00,33304.28681630994
2013-06-02 15:00:00,32526.438976613335
2013-06-02 16:00:00,33248.666369865576
2013-06-02 17:00:00,36497.59956642177
2013-06-02 18:00:00,35480.44058878011
2013-06-02 19:00:00,34718.242516775805
2013-06-02 20:00:00,33827.365426888246
2013-06-02 21:00:00,31918.62896618133
2013-06-02 22:00:00,28806.641488294194
2013-06-02 23:00:00,26844.723462593036
2013-06-03 00:00:00,25653.40432179646
2013-06-03 01:00:00,24631.14037333605
2013-06-03 02:00:00,23879.010013145937
2013-06-03 03:00:00,23388.032440417304
2013-06-03 04:00:00,23673.515627875164
2013-06-03 05:00:00,25670.849933714762
2013-06-03 06:00:00,29216.929761432537
2013-06-03 07:00:00,31622.75364950349
2013-06-03 08:00:00,32856.9935957333
2013-06-03 09:00:00,33450.516773307594
2013-06-03 10:00:00,34597.979916425444
2013-06-03 11:00:00,36168.65343714297
2013-06-03 12:00:00,36438.15822159406
2013-06-03 13:00:00,35141.584686368544
2013-06-03 14:00:00,34526.76231377411
2013-06-03 15:00:00,33315.28877147597
2013-06-03 16:00:00,33851.89593922111
2013-06-03 17:00:00,36477.30620411195
2013-06-03 18:00:00,36348.559814778935
2013-06-03 19:00:00,35637.67344983746
2013-06-03 20:00:00,34432.56870591804
2013-06-03 21:00:00,32075.405617839835
2013-06-03 22:00:00,29133.90975426923
2013-06-03 23:00:00,27050.846651683038
2013-06-04 00:00:00,25828.828312511356
2013-06-04 01:00:00,25023.651552560623
2013-06-04 02:00:00,24433.788383781794
2013-06-04 03:00:00,24063.41480466965
2013-06-04 04:00:00,24048.484408028246
2013-06-04 05:00:00,25559.017139634012
2013-06-04 06:00:00,28841.96098127945
2013-06-04 07:00:00,31600.82565066413
2013-06-04 08:00:00,32813.13759805458
2013-06-04 09:00:00,33125.98239048504
2013-06-04 10:00:00,33994.95994834299
2013-06-04 11:00:00,35572.21186871233
2013-06-04 12:00:00,36240.806232039795
2013-06-04 13:00:00,34768.80870609939
2013-06-04 14:00:00,33559.73756495826
2013-06-04 15:00:00,32907.42799306384
2013-06-04 16:00:00,33321.23836730855
2013-06-04 17:00:00,36486.077403647694
2013-06-04 18:00:00,36248.787420059845
2013-06-04 19:00:00,35567.503853551505
2013-06-04 20:00:00,34140.926321354535
2013-06-04 21:00:00,31621.496041865048
2013-06-04 22:00:00,29177.76575194795
2013-06-04 23:00:00,27043.171852089257
2013-06-05 00:00:00,25769.622715645077
2013-06-05 01:00:00,24591.669975425197
2013-06-05 02:00:00,23968.914808387322
2013-06-05 03:00:00,23716.952423007733
2013-06-05 04:00:00,23710.793225902074
2013-06-05 05:00:00,24879.249175613797
2013-06-05 06:00:00,28524.004998108703
2013-06-05 07:00:00,31565.74085252115
2013-06-05 08:00:00,32881.1143944566
2013-06-05 09:00:00,33375.961577253765
2013-06-05 10:00:00,34462.0263236214
2013-06-05 11:00:00,36267.32943192011
2013-06-05 12:00:00,36383.338224495645
2013-06-05 13:00:00,34970.54629542152
2013-06-05 14:00:00,33564.12316472613
2013-06-05 15:00:00,33291.167972752664
2013-06-05 16:00:00,33268.61117009408
2013-06-05 17:00:00,37143.917368828545
2013-06-05 18:00:00,36115.026627139734
2013-06-05 19:00:00,35462.24945912257
2013-06-05 20:00:00,34627.727895588374
2013-06-05 21:00:00,32064.441618420155
2013-06-05 22:00:00,29186.536951483697
2013-06-05 23:00:00,27057.42505133484
2013-06-06 00:00:00,25789.357914600507
2013-06-06 01:00:00,24560.97077705009
2013-06-06 02:00:00,24032.506005021467
2013-06-06 03:00:00,23765.194020454328
2013-06-06 04:00:00,23921.30201475995
2013-06-06 05:00:00,25653.307534643267
2013-06-06 06:00:00,28655.572991144873
2013-06-06 07:00:00,31706.08004509307
2013-06-06 08:00:00,32762.703200724045
2013-06-06 09:00:00,33244.39358421759
2013-06-06 10:00:00,34100.21434277193
2013-06-06 11:00:00,35554.66946964084
2013-06-06 12:00:00,36249.57743157554
2013-06-06 13:00:00,34617.5055141078
2013-06-06 14:00:00,33686.91995822655
2013-06-06 15:00:00,33052.152785403625
2013-06-06 16:00:00,33400.179163130255
2013-06-06 17:00:00,36793.069387398755
2013-06-06 18:00:00,35899.03583857202
2013-06-06 19:00:00,35471.020658658315
2013-06-06 20:00:00,34140.926321354535
2013-06-06 21:00:00,31891.210427589194
2013-06-06 22:00:00,29090.053756590503
2013-06-06 23:00:00,26932.435457950483
2013-06-07 00:00:00,25635.86192272497
2013-06-07 01:00:00,24396.510785754876
2013-06-07 02:00:00,23846.118014886895
2013-06-07 03:00:00,23523.98603322135
2013-06-07 04:00:00,23541.94763483899
2013-06-07 05:00:00,25403.328347874547
2013-06-07 06:00:00,28295.953810179337
2013-06-07 07:00:00,31199.543271903804
2013-06-07 08:00:00,32560.96561140192
2013-06-07 09:00:00,33189.573587119194
2013-06-07 10:00:00,34194.504737781186
2013-06-07 11:00:00,35556.862269524776
2013-06-07 12:00:00,36260.54143099522
2013-06-07 13:00:00,34891.60549959981
2013-06-07 14:00:00,33588.24396344943
2013-06-07 15:00:00,32973.21198958192
2013-06-07 16:00:00,33461.57755988046
2013-06-07 17:00:00,36477.30620411195
2013-06-07 18:00:00,35967.012634974046
2013-06-07 19:00:00,35407.42946202416
2013-06-07 20:00:00,33833.93433760347
2013-06-07 21:00:00,31827.619230955053
2013-06-07 22:00:00,28824.724970634223
2013-06-07 23:00:00,26842.530662709098
2013-06-08 00:00:00,25721.381118198482
2013-06-08 01:00:00,24721.045168577435
2013-06-08 02:00:00,23655.344424984443
2013-06-08 03:00:00,23210.415649818475
2013-06-08 04:00:00,23524.405235767495
2013-06-08 05:00:00,24681.89718605954
2013-06-08 06:00:00,26708.36669420954
2013-06-08 07:00:00,29511.087361272945
2013-06-08 08:00:00,30355.008928162115
2013-06-08 09:00:00,30966.074504807897
2013-06-08 10:00:00,31580.687276129247
2013-06-08 11:00:00,33546.064775955296
2013-06-08 12:00:00,35012.83829703553
2013-06-08 13:00:00,30885.360111648402
2013-06-08 14:00:00,29656.553771551844
2013-06-08 15:00:00,28719.18021474572
2013-06-08 16:00:00,29203.16018527639
2013-06-08 17:00:00,32497.374414767768
2013-06-08 18:00:00,32751.271605181624
2013-06-08 19:00:00,32444.956818826377
2013-06-08 20:00:00,31546.84405865803
2013-06-08 21:00:00,29512.022553518436
2013-06-08 22:00:00,26846.81947532378
2013-06-08 23:00:00,24710.03277558116
2013-06-09 00:00:00,23434.290839253037
2013-06-09 01:00:00,22620.342879766566
2013-06-09 02:00:00,22074.335708666455
2013-06-09 03:00:00,21668.877331411335
2013-06-09 04:00:00,21789.900527573976
2013-06-09 05:00:00,23789.427633297513
2013-06-09 06:00:00,26706.173894325602
2013-06-09 07:00:00,29414.60416637975
2013-06-09 08:00:00,30113.800940929134
2013-06-09 09:00:00,30411.29613417204
2013-06-09 10:00:00,31444.733683325205
2013-06-09 11:00:00,33072.42000102508
2013-06-09 12:00:00,33942.75195367468
2013-06-09 13:00:00,32543.11682390416
2013-06-09 14:00:00,31592.796069067495
2013-06-09 15:00:00,31096.175288932543
2013-06-09 16:00:00,32106.427231607904
2013-06-09 17:00:00,35361.17106318843
2013-06-09 18:00:00,35157.869477801585
2013-06-09 19:00:00,34571.97270624448
2013-06-09 20:00:00,33274.770367199744
2013-06-09 21:00:00,30957.077677032383
2013-06-09 22:00:00,28199.77700371241
2013-06-09 23:00:00,26005.97750698744
2013-06-10 00:00:00,24673.222773676986
2013-06-10 01:00:00,23556.668430207315
2013-06-10 02:00:00,23026.010858294758
2013-06-10 03:00:00,22708.26447639709
2013-06-10 04:00:00,22732.804477666537
2013-06-10 05:00:00,24530.593994067942
2013-06-10 06:00:00,27916.599430258375
2013-06-10 07:00:00,30997.80568258168
2013-06-10 08:00:00,32593.857609660958
2013-06-10 09:00:00,32755.399210099826
2013-06-10 10:00:00,33488.42317515374
2013-06-10 11:00:00,35151.19429099659
2013-06-10 12:00:00,35900.9222500297
2013-06-10 13:00:00,34135.089539641835
2013-06-10 14:00:00,32980.8383955991
2013-06-10 15:00:00,32396.505620106702
2013-06-10 16:00:00,32737.953598181524
2013-06-10 17:00:00,35284.42306725066
2013-06-10 18:00:00,35424.29466369983
2013-06-10 19:00:00,34870.193490459795
2013-06-10 20:00:00,33546.67755280783
2013-06-10 21:00:00,31472.385649757383
2013-06-10 22:00:00,28147.149806497946
2013-06-10 23:00:00,26022.423506116964
2013-06-11 00:00:00,24758.741969150495
2013-06-11 01:00:00,23400.979638447847
2013-06-11 02:00:00,22694.898075820394
2013-06-11 03:00:00,22495.56288765528
2013-06-11 04:00:00,22680.17728045207
2013-06-11 05:00:00,24333.242004513686
2013-06-11 06:00:00,27074.56427482688
2013-06-11 07:00:00,30719.320097321786
2013-06-11 08:00:00,31977.68084227489
2013-06-11 09:00:00,32691.808013465674
2013-06-11 10:00:00,33644.111966913195
2013-06-11 11:00:00,35083.217494594566
2013-06-11 12:00:00,35826.36705397586
2013-06-11 13:00:00,34317.09193000854
2013-06-11 14:00:00,33145.29838689431
2013-06-11 15:00:00,32335.107223356492
2013-06-11 16:00:00,32895.835189824924
2013-06-11 17:00:00,35429.14785959045
2013-06-11 18:00:00,35327.81146880664
2013-06-11 19:00:00,34767.13189591479
2013-06-11 20:00:00,33583.95515083475
2013-06-11 21:00:00,31224.599262872594
2013-06-11 22:00:00,28302.83859825741
2013-06-11 23:00:00,26071.761503505528
2013-06-12 00:00:00,24701.729172168158
2013-06-12 01:00:00,23874.624413378064
2013-06-12 02:00:00,23045.746057250184
2013-06-12 03:00:00,22848.603668969005
2013-06-12 04:00:00,23000.32606350675
2013-06-12 05:00:00,25048.09476667688
2013-06-12 06:00:00,27857.3938333921
2013-06-12 07:00:00,31087.710477823064
2013-06-12 08:00:00,32681.569605018405
2013-06-12 09:00:00,33082.12639280632
2013-06-12 10:00:00,33832.69275693171
2013-06-12 11:00:00,35453.80067497978
2013-06-12 12:00:00,35736.46225873447
2013-06-12 13:00:00,34275.428732213746
2013-06-12 14:00:00,33329.49357714495
2013-06-12 15:00:00,32291.25122567777
2013-06-12 16:00:00,32898.02798970886
2013-06-12 17:00:00,35733.947043457585
2013-06-12 18:00:00,35672.081050584624
2013-06-12 19:00:00,35028.075082103205
2013-06-12 20:00:00,33952.345531336025
2013-06-12 21:00:00,31573.254444418446
2013-06-12 22:00:00,28329.152196864645
2013-06-12 23:00:00,26224.161095439093
2013-06-13 00:00:00,24980.21475742805
2013-06-13 01:00:00,23793.490817672424
2013-06-13 02:00:00,23216.78444819721
2013-06-13 03:00:00,22765.27727337943
2013-06-13 04:00:00,22596.85088486249
2013-06-13 05:00:00,24837.585977819006
2013-06-13 06:00:00,27723.633040471992
2013-06-13 07:00:00,30798.260893143484
2013-06-13 08:00:00,32161.87603252553
2013-06-13 09:00:00,32685.22961381387
2013-06-13 10:00:00,33538.85757248426
2013-06-13 11:00:00,34589.83752070893
2013-06-13 12:00:00,35438.241474519156
2013-06-13 13:00:00,33709.686362158216
2013-06-13 14:00:00,32566.399217535163
2013-06-13 15:00:00,31925.053645060427
2013-06-13 16:00:00,32327.90001988546
2013-06-13 17:00:00,35198.903871777155
2013-06-13 18:00:00,35233.52107379738
2013-06-13 19:00:00,34604.86470450352
2013-06-13 20:00:00,33065.357978283835
2013-06-13 21:00:00,31033.825672970146
2013-06-13 22:00:00,28144.957006614008
2013-06-13 23:00:00,25912.783511920155
2013-06-14 00:00:00,24541.654780640816
2013-06-14 01:00:00,23747.442020109764
2013-06-14 02:00:00,22692.705275936456
2013-06-14 03:00:00,22471.44208893198
2013-06-14 04:00:00,22515.71728915685
2013-06-14 05:00:00,24574.449991746667
2013-06-14 06:00:00,27296.037063104435
2013-06-14 07:00:00,30331.194517865075
2013-06-14 08:00:00,32115.82723496287
2013-06-14 09:00:00,32935.208800582586
2013-06-14 10:00:00,33486.2303752698
2013-06-14 11:00:00,34703.8631146736
2013-06-14 12:00:00,35541.30306906415
2013-06-14 13:00:00,34334.63432908003
2013-06-14 14:00:00,32787.872005812715
2013-06-14 15:00:00,31767.17205341702
2013-06-14 16:00:00,32446.31121361801
2013-06-14 17:00:00,35619.921449492904
2013-06-14 18:00:00,35324.52226898074
2013-06-14 19:00:00,34813.18069347746
2013-06-14 20:00:00,33619.03994897772
2013-06-14 21:00:00,31325.468057533664
2013-06-14 22:00:00,28482.64818874018
2013-06-14 23:00:00,26042.15870507239
2013-06-15 00:00:00,24462.71398481911
2013-06-15 01:00:00,23523.776431948274
2013-06-15 02:00:00,22580.872481855713
2013-06-15 03:00:00,22491.177287887407
2013-06-15 04:00:00,22199.954105870045
2013-06-15 05:00:00,24056.949219137725
2013-06-15 06:00:00,25745.727545161553
2013-06-15 07:00:00,28769.921000502512
2013-06-15 08:00:00,30501.92652038584
2013-06-15 09:00:00,31170.00489401396
2013-06-15 10:00:00,31863.558461157016
2013-06-15 11:00:00,33392.56878407976
2013-06-15 12:00:00,34995.295897964046
2013-06-15 13:00:00,31477.416080311174
2013-06-15 14:00:00,29722.33776806993
2013-06-15 15:00:00,28920.91780406785
2013-06-15 16:00:00,29328.14977866075
2013-06-15 17:00:00,32499.567214651706
2013-06-15 18:00:00,32743.596805587847
2013-06-15 19:00:00,32501.969615808717
2013-06-15 20:00:00,31494.216861443558
2013-06-15 21:00:00,29501.058554098752
2013-06-15 22:00:00,27079.25626302102
2013-06-15 23:00:00,24953.433562698072
2013-06-16 00:00:00,23688.655625789637
2013-06-16 01:00:00,22418.605290444437
2013-06-16 02:00:00,21776.114924451136
2013-06-16 03:00:00,21372.849347079948
2013-06-16 04:00:00,21471.944544403228
2013-06-16 05:00:00,23600.846843279
2013-06-16 06:00:00,26535.135503378577
2013-06-16 07:00:00,29971.575336899547
2013-06-16 08:00:00,31280.370479183188
2013-06-16 09:00:00,31856.35125768599
2013-06-16 10:00:00,32477.54242865915
2013-06-16 11:00:00,34197.326341484346
2013-06-16 12:00:00,34964.59669958894
2013-06-16 13:00:00,33755.73515972087
2013-06-16 14:00:00,32366.85442809697
2013-06-16 15:00:00,31269.406479763507
2013-06-16 16:00:00,32211.68162603684
2013-06-16 17:00:00,35113.38467630364
2013-06-16 18:00:00,35186.37587629276
2013-06-16 19:00:00,34692.57669986097
2013-06-16 20:00:00,33342.747163601765
2013-06-16 21:00:00,31112.766468791855
2013-06-16 22:00:00,28191.005804176668
2013-06-16 23:00:00,25857.96351482175
2013-06-17 00:00:00,24385.965988881344
2013-06-17 01:00:00,23376.85883972455
2013-06-17 02:00:00,22576.48688208784
2013-06-17 03:00:00,22214.884502511446
2013-06-17 04:00:00,22259.15970273632
2013-06-17 05:00:00,24326.663604861875
2013-06-17 06:00:00,27328.929061363477
2013-06-17 07:00:00,30364.086516124124
2013-06-17 08:00:00,31841.72724947085
2013-06-17 09:00:00,32744.435210680145
2013-06-17 10:00:00,33536.66477260032
2013-06-17 11:00:00,35236.7134864701
2013-06-17 12:00:00,35942.58544782447
2013-06-17 13:00:00,34387.2615262945
2013-06-17 14:00:00,33051.00799188507
2013-06-17 15:00:00,31716.737656086487
2013-06-17 16:00:00,31928.810441009067
2013-06-17 17:00:00,35481.77505680492
2013-06-17 18:00:00,35220.36427449377
2013-06-17 19:00:00,34539.080707985435
2013-06-17 20:00:00,33430.45915895921
2013-06-17 21:00:00,31351.781656140894
2013-06-17 22:00:00,28405.90019280241
2013-06-17 23:00:00,26166.051898514783
2013-06-18 00:00:00,24787.248367641667
2013-06-18 01:00:00,23635.60922602902
2013-06-18 02:00:00,23186.085249822103
2013-06-18 03:00:00,22142.522106341552
2013-06-18 04:00:00,22153.905308307378
2013-06-18 05:00:00,23372.795655349637
2013-06-18 06:00:00,25550.568355491232
2013-06-18 07:00:00,27934.46424472283
2013-06-18 08:00:00,29043.714597568276
2013-06-18 09:00:00,29768.80576817874
2013-06-18 10:00:00,30683.83212359935
2013-06-18 11:00:00,32175.56484849518
2013-06-18 12:00:00,33190.62159348457
2013-06-18 13:00:00,31736.166466615643
2013-06-18 14:00:00,29660.939371319717
2013-06-18 15:00:00,28186.329842949228
2013-06-18 16:00:00,28545.32022009553
2013-06-18 17:00:00,31889.968846917443
2013-06-18 18:00:00,32089.04604023289
2013-06-18 19:00:00,31800.273652949138
2013-06-18 20:00:00,30792.52089858398
2013-06-18 21:00:00,29060.30577742758
2013-06-18 22:00:00,26353.43950143814
2013-06-18 23:00:00,24045.614410748494
2013-06-19 00:00:00,22598.834083473354
2013-06-19 01:00:00,21710.33092793305
2013-06-19 02:00:00,21105.11815996666
2013-06-19 03:00:00,20918.93977110516
2013-06-19 04:00:00,20958.829371562162
2013-06-19 05:00:00,22901.343680303355
2013-06-19 06:00:00,26392.603510922723
2013-06-19 07:00:00,30103.14332993572
2013-06-19 08:00:00,32047.85043856085
2013-06-19 09:00:00,32726.892811608657
2013-06-19 10:00:00,33712.08876331522
2013-06-19 11:00:00,35098.56709378212
2013-06-19 12:00:00,35804.4390551365
2013-06-19 13:00:00,34104.39034126673
2013-06-19 14:00:00,33211.0823834124
2013-06-19 15:00:00,32128.984034266487
2013-06-19 16:00:00,32393.68401640354
2013-06-19 17:00:00,35293.194266786406
2013-06-19 18:00:00,35616.16465354425
2013-06-19 19:00:00,34863.61509080799
2013-06-19 20:00:00,33463.351157218254
2013-06-19 21:00:00,31481.156849293126
2013-06-19 22:00:00,28469.491389436564
2013-06-19 23:00:00,26149.605899385264
2013-06-20 00:00:00,24690.765172748477
2013-06-20 01:00:00,23736.478020690083
2013-06-20 02:00:00,23166.350050866677
2013-06-20 03:00:00,22934.122864442517
2013-06-20 04:00:00,23044.18206118547
2013-06-20 05:00:00,25107.300363543163
2013-06-20 06:00:00,27901.249831070825
2013-06-20 07:00:00,31072.36087863551
2013-06-20 08:00:00,32666.22000583085
2013-06-20 09:00:00,33029.499195591845
2013-06-20 10:00:00,33714.28156319916
2013-06-20 11:00:00,35302.49748298818
2013-06-20 12:00:00,35896.53665026182
2013-06-20 13:00:00,34442.081523392895
2013-06-20 14:00:00,33042.236792349315
2013-06-20 15:00:00,32185.996831248834
2013-06-20 16:00:00,32814.70159411929
2013-06-20 17:00:00,35769.03184160056
2013-06-20 18:00:00,35943.98823619271
2013-06-20 19:00:00,35210.07747246991
2013-06-20 20:00:00,33803.23513922836
2013-06-20 21:00:00,31946.030424687604
2013-06-20 22:00:00,28658.072179455077
2013-06-20 23:00:00,26462.07988284617
2013-06-21 00:00:00,25127.132349651776
2013-06-21 01:00:00,24045.662804325082
2013-06-21 02:00:00,23447.028436010507
2013-06-21 03:00:00,23166.559652139753
2013-06-21 04:00:00,23166.978854685898
2013-06-21 05:00:00,25304.652353097415
2013-06-21 06:00:00,27813.537835713378
2013-06-21 07:00:00,31076.746478403384
2013-06-21 08:00:00,32797.787998867025
2013-06-21 09:00:00,33257.550383521215
2013-06-21 10:00:00,34192.31193789725
2013-06-21 11:00:00,35964.72304793691
2013-06-21 12:00:00,35903.11504991362
2013-06-21 13:00:00,34650.397512366835
2013-06-21 14:00:00,33792.17435265549
2013-06-21 15:00:00,32747.35360153649
2013-06-21 16:00:00,33064.68078088801
2013-06-21 17:00:00,35968.576631038755
2013-06-21 18:00:00,35694.009049423985
2013-06-21 19:00:00,34933.78468709395
2013-06-21 20:00:00,33847.09113690709
2013-06-21 21:00:00,31446.072051150153
2013-06-21 22:00:00,28921.208165527416
2013-06-21 23:00:00,26653.949872690584
2013-06-22 00:00:00,25247.73634326827
2013-06-22 01:00:00,24229.857994575726
2013-06-22 02:00:00,23383.43723937636
2013-06-22 03:00:00,23177.523651559433
2013-06-22 04:00:00,23074.881259560578
2013-06-22 05:00:00,24644.619588032623
2013-06-22 06:00:00,26407.95311011028
2013-06-22 07:00:00,29307.156972066874
2013-06-22 08:00:00,30383.515326653283
2013-06-22 09:00:00,30933.182506548852
2013-06-22 10:00:00,31854.787261621274
2013-06-22 11:00:00,33793.85116284009
2013-06-22 12:00:00,34642.25511665031
2013-06-22 13:00:00,31286.64249040873
2013-06-22 14:00:00,29739.880167141422
2013-06-22 15:00:00,28651.203418343695
2013-06-22 16:00:00,29422.44017367001
2013-06-22 17:00:00,32797.787998867025
2013-06-22 18:00:00,33223.81998016987
2013-06-22 19:00:00,32890.09519526542
2013-06-22 20:00:00,31956.897636954098
2013-06-22 21:00:00,30090.921722877592
2013-06-22 22:00:00,27270.029852923464
2013-06-22 23:00:00,25203.4127494668
2013-06-23 00:00:00,23997.84040942464
2013-06-23 01:00:00,23006.275659339335
2013-06-23 02:00:00,22330.89329508699
2013-06-23 03:00:00,21975.869315162403
2013-06-23 04:00:00,22028.915714923023
2013-06-23 05:00:00,23940.73082528911
2013-06-23 06:00:00,26539.52110314645
2013-06-23 07:00:00,29664.58335314848
2013-06-23 08:00:00,30846.196102163824
2013-06-23 09:00:00,31801.53126058758
2013-06-23 10:00:00,32545.519225061173
2013-06-23 11:00:00,33793.85116284009
2013-06-23 12:00:00,34416.396728604894
2013-06-23 13:00:00,33010.18319918257
2013-06-23 14:00:00,32397.553626472076
2013-06-23 15:00:00,31756.20805399734
2013-06-23 16:00:00,32466.046412573436
2013-06-23 17:00:00,35345.821464000874
2013-06-23 18:00:00,35700.58744907579
2013-06-23 19:00:00,34771.51749568267
2013-06-23 20:00:00,33708.9447442191
2013-06-23 21:00:00,32478.880796484096
2013-06-23 22:00:00,28513.347387115286
2013-06-23 23:00:00,26235.125094858773
2013-06-24 00:00:00,24817.947566016774
2013-06-24 01:00:00,23892.166812449555
2013-06-24 02:00:00,23475.534834501676
2013-06-24 03:00:00,22811.32607094209
2013-06-24 04:00:00,22899.457268845686
2013-06-24 05:00:00,24925.297973176457
2013-06-24 06:00:00,27388.134658229752
2013-06-24 07:00:00,30877.20168896519
2013-06-24 08:00:00,32929.3559919032
2013-06-24 09:00:00,33665.41116193334
2013-06-24 10:00:00,34367.73592861214
2013-06-24 11:00:00,35758.59985884691
2013-06-24 12:00:00,36479.82141938884
2013-06-24 13:00:00,34977.12469507333
2013-06-24 14:00:00,33285.63757946624
2013-06-24 15:00:00,32508.338414187452
2013-06-24 16:00:00,32862.943191565886
2013-06-24 17:00:00,36190.04941931631
2013-06-24 18:00:00,35738.961447044676
2013-06-24 19:00:00,35337.259865738204
2013-06-24 20:00:00,34349.242310328475
2013-06-24 21:00:00,31527.205646855793
2013-06-24 22:00:00,28697.542577365926
2013-06-24 23:00:00,26407.259885747764
2013-06-25 00:00:00,24978.02195754412
2013-06-25 01:00:00,24177.23079736126
2013-06-25 02:00:00,22609.378880346885
2013-06-25 03:00:00,23129.28205411284
2013-06-25 04:00:00,23072.688459676643
2013-06-25 05:00:00,25074.40836528412
2013-06-25 06:00:00,27616.18584615912
2013-06-25 07:00:00,30037.35933341763
2013-06-25 08:00:00,32495.181614883833
2013-06-25 09:00:00,33290.44238178026
2013-06-25 10:00:00,33990.574348575115
2013-06-25 11:00:00,35151.19429099659
2013-06-25 12:00:00,36258.348631111294
2013-06-25 13:00:00,34744.687907376094
2013-06-25 14:00:00,32996.187994786655
2013-06-25 15:00:00,32251.780827766914
2013-06-25 16:00:00,32498.938410832478
2013-06-25 17:00:00,35839.20143788652
2013-06-25 18:00:00,35808.034643388666
2013-06-25 19:00:00,35466.63505889044
2013-06-25 20:00:00,33842.70553713921
2013-06-25 21:00:00,31560.097645114834
2013-06-25 22:00:00,28642.722580267517
2013-06-25 23:00:00,26499.35748087308
2013-06-26 00:00:00,25217.037144893162
2013-06-26 01:00:00,23903.130811869232
2013-06-26 02:00:00,23411.94363786753
2013-06-26 03:00:00,22991.135661424858
2013-06-26 04:00:00,23120.93005712324
2013-06-26 05:00:00,25043.70916690901
2013-06-26 06:00:00,27677.584242909335
2013-06-26 07:00:00,30585.559304401675
2013-06-26 08:00:00,32262.744827186594
2013-06-26 09:00:00,33213.694385842486
2013-06-26 10:00:00,34058.551144977144
2013-06-26 11:00:00,35484.499873354885
2013-06-26 12:00:00,36113.6238387715
2013-06-26 13:00:00,34764.423106331524
2013-06-26 14:00:00,33184.768784805165
2013-06-26 15:00:00,32267.13042695447
2013-06-26 16:00:00,32740.14639806546
2013-06-26 17:00:00,35900.599834636734
2013-06-26 18:00:00,36066.785029693136
2013-06-26 19:00:00,35126.751076880326
2013-06-26 20:00:00,34086.10632425613
2013-06-26 21:00:00,31503.08484813249
2013-06-26 22:00:00,28717.277776321353
2013-06-26 23:00:00,26411.645485515637
2013-06-27 00:00:00,24967.057958124435
2013-06-27 01:00:00,23802.26201720817
2013-06-27 02:00:00,23236.519647152632
2013-06-27 03:00:00,22938.508464210387
2013-06-27 04:00:00,22901.65006872962
2013-06-27 05:00:00,24534.97959383582
2013-06-27 06:00:00,27192.97546855943
2013-06-27 07:00:00,30552.667306142637
2013-06-27 08:00:00,32560.96561140192
2013-06-27 09:00:00,33211.50158595855
2013-06-27 10:00:00,34212.04713685268
2013-06-27 11:00:00,35811.227056061376
2013-06-27 12:00:00,36378.95262472778
2013-06-27 13:00:00,34757.84470667971
2013-06-27 14:00:00,33623.32876159241
2013-06-27 15:00:00,32385.54162068702
2013-06-27 16:00:00,32477.010411993117
2013-06-27 17:00:00,35591.415051001735
2013-06-27 18:00:00,35507.621059289406
2013-06-27 19:00:00,35039.03908152288
2013-06-27 20:00:00,33702.3663445673
2013-06-27 21:00:00,31426.336852194727
2013-06-27 22:00:00,28840.074569821776
2013-06-27 23:00:00,26505.935880524892
2013-06-28 00:00:00,25032.84195464252
2013-06-28 01:00:00,23944.794009664023
2013-06-28 02:00:00,23326.424442394018
2013-06-28 03:00:00,23006.48526061241
2013-06-28 04:00:00,22989.362064087072
2013-06-28 05:00:00,25091.950764355603
2013-06-28 06:00:00,27905.635430838698
2013-06-28 07:00:00,31114.024076430298
2013-06-28 08:00:00,32986.36878888554
2013-06-28 09:00:00,33733.38795833536
2013-06-28 10:00:00,34220.818336388416
2013-06-28 11:00:00,36126.99023934818
2013-06-28 12:00:00,36530.25581671938
2013-06-28 13:00:00,34788.543905054816
2013-06-28 14:00:00,33511.495967511655
2013-06-28 15:00:00,32431.59041824968
2013-06-28 16:00:00,32702.868800038545
2013-06-28 17:00:00,35773.41744136843
2013-06-28 18:00:00,35770.75704536175
2013-06-28 19:00:00,35122.365477112464
2013-06-28 20:00:00,33963.30953075571
2013-06-28 21:00:00,31963.57282375909
2013-06-28 22:00:00,28984.799362161568
2013-06-28 23:00:00,26673.68507164601
2013-06-29 00:00:00,25223.615544544966
2013-06-29 01:00:00,24054.43400386083
2013-06-29 02:00:00,23672.886824055935
2013-06-29 03:00:00,23254.271647497197
2013-06-29 04:00:00,23057.33886048909
2013-06-29 05:00:00,24767.41638153305
2013-06-29 06:00:00,26403.567510342404
2013-06-29 07:00:00,29964.996937247735
2013-06-29 08:00:00,30776.02650587786
2013-06-29 09:00:00,30849.856110959277
2013-06-29 10:00:00,31734.18326800478
2013-06-29 11:00:00,34111.807146010826
2013-06-29 12:00:00,34769.437509918615
2013-06-29 13:00:00,31354.619286810746
2013-06-29 14:00:00,29511.82897921206
2013-06-29 15:00:00,28554.720223450506
2013-06-29 16:00:00,29255.787382490857
2013-06-29 17:00:00,32723.232802813196
2013-06-29 18:00:00,33147.071984232105
2013-06-29 19:00:00,32797.9976001401
2013-06-29 20:00:00,31891.113640436008
2013-06-29 21:00:00,29895.76253320727
2013-06-29 22:00:00,27320.464250253994
2013-06-29 23:00:00,25081.71235590834
2013-06-30 00:00:00,23704.00522497719
2013-06-30 01:00:00,22995.311659919655
2013-06-30 02:00:00,22214.67490123837
2013-06-30 03:00:00,21859.650921313783
2013-06-30 04:00:00,22042.07251422664
2013-06-30 05:00:00,23951.69482470879
2013-06-30 06:00:00,26517.593104307085
2013-06-30 07:00:00,29105.41938274475
2013-06-30 08:00:00,30403.25052560871
2013-06-30 09:00:00,30957.303305272155
2013-06-30 10:00:00,32106.959248273935
2013-06-30 11:00:00,33559.22157525892
2013-06-30 12:00:00,34497.53032431053
2013-06-30 13:00:00,33317.175182933635
2013-06-30 14:00:00,32147.574439703352
2013-06-30 15:00:00,31879.004847497763
2013-06-30 16:00:00,32352.020818608755
2013-06-30 17:00:00,35326.08626504545
2013-06-30 18:00:00,35889.16823909431
2013-06-30 19:00:00,35124.5582769964
2013-06-30 20:00:00,34040.05752669347
2013-06-30 21:00:00,31454.843250685895
2013-06-30 22:00:00,28842.26736970571
2013-06-30 23:00:00,26498.26108093112
2013-07-01 00:00:00,25015.29955557103
2013-07-01 01:00:00,23808.840416859977
2013-07-01 02:00:00,23308.88204332253
2013-07-01 03:00:00,22914.38766548709
2013-07-01 04:00:00,23118.737257239303
2013-07-01 05:00:00,24951.61157178369
2013-07-01 06:00:00,27403.48425741731
2013-07-01 07:00:00,31300.412066564873
2013-07-01 08:00:00,33041.18878598394
2013-07-01 09:00:00,33845.22075241611
2013-07-01 10:00:00,34455.44792396959
2013-07-01 11:00:00,36223.47343424138
2013-07-01 12:00:00,36657.43820998767
2013-07-01 13:00:00,35145.97028613641
2013-07-01 14:00:00,34053.11753884389
2013-07-01 15:00:00,32824.10159747426
2013-07-01 16:00:00,33139.23597694185
2013-07-01 17:00:00,35773.41744136843
2013-07-01 18:00:00,36075.556229228874
2013-07-01 19:00:00,35350.41666504182
2013-07-01 20:00:00,34228.63831671198
2013-07-01 21:00:00,32246.444008786864
2013-07-01 22:00:00,28956.292963670396
2013-07-01 23:00:00,26638.60027350303
2013-07-02 00:00:00,25181.952346750182
2013-07-02 01:00:00,24183.809197013066
2013-07-02 02:00:00,23541.318831019766
2013-07-02 03:00:00,23247.693247845393
2013-07-02 04:00:00,23331.438845981113
2013-07-02 05:00:00,25480.07634381231
2013-07-02 06:00:00,28015.27542503551
2013-07-02 07:00:00,31359.61766343115
2013-07-02 08:00:00,33517.026360798096
2013-07-02 09:00:00,33821.099953692814
2013-07-02 10:00:00,34624.293515032674
2013-07-02 11:00:00,36293.64303052734
2013-07-02 12:00:00,36525.8702169515
2013-07-02 13:00:00,35538.481465360994
2013-07-02 14:00:00,34070.65993791539
2013-07-02 15:00:00,32984.175989001604
2013-07-02 16:00:00,33115.11517821855
2013-07-02 17:00:00,36187.85661943237
2013-07-02 18:00:00,36253.173019827715
2013-07-02 19:00:00,35587.23905250693
2013-07-02 20:00:00,34230.83111659592
2013-07-02 21:00:00,32235.480009367173
2013-07-02 22:00:00,28916.822565759543
2013-07-02 23:00:00,26588.1658761725
2013-07-03 00:00:00,25120.55394999997
2013-07-03 01:00:00,24082.940402352
2013-07-03 02:00:00,23528.162031716147
2013-07-03 03:00:00,23186.29485109518
2013-07-03 04:00:00,23320.474846561432
2013-07-03 05:00:00,25269.56755495444
2013-07-03 06:00:00,27675.391443025397
2013-07-03 07:00:00,31015.34808165317
2013-07-03 08:00:00,33495.098361958735
2013-07-03 09:00:00,33889.076750094835
2013-07-03 10:00:00,34762.439907720654
2013-07-03 11:00:00,36251.97983273255
2013-07-03 12:00:00,36674.98060905917
2013-07-03 13:00:00,35231.489481609926
2013-07-03 14:00:00,33904.007146736236
2013-07-03 15:00:00,32690.340804554155
2013-07-03 16:00:00,32911.184789012485
2013-07-03 17:00:00,35676.93424647524
2013-07-03 18:00:00,35850.79424112542
2013-07-03 19:00:00,35466.63505889044
2013-07-03 20:00:00,34145.31192112241
2013-07-03 21:00:00,32064.441618420155
2013-07-03 22:00:00,29228.200149278484
2013-07-03 23:00:00,26882.00106061995
2013-07-04 00:00:00,25396.84673537593
2013-07-04 01:00:00,24196.96599631668
2013-07-04 02:00:00,23499.655633224975
2013-07-04 03:00:00,23032.798859219645
2013-07-04 04:00:00,22993.74766385494
2013-07-04 05:00:00,25043.70916690901
2013-07-04 06:00:00,27958.26262805317
2013-07-04 07:00:00,31315.761665752427
2013-07-04 08:00:00,33385.45836776192
2013-07-04 09:00:00,33617.16956448675
2013-07-04 10:00:00,34477.37592280895
2013-07-04 11:00:00,35925.25265002606
2013-07-04 12:00:00,36510.52061776395
2013-07-04 13:00:00,34922.30469797492
2013-07-04 14:00:00,33706.65515718199
2013-07-04 15:00:00,32275.901626490217
2013-07-04 16:00:00,32665.591202011627
2013-07-04 17:00:00,35580.45105158205
2013-07-04 18:00:00,35459.379461842815
2013-07-04 19:00:00,34900.8926888349
2013-07-04 20:00:00,33853.6695365589
2013-07-04 21:00:00,31748.678435133344
2013-07-04 22:00:00,28737.012975276775
2013-07-04 23:00:00,26297.619891550956
2013-07-05 00:00:00,24719.271571239646
2013-07-05 01:00:00,23694.814822895296
2013-07-05 02:00:00,22990.92606015178
2013-07-05 03:00:00,22675.372478138048
2013-07-05 04:00:00,22717.45487847898
2013-07-05 05:00:00,24960.382771319433
2013-07-05 06:00:00,27662.234643721782
2013-07-05 07:00:00,31302.60486644881
2013-07-05 08:00:00,33696.83595128086
2013-07-05 09:00:00,34564.45911434718
2013-07-05 10:00:00,35339.146277195876
2013-07-05 11:00:00,36379.16222600085
2013-07-05 12:00:00,36633.317411264376
2013-07-05 13:00:00,35409.10627220876
2013-07-05 14:00:00,34132.058334665606
2013-07-05 15:00:00,32992.94718853735
2013-07-05 16:00:00,32957.23358657514
2013-07-05 17:00:00,35705.44064496641
2013-07-05 18:00:00,36227.955821162446
2013-07-05 19:00:00,35703.45744635555
2013-07-05 20:00:00,34276.879914158584
2013-07-05 21:00:00,32130.22561493824
2013-07-05 22:00:00,28908.0513662238
2013-07-05 23:00:00,26454.40508325239
2013-07-06 00:00:00,24861.803563695496
2013-07-06 01:00:00,23778.14121848487
2013-07-06 02:00:00,23350.545241117317
2013-07-06 03:00:00,23004.292460728473
2013-07-06 04:00:00,22756.925276389833
2013-07-06 05:00:00,24223.602010316874
2013-07-06 06:00:00,25769.84834388485
2013-07-06 07:00:00,28818.162597949107
2013-07-06 08:00:00,30405.443325492648
2013-07-06 09:00:00,31641.456869060243
2013-07-06 10:00:00,32501.663227382447
2013-07-06 11:00:00,35234.52068658616
2013-07-06 12:00:00,36304.39742867395
2013-07-06 13:00:00,32402.77763133224
2013-07-06 14:00:00,30244.224140446742
2013-07-06 15:00:00,29131.426592925724
2013-07-06 16:00:00,29407.090574482456
2013-07-06 17:00:00,32835.06559689394
2013-07-06 18:00:00,33492.43796595205
2013-07-06 19:00:00,33146.65278168595
2013-07-06 20:00:00,32483.169609098775
2013-07-06 21:00:00,30106.271322065142
2013-07-06 22:00:00,27077.06346313708
2013-07-06 23:00:00,24917.252364613127
2013-07-07 00:00:00,23618.486029503678
2013-07-07 01:00:00,22574.294082203905
2013-07-07 02:00:00,22107.227706925496
2013-07-07 03:00:00,21552.658937562715
2013-07-07 04:00:00,21629.82613604663
2013-07-07 05:00:00,23714.87243724368
2013-07-07 06:00:00,26276.385117074107
2013-07-07 07:00:00,29811.5009453722
2013-07-07 08:00:00,31898.740046453193
2013-07-07 09:00:00,32733.47121126046
2013-07-07 10:00:00,33543.243172252136
2013-07-07 11:00:00,35225.749487050416
2013-07-07 12:00:00,35659.714262796704
2013-07-07 13:00:00,34744.687907376094
2013-07-07 14:00:00,32936.98239792038
2013-07-07 15:00:00,31773.750453068827
2013-07-07 16:00:00,32413.419215358965
2013-07-07 17:00:00,35764.646241832685
2013-07-07 18:00:00,36144.62942557287
2013-07-07 19:00:00,35295.59666794342
2013-07-07 20:00:00,34158.46872042602
2013-07-07 21:00:00,31768.413634088767
2013-07-07 22:00:00,29103.210555894122
2013-07-07 23:00:00,26652.85347274862
2013-07-08 00:00:00,25063.541153017628
2013-07-08 01:00:00,23723.321221386464
2013-07-08 02:00:00,23284.761244599227
2013-07-08 03:00:00,22651.251679414745
2013-07-08 04:00:00,22822.70927290792
2013-07-08 05:00:00,25034.937967373266
2013-07-08 06:00:00,27877.12903234753
2013-07-08 07:00:00,31438.558459252854
2013-07-08 08:00:00,33413.96476625309
2013-07-08 09:00:00,34413.15592235558
2013-07-08 10:00:00,34828.223904238745
2013-07-08 11:00:00,36556.77901659968
2013-07-08 12:00:00,36892.06779756884
2013-07-08 13:00:00,35639.35026002206
2013-07-08 14:00:00,33932.513545227404
2013-07-08 15:00:00,32973.21198958192
2013-07-08 16:00:00,32970.39038587876
2013-07-08 17:00:00,36694.393392621634
2013-07-08 18:00:00,36454.91060914985
2013-07-08 19:00:00,35903.00223579375
2013-07-08 20:00:00,34906.213480848266
2013-07-08 21:00:00,32474.49519671622
2013-07-08 22:00:00,29011.112960768798
2013-07-08 23:00:00,27011.37625377218
2013-07-09 00:00:00,25872.68431019008
2013-07-09 01:00:00,24190.387596664874
2013-07-09 02:00:00,23508.426832760717
2013-07-09 03:00:00,23166.559652139753
2013-07-09 04:00:00,23276.61884888271
2013-07-09 05:00:00,25374.82194938338
2013-07-09 06:00:00,28710.392988243282
2013-07-09 07:00:00,32287.172014336156
2013-07-09 08:00:00,33815.24714501342
2013-07-09 09:00:00,34160.98393570292
2013-07-09 10:00:00,34810.68150516725
2013-07-09 11:00:00,36442.753422634996
2013-07-09 12:00:00,37087.22698723916
2013-07-09 13:00:00,35624.00066083451
2013-07-09 14:00:00,34489.4847157472
2013-07-09 15:00:00,33225.38397623458
2013-07-09 16:00:00,33253.26157090653
2013-07-09 17:00:00,36567.21099935333
2013-07-09 18:00:00,36596.34620166373
2013-07-09 19:00:00,36181.48782105363
2013-07-09 20:00:00,34568.52229872209
2013-07-09 21:00:00,32242.058409018988
2013-07-09 22:00:00,29307.140945100182
2013-07-09 23:00:00,26976.291455629205
2013-07-10 00:00:00,25506.486729572734
2013-07-10 01:00:00,24021.542005601787
2013-07-10 02:00:00,23973.30040815519
2013-07-10 03:00:00,23554.685231596457
2013-07-10 04:00:00,23430.114840758244
2013-07-10 05:00:00,25912.05792094774
2013-07-10 06:00:00,28677.500989984237
2013-07-10 07:00:00,31456.100858324346
2013-07-10 08:00:00,33845.946343388525
2013-07-10 09:00:00,33878.11275067515
2013-07-10 10:00:00,35027.76869367693
2013-07-10 11:00:00,36423.01822367957
2013-07-10 12:00:00,37095.998186774916
2013-07-10 13:00:00,35540.67426524493
2013-07-10 14:00:00,34103.55193617443
2013-07-10 15:00:00,33117.93678192171
2013-07-10 16:00:00,33404.564762898124
2013-07-10 17:00:00,35957.61263161907
2013-07-10 18:00:00,36657.74459841394
2013-07-10 19:00:00,36058.69102755321
2013-07-10 20:00:00,34814.115885722946
2013-07-10 21:00:00,32481.073596368034
2013-07-10 22:00:00,29318.10494451987
2013-07-10 23:00:00,27062.907051044684
2013-07-11 00:00:00,25668.753920984018
2013-07-11 01:00:00,24554.392377398282
2013-07-11 02:00:00,23883.395612913806
2013-07-11 03:00:00,23438.466837747837
2013-07-11 04:00:00,23620.888430660692
2013-07-11 05:00:00,25460.341144856888
2013-07-11 06:00:00,28267.44741168817
2013-07-11 07:00:00,32126.001222866846
2013-07-11 08:00:00,34218.722323657676
2013-07-11 09:00:00,34549.109515159624
2013-07-11 10:00:00,34972.94869657853
2013-07-11 11:00:00,36398.897424956274
2013-07-11 12:00:00,36411.84462298683
2013-07-11 13:00:00,34749.07350714396
2013-07-11 14:00:00,34044.346339308155
2013-07-11 15:00:00,32911.81359283171
2013-07-11 16:00:00,33069.06638065589
2013-07-11 17:00:00,35957.61263161907
2013-07-11 18:00:00,36522.88740555187
2013-07-11 19:00:00,35962.207832660024
2013-07-11 20:00:00,34594.83589732933
2013-07-11 21:00:00,32768.33038116368
2013-07-11 22:00:00,29359.768142314653
2013-07-11 23:00:00,26860.07306178059
2013-07-12 00:00:00,25221.42274466103
2013-07-12 01:00:00,24003.9996065303
2013-07-12 02:00:00,23534.74043136795
2013-07-12 03:00:00,23436.274037863903
2013-07-12 04:00:00,23443.27164006186
2013-07-12 05:00:00,25673.042733598697
2013-07-12 06:00:00,28646.80179160913
2013-07-12 07:00:00,31499.956856003068
2013-07-12 08:00:00,33984.092736076505
2013-07-12 09:00:00,34299.1303283909
2013-07-12 10:00:00,35157.14388682917
2013-07-12 11:00:00,36815.529402904154
2013-07-12 12:00:00,37264.843777837996
2013-07-12 13:00:00,35852.05184876386
2013-07-12 14:00:00,34228.54152955879
2013-07-12 15:00:00,32815.33039793852
2013-07-12 16:00:00,32904.60638936067
2013-07-12 17:00:00,35961.99823138694
2013-07-12 18:00:00,36494.3810070607
2013-07-12 19:00:00,35903.00223579375
2013-07-12 20:00:00,34752.71748897273
2013-07-12 21:00:00,32902.09117408378
2013-07-12 22:00:00,29666.760126065717
2013-07-12 23:00:00,27319.46463746522
2013-07-13 00:00:00,25833.21391227923
2013-07-13 01:00:00,24896.469159292326
2013-07-13 02:00:00,23990.84280722668
2013-07-13 03:00:00,23269.621246684754
2013-07-13 04:00:00,23359.945244472285
2013-07-13 05:00:00,25008.624368766028
2013-07-13 06:00:00,26609.690699432405
2013-07-13 07:00:00,28905.87459330656
2013-07-13 08:00:00,31291.33447860287
2013-07-13 09:00:00,31783.988861516096
2013-07-13 10:00:00,32674.894418213407
2013-07-13 11:00:00,34287.23113672573
2013-07-13 12:00:00,35716.72705977905
2013-07-13 13:00:00,32117.713646420536
2013-07-13 14:00:00,30038.10095135674
2013-07-13 15:00:00,28885.83300592487
2013-07-13 16:00:00,29424.632973553948
2013-07-13 17:00:00,32462.28961662479
2013-07-13 18:00:00,33608.656359800676
2013-07-13 19:00:00,33442.680766017336
2013-07-13 20:00:00,32483.169609098775
2013-07-13 21:00:00,30612.808095254397
2013-07-13 22:00:00,27958.569016479432
2013-07-13 23:00:00,25633.20152671829
2013-07-14 00:00:00,24168.87880037166
2013-07-14 01:00:00,23131.265252723697
2013-07-14 02:00:00,22672.970076981037
2013-07-14 03:00:00,22300.40369798496
2013-07-14 04:00:00,22208.725305405787
2013-07-14 05:00:00,24140.2756147273
2013-07-14 06:00:00,26846.513086897514
2013-07-14 07:00:00,30614.06570289285
2013-07-14 08:00:00,32335.107223356492
2013-07-14 09:00:00,32746.628010564084
2013-07-14 10:00:00,33442.37437759107
2013-07-14 11:00:00,35135.84469180903
2013-07-14 12:00:00,35841.71665316341
2013-07-14 13:00:00,35088.957489154076
2013-07-14 14:00:00,33191.34718445698
2013-07-14 15:00:00,32078.54963693596
2013-07-14 16:00:00,32143.704829634815
2013-07-14 17:00:00,36159.3502209412
2013-07-14 18:00:00,36525.08020543581
2013-07-14 19:00:00,35865.72463776683
2013-07-14 20:00:00,34842.62228421412
2013-07-14 21:00:00,32299.071206001325
2013-07-14 22:00:00,29614.132928851253
2013-07-14 23:00:00,27169.257845415592
2013-07-15 00:00:00,25585.42752539444
2013-07-15 01:00:00,24420.631584478175
2013-07-15 02:00:00,23734.28522080615
2013-07-15 03:00:00,23241.11484819358
2013-07-15 04:00:00,23574.839633098032
2013-07-15 05:00:00,25381.400349035182
2013-07-15 06:00:00,28585.403394858917
2013-07-15 07:00:00,32201.652818862647
2013-07-15 08:00:00,34282.31352029183
2013-07-15 09:00:00,34636.821510517075
2013-07-15 10:00:00,35308.44707882077
2013-07-15 11:00:00,36530.46541799245
2013-07-15 12:00:00,37310.89257540066
2013-07-15 13:00:00,35852.05184876386
2013-07-15 14:00:00,34430.27911888093
2013-07-15 15:00:00,33523.6047604499
2013-07-15 16:00:00,33400.179163130255
2013-07-15 17:00:00,36523.35500167461
2013-07-15 18:00:00,37002.014180191916
2013-07-15 19:00:00,36280.16381583077
2013-07-15 20:00:00,35237.32626332263
2013-07-15 21:00:00,33092.86476398623
2013-07-15 22:00:00,29901.389713646895
2013-07-15 23:00:00,27642.902620345812
2013-07-16 00:00:00,26245.460290459232
2013-07-16 01:00:00,24940.325156971052
2013-07-16 02:00:00,24431.595583897855
2013-07-16 03:00:00,23960.35321012465
2013-07-16 04:00:00,24184.438000832295
2013-07-16 05:00:00,25925.214720251355
2013-07-16 06:00:00,29339.726554932964
2013-07-16 07:00:00,32385.848009113288
2013-07-16 08:00:00,34356.868716345656
2013-07-16 09:00:00,34902.15029647335
2013-07-16 10:00:00,35510.184668142894
2013-07-16 11:00:00,36841.84300151139
2013-07-16 12:00:00,37236.33737934683
2013-07-16 13:00:00,36235.7918284527
2013-07-16 14:00:00,34884.188694855715
2013-07-16 15:00:00,33806.47594547767
2013-07-16 16:00:00,33845.317539569296
2013-07-16 17:00:00,36525.54780155854
2013-07-16 18:00:00,37317.77736347874
2013-07-16 19:00:00,36534.52860236737
2013-07-16 20:00:00,35632.03024243114
2013-07-16 21:00:00,33141.10636143282
2013-07-16 22:00:00,30013.222507727634
2013-07-16 23:00:00,27717.45781639964
2013-07-17 00:00:00,26282.737888486146
2013-07-17 01:00:00,25074.08594989116
2013-07-17 02:00:00,24207.929995736366
2013-07-17 03:00:00,23986.66680873189
2013-07-17 04:00:00,24127.425203849947
2013-07-17 05:00:00,26078.710712126893
2013-07-17 06:00:00,29330.95535539722
2013-07-17 07:00:00,32328.835212130944
2013-07-17 08:00:00,34523.521507524805
2013-07-17 09:00:00,34992.055091714734
2013-07-17 10:00:00,35437.822271973004
2013-07-17 11:00:00,36973.41099454756
2013-07-17 12:00:00,37339.39897389183
2013-07-17 13:00:00,36411.2158191676
2013-07-17 14:00:00,34888.57429462359
2013-07-17 15:00:00,33775.776747102565
2013-07-17 16:00:00,33847.510339453234
2013-07-17 17:00:00,36380.82300921876
2013-07-17 18:00:00,37046.966577812615
2013-07-17 19:00:00,36556.45660120673
2013-07-17 20:00:00,35232.94066355476
2013-07-17 21:00:00,33272.674354468996
2013-07-17 22:00:00,29897.00411387902
2013-07-17 23:00:00,27557.383424872296
2013-07-18 00:00:00,26078.80749928008
2013-07-18 01:00:00,24850.420361729666
2013-07-18 02:00:00,24236.436394227534
2013-07-18 03:00:00,23787.122019293693
2013-07-18 04:00:00,23899.37401592059
2013-07-18 05:00:00,26197.121905859443
2013-07-18 06:00:00,29063.433769557003
2013-07-18 07:00:00,32339.799211550628
2013-07-18 08:00:00,34146.359927487785
2013-07-18 09:00:00,34599.54391249016
2013-07-18 10:00:00,35143.98708752555
2013-07-18 11:00:00,36769.480605341494
2013-07-18 12:00:00,37271.4221774898
2013-07-18 13:00:00,36051.59663820206
2013-07-18 14:00:00,34993.82868905252
2013-07-18 15:00:00,33411.77196636916
2013-07-18 16:00:00,33308.08156800493
2013-07-18 17:00:00,36108.91582361067
2013-07-18 18:00:00,37155.51017206745
2013-07-18 19:00:00,36652.93979609992
2013-07-18 20:00:00,35671.50064034199
2013-07-18 21:00:00,33116.985562709524
2013-07-18 22:00:00,30120.669702040508
2013-07-18 23:00:00,27820.519410944642
2013-07-19 00:00:00,26381.413883263274
2013-07-19 01:00:00,25056.543550819668
2013-07-19 02:00:00,24374.58278691552
2013-07-19 03:00:00,24120.42760165199
2013-07-19 04:00:00,24250.221997350374
2013-07-19 05:00:00,26238.78510365423
2013-07-19 06:00:00,29418.667350754662
2013-07-19 07:00:00,32725.731991123394
2013-07-19 08:00:00,34898.490287677894
2013-07-19 09:00:00,35255.19107778707
2013-07-19 10:00:00,35832.526251081516
2013-07-19 11:00:00,37190.49818305724
2013-07-19 12:00:00,37771.38055102725
2013-07-19 13:00:00,36669.96620547206
2013-07-19 14:00:00,35456.50946456306
2013-07-19 15:00:00,33973.12873665682
2013-07-19 16:00:00,33917.67993573919
2013-07-19 17:00:00,36575.98219888908
2013-07-19 18:00:00,37216.908568817664
2013-07-19 19:00:00,36782.31498925215
2013-07-19 20:00:00,35346.96625751944
2013-07-19 21:00:00,33285.83115377261
2013-07-19 22:00:00,30017.60810749551
2013-07-19 23:00:00,27651.673819881555
2013-07-20 00:00:00,26146.784295682104
2013-07-20 01:00:00,25166.183545016476
2013-07-20 02:00:00,24617.98357403243
2013-07-20 03:00:00,24219.103596429122
2013-07-20 04:00:00,24127.425203849947
2013-07-20 05:00:00,25846.273924429654
2013-07-20 06:00:00,27613.993046275187
2013-07-20 07:00:00,30379.436115311673
2013-07-20 08:00:00,32194.768030784577
2013-07-20 09:00:00,32610.674417760038
2013-07-20 10:00:00,33334.927183278196
2013-07-20 11:00:00,35265.21988496127
2013-07-20 12:00:00,36745.15020534512
2013-07-20 13:00:00,32997.026399878945
2013-07-20 14:00:00,31035.824898547708
2013-07-20 15:00:00,29412.104978069554
2013-07-20 16:00:00,29694.347359278094
2013-07-20 17:00:00,33569.653558012564
2013-07-20 18:00:00,34318.027122254025
2013-07-20 19:00:00,33986.49513723351
2013-07-20 20:00:00,33276.963167083675
2013-07-20 21:00:00,31345.20325648909
2013-07-20 22:00:00,28552.817785026138
2013-07-20 23:00:00,26487.297081511435
2013-07-21 00:00:00,25282.821141411245
2013-07-21 01:00:00,23629.03082637721
2013-07-21 02:00:00,23210.206048545402
2013-07-21 03:00:00,22833.25406978145
2013-07-21 04:00:00,23081.45965921239
2013-07-21 05:00:00,25177.46995982912
2013-07-21 06:00:00,28278.41141110785
2013-07-21 07:00:00,31300.412066564873
2013-07-21 08:00:00,32920.58479236745
2013-07-21 09:00:00,33825.48555346068
2013-07-21 10:00:00,34087.05754346831
2013-07-21 11:00:00,35931.831049677865
2013-07-21 12:00:00,36628.9318114965
2013-07-21 13:00:00,35251.22468056535
2013-07-21 14:00:00,33658.41355973538
2013-07-21 15:00:00,32453.518417089046
2013-07-21 16:00:00,33145.814376593655
2013-07-21 17:00:00,35951.03423196726
2013-07-21 18:00:00,36878.12098674953
2013-07-21 19:00:00,36326.21261339343
2013-07-21 20:00:00,35156.19266761699
2013-07-21 21:00:00,32932.79037245888
2013-07-21 22:00:00,30087.777703781467
2013-07-21 23:00:00,27685.662218082565
2013-07-22 00:00:00,26144.59149579817
2013-07-22 01:00:00,25109.17074803414
2013-07-22 02:00:00,24451.330782853278
2013-07-22 03:00:00,24157.70519967891
2013-07-22 04:00:00,24039.713208492503
2013-07-22 05:00:00,26311.147499824125
2013-07-22 06:00:00,29624.790539844667
2013-07-22 07:00:00,33230.07596442872
2013-07-22 08:00:00,34464.31591065853
2013-07-22 09:00:00,35112.65908533122
2013-07-22 10:00:00,35575.968664660984
2013-07-22 11:00:00,36574.32141567118
2013-07-22 12:00:00,37613.498959383855
2013-07-22 13:00:00,36352.01022230132
2013-07-22 14:00:00,35213.108677446144
2013-07-22 15:00:00,33966.550337005014
2013-07-22 16:00:00,33628.23035105962
2013-07-22 17:00:00,36323.810212236414
2013-07-22 18:00:00,37196.07696992027
2013-07-22 19:00:00,36707.759793198325
2013-07-22 20:00:00,35546.51104695763
2013-07-22 21:00:00,32893.31997454803
2013-07-22 22:00:00,30287.32249321966
2013-07-22 23:00:00,27777.759813207886
2013-07-23 00:00:00,26129.241896610616
2013-07-23 01:00:00,25133.291546757435
2013-07-23 02:00:00,24383.35398645126
2013-07-23 03:00:00,24061.22200478571
2013-07-23 04:00:00,24241.450797814632
2013-07-23 05:00:00,26319.91869935987
2013-07-23 06:00:00,29515.15054564786
2013-07-23 07:00:00,32887.99918253467
2013-07-23 08:00:00,34102.50392980906
2013-07-23 09:00:00,35158.70788289389
2013-07-23 10:00:00,35595.70386361641
2013-07-23 11:00:00,37267.24617899501
2013-07-23 12:00:00,37510.43736483885
2013-07-23 13:00:00,36448.49341719451
2013-07-23 14:00:00,34908.309493579014
2013-07-23 15:00:00,33907.34474013874
2013-07-23 16:00:00,33946.18633423036
2013-07-23 17:00:00,36240.48381664684
2013-07-23 18:00:00,37219.1013687016
2013-07-23 19:00:00,36606.89099853726
2013-07-23 20:00:00,35270.21826158168
2013-07-23 21:00:00,33187.15515899549
2013-07-23 22:00:00,30293.900892871472
2013-07-23 23:00:00,27752.542614542617
2013-07-24 00:00:00,26072.229099628275
2013-07-24 01:00:00,25216.617942347013
2013-07-24 02:00:00,24302.22039074562
2013-07-24 03:00:00,24067.800404437527
2013-07-24 04:00:00,23881.831616849096
2013-07-24 05:00:00,25769.525928491887
2013-07-24 06:00:00,29401.124951683178
2013-07-24 07:00:00,32839.757585088075
2013-07-24 08:00:00,35036.636680365875
2013-07-24 09:00:00,35435.000668269844
2013-07-24 10:00:00,35880.767848528114
2013-07-24 11:00:00,36512.923018920956
2013-07-24 12:00:00,37650.77655741076
2013-07-24 13:00:00,36555.94061150738
2013-07-24 14:00:00,34860.067896132416
2013-07-24 15:00:00,34034.527133407035
2013-07-24 16:00:00,33858.47433887291
2013-07-24 17:00:00,36306.26781316493
2013-07-24 18:00:00,37402.20015901027
2013-07-24 19:00:00,36867.83418472567
2013-07-24 20:00:00,35708.77823836891
2013-07-24 21:00:00,33353.80795017463
2013-07-24 22:00:00,30271.972894032107
2013-07-24 23:00:00,27867.66460844927
2013-07-25 00:00:00,26324.401086280937
2013-07-25 01:00:00,24799.985964399133
2013-07-25 02:00:00,24422.82438436211
2013-07-25 03:00:00,24221.296396313057
2013-07-25 04:00:00,24355.476391779313
2013-07-25 05:00:00,25876.973122804764
2013-07-25 06:00:00,29315.60575620967
2013-07-25 07:00:00,32749.85278984669
2013-07-25 08:00:00,35008.130281874706
2013-07-25 09:00:00,35507.36306443974
2013-07-25 10:00:00,36205.302231350666
2013-07-25 11:00:00,37363.72937388819
2013-07-25 12:00:00,37854.706946616825
2013-07-25 13:00:00,36553.74781162345
2013-07-25 14:00:00,34800.86229926613
2013-07-25 15:00:00,33791.12634629012
2013-07-25 16:00:00,33926.45113527493
2013-07-25 17:00:00,36751.40618960397
2013-07-25 18:00:00,37591.87734897076
2013-07-25 19:00:00,36984.05257857429
2013-07-25 20:00:00,35939.022226182205
2013-07-25 21:00:00,33296.795153192295
2013-07-25 22:00:00,30355.299289621682
2013-07-25 23:00:00,27835.869010132195
2013-07-26 00:00:00,26177.48349405721
2013-07-26 01:00:00,24560.97077705009
2013-07-26 02:00:00,24337.3051888886
2013-07-26 03:00:00,23695.024424168372
2013-07-26 04:00:00,23785.348421955907
2013-07-26 05:00:00,26050.20431363572
2013-07-26 06:00:00,29173.07376375382
2013-07-26 07:00:00,32684.06879332861
2013-07-26 08:00:00,35282.23026736673
2013-07-26 09:00:00,36165.2030296206
2013-07-26 10:00:00,36771.044601406196
2013-07-26 11:00:00,37626.865359960546
2013-07-26 12:00:00,38227.48292688598
2013-07-26 13:00:00,36652.42380640058
2013-07-26 14:00:00,35515.71506142934
2013-07-26 15:00:00,34188.02312528257
2013-07-26 16:00:00,34156.69512308824
2013-07-26 17:00:00,36192.24221920024
2013-07-26 18:00:00,37076.56937624575
2013-07-26 19:00:00,36874.41258437747
2013-07-26 20:00:00,35412.75025403753
2013-07-26 21:00:00,33288.02395365655
2013-07-26 22:00:00,30423.276086023707
2013-07-26 23:00:00,27873.14660815911
2013-07-27 00:00:00,26184.06189370902
2013-07-27 01:00:00,24984.181154649774
2013-07-27 02:00:00,24245.20759376328
2013-07-27 03:00:00,23855.098815695714
2013-07-27 04:00:00,23585.80363251771
2013-07-27 05:00:00,24855.128376890494
2013-07-27 06:00:00,26548.29230268219
2013-07-27 07:00:00,29677.740152452094
2013-07-27 08:00:00,32012.76564041787
2013-07-27 09:00:00,33577.6991665759
2013-07-27 10:00:00,34290.987932674376
2013-07-27 11:00:00,35773.94945803446
2013-07-27 12:00:00,37179.32458236448
2013-07-27 13:00:00,33376.38077979991
2013-07-27 14:00:00,31548.940071388774
2013-07-27 15:00:00,29991.00414742871
2013-07-27 16:00:00,30363.151323878636
2013-07-27 17:00:00,33144.250380528945
2013-07-27 18:00:00,34544.98191024142
2013-07-27 19:00:00,34118.063130269686
2013-07-27 20:00:00,33333.97596406602
2013-07-27 21:00:00,31579.83284407026
2013-07-27 22:00:00,28927.786565179227
2013-07-27 23:00:00,26685.74547100766
2013-07-28 00:00:00,25304.749140250606
2013-07-28 01:00:00,23872.43161349413
2013-07-28 02:00:00,23313.2676430904
2013-07-28 03:00:00,22837.639669549324
2013-07-28 04:00:00,23028.83246199792
2013-07-28 05:00:00,25197.205158784545
2013-07-28 06:00:00,28050.360223178483
2013-07-28 07:00:00,31528.46325449424
2013-07-28 08:00:00,33712.18555046841
2013-07-28 09:00:00,34562.26631446324
2013-07-28 10:00:00,35097.93828996289
2013-07-28 11:00:00,36234.43743366106
2013-07-28 12:00:00,37275.80777725768
2013-07-28 13:00:00,36209.47822984547
2013-07-28 14:00:00,34070.65993791539
2013-07-28 15:00:00,33161.79277960044
2013-07-28 16:00:00,33051.523981584396
2013-07-28 17:00:00,36194.43501908418
2013-07-28 18:00:00,37265.15016626426
2013-07-28 19:00:00,36606.89099853726
2013-07-28 20:00:00,35403.97905450178
2013-07-28 21:00:00,33013.92396816452
2013-07-28 22:00:00,30287.32249321966
2013-07-28 23:00:00,27796.398612221343
2013-07-29 00:00:00,26166.51949463753
2013-07-29 01:00:00,25096.01394873052
2013-07-29 02:00:00,24313.1843901653
2013-07-29 03:00:00,24181.8259984022
2013-07-29 04:00:00,24079.183606403352
2013-07-29 05:00:00,26087.481911662635
2013-07-29 06:00:00,29517.343345531797
2013-07-29 07:00:00,33254.19676315202
2013-07-29 08:00:00,35488.35345645672
2013-07-29 09:00:00,35831.897447262294
2013-07-29 10:00:00,36277.66462752056
2013-07-29 11:00:00,37732.119754389474
2013-07-29 12:00:00,38043.28773663534
2013-07-29 13:00:00,36547.169411971634
2013-07-29 14:00:00,35276.699874080296
2013-07-29 15:00:00,33657.365553370015
2013-07-29 16:00:00,33242.29757148685
2013-07-29 17:00:00,36468.5350045762
2013-07-29 18:00:00,37278.306965567885
2013-07-29 19:00:00,36766.9653900646
2013-07-29 20:00:00,35553.08944660944
2013-07-29 21:00:00,33086.28636433442
2013-07-29 22:00:00,30109.70570262083
2013-07-29 23:00:00,27736.0966154131
2013-07-30 00:00:00,26223.53229161987
2013-07-30 01:00:00,25271.437939445415
2013-07-30 02:00:00,24740.780367532858
2013-07-30 03:00:00,24241.031595268483
2013-07-30 04:00:00,24414.68198864559
2013-07-30 05:00:00,26462.45069181572
2013-07-30 06:00:00,29784.864931372013
2013-07-30 07:00:00,33466.898351893826
2013-07-30 08:00:00,35440.11185901013
2013-07-30 09:00:00,35711.293453645805
2013-07-30 10:00:00,36516.6798148696
2013-07-30 11:00:00,37749.66215346097
2013-07-30 12:00:00,38510.35411191375
2013-07-30 13:00:00,37156.7677797059
2013-07-30 14:00:00,35458.702264447
2013-07-30 15:00:00,34120.04632888055
2013-07-30 16:00:00,34255.37111786537
2013-07-30 17:00:00,36312.84621281673
2013-07-30 18:00:00,37421.9353579657
2013-07-30 19:00:00,36720.91659250193
2013-07-30 20:00:00,35653.958241270506
2013-07-30 21:00:00,33244.16795597783
2013-07-30 22:00:00,30401.348087184346
2013-07-30 23:00:00,28068.305797829427
2013-07-31 00:00:00,26596.308271889022
2013-07-31 01:00:00,25613.51472133946
2013-07-31 02:00:00,24545.621177862537
2013-07-31 03:00:00,24381.3707878404
2013-07-31 04:00:00,24563.792380753253
2013-07-31 05:00:00,26550.162687173175
2013-07-31 06:00:00,29618.21214019286
2013-07-31 07:00:00,33012.98877591903
2013-07-31 08:00:00,35435.72625924226
2013-07-31 09:00:00,36252.91502497804
2013-07-31 10:00:00,36885.07019537089
2013-07-31 11:00:00,38262.777326302035
2013-07-31 12:00:00,38863.39489322748
2013-07-31 13:00:00,37858.46374256548
2013-07-31 14:00:00,35656.054254001254
2013-07-31 15:00:00,34098.11833004119
2013-07-31 16:00:00,34408.867109740895
2013-07-31 17:00:00,36466.342204692264
2013-07-31 18:00:00,37624.7693472298
2013-07-31 19:00:00,36896.340583216836
2013-07-31 20:00:00,35903.93742803923
2013-07-31 21:00:00,33498.53274251442
2013-07-31 22:00:00,30467.13208370243
2013-07-31 23:00:00,27858.893408913522
2013-08-01 00:00:00,26111.699497539124
2013-08-01 01:00:00,25449.05473004425
2013-08-01 02:00:00,24539.04277821073
2013-08-01 03:00:00,24234.453195616672
2013-08-01 04:00:00,24197.59480013591
2013-08-01 05:00:00,26416.401894253064
2013-08-01 06:00:00,29716.888134969988
2013-08-01 07:00:00,33153.32796849095
2013-08-01 08:00:00,35521.24545471577
2013-08-01 09:00:00,36283.61422335315
2013-08-01 10:00:00,36990.32458979982
2013-08-01 11:00:00,38218.92132862331
2013-08-01 12:00:00,38780.068497637905
2013-08-01 13:00:00,37266.407773902705
2013-08-01 14:00:00,35787.62224703743
2013-08-01 15:00:00,34361.254316113525
2013-08-01 16:00:00,34343.08311322281
2013-08-01 17:00:00,36992.61417683695
2013-08-01 18:00:00,37657.661345488836
2013-08-01 19:00:00,37203.332566967896
2013-08-01 20:00:00,35853.5030307087
2013-08-01 21:00:00,33509.496741934105
2013-08-01 22:00:00,30331.178490898383
2013-08-01 23:00:00,27914.809805953893
2013-08-02 00:00:00,26359.485884423917
2013-08-02 01:00:00,25306.522737588395
2013-08-02 02:00:00,24769.286766024026
2013-08-02 03:00:00,24376.98518807253
2013-08-02 04:00:00,24403.71798922591
2013-08-02 05:00:00,26705.85147893264
2013-08-02 06:00:00,29980.024121042334
2013-08-02 07:00:00,33330.94475908978
2013-08-02 08:00:00,35793.15264032386
2013-08-02 09:00:00,36143.27503078124
2013-08-02 10:00:00,36764.466201754396
2013-08-02 11:00:00,38221.11412850725
2013-08-02 12:00:00,38481.84771342258
2013-08-02 13:00:00,37027.39258655366
2013-08-02 14:00:00,35879.71984216275
2013-08-02 15:00:00,34530.09990717661
2013-08-02 16:00:00,34487.8079055626
2013-08-02 17:00:00,36597.91019772844
2013-08-02 18:00:00,37706.9993428774
2013-08-02 19:00:00,36929.23258147587
2013-08-02 20:00:00,35853.5030307087
2013-08-02 21:00:00,33645.45033473815
2013-08-02 22:00:00,30603.08567650647
2013-08-02 23:00:00,28325.95978419193
2013-08-03 00:00:00,26909.878655291894
2013-08-03 01:00:00,25725.347515420206
2013-08-03 02:00:00,25017.07315290882
2013-08-03 03:00:00,24515.131580760506
2013-08-03 04:00:00,24533.093182378143
2013-08-03 05:00:00,25936.17871967104
2013-08-03 06:00:00,28100.79462050902
2013-08-03 07:00:00,30923.25048652785
2013-08-03 08:00:00,32962.247990162236
2013-08-03 09:00:00,33950.47514684505
2013-08-03 10:00:00,34801.91030563151
2013-08-03 11:00:00,36245.40143308075
2013-08-03 12:00:00,37635.426958223215
2013-08-03 13:00:00,33771.08475890843
2013-08-03 14:00:00,32261.600033668037
2013-08-03 15:00:00,30861.545701351373
2013-08-03 16:00:00,30768.819302406824
2013-08-03 17:00:00,33378.879968110115
2013-08-03 18:00:00,34650.23630467036
2013-08-03 19:00:00,34460.13991216374
2013-08-03 20:00:00,33494.05035559336
2013-08-03 21:00:00,31757.449634669094
2013-08-03 22:00:00,29044.004959027843
2013-08-03 23:00:00,26761.951434783223
2013-08-04 00:00:00,25422.946937135453
2013-08-04 01:00:00,24249.598886893105
2013-08-04 02:00:00,23512.818125890546
2013-08-04 03:00:00,23235.528996740864
2013-08-04 04:00:00,23189.68031151469
2013-08-04 05:00:00,25092.834716343525
2013-08-04 06:00:00,28168.34082764099
2013-08-04 07:00:00,31485.054926171422
2013-08-04 08:00:00,33693.00851486739
2013-08-04 09:00:00,34731.99965308889
2013-08-04 10:00:00,35507.45458056505
2013-08-04 11:00:00,37013.11186939197
2013-08-04 12:00:00,37321.10019691677
2013-08-04 13:00:00,36536.87406990485
2013-08-04 14:00:00,35312.89150999548
2013-08-04 15:00:00,34098.67649339558
2013-08-04 16:00:00,33608.28555083111
2013-08-04 17:00:00,36295.861977099645
2013-08-04 18:00:00,37690.782871787786
2013-08-04 19:00:00,36799.20960663124
2013-08-04 20:00:00,35726.33012637699
2013-08-04 21:00:00,33574.192878553156
2013-08-04 22:00:00,30624.47259207729
2013-08-04 23:00:00,28174.114560038135
2013-08-05 00:00:00,26576.359676085885
2013-08-05 01:00:00,25613.520414701416
2013-08-05 02:00:00,25049.970844529813
2013-08-05 03:00:00,24641.113722343962
2013-08-05 04:00:00,24452.73304466193
2013-08-05 05:00:00,26287.910653088747
2013-08-05 06:00:00,29681.372747556954
2013-08-05 07:00:00,32897.218051426324
2013-08-05 08:00:00,35155.606037452824
2013-08-05 09:00:00,35973.12438739676
2013-08-05 10:00:00,36654.28891986368
2013-08-05 11:00:00,37896.81022261826
2013-08-05 12:00:00,38347.3305425989
2013-08-05 13:00:00,37403.03002405965
2013-08-05 14:00:00,36122.034667167936
2013-08-05 15:00:00,34535.04367029889
2013-08-05 16:00:00,34027.11032866292
2013-08-05 17:00:00,35890.19399857145
2013-08-05 18:00:00,37392.56208757247
2013-08-05 19:00:00,36689.56961243443
2013-08-05 20:00:00,35167.16615597325
2013-08-05 21:00:00,33192.64569874825
2013-08-05 22:00:00,30571.845394862823
2013-08-05 23:00:00,28352.82775057893
2013-08-06 00:00:00,26986.413254381954
2013-08-06 01:00:00,25525.808419343964
2013-08-06 02:00:00,24736.400461126937
2013-08-06 03:00:00,24362.628137084062
2013-08-06 04:00:00,24174.247459402035
2013-08-06 05:00:00,25658.577086399062
2013-08-06 06:00:00,27867.92724354173
2013-08-06 07:00:00,31542.067723153767
2013-08-06 08:00:00,34995.53164592548
2013-08-06 09:00:00,36008.209185539745
2013-08-06 10:00:00,36496.40732822027
2013-08-06 11:00:00,37988.90781774358
2013-08-06 12:00:00,38893.33771369901
2013-08-06 13:00:00,37852.55400026656
2013-08-06 14:00:00,36422.4482512672
2013-08-06 15:00:00,34662.22606356718
2013-08-06 16:00:00,34358.22311113729
2013-08-06 17:00:00,36515.14196549326
2013-08-06 18:00:00,37680.91527231008
2013-08-06 19:00:00,36943.93439897103
2013-08-06 20:00:00,35588.183733689
2013-08-06 21:00:00,33593.92807750858
2013-08-06 22:00:00,30495.097398925056
2013-08-06 23:00:00,28186.17495939978
2013-08-07 00:00:00,26729.85566796142
2013-08-07 01:00:00,25418.361225031094
2013-08-07 02:00:00,24736.400461126937
2013-08-07 03:00:00,24520.50972872747
2013-08-07 04:00:00,24586.49383758204
2013-08-07 05:00:00,26522.540240669918
2013-08-07 06:00:00,30001.52153061164
2013-08-07 07:00:00,33434.4540229907
2013-08-07 08:00:00,35642.40761168666
2013-08-07 09:00:00,36332.743568362304
2013-08-07 10:00:00,36463.51532996123
2013-08-07 11:00:00,38344.14139894125
2013-08-07 12:00:00,38533.71853273348
2013-08-07 13:00:00,37041.218043210174
2013-08-07 14:00:00,35885.21227970283
2013-08-07 15:00:00,34877.120452192925
2013-08-07 16:00:00,34384.53670974452
2013-08-07 17:00:00,36374.80277292135
2013-08-07 18:00:00,37974.750456757516
2013-08-07 19:00:00,36849.64400396178
2013-08-07 20:00:00,35656.16053009102
2013-08-07 21:00:00,33857.06406358092
2013-08-07 22:00:00,30962.16377420346
2013-08-07 23:00:00,28653.24133467819
2013-08-08 00:00:00,27196.92204323983
2013-08-08 01:00:00,25742.89560785365
2013-08-08 02:00:00,25043.392444878005
2013-08-08 03:00:00,24695.933719442364
2013-08-08 04:00:00,24735.604229689703
2013-08-08 05:00:00,26454.563444267897
2013-08-08 06:00:00,30141.860723183552
2013-08-08 07:00:00,32699.866061872075
2013-08-08 08:00:00,35572.238015400704
2013-08-08 09:00:00,36578.33715536315
2013-08-08 10:00:00,37228.80248945496
2013-08-08 11:00:00,38515.17978988826
2013-08-08 12:00:00,39138.93130069987
2013-08-08 13:00:00,37609.15321314965
2013-08-08 14:00:00,36442.18345022262
2013-08-08 15:00:00,34701.69646147804
2013-08-08 16:00:00,34645.479895932935
2013-08-08 17:00:00,37129.12593299539
2013-08-08 18:00:00,38507.60082855402
2013-08-08 19:00:00,37779.391154750716
2013-08-08 20:00:00,36173.66130269997
2013-08-08 21:00:00,33986.43925673315
2013-08-08 22:00:00,30767.00458453314
2013-08-08 23:00:00,28395.587348315687
2013-08-09 00:00:00,26876.773260185146
2013-08-09 01:00:00,25468.795622361624
2013-08-09 02:00:00,25356.96282828088
2013-08-09 03:00:00,24939.33450655928
2013-08-09 04:00:00,24832.087424582893
2013-08-09 05:00:00,26877.773821867577
2013-08-09 06:00:00,30323.86311355026
2013-08-09 07:00:00,32761.26445862229
2013-08-09 08:00:00,35997.64119288432
2013-08-09 09:00:00,36663.85635083666
2013-08-09 10:00:00,37557.72247204539
2013-08-09 11:00:00,39037.06616226508
2013-08-09 12:00:00,39292.4272925754
2013-08-09 13:00:00,37885.4459985256
2013-08-09 14:00:00,36861.00822805443
2013-08-09 15:00:00,35155.606037452824
2013-08-09 16:00:00,34724.42069175463
2013-08-09 17:00:00,36909.84594460177
2013-08-09 18:00:00,38558.03522588455
2013-08-09 19:00:00,37722.37835776838
2013-08-09 20:00:00,36125.41970525337
2013-08-09 21:00:00,34096.079250929964
2013-08-09 22:00:00,31266.96295807059
2013-08-09 23:00:00,28717.928931254308
2013-08-10 00:00:00,27021.49805252493
2013-08-10 01:00:00,25909.5483990328
2013-08-10 02:00:00,25258.28683350375
2013-08-10 03:00:00,24866.97211038939
2013-08-10 04:00:00,25003.12581552992
2013-08-10 05:00:00,26651.915433822156
2013-08-10 06:00:00,28753.818396651946
2013-08-10 07:00:00,32037.64049692334
2013-08-10 08:00:00,33383.82373123238
2013-08-10 09:00:00,33955.748494175474
2013-08-10 10:00:00,34623.756227338774
2013-08-10 11:00:00,35993.459923361646
2013-08-10 12:00:00,37106.205808291015
2013-08-10 13:00:00,33324.422239938336
2013-08-10 14:00:00,31819.761294885142
2013-08-10 15:00:00,30675.715874571193
2013-08-10 16:00:00,30455.03931773088
2013-08-10 17:00:00,32144.891796808435
2013-08-10 18:00:00,34826.98622336713
2013-08-10 19:00:00,34422.21453244442
2013-08-10 20:00:00,33529.14464267293
2013-08-10 21:00:00,31539.27458626037
2013-08-10 22:00:00,28547.891101989724
2013-08-10 23:00:00,26393.56105428195
2013-08-11 00:00:00,25091.83415466109
2013-08-11 01:00:00,23854.894907784594
2013-08-11 02:00:00,23212.404541791286
2013-08-11 03:00:00,22818.897018792988
2013-08-11 04:00:00,22805.940331825856
2013-08-11 05:00:00,24735.408335261927
2013-08-11 06:00:00,28459.983212204497
2013-08-11 07:00:00,31601.273320020042
2013-08-11 08:00:00,33342.1605334376
2013-08-11 09:00:00,34806.55484914271
2013-08-11 10:00:00,35595.1665759225
2013-08-11 11:00:00,36614.0222905156
2013-08-11 12:00:00,37351.79939529187
2013-08-11 13:00:00,35999.63809834048
2013-08-11 14:00:00,34799.77633715442
2013-08-11 15:00:00,33741.25011231398
2013-08-11 16:00:00,33274.97996847281
2013-08-11 17:00:00,35563.46681586495
2013-08-11 18:00:00,37669.9512728904
2013-08-11 19:00:00,36740.00400976496
2013-08-11 20:00:00,35778.95732359146
2013-08-11 21:00:00,33273.77929445389
2013-08-11 22:00:00,30337.21580728165
2013-08-11 23:00:00,27832.037778144087
2013-08-12 00:00:00,26179.462897093435
2013-08-12 01:00:00,25242.9372343162
2013-08-12 02:00:00,24341.696482018422
2013-08-12 03:00:00,23880.2121626181
2013-08-12 04:00:00,24161.09066009842
2013-08-12 05:00:00,26094.944263302365
2013-08-12 06:00:00,29911.616735370255
2013-08-12 07:00:00,33445.41802241038
2013-08-12 08:00:00,35594.16601424006
2013-08-12 09:00:00,36293.27317045145
2013-08-12 10:00:00,36856.0265091858
2013-08-12 11:00:00,38076.61981310103
2013-08-12 12:00:00,38546.87533203709
2013-08-12 13:00:00,37251.726832068045
2013-08-12 14:00:00,35650.58269212166
2013-08-12 15:00:00,34245.594085619305
2013-08-12 16:00:00,33959.13353226091
2013-08-12 17:00:00,36142.36598522411
2013-08-12 18:00:00,37768.62726766752
2013-08-12 19:00:00,36957.09119827465
2013-08-12 20:00:00,35632.03973136773
2013-08-12 21:00:00,33569.80727878528
2013-08-12 22:00:00,30370.107805540694
2013-08-12 23:00:00,27890.146975068397
2013-08-13 00:00:00,26262.789292683014
2013-08-13 01:00:00,25245.130034200134
2013-08-13 02:00:00,24644.302866001617
2013-08-13 03:00:00,24434.990533253957
2013-08-13 04:00:00,24200.561058009273
2013-08-13 05:00:00,26287.910653088747
2013-08-13 06:00:00,29955.472733048977
2013-08-13 07:00:00,33357.706027052925
2013-08-13 08:00:00,35561.27401598102
2013-08-13 09:00:00,36216.52517451368
2013-08-13 10:00:00,36680.602518470914
2013-08-13 11:00:00,37988.90781774358
2013-08-13 12:00:00,38503.019334358374
2013-08-13 13:00:00,37479.7780199974
2013-08-13 14:00:00,36137.38426635549
2013-08-13 15:00:00,34728.01006008527
2013-08-13 16:00:00,34351.64471148548
2013-08-13 17:00:00,36537.06996433262
2013-08-13 18:00:00,37878.267261864334
2013-08-13 19:00:00,36812.36640593486
2013-08-13 20:00:00,35724.13732649305
2013-08-13 21:00:00,33727.68887042868
2013-08-13 22:00:00,30477.554999853568
2013-08-13 23:00:00,28187.27135934175
2013-08-14 00:00:00,26749.590866916846
2013-08-14 01:00:00,25427.132424566837
2013-08-14 02:00:00,24576.3260695996
2013-08-14 03:00:00,24367.013736851935
2013-08-14 04:00:00,24599.650636885657
2013-08-14 05:00:00,26469.91304345545
2013-08-14 06:00:00,30065.112727245785
2013-08-14 07:00:00,33664.69801080399
2013-08-14 08:00:00,35298.138029908674
2013-08-14 09:00:00,36341.51476789804
2013-08-14 10:00:00,37134.5120944457
2013-08-14 11:00:00,38624.81978408508
2013-08-14 12:00:00,39204.71529721795
2013-08-14 13:00:00,38006.04999214209
2013-08-14 14:00:00,36378.592253588475
2013-08-14 15:00:00,35177.534036292185
2013-08-14 16:00:00,34724.42069175463
2013-08-14 17:00:00,36624.781959690066
2013-08-14 18:00:00,38316.827238651575
2013-08-14 19:00:00,37360.56637691891
2013-08-14 20:00:00,36160.50450339635
2013-08-14 21:00:00,33859.256863464856
2013-08-14 22:00:00,30791.125383256443
2013-08-14 23:00:00,28418.61174709702
2013-08-15 00:00:00,26898.701259024503
2013-08-15 01:00:00,25335.034829441516
2013-08-15 02:00:00,24802.184457645028
2013-08-15 03:00:00,24592.872124897363
2013-08-15 04:00:00,24805.77382597566
2013-08-15 05:00:00,26380.008248214068
2013-08-15 06:00:00,30141.860723183552
2013-08-15 07:00:00,33686.626009643354
2013-08-15 08:00:00,35923.085996830494
2013-08-15 09:00:00,36293.27317045145
2013-08-15 10:00:00,37294.58648597304
2013-08-15 11:00:00,38515.17978988826
2013-08-15 12:00:00,39336.28329025413
2013-08-15 13:00:00,37929.30199620433
2013-08-15 14:00:00,37135.10821354645
2013-08-15 15:00:00,35605.13001365974
2013-08-15 16:00:00,34934.9294806125
2013-08-15 17:00:00,37212.45232858497
2013-08-15 18:00:00,38908.88320731435
2013-08-15 19:00:00,38062.262339778485
2013-08-15 20:00:00,36969.6476605688
2013-08-15 21:00:00,34427.192033404324
2013-08-15 22:00:00,31679.2093362506
2013-08-15 23:00:00,29152.103308273672
2013-08-16 00:00:00,27477.600428383663
2013-08-16 01:00:00,26541.074765606423
2013-08-16 02:00:00,25942.440397291844
2013-08-16 03:00:00,25502.88407673088
2013-08-16 04:00:00,25704.821778389498
2013-08-16 05:00:00,27452.287391458864
2013-08-16 06:00:00,30718.56709265877
2013-08-16 07:00:00,33901.5203982691
2013-08-16 08:00:00,36273.933978260284
2013-08-16 09:00:00,37378.70911299986
2013-08-16 10:00:00,38204.59843780656
2013-08-16 11:00:00,39464.66213963264
2013-08-16 12:00:00,40016.05125427434
2013-08-16 13:00:00,38817.385949198484
2013-08-16 14:00:00,37529.81219265497
2013-08-16 15:00:00,36361.64597361773
2013-08-16 16:00:00,35864.676631401446
2013-08-16 17:00:00,37633.46990630072
2013-08-16 18:00:00,39172.01919338669
2013-08-16 19:00:00,38171.9023339753
2013-08-16 20:00:00,37068.323655345936
2013-08-16 21:00:00,34907.41520798635
2013-08-16 22:00:00,32159.432510832623
2013-08-16 23:00:00,29598.338084654686
2013-08-17 00:00:00,27889.84680656367
2013-08-17 01:00:00,26598.087562588764
2013-08-17 02:00:00,26374.421974427274
2013-08-17 03:00:00,26156.338442143864
2013-08-17 04:00:00,26073.21215889078
2013-08-17 05:00:00,26851.460223260343
2013-08-17 06:00:00,29374.380763805886
2013-08-17 07:00:00,32232.799686593662
2013-08-17 08:00:00,33451.80052763441
2013-08-17 09:00:00,34012.76129115782
2013-08-17 10:00:00,34919.78421167016
2013-08-17 11:00:00,36745.590283551755
2013-08-17 12:00:00,37507.48818705134
2013-08-17 13:00:00,33938.406207440465
2013-08-17 14:00:00,32663.98925020057
2013-08-17 15:00:00,31813.779014334075
2013-08-17 16:00:00,31496.61926260057
2013-08-17 17:00:00,32853.16615931983
2013-08-17 18:00:00,34568.23583706266
2013-08-17 19:00:00,33893.7497604158
2013-08-17 20:00:00,32391.081502910045
2013-08-17 21:00:00,30519.622640230038
2013-08-17 22:00:00,27936.099934371527
2013-08-17 23:00:00,25575.64669757375
2013-08-18 00:00:00,24067.79660886289
2013-08-18 01:00:00,22982.160553977992
2013-08-18 02:00:00,22631.3125725482
2013-08-18 03:00:00,22674.172226453196
2013-08-18 04:00:00,22847.603529620643
2013-08-18 05:00:00,23976.699575420003
2013-08-18 06:00:00,26190.43533233054
2013-08-18 07:00:00,29469.87183283407
2013-08-18 08:00:00,30971.743858902577
2013-08-18 09:00:00,31699.357413605136
2013-08-18 10:00:00,32748.91232657333
2013-08-18 11:00:00,34226.06321690909
2013-08-18 12:00:00,35325.652302534836
2013-08-18 13:00:00,34876.92455776516
2013-08-18 14:00:00,33102.54922698781
2013-08-18 15:00:00,31629.58382408344
2013-08-18 16:00:00,31606.259256797377
2013-08-18 17:00:00,34234.63008619963
2013-08-18 18:00:00,35616.39418158415
2013-08-18 19:00:00,35007.69210145537
2013-08-18 20:00:00,34270.311003443356
2013-08-18 21:00:00,32297.983346102286
2013-08-18 22:00:00,29499.56625161803
2013-08-18 23:00:00,27215.861010758017
2013-08-19 00:00:00,25784.758917984924
2013-08-19 01:00:00,24846.04045532375
2013-08-19 02:00:00,24181.622090491084
2013-08-19 03:00:00,23906.525761225334
2013-08-19 04:00:00,24062.414665321292
2013-08-19 05:00:00,26123.450661793533
2013-08-19 06:00:00,29834.868739432488
2013-08-19 07:00:00,33024.40044469463
2013-08-19 08:00:00,35383.65722538219
2013-08-19 09:00:00,36170.476376951025
2013-08-19 10:00:00,36746.386514989
2013-08-19 11:00:00,38219.151805556874
2013-08-19 12:00:00,39018.32730708338
2013-08-19 13:00:00,37479.7780199974
2013-08-19 14:00:00,36685.58423733954
2013-08-19 15:00:00,35587.58761458826
2013-08-19 16:00:00,34915.19428165708
2013-08-19 17:00:00,36392.345171992834
2013-08-19 18:00:00,38391.3824347054
2013-08-19 19:00:00,37448.278372276356
2013-08-19 20:00:00,36401.71249062933
2013-08-19 21:00:00,34109.23605023358
2013-08-19 22:00:00,31229.68536004368
2013-08-19 23:00:00,28863.75012353606
2013-08-20 00:00:00,27350.41803511536
2013-08-20 01:00:00,26010.417193693862
2013-08-20 02:00:00,25622.29161423716
2013-08-20 03:00:00,25193.699293095877
2013-08-20 04:00:00,25349.58819719183
2013-08-20 05:00:00,27428.166592735568
2013-08-20 06:00:00,31205.368666892606
2013-08-20 07:00:00,35024.23393884443
2013-08-20 08:00:00,36405.50197129645
2013-08-20 09:00:00,37262.49071915125
2013-08-20 10:00:00,37711.21846392092
2013-08-20 11:00:00,39326.51574694465
2013-08-20 12:00:00,39204.71529721795
2013-08-20 13:00:00,38475.30916730444
2013-08-20 14:00:00,37630.68098731603
2013-08-20 15:00:00,36348.489174314105
2013-08-20 16:00:00,35945.81022710708
2013-08-20 17:00:00,37300.164323942416
2013-08-20 18:00:00,39588.65117133455
2013-08-20 19:00:00,38873.59829683488
2013-08-20 20:00:00,37463.02763445445
2013-08-20 21:00:00,35104.76719754061
2013-08-20 22:00:00,31988.3941198856
2013-08-20 23:00:00,29495.276490109685
2013-08-21 00:00:00,27854.762008420686
2013-08-21 01:00:00,26723.077155973126
2013-08-21 02:00:00,26135.406787078227
2013-08-21 03:00:00,26033.541648643437
2013-08-21 04:00:00,25996.46416295301
2013-08-21 05:00:00,27706.652177995464
2013-08-21 06:00:00,31457.540653545268
2013-08-21 07:00:00,35241.32112735411
2013-08-21 08:00:00,36927.388343673265
2013-08-21 09:00:00,37779.99149176018
2013-08-21 10:00:00,38478.698423298585
2013-08-21 11:00:00,39859.36611874115
2013-08-21 12:00:00,40487.503229320624
2013-08-21 13:00:00,39356.81472064679
2013-08-21 14:00:00,38121.86816131774
2013-08-21 15:00:00,36892.30354553028
2013-08-21 16:00:00,36042.29342200028
2013-08-21 17:00:00,38357.09386799966
2013-08-21 18:00:00,39796.9671603085
2013-08-21 19:00:00,38698.174306119974
2013-08-21 20:00:00,37594.59562749062
2013-08-21 21:00:00,35795.49916098051
2013-08-21 22:00:00,32685.704482977308
2013-08-21 23:00:00,30287.97364815262
2013-08-22 00:00:00,28742.84596141484
2013-08-22 01:00:00,27150.673133340682
2013-08-22 02:00:00,26729.655555624933
2013-08-22 03:00:00,26329.56963297482
2013-08-22 04:00:00,26485.458537070775
2013-08-22 05:00:00,27989.523363023232
2013-08-22 06:00:00,32093.452619886757
2013-08-22 07:00:00,35572.43390982847
2013-08-22 08:00:00,36657.67395794911
2013-08-22 09:00:00,37477.38510777699
2013-08-22 10:00:00,38412.914426780495
2013-08-22 11:00:00,38909.88376899678
2013-08-22 12:00:00,39814.313664952206
2013-08-22 13:00:00,38688.01075604625
2013-08-22 14:00:00,37784.17697919157
2013-08-22 15:00:00,36598.468361082836
2013-08-22 16:00:00,36160.70461573283
2013-08-22 17:00:00,37574.26430943444
2013-08-22 18:00:00,39884.67915566595
2013-08-22 19:00:00,39022.70868894254
2013-08-22 20:00:00,37866.5028130987
2013-08-22 21:00:00,35455.6151789704
2013-08-22 22:00:00,32837.0076749689
2013-08-22 23:00:00,30396.51724240746
2013-08-23 00:00:00,28808.62995793293
2013-08-23 01:00:00,27273.469926841106
2013-08-23 02:00:00,26501.60436769557
2013-08-23 03:00:00,26140.98884295631
2013-08-23 04:00:00,26356.083343918544
2013-08-23 05:00:00,28162.75455385419
2013-08-23 06:00:00,31457.540653545268
2013-08-23 07:00:00,35061.51153687134
2013-08-23 08:00:00,36833.097948664006
2013-08-23 09:00:00,37806.30509036742
2013-08-23 10:00:00,38237.4904360656
2013-08-23 11:00:00,39787.00372257125
2013-08-23 12:00:00,40257.25924150732
2013-08-23 13:00:00,39014.73793875274
2013-08-23 14:00:00,37858.7321752454
2013-08-23 15:00:00,36986.59394053954
2013-08-23 16:00:00,36237.452611670604
2013-08-23 17:00:00,38050.101884248594
2013-08-23 18:00:00,39742.147163210095
2013-08-23 19:00:00,38621.426310182214
2013-08-23 20:00:00,37388.47243840061
2013-08-23 21:00:00,35269.22718883582
2013-08-23 22:00:00,32449.613028806845
2013-08-23 23:00:00,30239.00111741137
2013-08-24 00:00:00,28880.992354102826
2013-08-24 01:00:00,27738.34350223558
2013-08-24 02:00:00,27019.10514030451
2013-08-24 03:00:00,26377.81123042142
2013-08-24 04:00:00,26606.06253068727
2013-08-24 05:00:00,27811.9065724244
2013-08-24 06:00:00,30277.814315987594
2013-08-24 07:00:00,32634.082065353985
2013-08-24 08:00:00,33894.746104189515
2013-08-24 09:00:00,34560.96126214186
2013-08-24 10:00:00,35364.9225881092
2013-08-24 11:00:00,36719.276684944525
2013-08-24 12:00:00,37593.007382524855
2013-08-24 13:00:00,34859.38215869367
2013-08-24 14:00:00,33253.852418979404
2013-08-24 15:00:00,32210.675793326525
2013-08-24 16:00:00,31678.62165296727
2013-08-24 17:00:00,33464.95732693803
2013-08-24 18:00:00,36204.06455047905
2013-08-24 19:00:00,35766.4008612973
2013-08-24 20:00:00,35033.405363053156
2013-08-24 21:00:00,33343.94889073985
2013-08-24 22:00:00,31542.159343504587
2013-08-24 23:00:00,29059.45751317737
2013-08-25 00:00:00,27429.358830937068
2013-08-25 01:00:00,26109.093188470993
2013-08-25 02:00:00,25460.02442282588
2013-08-25 03:00:00,25154.228895185024
2013-08-25 04:00:00,25478.96339034407
2013-08-25 05:00:00,27066.354611886094
2013-08-25 06:00:00,30301.935114710897
2013-08-25 07:00:00,33149.39003807899
2013-08-25 08:00:00,34015.35009780601
2013-08-25 09:00:00,34582.889260981225
2013-08-25 10:00:00,35935.050557932605
2013-08-25 11:00:00,37616.13183747442
2013-08-25 12:00:00,38459.16333667965
2013-08-25 13:00:00,37021.482844254744
2013-08-25 14:00:00,35964.15307552453
2013-08-25 15:00:00,34721.43166043347
2013-08-25 16:00:00,33996.411130287815
2013-08-25 17:00:00,34679.768462638676
2013-08-25 18:00:00,33403.85909869255
2013-08-25 19:00:00,34080.13775055037
2013-08-25 20:00:00,34759.305377561126
2013-08-25 21:00:00,33582.964078088895
2013-08-25 22:00:00,31218.721360623997
2013-08-25 23:00:00,29213.501705023886
2013-08-26 00:00:00,28060.885197510688
2013-08-26 01:00:00,27187.950731367597
2013-08-26 02:00:00,26453.362770248976
2013-08-26 03:00:00,26075.204846438224
2013-08-26 04:00:00,26073.21215889078
2013-08-26 05:00:00,27807.52097265653
2013-08-26 06:00:00,31643.928643679843
2013-08-26 07:00:00,34401.47877180655
2013-08-26 08:00:00,35280.59563083719
2013-08-26 09:00:00,35696.83160202081
2013-08-26 10:00:00,35759.62656721772
2013-08-26 11:00:00,36864.00147728431
2013-08-26 12:00:00,37636.86338020357
2013-08-26 13:00:00,35732.116512500266
2013-08-26 14:00:00,35940.032276801234
2013-08-26 15:00:00,35352.95802700709
2013-08-26 16:00:00,35075.26867318443
2013-08-26 17:00:00,36789.241950985284
2013-08-26 18:00:00,39161.055193967004
2013-08-26 19:00:00,38413.110321208274
2013-08-26 20:00:00,36974.03326033668
2013-08-26 21:00:00,35139.85199568358
2013-08-26 22:00:00,31889.718125108473
2013-08-26 23:00:00,29593.952484886817
2013-08-27 00:00:00,28150.78999275207
2013-08-27 01:00:00,26650.714759803235
2013-08-27 02:00:00,26185.841184408764
2013-08-27 03:00:00,25860.310457812477
2013-08-27 04:00:00,25952.60816527428
2013-08-27 05:00:00,27678.14577950429
2013-08-27 06:00:00,31356.671858884205
2013-08-27 07:00:00,34366.39397366358
2013-08-27 08:00:00,36317.789975939
2013-08-27 09:00:00,36973.04113447166
2013-08-27 10:00:00,37908.57045347518
2013-08-27 11:00:00,39480.01173882018
2013-08-27 12:00:00,39687.13127168391
2013-08-27 13:00:00,39005.966739217
2013-08-27 14:00:00,37979.3361688619
2013-08-27 15:00:00,36874.7611464588
2013-08-27 16:00:00,36281.308609349326
2013-08-27 17:00:00,37699.2539028188
2013-08-27 18:00:00,39906.607154505306
2013-08-27 19:00:00,39103.84228464818
2013-08-27 20:00:00,37506.88363213318
2013-08-27 21:00:00,35433.68718013104
2013-08-27 22:00:00,32521.244491682093
2013-08-27 23:00:00,30119.128057089532
2013-08-28 00:00:00,28569.614770583885
2013-08-28 01:00:00,27372.145921618237
2013-08-28 02:00:00,26714.30595643738
2013-08-28 03:00:00,26397.546429376845
2013-08-28 04:00:00,26334.15534507918
2013-08-28 05:00:00,28417.11934039079
2013-08-28 06:00:00,32093.452619886757
2013-08-28 07:00:00,34684.34995683432
2013-08-28 08:00:00,36624.781959690066
2013-08-28 09:00:00,37389.67311241954
2013-08-28 10:00:00,38110.30804279731
2013-08-28 11:00:00,39436.15574114146
2013-08-28 12:00:00,40059.90725195306
2013-08-28 13:00:00,38992.80993991337
2013-08-28 14:00:00,38516.57214042626
2013-08-28 15:00:00,37085.26993531667
2013-08-28 16:00:00,36676.01258845784
2013-08-28 17:00:00,38499.62586045551
2013-08-28 18:00:00,40549.09752049861
2013-08-28 19:00:00,39634.49985656073
2013-08-28 20:00:00,38103.32520056381
2013-08-28 21:00:00,35631.03916968529
2013-08-28 22:00:00,32712.01808158454
2013-08-28 23:00:00,30419.54164118879
2013-08-29 00:00:00,28979.66834887995
2013-08-29 01:00:00,27736.15070235165
2013-08-29 02:00:00,26734.041155392806
2013-08-29 03:00:00,26570.7776202078
2013-08-29 04:00:00,26415.28894078482
2013-08-29 05:00:00,28136.440955246955
2013-08-29 06:00:00,31720.676639617606
2013-08-29 07:00:00,34826.881949290175
2013-08-29 08:00:00,36390.152372108896
2013-08-29 09:00:00,37196.70672263316
2013-08-29 10:00:00,38239.68323594954
2013-08-29 11:00:00,39429.577341489654
2013-08-29 12:00:00,40235.33124266796
2013-08-29 13:00:00,39163.8483308604
2013-08-29 14:00:00,38165.72415899646
2013-08-29 15:00:00,36876.953946342735
2013-08-29 16:00:00,36544.44459542167
2013-08-29 17:00:00,38181.66987728476
2013-08-29 18:00:00,40378.05912955159
2013-08-29 19:00:00,39586.25825911413
2013-08-29 20:00:00,38438.82358280606
2013-08-29 21:00:00,36291.071934750085
2013-08-29 22:00:00,32826.04367554922
2013-08-29 23:00:00,30303.323247340173
2013-08-30 00:00:00,28633.205967218033
2013-08-30 01:00:00,27558.533911752813
2013-08-30 02:00:00,26620.015561428125
2013-08-30 03:00:00,26165.109641679606
2013-08-30 04:00:00,26160.924154248223
2013-08-30 05:00:00,28436.854539346215
2013-08-30 06:00:00,32268.876610601656
2013-08-30 07:00:00,35046.16193768379
2013-08-30 08:00:00,36624.781959690066
2013-08-30 09:00:00,37433.529110098265
2013-08-30 10:00:00,38062.06644535071
2013-08-30 11:00:00,39743.14772489252
2013-08-30 12:00:00,40037.9792531137
2013-08-30 13:00:00,38905.097944555935
2013-08-30 14:00:00,38395.96814680976
2013-08-30 15:00:00,37085.26993531667
2013-08-30 16:00:00,36083.95661979507
2013-08-30 17:00:00,38422.877864517744
2013-08-30 18:00:00,40114.923143479245
2013-08-30 19:00:00,39092.87828522849
2013-08-30 20:00:00,37857.73161356296
2013-08-30 21:00:00,35782.342361676885
2013-08-30 22:00:00,33185.662856514755
2013-08-30 23:00:00,30749.558023721187
2013-08-31 00:00:00,29166.05633901453
2013-08-31 01:00:00,27975.165889700693
2013-08-31 02:00:00,27264.698727305364
2013-08-31 03:00:00,26794.443208369292
2013-08-31 04:00:00,26809.99291989334
2013-08-31 05:00:00,28342.564144336957
2013-08-31 06:00:00,31168.09106886569
2013-08-31 07:00:00,33467.34602124973
2013-08-31 08:00:00,34754.3236586925
2013-08-31 09:00:00,35810.85719598549
2013-08-31 10:00:00,36592.89052311346
2013-08-31 11:00:00,38252.04380381592
2013-08-31 12:00:00,39402.06728677221
2013-08-31 13:00:00,36580.730067583565
2013-08-31 14:00:00,35435.68830349591
2013-08-31 15:00:00,34497.766072271974
2013-08-31 16:00:00,33638.98474920622
2013-08-31 17:00:00,35495.49001946294
2013-08-31 18:00:00,37955.0152578021
2013-08-31 19:00:00,37382.494375758266
2013-08-31 20:00:00,36443.37568842412
2013-08-31 21:00:00,34677.171220173055
2013-08-31 22:00:00,31718.679734161447
2013-08-31 23:00:00,29512.276857018973
2013-09-01 00:00:00,28240.481391145746
2013-09-01 01:00:00,27087.087630068483
2013-09-01 02:00:00,26703.347650379652
2013-09-01 03:00:00,26098.125393476676
2013-09-01 04:00:00,25999.430420826375
2013-09-01 05:00:00,28064.962511064976
2013-09-01 06:00:00,31674.197252784896
2013-09-01 07:00:00,34393.15524162672
2013-09-01 08:00:00,35353.516190361486
2013-09-01 09:00:00,36173.55692439751
2013-09-01 10:00:00,37186.60200396626
2013-09-01 11:00:00,39098.695035948855
2013-09-01 12:00:00,40477.97565188131
2013-09-01 13:00:00,39870.59855084075
2013-09-01 14:00:00,39423.305330264106
2013-09-01 15:00:00,38375.19443042555
2013-09-01 16:00:00,37478.367744705414
2013-09-01 17:00:00,39098.81839212449
2013-09-01 18:00:00,42311.24175528124
2013-09-01 19:00:00,41425.36958004419
2013-09-01 20:00:00,40004.492188873075
2013-09-01 21:00:00,38590.2311531001
2013-09-01 22:00:00,35573.080846852725
2013-09-01 23:00:00,32910.0202771781
2013-09-02 00:00:00,31091.12124026279
2013-09-02 01:00:00,30249.105062704468
2013-09-02 02:00:00,31130.610616046815
2013-09-02 03:00:00,31299.446718173313
2013-09-02 04:00:00,29678.948626071295
2013-09-02 05:00:00,29268.809647345945
2013-09-02 06:00:00,30676.47330559393
2013-09-02 07:00:00,33456.82969118597
2013-09-02 08:00:00,36204.32254532872
2013-09-02 09:00:00,38175.583218431246
2013-09-02 10:00:00,39949.52985772586
2013-09-02 11:00:00,41550.245306189514
2013-09-02 12:00:00,41776.11318317153
2013-09-02 13:00:00,41221.36327934543
2013-09-02 14:00:00,40192.97808952571
2013-09-02 15:00:00,39568.07756728683
2013-09-02 16:00:00,39162.438055568404
2013-09-02 17:00:00,39370.72557773258
2013-09-02 18:00:00,40878.24703112894
2013-09-02 19:00:00,40807.000012774195
2013-09-02 20:00:00,39897.0449945602
2013-09-02 21:00:00,38414.80716238521
2013-09-02 22:00:00,35160.83446867272
2013-09-02 23:00:00,32982.382673347995
2013-09-03 00:00:00,31648.09241078258
2013-09-03 01:00:00,30558.28984633947
2013-09-03 02:00:00,31205.165812100644
2013-09-03 03:00:00,32165.60267232811
2013-09-03 04:00:00,30303.89659299311
2013-09-03 05:00:00,29757.804021463715
2013-09-03 06:00:00,31893.477241178516
2013-09-03 07:00:00,34338.335244528316
2013-09-03 08:00:00,37004.69450296544
2013-09-03 09:00:00,39271.983160399344
2013-09-03 10:00:00,40041.62745285118
2013-09-03 11:00:00,41309.03731895653
2013-09-03 12:00:00,42058.98436819929
2013-09-03 13:00:00,41203.82088027395
2013-09-03 14:00:00,40107.4588940522
2013-09-03 15:00:00,39302.748781330556
2013-09-03 16:00:00,39081.30445986277
2013-09-03 17:00:00,39486.9439715812
2013-09-03 18:00:00,41041.610622482185
2013-09-03 19:00:00,40524.12882774643
2013-09-03 20:00:00,39541.811413362535
2013-09-03 21:00:00,38039.83838223212
2013-09-03 22:00:00,35279.24566240527
2013-09-03 23:00:00,32977.99707358012
2013-09-04 00:00:00,31520.910017514285
2013-09-04 01:00:00,30266.64746177596
2013-09-04 02:00:00,30707.40023844713
2013-09-04 03:00:00,32253.314667685558
2013-09-04 04:00:00,29882.87901527736
2013-09-04 05:00:00,29086.80725697924
2013-09-04 06:00:00,31110.647682613297
2013-09-04 07:00:00,34066.42805892023
2013-09-04 08:00:00,36765.67931561639
2013-09-04 09:00:00,38741.32558848678
2013-09-04 10:00:00,39624.9954749033
2013-09-04 11:00:00,40605.14855621301
2013-09-04 12:00:00,41339.74600626823
2013-09-04 13:00:00,41052.51768828234
2013-09-04 14:00:00,40392.5228789639
2013-09-04 15:00:00,39524.22156960811
2013-09-04 16:00:00,39351.018845586914
2013-09-04 17:00:00,38945.32240024896
2013-09-04 18:00:00,40525.206249815215
2013-09-04 19:00:00,39886.02406152099
2013-09-04 20:00:00,39063.78103866445
2013-09-04 21:00:00,37487.252811480204
2013-09-04 22:00:00,34614.82729757261
2013-09-04 23:00:00,32285.072310256284
2013-09-05 00:00:00,30799.47885569928
2013-09-05 01:00:00,29814.930685685104
2013-09-05 02:00:00,30481.541850401703
2013-09-05 03:00:00,31606.43870192438
2013-09-05 04:00:00,29415.812639998956
2013-09-05 05:00:00,28792.972072531793
2013-09-05 06:00:00,30814.619698281913
2013-09-05 07:00:00,33645.41048120448
2013-09-05 08:00:00,36395.09613523118
2013-09-05 09:00:00,38144.88402005614
2013-09-05 10:00:00,38660.16352597138
2013-09-05 11:00:00,39861.78939555865
2013-09-05 12:00:00,39668.832494708855
2013-09-05 13:00:00,39570.184966741486
2013-09-05 14:00:00,38804.93576299411
2013-09-05 15:00:00,38756.74161023044
2013-09-05 16:00:00,38831.32527309404
2013-09-05 17:00:00,38399.31522914885
2013-09-05 18:00:00,40242.33506478745
2013-09-05 19:00:00,39736.91366941333
2013-09-05 20:00:00,39028.696240521465
2013-09-05 21:00:00,37557.422407766164
2013-09-05 22:00:00,34535.8865017509
2013-09-05 23:00:00,32150.215117394207
2013-09-06 00:00:00,30608.705265796827
2013-09-06 01:00:00,29711.8690911401
2013-09-06 02:00:00,30146.043468159467
2013-09-06 03:00:00,31810.369091130444
2013-09-06 04:00:00,29341.257443945127
2013-09-06 05:00:00,28681.139278451046
2013-09-06 06:00:00,30689.630104897547
2013-09-06 07:00:00,33827.412871571185
2013-09-06 08:00:00,36366.58973674
2013-09-06 09:00:00,37870.784034564116
2013-09-06 10:00:00,38701.82672376617
2013-09-06 11:00:00,39480.24221575375
2013-09-06 12:00:00,40291.58766174673
2013-09-06 13:00:00,40291.61612855649
2013-09-06 14:00:00,39326.82213537092
2013-09-06 15:00:00,38943.12960036502
2013-09-06 16:00:00,38732.64927831691
2013-09-06 17:00:00,38287.4824350681
2013-09-06 18:00:00,39852.016685446804
2013-09-06 19:00:00,39465.00648380524
2013-09-06 20:00:00,38430.06187220689
2013-09-06 21:00:00,36934.66724072829
2013-09-06 22:00:00,34338.534512196646
2013-09-06 23:00:00,32057.02112232692
2013-09-07 00:00:00,30619.66926521651
2013-09-07 01:00:00,29420.22670657659
2013-09-07 02:00:00,29676.784292997123
2013-09-07 03:00:00,31332.338716432358
2013-09-07 04:00:00,28911.468666693636
2013-09-07 05:00:00,28111.011308627636
2013-09-07 06:00:00,29130.54938741892
2013-09-07 07:00:00,31086.413016650953
2013-09-07 08:00:00,33020.37711385338
2013-09-07 09:00:00,34811.828196473136
2013-09-07 10:00:00,35686.72688335391
2013-09-07 11:00:00,37285.24953193363
2013-09-07 12:00:00,37962.8341850065
2013-09-07 13:00:00,35107.83720293134
2013-09-07 14:00:00,35031.12716273993
2013-09-07 15:00:00,34888.642614967015
2013-09-07 16:00:00,35629.837442547214
2013-09-07 17:00:00,36116.61054997128
2013-09-07 18:00:00,36903.797241494605
2013-09-07 19:00:00,36649.451432831185
2013-09-07 20:00:00,36110.079595002404
2013-09-07 21:00:00,34820.808152613805
2013-09-07 22:00:00,32088.72183127812
2013-09-07 23:00:00,29693.18284744371
2013-09-08 00:00:00,28141.805396368614
2013-09-08 01:00:00,27161.64282612231
2013-09-08 02:00:00,27841.410790142534
2013-09-08 03:00:00,29464.073215318724
2013-09-08 04:00:00,27514.655140626284
2013-09-08 05:00:00,27012.418566775606
2013-09-08 06:00:00,28856.449401926897
2013-09-08 07:00:00,31829.772177305316
2013-09-08 08:00:00,34500.51703551031
2013-09-08 09:00:00,36004.71133333442
2013-09-08 10:00:00,37425.61719131531
2013-09-08 11:00:00,38515.41026682183
2013-09-08 12:00:00,39291.67091467183
2013-09-08 13:00:00,39478.087371616166
2013-09-08 14:00:00,38870.71975951219
2013-09-08 15:00:00,37969.52645189736
2013-09-08 16:00:00,38364.258897815635
2013-09-08 17:00:00,38644.9088161497
2013-09-08 18:00:00,39951.78908016591
2013-09-08 19:00:00,39710.6000708061
2013-09-08 20:00:00,38965.10504388732
2013-09-08 21:00:00,36586.01205918243
2013-09-08 22:00:00,34176.26732078537
2013-09-08 23:00:00,32013.165124648196
2013-09-09 00:00:00,30694.22446127034
2013-09-09 01:00:00,29518.902701353716
2013-09-09 02:00:00,30189.899465838193
2013-09-09 03:00:00,31759.93469379991
2013-09-09 04:00:00,29751.311022241192
2013-09-09 05:00:00,28845.59926974626
2013-09-09 06:00:00,30902.331693639357
2013-09-09 07:00:00,33717.77287737437
2013-09-09 08:00:00,36544.206527338836
2013-09-09 09:00:00,38611.95039533455
2013-09-09 10:00:00,39855.2394627166
2013-09-09 11:00:00,41023.97333404482
2013-09-09 12:00:00,41580.95399350121
2013-09-09 13:00:00,41506.42726425714
2013-09-09 14:00:00,40879.32445319774
2013-09-09 15:00:00,39943.04634743993
2013-09-09 16:00:00,39787.38602249022
2013-09-09 17:00:00,39193.10878713375
2013-09-09 18:00:00,40836.58383333416
2013-09-09 19:00:00,40758.75841532759
2013-09-09 20:00:00,39991.33538956945
2013-09-09 21:00:00,38427.96396168883
2013-09-09 22:00:00,35667.37124186198
2013-09-09 23:00:00,33272.92865796954
2013-09-10 00:00:00,31722.64760683641
2013-09-10 01:00:00,30501.27704935713
2013-09-10 02:00:00,30933.25862649256
2013-09-10 03:00:00,32345.412262810878
2013-09-10 04:00:00,29806.1310193396
2013-09-10 05:00:00,29442.040838176905
2013-09-10 06:00:00,31746.559648954793
2013-09-10 07:00:00,34518.14483501108
2013-09-10 08:00:00,37223.97449135905
2013-09-10 09:00:00,38951.834377344654
2013-09-10 10:00:00,40072.326651226285
2013-09-10 11:00:00,41379.20691524249
2013-09-10 12:00:00,42061.17716808323
2013-09-10 13:00:00,42357.233619224375
2013-09-10 14:00:00,41572.24921652157
2013-09-10 15:00:00,40502.21031784365
2013-09-10 16:00:00,40546.09478233213
2013-09-10 17:00:00,40258.80953072674
2013-09-10 18:00:00,41719.18578661847
2013-09-10 19:00:00,41482.38237702654
2013-09-10 20:00:00,40789.51454732224
2013-09-10 21:00:00,38987.12793209255
2013-09-10 22:00:00,36184.872014470915
2013-09-10 23:00:00,33801.393429998156
2013-09-11 00:00:00,32262.07637828471
2013-09-11 01:00:00,31058.24821987692
2013-09-11 02:00:00,31509.964995967774
2013-09-11 03:00:00,32619.512248302897
2013-09-11 04:00:00,30957.350958406092
2013-09-11 05:00:00,29990.24080916095
2013-09-11 06:00:00,31978.996436652025
2013-09-11 07:00:00,34415.08324046608
2013-09-11 08:00:00,36868.74091016139
2013-09-11 09:00:00,39118.4871685238
2013-09-11 10:00:00,40061.3626518066
2013-09-11 11:00:00,40850.742143213865
2013-09-11 12:00:00,41958.115573538234
2013-09-11 13:00:00,42166.460029321934
2013-09-11 14:00:00,41706.01000944168
2013-09-11 15:00:00,40796.045502291105
2013-09-11 16:00:00,40565.82998128756
2013-09-11 17:00:00,40291.70152898578
2013-09-11 18:00:00,42036.04536984725
2013-09-11 19:00:00,41791.567160661536
2013-09-11 20:00:00,41186.41132631467
2013-09-11 21:00:00,39533.13510319267
2013-09-11 22:00:00,36719.915186151346
2013-09-11 23:00:00,34449.3657957013
2013-09-12 00:00:00,33022.97793801057
2013-09-12 01:00:00,31994.573770317675
2013-09-12 02:00:00,32119.563363702033
2013-09-12 03:00:00,33115.085022072475
2013-09-12 04:00:00,31084.533351674392
2013-09-12 05:00:00,30251.183995349358
2013-09-12 06:00:00,31757.523648374474
2013-09-12 07:00:00,34798.82322015492
2013-09-12 08:00:00,37594.55767174427
2013-09-12 09:00:00,39739.04953567775
2013-09-12 10:00:00,40414.40343312033
2013-09-12 11:00:00,41879.16528877994
2013-09-12 12:00:00,42506.31554452228
2013-09-12 13:00:00,42550.20000901076
2013-09-12 14:00:00,41969.14599551403
2013-09-12 15:00:00,41212.67748023898
2013-09-12 16:00:00,40846.50836643139
2013-09-12 17:00:00,41309.160675132174
2013-09-12 18:00:00,42737.74133270683
2013-09-12 19:00:00,42254.247936172076
2013-09-12 20:00:00,41942.92728627266
2013-09-12 21:00:00,40239.216665820124
2013-09-12 22:00:00,37184.788761545824
2013-09-12 23:00:00,34988.7945671496
2013-09-13 00:00:00,33636.9619055127
2013-09-13 01:00:00,32746.704130507784
2013-09-13 02:00:00,33132.63691008056
2013-09-13 03:00:00,33742.225788878226
2013-09-13 04:00:00,32009.89490269547
2013-09-13 05:00:00,31095.41195066479
2013-09-13 06:00:00,33149.95157467395
2013-09-13 07:00:00,35818.47516618524
2013-09-13 08:00:00,38228.276838201826
2013-09-13 09:00:00,40247.77910875095
2013-09-13 10:00:00,41157.7625937747
2013-09-13 11:00:00,42594.01805094314
2013-09-13 12:00:00,43536.93148997228
2013-09-13 13:00:00,43306.71596896875
2013-09-13 14:00:00,43164.22193225924
2013-09-13 15:00:00,42418.71741640388
2013-09-13 16:00:00,42232.35789307907
2013-09-13 17:00:00,42613.8766060742
2013-09-13 18:00:00,43720.115680710245
2013-09-13 19:00:00,44210.22543264316
2013-09-13 20:00:00,43679.624794350115
2013-09-13 21:00:00,41598.75259386055
2013-09-13 22:00:00,39050.861462775516
2013-09-13 23:00:00,36900.91606594195
2013-09-14 00:00:00,35595.13220186772
2013-09-14 01:00:00,34647.861629880455
2013-09-14 02:00:00,35040.37280910503
2013-09-14 03:00:00,34996.50732248973
2013-09-14 04:00:00,33272.947635842705
2013-09-14 05:00:00,32948.32785259087
2013-09-14 06:00:00,33529.305954594915
2013-09-14 07:00:00,35423.77118707673
2013-09-14 08:00:00,37243.709690314485
2013-09-14 09:00:00,38252.33121436902
2013-09-14 10:00:00,39271.95469358958
2013-09-14 11:00:00,41135.80612812558
2013-09-14 12:00:00,42111.61156541376
2013-09-14 13:00:00,40274.073729485004
2013-09-14 14:00:00,40078.95249556103
2013-09-14 15:00:00,40122.85593792269
2013-09-14 16:00:00,39989.12361181235
2013-09-14 17:00:00,40576.76551389749
2013-09-14 18:00:00,42955.92492115848
2013-09-14 19:00:00,42909.895101468996
2013-09-14 20:00:00,42543.75445447118
2013-09-14 21:00:00,41326.84540825246
2013-09-14 22:00:00,38939.028668694766
2013-09-14 23:00:00,36496.34448735573
2013-09-15 00:00:00,34897.82183877601
2013-09-15 01:00:00,34364.99044485269
2013-09-15 02:00:00,34498.7512377728
2013-09-15 03:00:00,35410.94650055366
2013-09-15 04:00:00,33632.56681680824
2013-09-15 05:00:00,33231.19903761864
2013-09-15 06:00:00,34737.53869064375
2013-09-15 07:00:00,37088.10629898429
2013-09-15 08:00:00,38491.41282427417
2013-09-15 09:00:00,39758.78473463318
2013-09-15 10:00:00,40714.81701721959
2013-09-15 11:00:00,42162.036473807704
2013-09-15 12:00:00,43262.83150448026
2013-09-15 13:00:00,44161.90792370386
2013-09-15 14:00:00,43767.241900341694
2013-09-15 15:00:00,43076.55738158474
2013-09-15 16:00:00,42802.485862902475
2013-09-15 17:00:00,43537.04535721133
2013-09-15 18:00:00,46025.84475866915
2013-09-15 19:00:00,45725.45015244306
2013-09-15 20:00:00,45773.748683509184
2013-09-15 21:00:00,44205.99165586068
2013-09-15 22:00:00,41574.774129186066
2013-09-15 23:00:00,39097.00514970405
2013-09-16 00:00:00,37463.39770298135
2013-09-16 01:00:00,36281.497543412916
2013-09-16 02:00:00,36349.47433981494
2013-09-16 03:00:00,36917.400020817826
2013-09-16 04:00:00,34935.08994786634
2013-09-16 05:00:00,34792.4725549812
2013-09-16 06:00:00,36042.25462158578
2013-09-16 07:00:00,38493.69102458739
2013-09-16 08:00:00,40817.973501130466
2013-09-16 09:00:00,42594.07498456266
2013-09-16 10:00:00,42988.75049686141
2013-09-16 11:00:00,44271.50996215432
2013-09-16 12:00:00,45738.50257344422
2013-09-16 13:00:00,45938.07582969217
2013-09-16 14:00:00,44633.39785449649
2013-09-16 15:00:00,44085.24532819538
2013-09-16 16:00:00,43953.70580196897
2013-09-16 17:00:00,44238.74132007091
2013-09-16 18:00:00,45669.51477752951
2013-09-16 19:00:00,44249.695830554
2013-09-16 20:00:00,44010.73757682448
2013-09-16 21:00:00,42668.838937221415
2013-09-16 22:00:00,39908.24621739456
2013-09-16 23:00:00,38049.94320512452
2013-09-17 00:00:00,37035.80172561379
2013-09-17 01:00:00,35851.70876616142
2013-09-17 02:00:00,36334.12474062738
2013-09-17 03:00:00,36476.64724414665
2013-09-17 04:00:00,34832.02835332134
2013-09-17 05:00:00,34388.99737633694
2013-09-17 06:00:00,35831.7458327279
2013-09-17 07:00:00,38083.63744629132
2013-09-17 08:00:00,40357.485525503864
2013-09-17 09:00:00,42605.03898398235
2013-09-17 10:00:00,43153.210488156634
2013-09-17 11:00:00,43800.05798710804
2013-09-17 12:00:00,44315.37544876963
2013-09-17 13:00:00,44732.03589352727
2013-09-17 14:00:00,42846.265949088505
2013-09-17 15:00:00,41760.87745122303
2013-09-17 16:00:00,41552.58992905885
2013-09-17 17:00:00,42096.37583346526
2013-09-17 18:00:00,44280.37605105593
2013-09-17 19:00:00,43462.48067222091
2013-09-17 20:00:00,43837.506385993525
2013-09-17 21:00:00,42052.66216983534
2013-09-17 22:00:00,40410.397390815946
2013-09-17 23:00:00,38224.27079589745
2013-09-18 00:00:00,36882.30573373826
2013-09-18 01:00:00,35610.50077892844
2013-09-18 02:00:00,36235.44874585026
2013-09-18 03:00:00,35575.40649184888
2013-09-18 04:00:00,34174.18838814048
2013-09-18 05:00:00,33606.167817771726
2013-09-18 06:00:00,35147.592268939814
2013-09-18 07:00:00,37807.34466091536
2013-09-18 08:00:00,39962.78154639535
2013-09-18 09:00:00,41793.703026925956
2013-09-18 10:00:00,42012.954548509806
2013-09-18 11:00:00,43547.88600045538
2013-09-18 12:00:00,43504.03949171324
2013-09-18 13:00:00,43668.52794981822
2013-09-18 14:00:00,43493.14191484967
2013-09-18 15:00:00,43197.16137520123
2013-09-18 16:00:00,42506.45787857109
2013-09-18 17:00:00,43012.96618495059
2013-09-18 18:00:00,44601.62123405259
2013-09-18 19:00:00,44359.335824750815
2013-09-18 20:00:00,44004.15917717268
2013-09-18 21:00:00,42254.39975915747
2013-09-18 22:00:00,39441.17984211616
2013-09-18 23:00:00,37335.09044296132
2013-09-19 00:00:00,36073.16257656581
2013-09-19 01:00:00,35215.79679981993
2013-09-19 02:00:00,35457.004787052916
2013-09-19 03:00:00,35601.72009045611
2013-09-19 04:00:00,33862.81080462154
2013-09-19 05:00:00,33134.71584272545
2013-09-19 06:00:00,34603.777897723645
2013-09-19 07:00:00,37355.627884824506
2013-09-19 08:00:00,39839.984752894925
2013-09-19 09:00:00,41903.34302112277
2013-09-19 10:00:00,42681.75851311035
2013-09-19 11:00:00,43701.381992330906
2013-09-19 12:00:00,44337.30344760899
2013-09-19 13:00:00,44446.97190861557
2013-09-19 14:00:00,44183.873878289574
2013-09-19 15:00:00,43734.397346765596
2013-09-19 16:00:00,43438.397829243964
2013-09-19 17:00:00,44019.461331677296
2013-09-19 18:00:00,45346.07679464893
2013-09-19 19:00:00,45061.031787610395
2013-09-19 20:00:00,44030.47277577991
2013-09-19 21:00:00,42846.45572782025
2013-09-19 22:00:00,40533.19418431637
2013-09-19 23:00:00,38543.323179010156
2013-09-20 00:00:00,37397.61370646326
2013-09-20 01:00:00,36377.980738306105
2013-09-20 02:00:00,36663.04472321782
2013-09-20 03:00:00,37024.8472151307
2013-09-20 04:00:00,35314.4443277873
2013-09-20 05:00:00,34840.7141524278
2013-09-20 06:00:00,36382.13860359589
2013-09-20 07:00:00,38901.55180299952
2013-09-20 08:00:00,40644.74231029951
2013-09-20 09:00:00,42385.75899558872
2013-09-20 10:00:00,42977.78649744173
2013-09-20 11:00:00,43843.91398478676
2013-09-20 12:00:00,44238.62745283187
2013-09-20 13:00:00,43789.13194343471
2013-09-20 14:00:00,42616.0219612752
2013-09-20 15:00:00,41826.661447741106
2013-09-20 16:00:00,41684.157922095015
2013-09-20 17:00:00,42094.18303358132
2013-09-20 18:00:00,42730.06653311305
2013-09-20 19:00:00,42528.3479216641
2013-09-20 20:00:00,42335.43846549724
2013-09-20 21:00:00,40761.10303819693
2013-09-20 22:00:00,38414.94949643402
2013-09-20 23:00:00,36311.05289716312
2013-09-21 00:00:00,35051.31783065155
2013-09-21 01:00:00,34152.28885611088
2013-09-21 02:00:00,34481.20883870131
2013-09-21 03:00:00,34843.011330614194
2013-09-21 04:00:00,32694.048466483557
2013-09-21 05:00:00,32266.36708868671
2013-09-21 06:00:00,33165.3011738615
2013-09-21 07:00:00,34656.29122769907
2013-09-21 08:00:00,36445.53053256171
2013-09-21 09:00:00,37601.06964883996
2013-09-21 10:00:00,38131.698753942765
2013-09-21 11:00:00,39532.86941296822
2013-09-21 12:00:00,40616.12204456928
2013-09-21 13:00:00,37175.64749348317
2013-09-21 14:00:00,37261.20464470303
2013-09-21 15:00:00,36274.49214161468
2013-09-21 16:00:00,36542.04219426466
2013-09-21 17:00:00,37583.59367232458
2013-09-21 18:00:00,38603.21715154515
2013-09-21 19:00:00,38473.860936266086
2013-09-21 20:00:00,38259.02348125987
2013-09-21 21:00:00,37171.4896281934
2013-09-21 22:00:00,35000.76007714538
2013-09-21 23:00:00,32881.51387868692
2013-09-22 00:00:00,31606.429212987794
2013-09-22 01:00:00,30485.927450169576
2013-09-22 02:00:00,31080.17621871628
2013-09-22 03:00:00,31808.17629124651
2013-09-22 04:00:00,29878.493415509492
2013-09-22 05:00:00,29209.60405047967
2013-09-22 06:00:00,31090.91248365787
2013-09-22 07:00:00,33978.71606356278
2013-09-22 08:00:00,36202.129745444785
2013-09-22 09:00:00,36868.67448760528
2013-09-22 10:00:00,37432.195590967116
2013-09-22 11:00:00,38394.806273205344
2013-09-22 12:00:00,38888.19573602757
2013-09-22 13:00:00,39103.11859146308
2013-09-22 14:00:00,38142.71019804538
2013-09-22 15:00:00,37765.59606269129
2013-09-22 16:00:00,37941.048520215954
2013-09-22 17:00:00,38995.75679757949
2013-09-22 18:00:00,40198.47906710873
2013-09-22 19:00:00,40173.28084631664
2013-09-22 20:00:00,39618.55940930031
2013-09-22 21:00:00,38226.2263723667
2013-09-22 22:00:00,35097.24327203857
2013-09-22 23:00:00,33047.07026992411
2013-09-23 00:00:00,31841.058800568964
2013-09-23 01:00:00,30841.161031367235
2013-09-23 02:00:00,31200.78021233277
2013-09-23 03:00:00,31966.057882889916
2013-09-23 04:00:00,29779.817420732365
2013-09-23 05:00:00,29106.54245593467
2013-09-23 06:00:00,30908.910093291164
2013-09-23 07:00:00,33406.395293855436
2013-09-23 08:00:00,36245.985743123514
2013-09-23 09:00:00,38728.16878918317
2013-09-23 10:00:00,39642.53787397479
2013-09-23 11:00:00,41201.590124643655
2013-09-23 12:00:00,41515.16999698312
2013-09-23 13:00:00,41519.58406356075
2013-09-23 14:00:00,40846.432454938695
2013-09-23 15:00:00,40008.83034395801
2013-09-23 16:00:00,39752.30122434723
2013-09-23 17:00:00,40478.08951912035
2013-09-23 18:00:00,41235.67341221054
2013-09-23 19:00:00,41118.377596293125
2013-09-23 20:00:00,40482.52256357116
2013-09-23 21:00:00,39017.82713046766
2013-09-23 22:00:00,36708.95118673167
2013-09-23 23:00:00,34231.18220724965
2013-09-24 00:00:00,32597.57476052695
2013-09-24 01:00:00,31334.541005252882
2013-09-24 02:00:00,32152.455361961078
2013-09-24 03:00:00,32255.507467569492
2013-09-24 04:00:00,30257.84779543045
2013-09-24 05:00:00,29413.534439685736
2013-09-24 06:00:00,31213.709277158294
2013-09-24 07:00:00,34040.114460312994
2013-09-24 08:00:00,37164.76889449277
2013-09-24 09:00:00,38881.6647810587
2013-09-24 10:00:00,39739.02106886799
2013-09-24 11:00:00,41300.26611942079
2013-09-24 12:00:00,42026.09236994025
2013-09-24 13:00:00,42287.06402293842
2013-09-24 14:00:00,41800.300404450936
2013-09-24 15:00:00,40809.20230159472
2013-09-24 16:00:00,40603.10757931448
2013-09-24 17:00:00,41374.94467165025
2013-09-24 18:00:00,42042.623769499056
2013-09-24 19:00:00,41570.09437238398
2013-09-24 20:00:00,40956.16733850138
2013-09-24 21:00:00,39526.55670354085
2013-09-24 22:00:00,36983.051172223684
2013-09-24 23:00:00,34779.382178233696
2013-09-25 00:00:00,33419.87471700302
2013-09-25 01:00:00,32218.239358479164
2013-09-25 02:00:00,33009.84011658013
2013-09-25 03:00:00,33110.699422304606
2013-09-25 04:00:00,30613.081376628114
2013-09-25 05:00:00,30176.62879929553
2013-09-25 06:00:00,32202.662024813515
2013-09-25 07:00:00,35316.32399276386
2013-09-25 08:00:00,37605.52167116395
2013-09-25 09:00:00,39688.61513834722
2013-09-25 10:00:00,40732.359416291074
2013-09-25 11:00:00,42153.265274271966
2013-09-25 12:00:00,42721.20993314803
2013-09-25 13:00:00,42808.95039531523
2013-09-25 14:00:00,42434.019570908495
2013-09-25 15:00:00,41618.34545876717
2013-09-25 16:00:00,41379.358738227886
2013-09-25 17:00:00,42129.267831724304
2013-09-25 18:00:00,43278.266504097104
2013-09-25 19:00:00,41947.25595242101
2013-09-25 20:00:00,41940.73448638873
2013-09-25 21:00:00,40783.0310370363
2013-09-25 22:00:00,37590.45674007401
2013-09-25 23:00:00,35645.538132388494
2013-09-26 00:00:00,34544.781057462285
2013-09-26 01:00:00,33222.541705321935
2013-09-26 02:00:00,33748.81367746662
2013-09-26 03:00:00,33884.75778133408
2013-09-26 04:00:00,31472.6589311311
2013-09-26 05:00:00,31093.219150780853
2013-09-26 06:00:00,32571.052405314796
2013-09-26 07:00:00,34377.80564243917
2013-09-26 08:00:00,36754.71531619671
2013-09-26 09:00:00,38804.91678512093
2013-09-26 10:00:00,40019.69945401182
2013-09-26 11:00:00,41333.15811767983
2013-09-26 12:00:00,42280.457156476856
2013-09-26 13:00:00,42624.75520506459
2013-09-26 14:00:00,42087.55718924658
2013-09-26 15:00:00,41482.39186596313
2013-09-26 16:00:00,41427.600335674484
2013-09-26 17:00:00,42067.86943497409
2013-09-26 18:00:00,43799.05647653194
2013-09-26 19:00:00,43488.79427082815
2013-09-26 20:00:00,43368.247210831185
2013-09-26 21:00:00,41752.24858573609
2013-09-26 22:00:00,39199.97185488318
2013-09-26 23:00:00,37060.9904574693
2013-09-27 00:00:00,35766.17059281474
2013-09-27 01:00:00,34597.427232549926
2013-09-27 02:00:00,34959.23921339939
2013-09-27 03:00:00,34882.48172852505
2013-09-27 04:00:00,32913.32845487718
2013-09-27 05:00:00,31974.7247041232
2013-09-27 06:00:00,33886.73233567651
2013-09-27 07:00:00,36307.46954030301
2013-09-27 08:00:00,39063.73359398151
2013-09-27 09:00:00,41491.096642942764
2013-09-27 10:00:00,43072.07689245099
2013-09-27 11:00:00,44804.36033395081
2013-09-27 12:00:00,45457.82418830039
2013-09-27 13:00:00,45506.094252556744
2013-09-27 14:00:00,44806.62904532745
2013-09-27 15:00:00,43855.001340382085
2013-09-27 16:00:00,43238.85303980577
2013-09-27 17:00:00,43469.06856080932
2013-09-27 18:00:00,45523.693585247755
2013-09-27 19:00:00,45348.28857240604
2013-09-27 20:00:00,44679.541541425024
2013-09-27 21:00:00,43320.10050275046
2013-09-27 22:00:00,41118.67175332734
2013-09-27 23:00:00,38991.750755275105
2013-09-28 00:00:00,37708.9912899822
2013-09-28 01:00:00,36342.89594016314
2013-09-28 02:00:00,36665.23752310175
2013-09-28 03:00:00,35739.86648314409
2013-09-28 04:00:00,34178.573987908356
2013-09-28 05:00:00,33128.13744307363
2013-09-28 06:00:00,34507.29470283045
2013-09-28 07:00:00,36226.33594459737
2013-09-28 08:00:00,38057.23844725481
2013-09-28 09:00:00,39578.97514415041
2013-09-28 10:00:00,40879.2770085148
2013-09-28 11:00:00,42469.02845755877
2013-09-28 12:00:00,43280.37390355176
2013-09-28 13:00:00,41953.75844058012
2013-09-28 14:00:00,42626.98596069488
2013-09-28 15:00:00,42024.01343729537
2013-09-28 16:00:00,41743.36351896129
2013-09-28 17:00:00,42912.09739028952
2013-09-28 18:00:00,45069.78400927296
2013-09-28 19:00:00,45124.62298424454
2013-09-28 20:00:00,44927.32792830981
2013-09-28 21:00:00,43184.146909946416
2013-09-28 22:00:00,41191.03414949722
2013-09-28 23:00:00,39257.07954123139
2013-09-29 00:00:00,38167.286465724865
2013-09-29 01:00:00,36972.22950685282
2013-09-29 02:00:00,37261.6790915324
2013-09-29 03:00:00,36941.520819541125
2013-09-29 04:00:00,35632.400310958044
2013-09-29 05:00:00,34285.935781791944
2013-09-29 06:00:00,35136.62826952014
2013-09-29 07:00:00,36340.36153856206
2013-09-29 08:00:00,38030.92484864757
2013-09-29 09:00:00,39493.45594867689
2013-09-29 10:00:00,40162.23144646767
2013-09-29 11:00:00,40984.50293613397
2013-09-29 12:00:00,41596.30359268876
2013-09-29 13:00:00,42429.59601539427
2013-09-29 14:00:00,42363.84997462254
2013-09-29 15:00:00,41322.31747443579
2013-09-29 16:00:00,41135.95795111097
2013-09-29 17:00:00,42331.00542104644
2013-09-29 18:00:00,44430.58284310557
2013-09-29 19:00:00,43841.835052141876
2013-09-29 20:00:00,43526.128802474595
2013-09-29 21:00:00,42013.191771924496
2013-09-29 22:00:00,40068.3206089219
2013-09-29 23:00:00,38151.90839972755
2013-09-30 00:00:00,37079.65772329251
2013-09-30 01:00:00,35921.87836244738
2013-09-30 02:00:00,36542.44072960133
2013-09-30 03:00:00,35845.120877573034
2013-09-30 04:00:00,34318.91318048027
2013-09-30 05:00:00,33156.64384156481
2013-09-30 06:00:00,33888.92513556045
2013-09-30 07:00:00,35114.586403441725
2013-09-30 08:00:00,36627.53292292841
2013-09-30 09:00:00,37307.23446439252
2013-09-30 10:00:00,38228.18194883595
2013-09-30 11:00:00,39289.4686258513
2013-09-30 12:00:00,40366.14285780055
2013-09-30 13:00:00,40945.07049396947
2013-09-30 14:00:00,40451.728475830176
2013-09-30 15:00:00,39574.65596693864
2013-09-30 16:00:00,39276.463649533085
2013-09-30 17:00:00,40471.511119468545
2013-09-30 18:00:00,41397.94060362182
2013-09-30 19:00:00,40565.79202554121
2013-09-30 20:00:00,39750.127402336475
2013-09-30 21:00:00,38723.991946020215
2013-09-30 22:00:00,36926.03837524135
2013-09-30 23:00:00,35380.20934643221
2013-10-01 00:00:00,34678.54185038239
2013-10-01 01:00:00,33693.993680368214
2013-10-01 02:00:00,32814.68092690981
2013-10-01 03:00:00,32088.854676390343
2013-10-01 04:00:00,32066.907699677806
2013-10-01 05:00:00,32869.38705676916
2013-10-01 06:00:00,35037.95227474301
2013-10-01 07:00:00,35344.830391255025
2013-10-01 08:00:00,34114.58425593754
2013-10-01 09:00:00,34781.12899809803
2013-10-01 10:00:00,35743.73968033625
2013-10-01 11:00:00,36758.977559788946
2013-10-01 12:00:00,37256.75262237905
2013-10-01 13:00:00,37348.87868431413
2013-10-01 14:00:00,36645.02787731696
2013-10-01 15:00:00,35513.59058188883
2013-10-01 16:00:00,34489.581502900386
2013-10-01 17:00:00,34046.60745953552
2013-10-01 18:00:00,39168.95952160069
2013-10-01 19:00:00,39074.6881044646
2013-10-01 20:00:00,38879.58584841381
2013-10-01 21:00:00,37824.94399360637
2013-10-01 22:00:00,36283.54800924804
2013-10-01 23:00:00,34450.46219564327
2013-10-02 00:00:00,33461.53791479781
2013-10-02 01:00:00,32321.300953024165
2013-10-02 02:00:00,31604.255390977032
2013-10-02 03:00:00,30521.00275937597
2013-10-02 04:00:00,30564.83977918152
2013-10-02 05:00:00,30742.371169351063
2013-10-02 06:00:00,32139.07082817937
2013-10-02 07:00:00,34447.97523872513
2013-10-02 08:00:00,35371.05858943298
2013-10-02 09:00:00,35952.08413611995
2013-10-02 10:00:00,36410.35084505285
2013-10-02 11:00:00,37414.624725085865
2013-10-02 12:00:00,38592.16775169618
2013-10-02 13:00:00,39074.61219297191
2013-10-02 14:00:00,38414.617383653465
2013-10-02 15:00:00,37151.61209518916
2013-10-02 16:00:00,35833.76783175328
2013-10-02 17:00:00,35423.68578664744
2013-10-02 18:00:00,39788.42548881265
2013-10-02 19:00:00,40359.668836451216
2013-10-02 20:00:00,39366.38742264765
2013-10-02 21:00:00,38730.57034567202
2013-10-02 22:00:00,36748.421584642514
2013-10-02 23:00:00,35071.02456279721
2013-10-03 00:00:00,34237.78907371122
2013-10-03 01:00:00,33198.42090659864
2013-10-03 02:00:00,32737.932930972038
2013-10-03 03:00:00,32213.8442697747
2013-10-03 04:00:00,31994.545303507915
2013-10-03 05:00:00,32371.62148311565
2013-10-03 06:00:00,33450.36515877321
2013-10-03 07:00:00,34873.37841620875
2013-10-03 08:00:00,35892.94496180979
2013-10-03 09:00:00,36537.56170513092
2013-10-03 10:00:00,36826.982823000726
2013-10-03 11:00:00,38177.71908469566
2013-10-03 12:00:00,39146.94612233204
2013-10-03 13:00:00,39517.55776952702
2013-10-03 14:00:00,38752.30856577964
2013-10-03 15:00:00,37491.49607719927
2013-10-03 16:00:00,36491.60779693413
2013-10-03 17:00:00,35993.81375647085
2013-10-03 18:00:00,40988.98342526772
2013-10-03 19:00:00,41013.1232018642
2013-10-03 20:00:00,40315.869772392005
2013-10-03 21:00:00,39248.07111828096
2013-10-03 22:00:00,37399.68315017157
2013-10-03 23:00:00,35683.91213035737
2013-10-04 00:00:00,34812.3026433025
2013-10-04 01:00:00,33779.51287584173
2013-10-04 02:00:00,33099.74491182151
2013-10-04 03:00:00,32551.535451900876
2013-10-04 04:00:00,32430.91248041121
2013-10-04 05:00:00,32354.079084044162
2013-10-04 06:00:00,33669.645147166826
2013-10-04 07:00:00,35077.30880541481
2013-10-04 08:00:00,36035.47695426564
2013-10-04 09:00:00,37234.87206822262
2013-10-04 10:00:00,38041.79395870137
2013-10-04 11:00:00,39052.646238386194
2013-10-04 12:00:00,39809.17168728077
2013-10-04 13:00:00,40105.22813842191
2013-10-04 14:00:00,39405.76293119262
2013-10-04 15:00:00,38155.91444203193
2013-10-04 16:00:00,37215.231758633076
2013-10-04 17:00:00,36816.11371294692
2013-10-04 18:00:00,41504.291397992725
2013-10-04 19:00:00,41458.26157830324
2013-10-04 20:00:00,40636.018555446695
2013-10-04 21:00:00,39394.98871050469
2013-10-04 22:00:00,37702.289534154756
2013-10-04 23:00:00,36092.86930871147
2013-10-05 00:00:00,35327.6106160275
2013-10-05 01:00:00,34406.653642647485
2013-10-05 02:00:00,33610.66728477864
2013-10-05 03:00:00,32950.625030777264
2013-10-05 04:00:00,32792.72446126068
2013-10-05 05:00:00,33095.245444814595
2013-10-05 06:00:00,34270.47231536534
2013-10-05 07:00:00,35776.81196839045
2013-10-05 08:00:00,36318.34813929341
2013-10-05 09:00:00,37344.51206241943
2013-10-05 10:00:00,37925.575564852756
2013-10-05 11:00:00,39401.301419932046
2013-10-05 12:00:00,40837.59483284684
2013-10-05 13:00:00,39390.375376258715
2013-10-05 14:00:00,38462.85898110006
2013-10-05 15:00:00,36987.152103893946
2013-10-05 16:00:00,36199.96541237062
2013-10-05 17:00:00,36447.72333244564
2013-10-05 18:00:00,41007.62222428118
2013-10-05 19:00:00,41142.49839501643
2013-10-05 20:00:00,40638.21135533063
2013-10-05 21:00:00,39138.43112408415
2013-10-05 22:00:00,37548.79354227923
2013-10-05 23:00:00,36012.8321129478
2013-10-06 00:00:00,35321.032216375694
2013-10-06 01:00:00,34209.30165309322
2013-10-06 02:00:00,33474.7136919746
2013-10-06 03:00:00,32961.58903019694
2013-10-06 04:00:00,32571.25167298313
2013-10-06 05:00:00,32827.72385897438
2013-10-06 06:00:00,34461.245905267795
2013-10-06 07:00:00,36366.67513716929
2013-10-06 08:00:00,38090.13044551385
2013-10-06 09:00:00,39243.476761908176
2013-10-06 10:00:00,40337.65543718256
2013-10-06 11:00:00,41866.00848947632
2013-10-06 12:00:00,42826.46432757696
2013-10-06 13:00:00,42861.577592529706
2013-10-06 14:00:00,42548.04516487317
2013-10-06 15:00:00,41245.56947849802
2013-10-06 16:00:00,40065.871607750116
2013-10-06 17:00:00,37884.00725642384
2013-10-06 18:00:00,40389.25265701118
2013-10-06 19:00:00,39622.88807544865
2013-10-06 20:00:00,40331.219371579566
2013-10-06 21:00:00,39680.052695416394
2013-10-06 22:00:00,38064.10151500422
2013-10-06 23:00:00,36744.130874240516
2013-10-07 00:00:00,36268.32176623613
2013-10-07 01:00:00,34974.58881258695
2013-10-07 02:00:00,34207.10885320928
2013-10-07 03:00:00,33911.07137994131
2013-10-07 04:00:00,33691.77241367452
2013-10-07 05:00:00,33790.36300802236
2013-10-07 06:00:00,35630.00824340578
2013-10-07 07:00:00,37465.267879021325
2013-10-07 08:00:00,39625.090364269185
2013-10-07 09:00:00,41081.0430646467
2013-10-07 10:00:00,42227.84893713555
2013-10-07 11:00:00,43565.42839952687
2013-10-07 12:00:00,44543.42663669899
2013-10-07 13:00:00,44780.277490973865
2013-10-07 14:00:00,44352.719469352654
2013-10-07 15:00:00,43624.75735256879
2013-10-07 16:00:00,42403.39628402609
2013-10-07 17:00:00,41528.44066352579
2013-10-07 18:00:00,46020.3627589593
2013-10-07 19:00:00,45773.69174988966
2013-10-07 20:00:00,44433.94795442417
2013-10-07 21:00:00,42142.56696507673
2013-10-07 22:00:00,38794.30387635498
2013-10-07 23:00:00,34849.551774519656
2013-10-08 00:00:00,31748.961205443647
2013-10-08 01:00:00,31071.405019180536
2013-10-08 02:00:00,29959.65547802489
2013-10-08 03:00:00,28540.904464181593
2013-10-08 04:00:00,27918.13031927054
2013-10-08 05:00:00,29277.58084688169
2013-10-08 06:00:00,31608.41325626681
2013-10-08 07:00:00,34222.1168506797
2013-10-08 08:00:00,36085.91135159617
2013-10-08 09:00:00,38204.089616922414
2013-10-08 10:00:00,39743.40666863586
2013-10-08 11:00:00,41855.04449005664
2013-10-08 12:00:00,43045.74431597058
2013-10-08 13:00:00,43416.35596316555
2013-10-08 14:00:00,43240.96992819701
2013-10-08 15:00:00,42747.63739899431
2013-10-08 16:00:00,41508.73393138012
2013-10-08 17:00:00,41190.74948139961
2013-10-08 18:00:00,45389.93279232765
2013-10-08 19:00:00,44754.03980385932
2013-10-08 20:00:00,44008.54477694055
2013-10-08 21:00:00,42331.14775509524
2013-10-08 22:00:00,40452.06058861074
2013-10-08 23:00:00,38725.325569376866
2013-10-09 00:00:00,37842.75208290231
2013-10-09 01:00:00,36489.813532386856
2013-10-09 02:00:00,35592.95837985696
2013-10-09 03:00:00,34687.32253885472
2013-10-09 04:00:00,34766.244356803254
2013-10-09 05:00:00,34961.31814604429
2013-10-09 06:00:00,36899.63937620483
2013-10-09 07:00:00,38954.17900021399
2013-10-09 08:00:00,40686.40550809429
2013-10-09 09:00:00,42999.74296309086
2013-10-09 10:00:00,44370.21442374121
2013-10-09 11:00:00,45148.629915728794
2013-10-09 12:00:00,45795.515370426554
2013-10-09 13:00:00,45653.01184478047
2013-10-09 14:00:00,45389.91381445448
2013-10-09 15:00:00,44414.16531078581
2013-10-09 16:00:00,43548.037823440776
2013-10-09 17:00:00,42747.63739899431
2013-10-09 18:00:00,46771.39671920745
2013-10-09 19:00:00,46727.5596994019
2013-10-09 20:00:00,46047.84866900121
2013-10-09 21:00:00,44589.73163554951
2013-10-09 22:00:00,42484.78608101958
2013-10-09 23:00:00,40456.54107774449
2013-10-10 00:00:00,39272.4576072287
2013-10-10 01:00:00,38373.42863268804
2013-10-10 02:00:00,36991.96470580825
2013-10-10 03:00:00,36323.15125227112
2013-10-10 04:00:00,35555.65231502028
2013-10-10 05:00:00,35851.594898922376
2013-10-10 06:00:00,37759.216930707815
2013-10-10 07:00:00,39568.16296771612
2013-10-10 08:00:00,41388.10147095387
2013-10-10 09:00:00,43153.23895496639
2013-10-10 10:00:00,44457.92641909866
2013-10-10 11:00:00,45696.82988671285
2013-10-10 12:00:00,45970.93936114145
2013-10-10 13:00:00,46069.64382272834
2013-10-10 14:00:00,45499.55380865128
2013-10-10 15:00:00,44743.085293376236
2013-10-10 16:00:00,43876.957806031205
2013-10-10 17:00:00,43580.90135489006
2013-10-10 18:00:00,47505.984680326066
2013-10-10 19:00:00,47538.89565645829
2013-10-10 20:00:00,46881.11262489696
2013-10-10 21:00:00,45236.60760131069
2013-10-10 22:00:00,42879.49006012809
2013-10-10 23:00:00,41026.6690475679
2013-10-11 00:00:00,40018.00956776701
2013-10-11 01:00:00,38877.77260599336
2013-10-11 02:00:00,38110.2926466157
2013-10-11 03:00:00,37507.26318959666
2013-10-11 04:00:00,37090.61223377561
2013-10-11 05:00:00,37518.12281071388
2013-10-11 06:00:00,38943.32886803336
2013-10-11 07:00:00,40511.066917808675
2013-10-11 08:00:00,41815.69744832143
2013-10-11 09:00:00,43460.230938717454
2013-10-11 10:00:00,44282.50242838376
2013-10-11 11:00:00,45367.90990412241
2013-10-11 12:00:00,45462.209788068256
2013-10-11 13:00:00,42977.795986378325
2013-10-11 14:00:00,43394.465920072544
2013-10-11 15:00:00,42133.653431492174
2013-10-11 16:00:00,40857.47236585108
2013-10-11 17:00:00,37158.19049484097
2013-10-11 18:00:00,42267.385757602526
2013-10-11 19:00:00,42471.335124681755
2013-10-11 20:00:00,41778.467294977454
2013-10-11 21:00:00,39206.40792048617
2013-10-11 22:00:00,35298.980861360695
2013-10-11 23:00:00,33070.09466870544
2013-10-12 00:00:00,31685.3700088095
2013-10-12 01:00:00,31143.76741535043
2013-10-12 02:00:00,30996.849823126708
2013-10-12 03:00:00,30689.848350439053
2013-10-12 04:00:00,30358.716590091513
2013-10-12 05:00:00,30417.83678652851
2013-10-12 06:00:00,31720.246050347556
2013-10-12 07:00:00,33588.39768422214
2013-10-12 08:00:00,35511.39778200489
2013-10-12 09:00:00,37013.39927994507
2013-10-12 10:00:00,38425.53393839021
2013-10-12 11:00:00,40749.8733485528
2013-10-12 12:00:00,41977.85077249366
2013-10-12 13:00:00,40570.10171381639
2013-10-12 14:00:00,40502.16287316072
2013-10-12 15:00:00,38921.20160152567
2013-10-12 16:00:00,37969.55491870712
2013-10-12 17:00:00,38037.50324829938
2013-10-12 18:00:00,43300.19450293646
2013-10-12 19:00:00,43569.927866533784
2013-10-12 20:00:00,43080.99042603554
2013-10-12 21:00:00,41813.646982486294
2013-10-12 22:00:00,39877.547019019454
2013-10-12 23:00:00,37885.483213829306
2013-10-13 00:00:00,36737.58094139847
2013-10-13 01:00:00,35717.94797324132
2013-10-13 02:00:00,34895.64801676525
2013-10-13 03:00:00,34301.389759281956
2013-10-13 04:00:00,33573.361219941966
2013-10-13 05:00:00,33599.58941811992
2013-10-13 06:00:00,35511.597049673226
2013-10-13 07:00:00,37517.895076235785
2013-10-13 08:00:00,39458.43757309003
2013-10-13 09:00:00,40763.08708147595
2013-10-13 10:00:00,42374.76652935928
2013-10-13 11:00:00,43482.10200393729
2013-10-13 12:00:00,43712.355480687176
2013-10-13 13:00:00,43986.483932988966
2013-10-13 14:00:00,43964.59388989595
2013-10-13 15:00:00,42923.061389709204
2013-10-13 16:00:00,42341.99788727587
2013-10-13 17:00:00,42616.06940595814
2013-10-13 18:00:00,46157.41275170531
2013-10-13 19:00:00,46245.14372493594
2013-10-13 20:00:00,45718.92868641078
2013-10-13 21:00:00,44403.343645414934
2013-10-13 22:00:00,42375.146086822766
2013-10-13 23:00:00,40478.469076583846
2013-10-14 00:00:00,39425.953599104236
2013-10-14 01:00:00,38483.06862688485
2013-10-14 02:00:00,37233.172693041226
2013-10-14 03:00:00,35248.67930914239
2013-10-14 04:00:00,33746.59241077292
2013-10-14 05:00:00,33101.8238444664
2013-10-14 06:00:00,32799.10359324416
2013-10-14 07:00:00,32875.737721942874
2013-10-14 08:00:00,34329.478644563285
2013-10-14 09:00:00,36927.88008447156
2013-10-14 10:00:00,38465.004336301055
2013-10-14 11:00:00,41078.793331143235
2013-10-14 12:00:00,43153.191510283454
2013-10-14 13:00:00,43536.95995678205
2013-10-14 14:00:00,43372.53792123318
2013-10-14 15:00:00,43602.82935372942
2013-10-14 16:00:00,43065.62184897481
2013-10-14 17:00:00,42374.86141872515
2013-10-14 18:00:00,46223.1967482234
2013-10-14 19:00:00,46508.279711008276
2013-10-14 20:00:00,45214.584713105454
2013-10-14 21:00:00,43679.71968371599
2013-10-14 22:00:00,41651.52212512383
2013-10-14 23:00:00,39754.845114884905
2013-10-15 00:00:00,38702.329637405295
2013-10-15 01:00:00,37364.7406860774
2013-10-15 02:00:00,36399.90873714547
2013-10-15 03:00:00,35972.30327084133
2013-10-15 04:00:00,35380.22832430538
2013-10-15 05:00:00,35169.63413501822
2013-10-15 06:00:00,36254.95621032759
2013-10-15 07:00:00,37511.31667658398
2013-10-15 08:00:00,38401.50802903278
2013-10-15 09:00:00,39995.607122098285
2013-10-15 10:00:00,40826.64981130033
2013-10-15 11:00:00,42469.02845755877
2013-10-15 12:00:00,43666.30668312452
2013-10-15 13:00:00,43153.21997709321
2013-10-15 14:00:00,42773.9035529186
2013-10-15 15:00:00,40844.2870997377
2013-10-15 16:00:00,39160.245255684466
2013-10-15 17:00:00,38991.371197811626
2013-10-15 18:00:00,44057.80686283641
2013-10-15 19:00:00,44282.58782881305
2013-10-15 20:00:00,43964.68877926183
2013-10-15 21:00:00,42451.75174871173
2013-10-15 22:00:00,38910.5222702036
2013-10-15 23:00:00,35950.33731625562
2013-10-16 00:00:00,33834.31389506696
2013-10-16 01:00:00,31336.733805136817
2013-10-16 02:00:00,30117.5370696683
2013-10-16 03:00:00,29775.450798837664
2013-10-16 04:00:00,29130.748655087253
2013-10-16 05:00:00,29878.408015080207
2013-10-16 06:00:00,32621.486802645326
2013-10-16 07:00:00,35178.17760007588
2013-10-16 08:00:00,37730.51126454832
2013-10-16 09:00:00,40357.41910294776
2013-10-16 10:00:00,41936.20655257204
2013-10-16 11:00:00,44446.933952869214
2013-10-16 12:00:00,45028.03541104889
2013-10-16 13:00:00,44677.21589642886
2013-10-16 14:00:00,44622.43385507681
2013-10-16 15:00:00,44091.82372784719
2013-10-16 16:00:00,42881.42665872417
2013-10-16 17:00:00,42074.4478346259
2013-10-16 18:00:00,47109.087901333616
2013-10-16 19:00:00,46615.72690532116
2013-10-16 20:00:00,45629.023891169396
2013-10-16 21:00:00,43951.62686932408
2013-10-16 22:00:00,41989.21330725001
2013-10-16 23:00:00,39895.18430745682
2013-10-17 00:00:00,38645.31684042296
2013-10-17 01:00:00,37375.704685497076
2013-10-17 02:00:00,36426.222335752704
2013-10-17 03:00:00,35869.241676296326
2013-10-17 04:00:00,35634.59311084198
2013-10-17 05:00:00,35481.011718537164
2013-10-17 06:00:00,37329.42815345633
2013-10-17 07:00:00,38921.287001954945
2013-10-17 08:00:00,41278.46147675707
2013-10-17 09:00:00,43262.8789491632
2013-10-17 10:00:00,44107.07843766887
2013-10-17 11:00:00,45148.629915728794
2013-10-17 12:00:00,44721.04342729783
2013-10-17 13:00:00,41695.00805427565
2013-10-17 14:00:00,37984.82860640197
2013-10-17 15:00:00,32529.189939851673
2013-10-17 16:00:00,33787.88554004081
2013-10-17 17:00:00,36002.5849560066
2013-10-17 18:00:00,39747.85869095984
2013-10-17 19:00:00,40122.84644898611
2013-10-17 20:00:00,39743.54900268467
2013-10-17 21:00:00,38570.49595414468
2013-10-17 22:00:00,36524.75599648103
2013-10-17 23:00:00,34770.61097869795
2013-10-18 00:00:00,33860.6274936742
2013-10-18 01:00:00,32446.29054640853
2013-10-18 02:00:00,31413.48180107458
2013-10-18 03:00:00,30904.742739064797
2013-10-18 04:00:00,30253.462195662578
2013-10-18 05:00:00,30349.859990126482
2013-10-18 06:00:00,32864.88758976225
2013-10-18 07:00:00,34189.22485242066
2013-10-18 08:00:00,36292.03454068617
2013-10-18 09:00:00,37910.25443247497
2013-10-18 10:00:00,37938.73236415637
2013-10-18 11:00:00,36901.509552244795
2013-10-18 12:00:00,36890.555041761705
2013-10-18 13:00:00,35783.21956718369
2013-10-18 14:00:00,35491.61513836653
2013-10-18 15:00:00,35213.17699778957
2013-10-18 16:00:00,34601.41429698114
2013-10-18 17:00:00,35767.95536842543
2013-10-18 18:00:00,39557.0851010574
2013-10-18 19:00:00,39250.1120951795
2013-10-18 20:00:00,38504.617068260726
2013-10-18 21:00:00,36623.289657209345
2013-10-18 22:00:00,34360.462511036014
2013-10-18 23:00:00,32502.159498765963
2013-10-19 00:00:00,31488.01801925524
2013-10-19 01:00:00,30369.70905632096
2013-10-19 02:00:00,29525.481101005527
2013-10-19 03:00:00,29054.019637022662
2013-10-19 04:00:00,28922.432666113313
2013-10-19 05:00:00,29240.303248854772
2013-10-19 06:00:00,31202.745277738617
2013-10-19 07:00:00,32735.398529370963
2013-10-19 08:00:00,34110.19865616967
2013-10-19 09:00:00,35188.98977651016
2013-10-19 10:00:00,36373.07324702594
2013-10-19 11:00:00,38447.43347041981
2013-10-19 12:00:00,39388.15410956502
2013-10-19 13:00:00,36550.69952656135
2013-10-19 14:00:00,35820.535120956956
2013-10-19 15:00:00,33917.23226638328
2013-10-19 16:00:00,33246.263968708576
2013-10-19 17:00:00,34329.478644563285
2013-10-19 18:00:00,38662.42274841142
2013-10-19 19:00:00,38397.11294032833
2013-10-19 20:00:00,37802.92110540114
2013-10-19 21:00:00,36590.39765895031
2013-10-19 22:00:00,34579.74249942963
2013-10-19 23:00:00,32688.54748890054
2013-10-20 00:00:00,31641.514011130774
2013-10-20 01:00:00,30181.128266302447
2013-10-20 02:00:00,29455.31150471957
2013-10-20 03:00:00,28861.053247236272
2013-10-20 04:00:00,28839.10627052374
2013-10-20 05:00:00,29556.066432141586
2013-10-20 06:00:00,31746.559648954793
2013-10-20 07:00:00,33491.91448932895
2013-10-20 08:00:00,35607.88097689809
2013-10-20 09:00:00,36897.18088609645
2013-10-20 10:00:00,38361.94274175606
2013-10-20 11:00:00,40473.58056317684
2013-10-20 12:00:00,41162.12921566939
2013-10-20 13:00:00,40701.669706852554
2013-10-20 14:00:00,39712.75491494369
2013-10-20 15:00:00,39629.47596403705
2013-10-20 16:00:00,38910.26606891574
2013-10-20 17:00:00,39436.50957425067
2013-10-20 18:00:00,44523.77683817285
2013-10-20 19:00:00,44216.803832294965
2013-10-20 20:00:00,43425.26000781353
2013-10-20 21:00:00,41730.32058689673
2013-10-20 22:00:00,39129.802258597214
2013-10-20 23:00:00,37298.90924487638
2013-10-21 00:00:00,36312.17776391485
2013-10-21 01:00:00,35259.65279749865
2013-10-21 02:00:00,34163.25285553056
2013-10-21 03:00:00,33472.51140315407
2013-10-21 04:00:00,33229.09163816398
2013-10-21 05:00:00,33332.067832279696
2013-10-21 06:00:00,35432.65625385152
2013-10-21 07:00:00,36715.33031871515
2013-10-21 08:00:00,39285.20638225907
2013-10-21 09:00:00,41173.14065977202
2013-10-21 10:00:00,42155.48654096566
2013-10-21 11:00:00,43657.52599465219
2013-10-21 12:00:00,44984.17941337017
2013-10-21 13:00:00,44775.89189120599
2013-10-21 14:00:00,44786.893846372026
2013-10-21 15:00:00,43800.18134328368
2013-10-21 16:00:00,42506.45787857109
2013-10-21 17:00:00,42747.63739899431
2013-10-21 18:00:00,46908.44671195346
2013-10-21 19:00:00,47209.975673867855
2013-10-21 20:00:00,46596.048639985245
2013-10-21 21:00:00,44732.26362800536
2013-10-21 22:00:00,42813.70606361001
2013-10-21 23:00:00,40785.461060334914
2013-10-22 00:00:00,39601.37758981913
2013-10-22 01:00:00,38483.06862688485
2013-10-22 02:00:00,37277.02869071995
2013-10-22 03:00:00,36410.86324762857
2013-10-22 04:00:00,35643.36431037772
2013-10-22 05:00:00,35127.97093722344
2013-10-22 06:00:00,36268.113009631204
2013-10-22 07:00:00,35956.62155887322
2013-10-22 08:00:00,35046.52420661042
2013-10-22 09:00:00,36901.56648586432
2013-10-22 10:00:00,39460.53548360809
2013-10-22 11:00:00,41486.65410955536
2013-10-22 12:00:00,42221.25155961058
2013-10-22 13:00:00,41771.756050213415
2013-10-22 14:00:00,42166.49798506828
2013-10-22 15:00:00,41366.17347211452
2013-10-22 16:00:00,40631.613977805646
2013-10-22 17:00:00,40467.125519700676
2013-10-22 18:00:00,45757.22677288696
2013-10-22 19:00:00,45609.23175859444
2013-10-22 20:00:00,44929.52072819375
2013-10-22 21:00:00,43197.30370925003
2013-10-22 22:00:00,40785.36617096904
2013-10-22 23:00:00,38751.6391679841
2013-10-23 00:00:00,37562.07369775848
2013-10-23 01:00:00,36509.548731342285
2013-10-23 02:00:00,35742.068771964616
2013-10-23 03:00:00,34985.54332307005
2013-10-23 04:00:00,34744.31635796389
2013-10-23 05:00:00,35029.29494244631
2013-10-23 06:00:00,37066.29216738398
2013-10-23 07:00:00,38230.55503851505
2013-10-23 08:00:00,40032.95114268131
2013-10-23 09:00:00,41793.703026925956
2013-10-23 10:00:00,42894.46010185216
2013-10-23 11:00:00,44225.46116459167
2013-10-23 12:00:00,45043.38501023645
2013-10-23 13:00:00,45148.66787147514
2013-10-23 14:00:00,45192.561824900215
2013-10-23 15:00:00,43918.59253701623
2013-10-23 16:00:00,42627.06187218758
2013-10-23 17:00:00,42637.9974047975
2013-10-23 18:00:00,46930.37471079282
2013-10-23 19:00:00,47319.61566806467
2013-10-23 20:00:00,46552.19264230653
2013-10-23 21:00:00,45105.03960827452
2013-10-23 22:00:00,42901.41805896745
2013-10-23 23:00:00,40664.857066718425
2013-10-24 00:00:00,39272.4576072287
2013-10-24 01:00:00,37934.868655900806
2013-10-24 02:00:00,37364.7406860774
2013-10-24 03:00:00,36871.351223255166
2013-10-24 04:00:00,36695.9082546671
2013-10-24 05:00:00,36706.7868536575
2013-10-24 06:00:00,38373.20089820995
2013-10-24 07:00:00,39294.062982224095
2013-10-24 08:00:00,40686.40550809429
2013-10-24 09:00:00,42155.51500777542
2013-10-24 10:00:00,43372.49047655024
2013-10-24 11:00:00,44567.5379464857
2013-10-24 12:00:00,45071.89140872762
2013-10-24 13:00:00,44710.107894687906
2013-10-24 14:00:00,44578.577857398086
2013-10-24 15:00:00,44458.02130846454
2013-10-24 16:00:00,43328.75783504715
2013-10-24 17:00:00,43361.62136649644
2013-10-24 18:00:00,47889.72466001491
2013-10-24 19:00:00,47922.63563614712
2013-10-24 20:00:00,47253.88860516611
2013-10-24 21:00:00,45894.44756649155
2013-10-24 22:00:00,43844.322009060015
2013-10-24 23:00:00,41969.57299766045
2013-10-25 00:00:00,40938.98551902021
2013-10-25 01:00:00,39798.74855724657
2013-10-25 02:00:00,38987.412600190175
2013-10-25 03:00:00,38384.38314317114
2013-10-25 04:00:00,37792.30819663519
2013-10-25 05:00:00,37715.47480026814
2013-10-25 06:00:00,38745.976878479094
2013-10-25 07:00:00,40434.318921870916
2013-10-25 08:00:00,42056.905435554414
2013-10-25 09:00:00,43811.07892014724
2013-10-25 10:00:00,45696.858353522606
2013-10-25 11:00:00,46530.09384260859
2013-10-25 12:00:00,46902.87931181433
2013-10-25 13:00:00,46595.91579487303
2013-10-25 14:00:00,46267.03376802895
2013-10-25 15:00:00,45828.52123592465
2013-10-25 16:00:00,44425.15777701525
2013-10-25 17:00:00,43964.64133457889
2013-10-25 18:00:00,48832.62861010746
2013-10-25 19:00:00,48635.295598426375
2013-10-25 20:00:00,47736.30457963207
2013-10-25 21:00:00,46442.64753747559
2013-10-25 22:00:00,44370.59398120471
2013-10-25 23:00:00,42704.16095877907
2013-10-26 00:00:00,41881.88946911276
2013-10-26 01:00:00,40807.43650385721
2013-10-26 02:00:00,39842.60455492529
2013-10-26 03:00:00,39086.079106030724
2013-10-26 04:00:00,38515.93215833414
2013-10-26 05:00:00,38241.74677241283
2013-10-26 06:00:00,38724.04887963973
2013-10-26 07:00:00,39732.622959011336
2013-10-26 08:00:00,40489.05351854004
2013-10-26 09:00:00,41070.079065227015
2013-10-26 10:00:00,42308.9825328412
2013-10-26 11:00:00,43876.80598304581
2013-10-26 12:00:00,44764.89942497655
2013-10-26 13:00:00,43405.39196374587
2013-10-26 14:00:00,43833.025896859785
2013-10-26 15:00:00,42912.09739028952
2013-10-26 16:00:00,41234.6339458881
2013-10-26 17:00:00,40576.76551389749
2013-10-26 18:00:00,46190.30474996436
2013-10-26 19:00:00,46617.91970520508
2013-10-26 20:00:00,46464.48064694908
2013-10-26 21:00:00,45148.895605953236
2013-10-26 22:00:00,43252.26604039725
2013-10-26 23:00:00,41552.941019712576
2013-10-27 00:00:00,40697.777531787215
2013-10-27 01:00:00,39294.40458394124
2013-10-27 02:00:00,38417.28463036677
2013-10-27 03:00:00,37792.32717450837
2013-10-27 04:00:00,37748.45219895646
2013-10-27 05:00:00,37934.75478866176
2013-10-27 06:00:00,38943.32886803336
2013-10-27 07:00:00,40105.39893928049
2013-10-27 08:00:00,40839.90149996983
2013-10-27 09:00:00,41508.63904201425
2013-10-27 10:00:00,42287.05453400183
2013-10-27 11:00:00,43942.58997956389
2013-10-27 12:00:00,44764.89942497655
2013-10-27 13:00:00,44534.68390397301
2013-10-27 14:00:00,44885.569841149154
2013-10-27 15:00:00,44918.509284091124
2013-10-27 16:00:00,44710.22176192695
2013-10-27 17:00:00,43800.18134328368
2013-10-27 18:00:00,47012.604706440434
2013-10-27 19:00:00,47648.535650655096
2013-10-27 20:00:00,47144.2486109693
2013-10-27 21:00:00,45828.66356997346
2013-10-27 22:00:00,42958.4308559498
2013-10-27 23:00:00,41296.383433292045
2013-10-28 00:00:00,40478.497543393605
2013-10-28 01:00:00,39031.268597868904
2013-10-28 02:00:00,37018.27830441548
2013-10-28 03:00:00,35871.43447618027
2013-10-28 04:00:00,35623.629111422306
2013-10-28 05:00:00,36162.97248244131
2013-10-28 06:00:00,37686.854534537924
2013-10-28 07:00:00,38943.21500079431
2013-10-28 08:00:00,41168.821482560255
2013-10-28 09:00:00,42824.318972375964
2013-10-28 10:00:00,44414.070421419936
2013-10-28 11:00:00,45981.89387162455
2013-10-28 12:00:00,46584.923328643585
2013-10-28 13:00:00,46245.06781344323
2013-10-28 14:00:00,46267.03376802895
2013-10-28 15:00:00,45006.22127944858
2013-10-28 16:00:00,44162.02179094291
2013-10-28 17:00:00,44019.461331677296
2013-10-28 18:00:00,47802.01266465745
2013-10-28 19:00:00,47867.81563904871
2013-10-28 20:00:00,47034.608616772486
2013-10-28 21:00:00,45455.8875897043
2013-10-28 22:00:00,43581.18602298768
2013-10-28 23:00:00,41816.077005784915
2013-10-29 00:00:00,40895.129521341485
2013-10-29 01:00:00,39864.53255376465
2013-10-29 02:00:00,38198.00464197315
2013-10-29 03:00:00,36783.639227897715
2013-10-29 04:00:00,35994.21229180752
2013-10-29 05:00:00,35193.754933741526
2013-10-29 06:00:00,35557.645847235886
2013-10-29 07:00:00,36092.575151677265
2013-10-29 08:00:00,37666.920067914165
2013-10-29 09:00:00,38471.61120276263
2013-10-29 10:00:00,39486.84908221532
2013-10-29 11:00:00,41050.28693265206
2013-10-29 12:00:00,40675.32764143556
2013-10-29 13:00:00,40521.86011636979
2013-10-29 14:00:00,40379.36607966029
2013-10-29 15:00:00,38581.317619515554
2013-10-29 16:00:00,37737.11813100988
2013-10-29 17:00:00,37353.34968451129
2013-10-29 18:00:00,40934.16342816932
2013-10-29 19:00:00,40614.0336229878
2013-10-29 20:00:00,39868.538596069026
2013-10-29 21:00:00,38482.78395878724
2013-10-29 22:00:00,35950.242426889745
2013-10-29 23:00:00,33724.64543406039
2013-10-30 00:00:00,32343.209973990353
2013-10-30 01:00:00,30297.346660151066
2013-10-30 02:00:00,28957.545931066055
2013-10-30 03:00:00,28490.47006685106
2013-10-30 04:00:00,27459.83514352788
2013-10-30 05:00:00,28650.44008007594
2013-10-30 06:00:00,31090.91248365787
2013-10-30 07:00:00,33351.57529675703
2013-10-30 08:00:00,36028.89855461383
2013-10-30 09:00:00,38581.25119695944
2013-10-30 10:00:00,40600.7914232549
2013-10-30 11:00:00,42262.90526846878
2013-10-30 12:00:00,42857.16352595207
2013-10-30 13:00:00,42166.460029321934
2013-10-30 14:00:00,41947.21799667467
2013-10-30 15:00:00,41059.18148836345
2013-10-30 16:00:00,39513.286036998186
2013-10-30 17:00:00,39962.78154639535
2013-10-30 18:00:00,43977.769667072746
2013-10-30 19:00:00,43333.10547906868
2013-10-30 20:00:00,42287.19686805065
2013-10-30 21:00:00,40877.321432045544
2013-10-30 22:00:00,38445.648694809126
2013-10-30 23:00:00,36342.8484954802
2013-10-31 00:00:00,35084.209828910585
2013-10-31 01:00:00,33867.22487119917
2013-10-31 02:00:00,33110.70891124119
2013-10-31 03:00:00,32441.895457704068
2013-10-31 04:00:00,32255.488489696316
2013-10-31 05:00:00,33209.271038779276
2013-10-31 06:00:00,34886.649082751406
2013-10-31 07:00:00,36860.055111054935
2013-10-31 08:00:00,38708.50001278385
2013-10-31 09:00:00,40857.377476485206
2013-10-31 10:00:00,42304.59693307333
2013-10-31 11:00:00,43657.52599465219
2013-10-31 12:00:00,44172.843456313785
2013-10-31 13:00:00,42528.2720101714
2013-10-31 14:00:00,41837.57800247785
2013-10-31 15:00:00,40927.61349532727
2013-10-31 16:00:00,39294.00604860458
2013-10-31 17:00:00,39359.76157831289
2013-10-31 18:00:00,43827.56287502312
2013-10-31 19:00:00,43425.203074194
2013-10-31 20:00:00,42581.03205249809
2013-10-31 21:00:00,40412.44785665108
2013-10-31 22:00:00,37825.08632765518
2013-10-31 23:00:00,35965.14488328096
2013-11-01 00:00:00,35031.36923484841
2013-11-01 01:00:00,33696.19217361411
2013-11-01 02:00:00,33060.28020727262
2013-11-01 03:00:00,32412.188807528055
2013-11-01 04:00:00,31993.1259616134
2013-11-01 05:00:00,31817.727064467712
2013-11-01 06:00:00,32612.28501383953
2013-11-01 07:00:00,33384.91496437199
2013-11-01 08:00:00,34323.45840826588
2013-11-01 09:00:00,35374.07271432335
2013-11-01 10:00:00,36583.0447481899
2013-11-01 11:00:00,38151.63596302199
2013-11-01 12:00:00,38475.192979944
2013-11-01 13:00:00,36726.79217462914
2013-11-01 14:00:00,35150.645194244695
2013-11-01 15:00:00,33816.92163507662
2013-11-01 16:00:00,32145.26882569953
2013-11-01 17:00:00,32290.732915857032
2013-11-01 18:00:00,37367.80394498702
2013-11-01 19:00:00,37585.12920157954
2013-11-01 20:00:00,36998.17303693315
2013-11-01 21:00:00,35394.23386230604
2013-11-01 22:00:00,33243.78628684395
2013-11-01 23:00:00,31603.665914131892
2013-11-02 00:00:00,30799.265458851565
2013-11-02 01:00:00,29937.733172547483
2013-11-02 02:00:00,29205.338011312797
2013-11-02 03:00:00,28469.53461621079
2013-11-02 04:00:00,28252.209359618268
2013-11-02 05:00:00,28925.42401755588
2013-11-02 06:00:00,31265.905885102704
2013-11-02 07:00:00,33178.79177528198
2013-11-02 08:00:00,34821.223981919386
2013-11-02 09:00:00,36007.79188078091
2013-11-02 10:00:00,37732.07188737247
2013-11-02 11:00:00,39699.752681080936
2013-11-02 12:00:00,41071.468042524444
2013-11-02 13:00:00,39244.12644138788
2013-11-02 14:00:00,39314.77217383952
2013-11-02 15:00:00,38081.917409332505
2013-11-02 16:00:00,36956.27177105552
2013-11-02 17:00:00,37171.905457498986
2013-11-02 18:00:00,42299.4108839595
2013-11-02 19:00:00,42525.507340087766
2013-11-02 20:00:00,41863.995979387546
2013-11-02 21:00:00,40218.393606965656
2013-11-02 22:00:00,38535.01240678196
2013-11-02 23:00:00,36723.853643122886
2013-11-03 00:00:00,35748.414796895544
2013-11-03 01:00:00,34240.00654483028
2013-11-03 02:00:00,33360.69379137187
2013-11-03 03:00:00,32574.45599893933
2013-11-03 04:00:00,32403.17953990947
2013-11-03 05:00:00,32648.798220479526
2013-11-03 06:00:00,34816.0488971954
2013-11-03 07:00:00,36489.91960002562
2013-11-03 08:00:00,38277.07659900283
2013-11-03 09:00:00,39680.73168637402
2013-11-03 10:00:00,40999.34371443738
2013-11-03 11:00:00,41949.56536199947
2013-11-03 12:00:00,41685.45201002657
2013-11-03 13:00:00,40825.135157705874
2013-11-03 14:00:00,41027.34888319368
2013-11-03 15:00:00,40658.45727295752
2013-11-03 16:00:00,40155.56680171843
2013-11-03 17:00:00,39998.42450789273
2013-11-03 18:00:00,44729.03315536079
2013-11-03 19:00:00,45297.2063933831
2013-11-03 20:00:00,44324.317449163944
2013-11-03 21:00:00,41575.736735122155
2013-11-03 22:00:00,40254.167515787936
2013-11-03 23:00:00,38228.11436350311
2013-11-04 00:00:00,37037.78112865002
2013-11-04 01:00:00,36143.35684408689
2013-11-04 02:00:00,35139.05449724411
2013-11-04 03:00:00,34293.611107945304
2013-11-04 04:00:00,34087.24985077246
2013-11-04 05:00:00,34460.05092461081
2013-11-04 06:00:00,36245.754421521786
2013-11-04 07:00:00,37717.887535029884
2013-11-04 08:00:00,40072.97970394656
2013-11-04 09:00:00,42044.56996125723
2013-11-04 10:00:00,43025.490807194416
2013-11-04 11:00:00,44094.123648489054
2013-11-04 12:00:00,44286.1126723749
2013-11-04 13:00:00,42664.894260328336
2013-11-04 14:00:00,42296.98001599273
2013-11-04 15:00:00,41239.549242200614
2013-11-04 16:00:00,40464.75158535342
2013-11-04 17:00:00,40450.14128398358
2013-11-04 18:00:00,45062.338737719096
2013-11-04 19:00:00,44534.112033773315
2013-11-04 20:00:00,43710.333481661815
2013-11-04 21:00:00,41920.00631690014
2013-11-04 22:00:00,40030.50192762645
2013-11-04 23:00:00,38069.13637191774
2013-11-05 00:00:00,36943.49073364076
2013-11-05 01:00:00,35522.794476932955
2013-11-05 02:00:00,34897.846510011135
2013-11-05 03:00:00,34289.22550817743
2013-11-05 04:00:00,33924.98265936118
2013-11-05 05:00:00,34293.39813343166
2013-11-05 06:00:00,36254.52562105754
2013-11-05 07:00:00,37864.80512725362
2013-11-05 08:00:00,40035.70210591965
2013-11-05 09:00:00,41985.36436439095
2013-11-05 10:00:00,43189.95079848963
2013-11-05 11:00:00,44545.84042457991
2013-11-05 12:00:00,44908.867839412764
2013-11-05 13:00:00,44484.918163995375
2013-11-05 14:00:00,44489.779899928915
2013-11-05 15:00:00,43256.92513542191
2013-11-05 16:00:00,42175.13549482365
2013-11-05 17:00:00,41809.67721202402
2013-11-05 18:00:00,46476.69466285793
2013-11-05 19:00:00,46007.673555778434
2013-11-05 20:00:00,45225.55820146172
2013-11-05 21:00:00,43593.11262834345
2013-11-05 22:00:00,41462.40025183677
2013-11-05 23:00:00,39649.04868829377
2013-11-06 00:00:00,38671.417042182475
2013-11-06 01:00:00,37456.84397456466
2013-11-06 02:00:00,36502.97602505243
2013-11-06 03:00:00,35821.99262704882
2013-11-06 04:00:00,35304.25378635704
2013-11-06 05:00:00,35413.91887412306
2013-11-06 06:00:00,36122.95762802136
2013-11-06 07:00:00,37599.476341297326
2013-11-06 08:00:00,39967.72530951762
2013-11-06 09:00:00,41395.50119561212
2013-11-06 10:00:00,41567.27888437686
2013-11-06 11:00:00,42780.636518011284
2013-11-06 12:00:00,41630.63201292817
2013-11-06 13:00:00,40855.83435608097
2013-11-06 14:00:00,40748.86329793378
2013-11-06 15:00:00,39669.504525302305
2013-11-06 16:00:00,39041.62446067883
2013-11-06 17:00:00,39805.45811810635
2013-11-06 18:00:00,44514.13876673506
2013-11-06 19:00:00,44505.60563528215
2013-11-06 20:00:00,43464.73989466097
2013-11-06 21:00:00,41722.65432734588
2013-11-06 22:00:00,39394.58996128495
2013-11-06 23:00:00,37363.05480929028
2013-11-07 00:00:00,36167.239574727355
2013-11-07 01:00:00,35108.35529886901
2013-11-07 02:00:00,34402.27373624156
2013-11-07 03:00:00,33822.15913289902
2013-11-07 04:00:00,33558.785078743844
2013-11-07 05:00:00,33865.802156064114
2013-11-07 06:00:00,35921.22003869923
2013-11-07 07:00:00,37487.64354721659
2013-11-07 08:00:00,40037.89490580358
2013-11-07 09:00:00,42062.11236032872
2013-11-07 10:00:00,43387.30278804388
2013-11-07 11:00:00,44787.04841181289
2013-11-07 12:00:00,45489.959808655854
2013-11-07 13:00:00,44989.26213730069
2013-11-07 14:00:00,44709.05988832253
2013-11-07 15:00:00,44090.189091317654
2013-11-07 16:00:00,43183.8234414343
2013-11-07 17:00:00,42577.15717140168
2013-11-07 18:00:00,47178.39062571752
2013-11-07 19:00:00,48003.12145016036
2013-11-07 20:00:00,47242.934094683005
2013-11-07 21:00:00,45544.704525046654
2013-11-07 22:00:00,43644.23613635328
2013-11-07 23:00:00,41825.40257310043
2013-11-08 00:00:00,40842.2889272793
2013-11-08 01:00:00,39397.47187184819
2013-11-08 02:00:00,38059.86394264712
2013-11-08 03:00:00,37324.06054754511
2013-11-08 04:00:00,37124.27769002408
2013-11-08 05:00:00,37036.590788235844
2013-11-08 06:00:00,38513.10950151181
2013-11-08 07:00:00,39625.62343405437
2013-11-08 08:00:00,41612.325222469764
2013-11-08 09:00:00,43566.373080708945
2013-11-08 10:00:00,45132.77149565709
2013-11-08 11:00:00,46749.60430793578
2013-11-08 12:00:00,47266.127714644164
2013-11-08 13:00:00,46962.78203284326
2013-11-08 14:00:00,46507.15579315021
2013-11-08 15:00:00,45383.94102284001
2013-11-08 16:00:00,44346.00737992048
2013-11-08 17:00:00,43717.41311104851
2013-11-08 18:00:00,47715.62659728189
2013-11-08 19:00:00,47739.98546408802
2013-11-08 20:00:00,47396.43008655855
2013-11-08 21:00:00,46158.68849254879
2013-11-08 22:00:00,44148.58010965861
2013-11-08 23:00:00,42263.96254988766
2013-11-09 00:00:00,41215.064907548454
2013-11-09 01:00:00,39550.96786372372
2013-11-09 02:00:00,38629.99191247053
2013-11-09 03:00:00,38025.75651040469
2013-11-09 04:00:00,37277.77368189961
2013-11-09 05:00:00,35063.07089269327
2013-11-09 06:00:00,36561.51760480861
2013-11-09 07:00:00,38237.58110752276
2013-11-09 08:00:00,39334.00614306006
2013-11-09 09:00:00,41176.22120721849
2013-11-09 10:00:00,42308.44524514728
2013-11-09 11:00:00,43813.44526334523
2013-11-09 12:00:00,44667.659852179786
2013-11-09 13:00:00,43717.438204617705
2013-11-09 14:00:00,44051.219923141674
2013-11-09 15:00:00,42577.15717140168
2013-11-09 16:00:00,41736.575518036414
2013-11-09 17:00:00,41151.83724684316
2013-11-09 18:00:00,46717.90265009092
2013-11-09 19:00:00,47564.56147337313
2013-11-09 20:00:00,47462.21408307663
2013-11-09 21:00:00,46334.112483263685
2013-11-09 22:00:00,44762.564077160736
2013-11-09 23:00:00,43009.51451042597
2013-11-10 00:00:00,42092.184861122936
2013-11-10 01:00:00,40888.5757929248
2013-11-10 02:00:00,40055.31183702905
2013-11-10 03:00:00,38946.732461657884
2013-11-10 04:00:00,38725.0216052975
2013-11-10 05:00:00,38659.26270234862
2013-11-10 06:00:00,39741.07743651607
2013-11-10 07:00:00,41020.24416023779
2013-11-10 08:00:00,41941.24520506019
2013-11-10 09:00:00,43412.87708883341
2013-11-10 10:00:00,44999.01070273699
2013-11-10 11:00:00,45795.73635842354
2013-11-10 12:00:00,46092.979776738306
2013-11-10 13:00:00,45954.09408623262
2013-11-10 14:00:00,46024.73981868425
2013-11-10 15:00:00,45208.51703212511
2013-11-10 16:00:00,44411.79137643856
2013-11-10 17:00:00,44660.31706114106
2013-11-10 18:00:00,48855.8825369287
2013-11-10 19:00:00,49603.865365433776
2013-11-10 20:00:00,49216.453990225586
2013-11-10 21:00:00,47364.72842871368
2013-11-10 22:00:00,45683.54002841394
2013-11-10 23:00:00,44270.37444368928
2013-11-11 00:00:00,43692.928776396344
2013-11-11 01:00:00,42905.95168614609
2013-11-11 02:00:00,41919.19173837481
2013-11-11 03:00:00,41161.46034443343
2013-11-11 04:00:00,40852.03749271559
2013-11-11 05:00:00,39953.01463387097
2013-11-11 06:00:00,40727.837384287355
2013-11-11 07:00:00,41831.58011729418
2013-11-11 08:00:00,43234.99713658255
2013-11-11 09:00:00,44333.85304008661
2013-11-11 10:00:00,45678.7786667572
2013-11-11 11:00:00,46870.208301552266
2013-11-11 12:00:00,47693.72369201172
2013-11-11 13:00:00,48300.38996204433
2013-11-11 14:00:00,47559.69973743958
2013-11-11 15:00:00,45493.58101703681
2013-11-11 16:00:00,42832.975460004505
2013-11-11 17:00:00,40507.15408096592
2013-11-11 18:00:00,44667.63475861059
2013-11-11 19:00:00,45426.58158653534
2013-11-11 20:00:00,44927.337417246395
2013-11-11 21:00:00,43922.03261093387
2013-11-11 22:00:00,42438.19620018837
2013-11-11 23:00:00,40611.68783734175
2013-11-12 00:00:00,39620.899391926854
2013-11-12 01:00:00,37737.5223597085
2013-11-12 02:00:00,36292.467236194556
2013-11-12 03:00:00,35611.48383819095
2013-11-12 04:00:00,35383.19458217875
2013-11-12 05:00:00,35291.122080622634
2013-11-12 06:00:00,36627.30160132668
2013-11-12 07:00:00,37928.39632388776
2013-11-12 08:00:00,39375.66934085485
2013-11-12 09:00:00,41263.93320257594
2013-11-12 10:00:00,41907.16286638696
2013-11-12 11:00:00,42517.50053193894
2013-11-12 12:00:00,43264.267926460634
2013-11-12 13:00:00,43037.67024059749
2013-11-12 14:00:00,43503.019952157636
2013-11-12 15:00:00,42585.92837093743
2013-11-12 16:00:00,41225.65314507928
2013-11-12 17:00:00,40831.68846378849
2013-11-12 18:00:00,45573.26111067623
2013-11-12 19:00:00,45341.06239106183
2013-11-12 20:00:00,44802.34782386203
2013-11-12 21:00:00,43044.9126573594
2013-11-12 22:00:00,41583.00424545327
2013-11-12 23:00:00,39632.60268916424
2013-11-13 00:00:00,38517.92105030694
2013-11-13 01:00:00,36941.53600183967
2013-11-13 02:00:00,36305.62403549817
2013-11-13 03:00:00,35854.88462530787
2013-11-13 04:00:00,35797.63376024269
2013-11-13 05:00:00,35918.262847428385
2013-11-13 06:00:00,37592.13355025861
2013-11-13 07:00:00,39309.86025076756
2013-11-13 08:00:00,41480.7572294336
2013-11-13 09:00:00,42974.31711204618
2013-11-13 10:00:00,43836.82676425081
2013-11-13 11:00:00,45971.16034913843
2013-11-13 12:00:00,46443.827758168096
2013-11-13 13:00:00,45712.88609899963
2013-11-13 14:00:00,46265.94780591723
2013-11-13 15:00:00,45888.284996145325
2013-11-13 16:00:00,44126.72739152685
2013-11-13 17:00:00,43541.98912033361
2013-11-13 18:00:00,47452.49061120954
2013-11-13 19:00:00,47630.34546989121
2013-11-13 20:00:00,47155.22209932556
2013-11-13 21:00:00,45829.768509958354
2013-11-13 22:00:00,44038.940115461795
2013-11-13 23:00:00,42406.49454234352
2013-11-14 00:00:00,41609.76888665697
2013-11-14 01:00:00,40822.79179640671
2013-11-14 02:00:00,39879.88784631415
2013-11-14 03:00:00,39012.516458175975
2013-11-14 04:00:00,38834.661599494306
2013-11-14 05:00:00,38527.69470931245
2013-11-14 06:00:00,40223.49341098203
2013-11-14 07:00:00,41173.740152113314
2013-11-14 08:00:00,42226.30918997189
2013-11-14 09:00:00,43676.01307490575
2013-11-14 10:00:00,44757.802715504
2013-11-14 11:00:00,45422.960378154385
2013-11-14 12:00:00,46027.19578022022
2013-11-14 13:00:00,45296.25412105176
2013-11-14 14:00:00,43239.88396608529
2013-11-14 15:00:00,42314.021185329344
2013-11-14 16:00:00,42175.13549482365
2013-11-14 17:00:00,42555.22917256232
2013-11-14 18:00:00,46695.97465125156
2013-11-14 19:00:00,47301.425487300774
2013-11-14 20:00:00,46914.014112092584
2013-11-14 21:00:00,45435.06453084984
2013-11-14 22:00:00,43205.67615956604
2013-11-14 23:00:00,41299.13060095574
2013-11-15 00:00:00,40228.304959777175
2013-11-15 01:00:00,39002.76789273968
2013-11-15 02:00:00,36963.46400067903
2013-11-15 03:00:00,36348.264599193506
2013-11-15 04:00:00,35780.0913611712
2013-11-15 05:00:00,36038.86684104487
2013-11-15 06:00:00,37307.06956534691
2013-11-15 07:00:00,38715.611482220855
2013-11-15 08:00:00,40713.27727005592
2013-11-15 09:00:00,42250.69315034724
2013-11-15 10:00:00,43124.16680197154
2013-11-15 11:00:00,44008.60445301554
2013-11-15 12:00:00,44316.811870749996
2013-11-15 13:00:00,44638.414155870894
2013-11-15 14:00:00,44511.707898768276
2013-11-15 15:00:00,43081.50114470701
2013-11-15 16:00:00,41714.64751919706
2013-11-15 17:00:00,41195.693244521884
2013-11-15 18:00:00,45029.44673946005
2013-11-15 19:00:00,44713.92162425609
2013-11-15 20:00:00,44655.43023163831
2013-11-15 21:00:00,42584.424681732795
2013-11-15 22:00:00,41056.732273308575
2013-11-15 23:00:00,39325.61070541317
2013-11-16 00:00:00,38430.2090549495
2013-11-16 01:00:00,37204.67198791201
2013-11-16 02:00:00,36788.040009964134
2013-11-16 03:00:00,36490.796591649356
2013-11-16 04:00:00,36115.58974341344
2013-11-16 05:00:00,35830.55085207093
2013-11-16 06:00:00,36824.653590880946
2013-11-16 07:00:00,38038.036318084574
2013-11-16 08:00:00,39397.59733969421
2013-11-16 09:00:00,40498.64604308222
2013-11-16 10:00:00,41277.82929969728
2013-11-16 11:00:00,43287.17329120053
2013-11-16 12:00:00,44169.89427852628
2013-11-16 13:00:00,43215.28703119631
2013-11-16 14:00:00,43634.5879451938
2013-11-16 15:00:00,42193.41719171285
2013-11-16 16:00:00,40587.548378853855
2013-11-16 17:00:00,39235.33014828294
2013-11-16 18:00:00,43469.26962203946
2013-11-16 19:00:00,42611.02653556129
2013-11-16 20:00:00,40256.67366446232
2013-11-16 21:00:00,37935.688927788084
2013-11-16 22:00:00,36706.217303579186
2013-11-16 23:00:00,35153.80892622458
2013-11-17 00:00:00,34437.1204663017
2013-11-17 01:00:00,32455.06743930623
2013-11-17 02:00:00,32073.52025950133
2013-11-17 03:00:00,31883.724035499432
2013-11-17 04:00:00,31208.10360316425
2013-11-17 05:00:00,31190.58629766196
2013-11-17 06:00:00,32678.06901035762
2013-11-17 07:00:00,34954.95968127029
2013-11-17 08:00:00,37845.0950218674
2013-11-17 09:00:00,39676.34608660615
2013-11-17 10:00:00,41069.513310723334
2013-11-17 11:00:00,43032.808504663946
2013-11-17 12:00:00,43735.719901506905
2013-11-17 13:00:00,43432.374219706006
2013-11-17 14:00:00,42713.611993940605
2013-11-17 15:00:00,41252.70604150422
2013-11-17 16:00:00,40550.27078082693
2013-11-17 17:00:00,40445.75568421571
2013-11-17 18:00:00,43738.98400776361
2013-11-17 19:00:00,42964.06731687501
2013-11-17 20:00:00,41355.266406314346
2013-11-17 21:00:00,37821.6633338234
2013-11-17 22:00:00,34388.42782625864
2013-11-17 23:00:00,32470.918268228656
2013-11-18 00:00:00,31389.128627630398
2013-11-18 01:00:00,30931.071519970577
2013-11-18 02:00:00,31126.230709640895
2013-11-18 03:00:00,30559.272905601974
2013-11-18 04:00:00,30138.017259803393
2013-11-18 05:00:00,31032.704706018558
2013-11-18 06:00:00,33458.7057690389
2013-11-18 07:00:00,35516.31645155796
2013-11-18 08:00:00,37851.673421519205
2013-11-18 09:00:00,39926.32527337488
2013-11-18 10:00:00,41073.89891049121
2013-11-18 11:00:00,42780.636518011284
2013-11-18 12:00:00,43987.89188815957
2013-11-18 13:00:00,44068.28618604749
2013-11-18 14:00:00,44117.003919659765
2013-11-18 15:00:00,43278.85313426126
2013-11-18 16:00:00,42295.739488440144
2013-11-18 17:00:00,40998.341254967636
2013-11-18 18:00:00,44788.23875222708
2013-11-18 19:00:00,44779.70562077416
2013-11-18 20:00:00,43317.822302437235
2013-11-18 21:00:00,41509.952738604065
2013-11-18 22:00:00,38995.500382408565
2013-11-18 23:00:00,37505.58680174614
2013-11-19 00:00:00,36851.39313851544
2013-11-19 01:00:00,35845.13605987158
2013-11-19 02:00:00,35187.29609469071
2013-11-19 03:00:00,34736.55668450041
2013-11-19 04:00:00,34185.925845549595
2013-11-19 05:00:00,34405.23092751241
2013-11-19 06:00:00,35870.785641368704
2013-11-19 07:00:00,37248.62835986754
2013-11-19 08:00:00,38323.12539656548
2013-11-19 09:00:00,40518.38124203765
2013-11-19 10:00:00,41863.30686870824
2013-11-19 11:00:00,42857.38451394904
2013-11-19 12:00:00,42584.49996244041
2013-11-19 13:00:00,41809.70230559322
2013-11-19 14:00:00,41704.92404732996
2013-11-19 15:00:00,41261.477241039975
2013-11-19 16:00:00,40311.25559347789
2013-11-19 17:00:00,40252.78929442933
2013-11-19 18:00:00,44388.05277340872
2013-11-19 19:00:00,44691.99362541672
2013-11-19 20:00:00,44227.83425427076
2013-11-19 21:00:00,42518.64068521472
2013-11-19 22:00:00,40563.35229942294
2013-11-19 23:00:00,38563.612745745355
2013-11-20 00:00:00,37399.593109499496
2013-11-20 01:00:00,36283.6960366588
2013-11-20 02:00:00,35669.712069156674
2013-11-20 03:00:00,35339.57665258286
2013-11-20 04:00:00,35074.009798543746
2013-11-20 05:00:00,35530.13726797167
2013-11-20 06:00:00,36949.64318426531
2013-11-20 07:00:00,38257.3163064782
2013-11-20 08:00:00,39923.869311838906
2013-11-20 09:00:00,41198.14920605786
2013-11-20 10:00:00,41753.66687451143
2013-11-20 11:00:00,42681.96052323415
2013-11-20 12:00:00,42012.179192733056
2013-11-20 13:00:00,40998.36634853684
2013-11-20 14:00:00,41266.364070542724
2013-11-20 15:00:00,39112.533354782514
2013-11-20 16:00:00,38381.59169561406
2013-11-20 17:00:00,38564.33338379846
2013-11-20 18:00:00,41922.24930392249
2013-11-20 19:00:00,42016.777767014566
2013-11-20 20:00:00,41146.95041734041
2013-11-20 21:00:00,39470.648846543416
2013-11-20 22:00:00,37745.60444856494
2013-11-20 23:00:00,35784.238892856236
2013-11-21 00:00:00,34658.59325457925
2013-11-21 01:00:00,33553.66018115825
2013-11-21 02:00:00,33005.460210174206
2013-11-21 03:00:00,32883.64078257433
2013-11-21 04:00:00,32826.38991750916
2013-11-21 05:00:00,33308.830985544315
2013-11-21 06:00:00,35410.2976657421
2013-11-21 07:00:00,37259.59235928723
2013-11-21 08:00:00,39189.28135072027
2013-11-21 09:00:00,41242.00520373659
2013-11-21 10:00:00,42312.83084491515
2013-11-21 11:00:00,44008.60445301554
2013-11-21 12:00:00,44130.423880615424
2013-11-21 13:00:00,44331.42217211984
2013-11-21 14:00:00,43678.44394287252
2013-11-21 15:00:00,41118.94524858412
2013-11-21 16:00:00,39982.33561088746
2013-11-21 17:00:00,40261.56049396508
2013-11-21 18:00:00,43861.78080126404
2013-11-21 19:00:00,43777.59607381534
2013-11-21 20:00:00,42835.40632797128
2013-11-21 21:00:00,40599.940786770545
2013-11-21 22:00:00,37833.316443922384
2013-11-21 23:00:00,36315.992864710766
2013-11-22 00:00:00,35634.389202930855
2013-11-22 01:00:00,34924.16010861837
2013-11-22 02:00:00,33871.616164329
2013-11-22 03:00:00,33278.34476168285
2013-11-22 04:00:00,33286.87789313576
2013-11-22 05:00:00,33188.22699192783
2013-11-22 06:00:00,35574.75765703731
2013-11-22 07:00:00,37292.48435754627
2013-11-22 08:00:00,39057.71335768411
2013-11-22 09:00:00,41351.6451979334
2013-11-22 10:00:00,41972.946862905046
2013-11-22 11:00:00,43416.548484352774
2013-11-22 12:00:00,43757.64790034627
2013-11-22 13:00:00,43344.662224348554
2013-11-22 14:00:00,42823.25198813741
2013-11-22 15:00:00,42401.73318068679
2013-11-22 16:00:00,41605.00752500024
2013-11-22 17:00:00,41371.11723523679
2013-11-22 18:00:00,45676.32270522123
2013-11-22 19:00:00,45656.82557434864
2013-11-22 20:00:00,45093.99020842555
2013-11-22 21:00:00,43856.24861441579
2013-11-22 22:00:00,41736.5002373288
2013-11-22 23:00:00,39840.91867813818
2013-11-23 00:00:00,38781.05703637929
2013-11-23 01:00:00,37709.01596121732
2013-11-23 02:00:00,36766.112011124766
2013-11-23 03:00:00,36315.37260093447
2013-11-23 04:00:00,36159.44574109215
2013-11-23 05:00:00,35260.42288224753
2013-11-23 06:00:00,36127.343227789235
2013-11-23 07:00:00,36792.52598400882
2013-11-23 08:00:00,38285.84779853857
2013-11-23 09:00:00,39639.06848857923
2013-11-23 10:00:00,40606.83253521281
2013-11-23 11:00:00,41747.82777267733
2013-11-23 12:00:00,42593.271161976154
2013-11-23 13:00:00,40504.98637465119
2013-11-23 14:00:00,40411.17211580762
2013-11-23 15:00:00,38673.973377995266
2013-11-23 16:00:00,37785.150127183406
2013-11-23 17:00:00,37888.95101954612
2013-11-23 18:00:00,43116.22884072574
2013-11-23 19:00:00,43718.390476949055
2013-11-23 20:00:00,42813.47832913192
2013-11-23 21:00:00,41422.24074324662
2013-11-23 22:00:00,39762.98034178623
2013-11-23 23:00:00,38163.426766927
2013-11-24 00:00:00,37399.593109499496
2013-11-24 01:00:00,36064.416048265186
2013-11-24 02:00:00,35713.568066835396
2013-11-24 03:00:00,35262.8286566451
2013-11-24 04:00:00,35041.1178002847
2013-11-24 05:00:00,35084.99889153263
2013-11-24 06:00:00,36649.22960016605
2013-11-24 07:00:00,38213.46030879947
2013-11-24 08:00:00,39748.445321124
2013-11-24 09:00:00,41066.581213021695
2013-11-24 10:00:00,42258.01084781675
2013-11-24 11:00:00,43361.728487254375
2013-11-24 12:00:00,43965.9638893202
2013-11-24 13:00:00,43509.122215643765
2013-11-24 14:00:00,43283.73996376401
2013-11-24 15:00:00,42412.69718010647
2013-11-24 16:00:00,41144.51954937365
2013-11-24 17:00:00,40844.845263092095
2013-11-24 18:00:00,45440.596717698085
2013-11-24 19:00:00,46205.02554533269
2013-11-24 20:00:00,45707.97417592768
2013-11-24 21:00:00,44239.988594104616
2013-11-24 22:00:00,42306.62820715221
2013-11-24 23:00:00,40542.61464099776
2013-11-25 00:00:00,39614.32099227504
2013-11-25 01:00:00,38235.28793336201
2013-11-25 02:00:00,37687.08796237797
2013-11-25 03:00:00,37214.420553348304
2013-11-25 04:00:00,36904.99770163046
2013-11-25 05:00:00,36751.52680332414
2013-11-25 06:00:00,38462.67510418127
2013-11-25 07:00:00,39836.132222912245
2013-11-25 08:00:00,42160.52519345381
2013-11-25 09:00:00,43281.30909579724
2013-11-25 10:00:00,44143.818748001875
2013-11-25 11:00:00,45466.81637583311
2013-11-25 12:00:00,45720.203796469155
2013-11-25 13:00:00,44879.62214310389
2013-11-25 14:00:00,44445.92390225019
2013-11-25 15:00:00,42971.861150510194
2013-11-25 16:00:00,42350.55948553854
2013-11-25 17:00:00,41919.317206220825
2013-11-25 18:00:00,46279.34267330368
2013-11-25 19:00:00,45810.32156622418
2013-11-25 20:00:00,45346.16219507821
2013-11-25 21:00:00,43768.53661905834
2013-11-25 22:00:00,42284.70020831285
2013-11-25 23:00:00,40652.25463519457
2013-11-26 00:00:00,39855.52897950802
2013-11-26 01:00:00,38520.351918273715
2013-11-26 02:00:00,37862.511953092864
2013-11-26 03:00:00,37214.420553348304
2013-11-26 04:00:00,36948.853699309184
2013-11-26 05:00:00,36707.670805645415
2013-11-26 06:00:00,38206.117517760744
2013-11-26 07:00:00,39419.50024496437
2013-11-26 08:00:00,40932.557258449546
2013-11-26 09:00:00,42316.47714686533
2013-11-26 10:00:00,43771.042767732724
2013-11-26 11:00:00,44962.47240252779
2013-11-26 12:00:00,45237.78782200319
2013-11-26 13:00:00,44748.054150067706
2013-11-26 14:00:00,43766.155938229975
2013-11-26 15:00:00,42533.30117372296
2013-11-26 16:00:00,41802.3595145545
2013-11-26 17:00:00,41261.477241039975
2013-11-26 18:00:00,45522.8267133457
2013-11-26 19:00:00,45656.82557434864
2013-11-26 20:00:00,45115.91820726491
2013-11-26 21:00:00,42913.344664323224
2013-11-26 22:00:00,40859.380283754326
2013-11-26 23:00:00,39062.47471934083
2013-11-27 00:00:00,38101.28907235907
2013-11-27 01:00:00,37204.67198791201
2013-11-27 02:00:00,36327.55203433753
2013-11-27 03:00:00,36118.020611380205
2013-11-27 04:00:00,35896.309755019814
2013-11-27 05:00:00,36115.61483698263
2013-11-27 06:00:00,37482.493556061796
2013-11-27 07:00:00,38959.01226933777
2013-11-27 08:00:00,40790.025265993696
2013-11-27 09:00:00,42557.6851340983
2013-11-27 10:00:00,43661.40277353591
2013-11-27 11:00:00,45291.39238511822
2013-11-27 12:00:00,45895.62778718405
2013-11-27 13:00:00,45976.02208507198
2013-11-27 14:00:00,45958.955822166165
2013-11-27 15:00:00,45252.37302980383
2013-11-27 16:00:00,44455.64737411728
2013-11-27 17:00:00,43498.13312265489
2013-11-27 18:00:00,47342.85061701274
2013-11-27 19:00:00,48003.12145016036
2013-11-27 20:00:00,47944.63005754259
2013-11-27 21:00:00,46597.24846933602
2013-11-27 22:00:00,44696.780080642646
2013-11-27 23:00:00,43173.97450172118
2013-11-28 00:00:00,42486.88884023144
2013-11-28 01:00:00,40844.71979524608
2013-11-28 02:00:00,40099.16783470777
2013-11-28 03:00:00,39473.00443380257
2013-11-28 04:00:00,39097.797585566645
2013-11-28 05:00:00,38637.33470350925
2013-11-28 06:00:00,39982.285423749054
2013-11-28 07:00:00,40406.26019273566
2013-11-28 08:00:00,42138.59719461445
2013-11-28 09:00:00,43632.15707722703
2013-11-28 10:00:00,44735.87471666465
2013-11-28 11:00:00,45883.44835378099
2013-11-28 12:00:00,46334.18776397129
2013-11-28 13:00:00,45954.09408623262
2013-11-28 14:00:00,45586.17984189701
2013-11-28 15:00:00,44057.29709305861
2013-11-28 16:00:00,41999.71150410876
2013-11-28 17:00:00,40754.94046785072
2013-11-28 18:00:00,45983.3146889723
2013-11-28 19:00:00,46533.94552792311
2013-11-28 20:00:00,46585.094129502155
2013-11-28 21:00:00,44799.152564508346
2013-11-28 22:00:00,42920.612174654336
2013-11-28 23:00:00,40948.282619525955
2013-11-29 00:00:00,39811.672981829295
2013-11-29 01:00:00,38366.85592639819
2013-11-29 02:00:00,37380.0959786269
2013-11-29 03:00:00,36775.86057656106
2013-11-29 04:00:00,35852.45375734109
2013-11-29 05:00:00,35019.21489501454
2013-11-29 06:00:00,35618.61365471604
2013-11-29 07:00:00,35713.66844111221
2013-11-29 08:00:00,36097.433514370256
2013-11-29 09:00:00,36987.97342890039
2013-11-29 10:00:00,37883.37507936406
2013-11-29 11:00:00,38888.41672402455
2013-11-29 12:00:00,38606.76097298017
2013-11-29 13:00:00,37840.73451566872
2013-11-29 14:00:00,36617.628316598006
2013-11-29 15:00:00,35691.76553584205
2013-11-29 16:00:00,34495.950301279125
2013-11-29 17:00:00,34137.070418131305
2013-11-29 18:00:00,36454.5027933276
2013-11-29 19:00:00,35916.4084899041
2013-11-29 20:00:00,34502.76676901377
2013-11-29 21:00:00,32455.882017831555
2013-11-29 22:00:00,30219.915246895944
2013-11-29 23:00:00,28278.284890142666
2013-11-30 00:00:00,27172.374450821113
2013-11-30 01:00:00,26128.83977415032
2013-11-30 02:00:00,25253.91262045978
2013-11-30 03:00:00,24002.80125263277
2013-11-30 04:00:00,23686.800001263124
2013-11-30 05:00:00,24596.837046665845
2013-11-30 06:00:00,26211.502152629797
2013-11-30 07:00:00,27885.372855460027
2013-11-30 08:00:00,29264.669076025097
2013-11-30 09:00:00,30905.146550861402
2013-11-30 10:00:00,33002.20253772211
2013-11-30 11:00:00,34730.868144081534
2013-11-30 12:00:00,35567.54033384461
2013-11-30 13:00:00,34915.53947049785
2013-11-30 14:00:00,35023.4628009764
2013-11-30 15:00:00,34652.378390856305
2013-11-30 16:00:00,34616.55429489561
2013-11-30 17:00:00,35579.93274176131
2013-11-30 18:00:00,39457.542234378205
2013-11-30 19:00:00,40437.96185058052
2013-11-30 20:00:00,41100.90161977776
2013-11-30 21:00:00,39444.33524793618
2013-11-30 22:00:00,37918.8356393959
2013-11-30 23:00:00,36055.04967852235
2013-12-01 00:00:00,35026.983635080534
2013-12-01 01:00:00,33939.592960731025
2013-12-01 02:00:00,33336.57299264857
2013-12-01 03:00:00,33184.05436667359
2013-12-01 04:00:00,32885.59551437543
2013-12-01 05:00:00,33554.42457254517
2013-12-01 06:00:00,35489.23846156381
2013-12-01 07:00:00,37404.317151627016
2013-12-01 08:00:00,39073.06295687166
2013-12-01 09:00:00,40573.20123913605
2013-12-01 10:00:00,41122.14050793781
2013-12-01 11:00:00,42837.64931499362
2013-12-01 12:00:00,42012.179192733056
2013-12-01 13:00:00,40840.48475689343
2013-12-01 14:00:00,40617.29530489761
2013-12-01 15:00:00,37989.819814207185
2013-12-01 16:00:00,37122.92456223467
2013-12-01 17:00:00,38759.49257346878
2013-12-01 18:00:00,42151.39689179381
2013-12-01 19:00:00,43902.585667199695
2013-12-01 20:00:00,44162.05025775267
2013-12-01 21:00:00,42979.12866084131
2013-12-01 22:00:00,41104.97387075518
2013-12-01 23:00:00,38621.19224612503
2013-12-02 00:00:00,37219.1433284736
2013-12-02 01:00:00,35781.56194332328
2013-12-02 02:00:00,34904.441989748804
2013-12-02 03:00:00,34296.588752542564
2013-12-02 04:00:00,34155.35422125883
2013-12-02 05:00:00,34035.10680320701
2013-12-02 06:00:00,35569.080289459285
2013-12-02 07:00:00,36991.22098163081
2013-12-02 08:00:00,38997.98945099709
2013-12-02 09:00:00,40227.20930027786
2013-12-02 10:00:00,41019.659850195014
2013-12-02 11:00:00,41899.82239546963
2013-12-02 12:00:00,42148.056451710334
2013-12-02 13:00:00,41831.44347660732
2013-12-02 14:00:00,41491.15737213691
2013-12-02 15:00:00,40144.82379029572
2013-12-02 16:00:00,38918.19886335918
2013-12-02 17:00:00,39254.54703741762
2013-12-02 18:00:00,41675.15150115741
2013-12-02 19:00:00,41506.104848864175
2013-12-02 20:00:00,41467.12766720486
2013-12-02 21:00:00,40568.170808582254
2013-12-02 22:00:00,38875.46593887037
2013-12-02 23:00:00,37059.91872876245
2013-12-03 00:00:00,36054.76659010348
2013-12-03 01:00:00,34926.369988588165
2013-12-03 02:00:00,34090.91323280848
2013-12-03 03:00:00,33307.63600488735
2013-12-03 04:00:00,31868.263942313388
2013-12-03 05:00:00,31802.836521359968
2013-12-03 06:00:00,32953.07002792341
2013-12-03 07:00:00,33886.21634597717
2013-12-03 08:00:00,36248.21839654111
2013-12-03 09:00:00,38218.60460659231
2013-12-03 10:00:00,39883.78951031608
2013-12-03 11:00:00,41724.398404754735
2013-12-03 12:00:00,42617.31562687268
2013-12-03 13:00:00,42430.07784492189
2013-12-03 14:00:00,42366.08452582745
2013-12-03 15:00:00,41513.130917871895
2013-12-03 16:00:00,40486.05078037356
2013-12-03 17:00:00,40037.376595982845
2013-12-03 18:00:00,44361.331358979245
2013-12-03 19:00:00,45174.65905468942
2013-12-03 20:00:00,44534.85470483159
2013-12-03 21:00:00,42214.963521418336
2013-12-03 22:00:00,38239.55397252888
2013-12-03 23:00:00,35213.58122648819
2013-12-04 00:00:00,32998.00355189643
2013-12-04 01:00:00,31047.306993905055
2013-12-04 02:00:00,28815.036712058012
2013-12-04 03:00:00,26595.475560158677
2013-12-04 04:00:00,26649.400218545255
2013-12-04 05:00:00,27868.95352957845
2013-12-04 06:00:00,29420.469414902214
2013-12-04 07:00:00,31748.23645913939
2013-12-04 08:00:00,34268.120101346736
2013-12-04 09:00:00,36692.41588737273
2013-12-04 10:00:00,38335.67279225712
2013-12-04 11:00:00,40064.44889261504
2013-12-04 12:00:00,41082.35570811735
2013-12-04 13:00:00,41259.12270689997
2013-12-04 14:00:00,41278.45578339511
2013-12-04 15:00:00,40350.94697938572
2013-12-04 16:00:00,39054.152456163225
2013-12-04 17:00:00,38710.73266620146
2013-12-04 18:00:00,42740.85224475041
2013-12-04 19:00:00,43394.10554893324
2013-12-04 20:00:00,42947.26758886179
2013-12-04 21:00:00,41568.087555657155
2013-12-04 22:00:00,39754.77869232879
2013-12-04 23:00:00,37643.20349788948
2013-12-05 00:00:00,36342.023374899116
2013-12-05 01:00:00,34904.441989748804
2013-12-05 02:00:00,33753.22205068231
2013-12-05 03:00:00,32735.31523518
2013-12-05 04:00:00,31320.06397132934
2013-12-05 05:00:00,30478.385391462518
2013-12-05 06:00:00,31882.983684562554
2013-12-05 07:00:00,34285.30592485356
2013-12-05 08:00:00,36783.26156822155
2013-12-05 09:00:00,37900.64862342156
2013-12-05 10:00:00,39177.707947688614
2013-12-05 11:00:00,40382.40487578579
2013-12-05 12:00:00,41047.270909974366
2013-12-05 13:00:00,40557.4267440404
2013-12-05 14:00:00,40184.24864131095
2013-12-05 15:00:00,39364.187031614434
2013-12-05 16:00:00,37839.34132046258
2013-12-05 17:00:00,37649.41752237634
2013-12-05 18:00:00,42315.44906726678
2013-12-05 19:00:00,43087.11356518217
2013-12-05 20:00:00,42359.59721996688
2013-12-05 21:00:00,40993.57398606589
2013-12-05 22:00:00,39028.96193074592
2013-12-05 23:00:00,37125.70272528054
2013-12-06 00:00:00,36032.83859126412
2013-12-06 01:00:00,35143.457177097844
2013-12-06 02:00:00,34582.10040681018
2013-12-06 03:00:00,33936.96957157703
2013-12-06 04:00:00,33532.599054220955
2013-12-06 05:00:00,32594.437279460937
2013-12-06 06:00:00,33468.378000648416
2013-12-06 07:00:00,34607.64750779217
2013-12-06 08:00:00,35452.23203867228
2013-12-06 09:00:00,36677.06628818517
2013-12-06 10:00:00,37743.616823594355
2013-12-06 11:00:00,38845.252157146526
2013-12-06 12:00:00,39453.105394352766
2013-12-06 13:00:00,38965.45402830272
2013-12-06 14:00:00,37811.639166892004
2013-12-06 15:00:00,36452.14878574718
2013-12-06 16:00:00,35085.18466623873
2013-12-06 17:00:00,35226.37365062685
2013-12-06 18:00:00,39880.344796155645
2013-12-06 19:00:00,40679.419292620245
2013-12-06 20:00:00,40590.00771363038
2013-12-06 21:00:00,39195.47808123821
2013-12-06 22:00:00,37507.1588112942
2013-12-06 23:00:00,35782.61279636962
2013-12-07 00:00:00,34868.461852894
2013-12-07 01:00:00,33700.59485346783
2013-12-07 02:00:00,32904.608495599
2013-12-07 03:00:00,32081.860869767017
2013-12-07 04:00:00,31409.968766570724
2013-12-07 05:00:00,30877.474970338902
2013-12-07 06:00:00,31665.89649605287
2013-12-07 07:00:00,32936.7339962328
2013-12-07 08:00:00,33737.46252943418
2013-12-07 09:00:00,34396.554408891534
2013-12-07 10:00:00,35381.971348595085
2013-12-07 11:00:00,36534.041079477785
2013-12-07 12:00:00,38365.476651920406
2013-12-07 13:00:00,37507.24210548515
2013-12-07 14:00:00,36138.532855448684
2013-12-07 15:00:00,34794.39207349143
2013-12-07 16:00:00,33598.46634493
2013-12-07 17:00:00,33579.58093779077
2013-12-07 18:00:00,38705.00405836584
2013-12-07 19:00:00,39065.51857804321
2013-12-07 20:00:00,38826.996606945686
2013-12-07 21:00:00,37588.15576631298
2013-12-07 22:00:00,36303.31167501323
2013-12-07 23:00:00,34818.87724737967
2013-12-08 00:00:00,34144.83789119506
2013-12-08 01:00:00,33038.369288519105
2013-12-08 02:00:00,32433.15652055272
2013-12-08 03:00:00,31950.292876730848
2013-12-08 04:00:00,31616.091955660726
2013-12-08 05:00:00,31748.01652426157
2013-12-08 06:00:00,32845.62283361054
2013-12-08 07:00:00,32614.39241329418
2013-12-08 08:00:00,32445.903397795766
2013-12-08 09:00:00,33337.43206495036
2013-12-08 10:00:00,33864.55382891124
2013-12-08 11:00:00,34924.52596466862
2013-12-08 12:00:00,34966.63683181932
2013-12-08 13:00:00,34777.20624998461
2013-12-08 14:00:00,35123.26650918624
2013-12-08 15:00:00,35160.58965410877
2013-12-08 16:00:00,34690.48068713022
2013-12-08 17:00:00,35279.00084784132
2013-12-08 18:00:00,39054.75563985367
2013-12-08 19:00:00,40291.29371316353
2013-12-08 20:00:00,40313.71492825443
2013-12-08 21:00:00,38906.028496558625
2013-12-08 22:00:00,37303.228422088134
2013-12-08 23:00:00,35721.21439961942
2013-12-09 00:00:00,34949.59544859964
2013-12-09 01:00:00,34088.72043292454
2013-12-09 02:00:00,33292.734075055705
2013-12-09 03:00:00,32667.33843877798
2013-12-09 04:00:00,32291.47431991307
2013-12-09 05:00:00,32076.936506852
2013-12-09 06:00:00,33472.76360041629
2013-12-09 07:00:00,34618.611507211855
2013-12-09 08:00:00,35919.29841395068
2013-12-09 09:00:00,36745.043084587196
2013-12-09 10:00:00,37079.19845876169
2013-12-09 11:00:00,36919.97385905055
2013-12-09 12:00:00,38900.51982360084
2013-12-09 13:00:00,39794.3323844306
2013-12-09 14:00:00,39265.465489941686
2013-12-09 15:00:00,38160.339895333476
2013-12-09 16:00:00,36523.66139010087
2013-12-09 17:00:00,35263.65124865377
2013-12-09 18:00:00,39451.65241884612
2013-12-09 19:00:00,40438.21130538726
2013-12-09 20:00:00,40572.46531455889
2013-12-09 21:00:00,39684.47245535597
2013-12-09 22:00:00,38279.024370439736
2013-12-09 23:00:00,36960.146334043355
2013-12-10 00:00:00,36451.66336909593
2013-12-10 01:00:00,35825.417941002
2013-12-10 02:00:00,35178.54197524083
2013-12-10 03:00:00,34647.436733972354
2013-12-10 04:00:00,34264.994215455634
2013-12-10 05:00:00,33517.60603059807
2013-12-10 06:00:00,34961.67472160896
2013-12-10 07:00:00,36109.715428288466
2013-12-10 08:00:00,36818.34636636452
2013-12-10 09:00:00,37683.561434911884
2013-12-10 10:00:00,37897.11281546989
2013-12-10 11:00:00,38625.9721687529
2013-12-10 12:00:00,39111.028612458715
2013-12-10 13:00:00,39557.50999696549
2013-12-10 14:00:00,39236.95909145052
2013-12-10 15:00:00,38445.403880245176
2013-12-10 16:00:00,36909.59416967364
2013-12-10 17:00:00,36145.15680199611
2013-12-10 18:00:00,40400.03836864852
2013-12-10 19:00:00,41655.21524097184
2013-12-10 20:00:00,42100.846833662414
2013-12-10 21:00:00,41228.20357364705
2013-12-10 22:00:00,39897.310684784636
2013-12-10 23:00:00,38481.94945349507
2013-12-11 00:00:00,37876.983293654455
2013-12-11 01:00:00,37097.24187368499
2013-12-11 02:00:00,36263.97791778924
2013-12-11 03:00:00,35897.33266781599
2013-12-11 04:00:00,35646.45814233543
2013-12-11 05:00:00,35074.49394819276
2013-12-11 06:00:00,36029.56826508588
2013-12-11 07:00:00,36960.5217832557
2013-12-11 08:00:00,37684.50232051932
2013-12-11 09:00:00,38479.547792780715
2013-12-11 10:00:00,38616.35117740095
2013-12-11 11:00:00,39450.464925112916
2013-12-11 12:00:00,40505.64933864213
2013-12-11 13:00:00,40627.59634032635
2013-12-11 14:00:00,40368.4438315616
2013-12-11 15:00:00,39353.22303219475
2013-12-11 16:00:00,38280.094097133755
2013-12-11 17:00:00,37103.41035127623
2013-12-11 18:00:00,40943.8527398647
2013-12-11 19:00:00,41523.647247935674
2013-12-11 20:00:00,39973.830946244314
2013-12-11 21:00:00,37281.16378256191
2013-12-11 22:00:00,35259.53893025961
2013-12-11 23:00:00,34123.7596841719
2013-12-12 00:00:00,33798.375509533136
2013-12-12 01:00:00,33786.11404894135
2013-12-12 02:00:00,33544.90606170837
2013-12-12 03:00:00,33331.756803610646
2013-12-12 04:00:00,33190.52227232691
2013-12-12 05:00:00,32524.26768317498
2013-12-12 06:00:00,33542.93319670225
2013-12-12 07:00:00,34857.6266945609
2013-12-12 08:00:00,35976.311210933025
2013-12-12 09:00:00,37251.57985777645
2013-12-12 10:00:00,37739.23122382648
2013-12-12 11:00:00,39270.655334630144
2013-12-12 12:00:00,40556.083735972665
2013-12-12 13:00:00,41050.80671792603
2013-12-12 14:00:00,40550.44622192829
2013-12-12 15:00:00,39754.50541095508
2013-12-12 16:00:00,38475.25328680408
2013-12-12 17:00:00,37169.19434779431
2013-12-12 18:00:00,40576.55875930538
2013-12-12 19:00:00,41668.37204027546
2013-12-12 20:00:00,42396.874817993805
2013-12-12 21:00:00,41304.95156958482
2013-12-12 22:00:00,40259.12266563412
2013-12-12 23:00:00,38783.4594375363
2013-12-13 00:00:00,38118.19128088743
2013-12-13 01:00:00,37316.52186207861
2013-12-13 02:00:00,36812.17788877328
2013-12-13 03:00:00,36215.28865098673
2013-12-13 04:00:00,35712.24213885352
2013-12-13 05:00:00,35149.049144246594
2013-12-13 06:00:00,35783.97467808503
2013-12-13 07:00:00,37168.83777222964
2013-12-13 08:00:00,37800.72071436794
2013-12-13 09:00:00,38812.85337513901
2013-12-13 10:00:00,39478.121531787874
2013-12-13 11:00:00,40581.94966522398
2013-12-13 12:00:00,41264.35809848405
2013-12-13 13:00:00,41772.23787974104
2013-12-13 14:00:00,41436.337375038514
2013-12-13 15:00:00,40754.422158029985
2013-12-13 16:00:00,39312.9028424677
2013-12-13 17:00:00,38193.231893592514
2013-12-13 18:00:00,42610.380651656196
2013-12-13 19:00:00,43672.59113419313
2013-12-13 20:00:00,43964.72673500818
2013-12-13 21:00:00,43048.22747731408
2013-12-13 22:00:00,41750.22658671072
2013-12-13 23:00:00,40340.34735513099
2013-12-14 00:00:00,39740.86319500022
2013-12-14 01:00:00,38851.48178083394
2013-12-14 02:00:00,38237.49781333181
2013-12-14 03:00:00,37432.29258657132
2013-12-14 04:00:00,37291.058055287576
2013-12-14 05:00:00,36789.26345743086
2013-12-14 06:00:00,37439.538590456854
2013-12-14 07:00:00,38403.384106885715
2013-12-14 08:00:00,38811.60146086252
2013-12-14 09:00:00,39429.03014252509
2013-12-14 10:00:00,40122.80469766512
2013-12-14 11:00:00,41121.37843667228
2013-12-14 12:00:00,42757.65481944459
2013-12-14 13:00:00,41809.515477767956
2013-12-14 14:00:00,41844.19815345064
2013-12-14 15:00:00,41087.727740388276
2013-12-14 16:00:00,39878.64521252323
2013-12-14 17:00:00,38824.758260166134
2013-12-14 18:00:00,43134.45982391694
2013-12-14 19:00:00,44615.49508428569
2013-12-14 20:00:00,45104.982674654995
2013-12-14 21:00:00,44210.41141580027
2013-12-14 22:00:00,42649.274539124555
2013-12-14 23:00:00,41403.85529884004
2013-12-15 00:00:00,40968.83113000447
2013-12-15 01:00:00,39575.10574253288
2013-12-15 02:00:00,39246.18575994245
2013-12-15 03:00:00,38769.90051577239
2013-12-15 04:00:00,38212.03400654077
2013-12-15 05:00:00,37346.23462795065
2013-12-15 06:00:00,38187.28335087909
2013-12-15 07:00:00,39258.57606162083
2013-12-15 08:00:00,40030.79819633104
2013-12-15 09:00:00,41442.020435978506
2013-12-15 10:00:00,41491.11182524129
2013-12-15 11:00:00,42827.37674637464
2013-12-15 12:00:00,43764.14996617131
2013-12-15 13:00:00,43673.39537911371
2013-12-15 14:00:00,43703.69245502853
2013-12-15 15:00:00,42745.484452644036
2013-12-15 16:00:00,41571.486722921974
2013-12-15 17:00:00,39980.3637990005
2013-12-15 18:00:00,44399.70535694813
2013-12-15 19:00:00,45562.784634146126
2013-12-15 20:00:00,45536.964251790414
2013-12-15 21:00:00,44453.81220291718
2013-12-15 22:00:00,42927.760124384455
2013-12-15 23:00:00,41477.31409495191
2013-12-16 00:00:00,40837.2631369683
2013-12-16 01:00:00,40101.37771467757
2013-12-16 02:00:00,39103.6537674866
2013-12-16 03:00:00,38519.92132900366
2013-12-16 04:00:00,37837.06522638769
2013-12-16 05:00:00,37666.383411005336
2013-12-16 06:00:00,38259.645747048984
2013-12-16 07:00:00,39791.42643341733
2013-12-16 08:00:00,41361.8277258803
2013-12-16 09:00:00,42856.37636111735
2013-12-16 10:00:00,43528.22291741802
2013-12-16 11:00:00,44673.7142486489
2013-12-16 12:00:00,44395.67633274493
2013-12-16 13:00:00,44096.6057567134
2013-12-16 14:00:00,43576.51006176023
2013-12-16 15:00:00,43315.61242246744
2013-12-16 16:00:00,41898.213905628465
2013-12-16 17:00:00,40875.026151646474
2013-12-16 18:00:00,44814.14453501206
2013-12-16 19:00:00,45821.535020450596
2013-12-16 20:00:00,45872.46263403266
2013-12-16 21:00:00,44320.05140999707
2013-12-16 22:00:00,42857.59052809849
2013-12-16 23:00:00,41345.74610191573
2013-12-17 00:00:00,40644.29674718192
2013-12-17 01:00:00,39377.75375297862
2013-12-17 02:00:00,38851.48178083394
2013-12-17 03:00:00,38237.050143975895
2013-12-17 04:00:00,37823.90842708406
2013-12-17 05:00:00,37015.12184547629
2013-12-17 06:00:00,38165.35535203973
2013-12-17 07:00:00,38844.13688355689
2013-12-17 08:00:00,40390.41737729657
2013-12-17 09:00:00,41812.60361636372
2013-12-17 10:00:00,43067.734941791416
2013-12-17 11:00:00,43956.66868660178
2013-12-17 12:00:00,44739.945914522905
2013-12-17 13:00:00,44171.160952767226
2013-12-17 14:00:00,44188.301229378434
2013-12-17 15:00:00,43504.19321248596
2013-12-17 16:00:00,41953.03390272687
2013-12-17 17:00:00,40377.26057799296
2013-12-17 18:00:00,44220.992166407326
2013-12-17 19:00:00,45238.250251323574
2013-12-17 20:00:00,44545.818704251265
2013-12-17 21:00:00,43311.363463386435
2013-12-17 22:00:00,41859.86658090753
2013-12-17 23:00:00,40175.887363835776
2013-12-18 00:00:00,39302.30321821297
2013-12-18 01:00:00,37897.613831321694
2013-12-18 02:00:00,37029.265077282966
2013-12-18 03:00:00,36182.396652727686
2013-12-18 04:00:00,35137.728569262246
2013-12-18 05:00:00,34785.04436351319
2013-12-18 06:00:00,35610.74348725407
2013-12-18 07:00:00,36868.42418813038
2013-12-18 08:00:00,38241.47349103911
2013-12-18 09:00:00,39915.83171675891
2013-12-18 10:00:00,40598.64227247927
2013-12-18 11:00:00,41785.79680150495
2013-12-18 12:00:00,42356.372440684274
2013-12-18 13:00:00,41796.358678464334
2013-12-18 14:00:00,41324.50458095777
2013-12-18 15:00:00,39565.92462093657
2013-12-18 16:00:00,38852.4148668411
2013-12-18 17:00:00,39193.14864066742
2013-12-18 18:00:00,42475.523458794116
2013-12-18 19:00:00,43584.879138835684
2013-12-18 20:00:00,43438.45476286349
2013-12-18 21:00:00,41927.7067366227
2013-12-18 22:00:00,39941.166682463365
2013-12-18 23:00:00,38278.019064289
2013-12-19 00:00:00,37425.2665175636
2013-12-19 01:00:00,36121.445925333384
2013-12-19 02:00:00,35446.06356108104
2013-12-19 03:00:00,34555.33913884703
2013-12-19 04:00:00,34085.18462497287
2013-12-19 05:00:00,33456.20763384786
2013-12-19 06:00:00,34628.36913925065
2013-12-19 07:00:00,36122.87222759208
2013-12-19 08:00:00,37329.268739321655
2013-12-19 09:00:00,39549.634136141576
2013-12-19 10:00:00,39942.99510718235
2013-12-19 11:00:00,41441.52721972697
2013-12-19 12:00:00,42393.65003871119
2013-12-19 13:00:00,41327.09950330199
2013-12-19 14:00:00,40782.88300962553
2013-12-19 15:00:00,39848.795805964335
2013-12-19 16:00:00,38896.27086451982
2013-12-19 17:00:00,38772.13106295166
2013-12-19 18:00:00,42608.18785177226
2013-12-19 19:00:00,43369.98475020994
2013-12-19 20:00:00,42576.68440847657
2013-12-19 21:00:00,41263.28837179003
2013-12-19 22:00:00,39246.0491192556
2013-12-19 23:00:00,37476.55070671033
2013-12-20 00:00:00,36517.44736561401
2013-12-20 01:00:00,35145.64997698178
2013-12-20 02:00:00,34246.60202456795
2013-12-20 03:00:00,33233.08080883352
2013-12-20 04:00:00,32304.631119216687
2013-12-20 05:00:00,32076.936506852
2013-12-20 06:00:00,33459.60680111267
2013-12-20 07:00:00,35763.253046626545
2013-12-20 08:00:00,37245.94234373208
2013-12-20 09:00:00,39027.74776376476
2013-12-20 10:00:00,39993.42950451288
2013-12-20 11:00:00,41559.938413459524
2013-12-20 12:00:00,42507.67563267587
2013-12-20 13:00:00,41215.26670922125
2013-12-20 14:00:00,41124.95979151957
2013-12-20 15:00:00,40423.30937555562
2013-12-20 16:00:00,39115.55085291345
2013-12-20 17:00:00,39254.54703741762
2013-12-20 18:00:00,42841.72103941146
2013-12-20 19:00:00,43637.50633605015
2013-12-20 20:00:00,42684.13160278944
2013-12-20 21:00:00,40914.633190244174
2013-12-20 22:00:00,39241.66351948772
2013-12-20 23:00:00,37401.9955106565
2013-12-21 00:00:00,36372.72257327422
2013-12-21 01:00:00,35279.41076990189
2013-12-21 02:00:00,34242.21642480008
2013-12-21 03:00:00,33441.39679780745
2013-12-21 04:00:00,32765.11909484329
2013-12-21 05:00:00,32598.822879228814
2013-12-21 06:00:00,33444.25720192512
2013-12-21 07:00:00,34851.04829490909
2013-12-21 08:00:00,35794.30882056633
2013-12-21 09:00:00,36516.991896657826
2013-12-21 10:00:00,37938.77601326468
2013-12-21 11:00:00,39437.30812580929
2013-12-21 12:00:00,40777.55652425022
2013-12-21 13:00:00,39105.79322087464
2013-12-21 14:00:00,38217.307145420185
2013-12-21 15:00:00,36610.03037739058
2013-12-21 16:00:00,35400.947849525546
2013-12-21 17:00:00,36042.095207451115
2013-12-21 18:00:00,40583.137158957186
2013-12-21 19:00:00,41957.82162495503
2013-12-21 20:00:00,41997.78523911742
2013-12-21 21:00:00,41048.393983164286
2013-12-21 22:00:00,39583.74030138177
2013-12-21 23:00:00,37812.04908895256
2013-12-22 00:00:00,36850.752947972316
2013-12-22 01:00:00,35766.212344135725
2013-12-22 02:00:00,34836.46519334678
2013-12-22 03:00:00,34643.051134204485
2013-12-22 04:00:00,33758.45744226638
2013-12-22 05:00:00,33660.13802305392
2013-12-22 06:00:00,35380.49949944077
2013-12-22 07:00:00,36953.94338360389
2013-12-22 08:00:00,38638.370270031555
2013-12-22 09:00:00,39518.93493776647
2013-12-22 10:00:00,40521.894276541505
2013-12-22 11:00:00,41840.61679860335
2013-12-22 12:00:00,42867.294813641405
2013-12-22 13:00:00,42557.260238190196
2013-12-22 14:00:00,42232.32373290734
2013-12-22 15:00:00,41920.99169628403
2013-12-22 16:00:00,40933.38195669654
2013-12-22 17:00:00,40785.12135640509
2013-12-22 18:00:00,45144.160917544454
2013-12-22 19:00:00,46523.230983310175
2013-12-22 20:00:00,46047.88662474755
2013-12-22 21:00:00,44747.64738736463
2013-12-22 22:00:00,42715.058535642645
2013-12-22 23:00:00,41190.057310156255
2013-12-23 00:00:00,40475.45115611883
2013-12-23 01:00:00,38665.093790699364
2013-12-23 02:00:00,37827.44423503574
2013-12-23 03:00:00,37344.58059121387
2013-12-23 04:00:00,36731.894084883854
2013-12-23 05:00:00,36168.701090276925
2013-12-23 06:00:00,37503.129787091006
2013-12-23 07:00:00,38664.32729307412
2013-12-23 08:00:00,40524.17817021668
2013-12-23 09:00:00,42040.65480429309
2013-12-23 10:00:00,42673.030962682904
2013-12-23 11:00:00,44024.6454830038
2013-12-23 12:00:00,44474.61712856663
2013-12-23 13:00:00,44778.566520617554
2013-12-23 14:00:00,44447.051615682896
2013-12-23 15:00:00,43756.36519913862
2013-12-23 16:00:00,42567.01787022901
2013-12-23 17:00:00,41563.56531520244
2013-12-23 18:00:00,45738.40968609117
2013-12-23 19:00:00,46545.15898214954
2013-12-23 20:00:00,45740.894640996485
2013-12-23 21:00:00,43980.16742798696
2013-12-23 22:00:00,42144.93056581924
2013-12-23 23:00:00,40976.259321472484
2013-12-24 00:00:00,40617.98314857469
2013-12-24 01:00:00,39333.89775529989
2013-12-24 02:00:00,38259.42581217117
2013-12-24 03:00:00,37607.716577286206
2013-12-24 04:00:00,37214.31005934981
2013-12-24 05:00:00,36830.92665522565
2013-12-24 06:00:00,37643.46897966292
2013-12-24 07:00:00,38951.58407786976
2013-12-24 08:00:00,40951.774147584234
2013-12-24 09:00:00,42202.92199570436
2013-12-24 10:00:00,42806.791755603015
2013-12-24 11:00:00,44004.91028404837
2013-12-24 12:00:00,44663.197918585145
2013-12-24 13:00:00,44429.9113390717
2013-12-24 14:00:00,44401.002818120236
2013-12-24 15:00:00,43559.01320958436
2013-12-24 16:00:00,42108.72269448634
2013-12-24 17:00:00,41714.868507194034
2013-12-24 18:00:00,45833.79648104239
2013-12-24 19:00:00,46654.79897634635
2013-12-24 20:00:00,45721.15944204106
2013-12-24 21:00:00,44085.421822415905
2013-12-24 22:00:00,42627.346540285194
2013-12-24 23:00:00,41157.165311897224
2013-12-25 00:00:00,40497.379154958195
2013-12-25 01:00:00,38829.553781994575
2013-12-25 02:00:00,37974.36182725946
2013-12-25 03:00:00,37059.51660630216
2013-12-25 04:00:00,36589.362092428
2013-12-25 05:00:00,36179.66508969661
2013-12-25 06:00:00,37318.93459684036
2013-12-25 07:00:00,39159.90006684369
2013-12-25 08:00:00,40844.32695327137
2013-12-25 09:00:00,42477.02198119638
2013-12-25 10:00:00,43433.93252240876
2013-12-25 11:00:00,44776.77584319391
2013-12-25 12:00:00,45154.38509258685
2013-12-25 13:00:00,44883.82091504649
2013-12-25 14:00:00,44822.02039583598
2013-12-25 15:00:00,43837.49879484426
2013-12-25 16:00:00,42023.20349901283
2013-12-25 17:00:00,41144.74053737063
2013-12-25 18:00:00,45443.47810170175
2013-12-25 19:00:00,46567.0869809889
2013-12-25 20:00:00,45565.4706502816
2013-12-25 21:00:00,44188.48341696091
2013-12-25 22:00:00,43109.76251475116
2013-12-25 23:00:00,41272.28730580387
2013-12-26 00:00:00,40245.20716830553
2013-12-26 01:00:00,39180.401763424365
2013-12-26 02:00:00,38347.13780752861
2013-12-26 03:00:00,37980.49255755536
2013-12-26 04:00:00,37137.56206341204
2013-12-26 05:00:00,36907.67465116341
2013-12-26 06:00:00,37750.91617397579
2013-12-26 07:00:00,39304.62485918348
2013-12-26 08:00:00,40706.18056058338
2013-12-26 09:00:00,42053.811603596696
2013-12-26 10:00:00,42767.321357692155
2013-12-26 11:00:00,43779.051896002944
2013-12-26 12:00:00,44312.34993715535
2013-12-26 13:00:00,43780.842573426584
2013-12-26 14:00:00,44065.50443587801
2013-12-26 15:00:00,42960.37884126978
2013-12-26 16:00:00,41904.79230528027
2013-12-26 17:00:00,40822.398954432
2013-12-26 18:00:00,45223.10171336616
2013-12-26 19:00:00,46095.63500594262
2013-12-26 20:00:00,43526.166758220934
2013-12-26 21:00:00,44122.69942044282
2013-12-26 22:00:00,42693.130536803284
2013-12-26 23:00:00,41283.25130522355
2013-12-27 00:00:00,40683.76714509277
2013-12-27 01:00:00,39268.113758781816
2013-12-27 02:00:00,38511.59779882383
2013-12-27 03:00:00,37478.34138413397
2013-12-27 04:00:00,37266.937256564284
2013-12-27 05:00:00,36383.59547890267
2013-12-27 06:00:00,37500.93698720706
2013-12-27 07:00:00,38855.10088297657
2013-12-27 08:00:00,40568.03416789541
2013-12-27 09:00:00,42064.77560301638
2013-12-27 10:00:00,42907.660550264074
2013-12-27 11:00:00,44366.722264897835
2013-12-27 12:00:00,44321.121136691094
2013-12-27 13:00:00,43684.359378533394
2013-12-27 14:00:00,43594.05246083172
2013-12-27 15:00:00,43157.73083082403
2013-12-27 16:00:00,41659.19871827942
2013-12-27 17:00:00,40995.630145262956
2013-12-27 18:00:00,44858.00053269079
2013-12-27 19:00:00,45821.535020450596
2013-12-27 20:00:00,45346.190661887966
2013-12-27 21:00:00,44067.879423344406
2013-12-27 22:00:00,42715.058535642645
2013-12-27 23:00:00,41069.45331653978
2013-12-28 00:00:00,40234.24316888585
2013-12-28 01:00:00,39268.113758781816
2013-12-28 02:00:00,38259.42581217117
2013-12-28 03:00:00,37673.500573804304
2013-12-28 04:00:00,36962.13807269715
2013-12-28 05:00:00,35372.714732408094
2013-12-28 06:00:00,35775.20347854928
2013-12-28 07:00:00,36462.75620960219
2013-12-28 08:00:00,36715.284771819526
2013-12-28 09:00:00,37602.42783920624
2013-12-28 10:00:00,38405.84238854308
2013-12-28 11:00:00,40465.73127137536
2013-12-28 12:00:00,41678.79727654799
2013-12-28 13:00:00,40498.22114717412
2013-12-28 14:00:00,40041.716648855094
2013-12-28 15:00:00,38351.11348523592
2013-12-28 16:00:00,37297.719749130345
2013-12-28 17:00:00,36340.31599166643
2013-12-28 18:00:00,41441.61831351821
2013-12-28 19:00:00,43126.58396309302
2013-12-28 20:00:00,43072.25718224615
2013-12-28 21:00:00,42122.865926293016
2013-12-28 22:00:00,40625.32024625145
2013-12-28 23:00:00,39273.55021159603
2013-12-29 00:00:00,38732.17524838956
2013-12-29 01:00:00,37700.26184176744
2013-12-29 02:00:00,36967.86668053275
2013-12-29 03:00:00,36476.23183717513
2013-12-29 04:00:00,36188.07971366768
2013-12-29 05:00:00,35486.74032637277
2013-12-29 06:00:00,36496.63464036429
2013-12-29 07:00:00,36714.92819625484
2013-12-29 08:00:00,37147.266348954945
2013-12-29 09:00:00,38225.18300624412
2013-12-29 10:00:00,39381.638336894684
2013-12-29 11:00:00,40737.63845698345
2013-12-29 12:00:00,41308.214096162774
2013-12-29 13:00:00,41329.29230318593
2013-12-29 14:00:00,41543.78456935138
2013-12-29 15:00:00,40940.81014816456
2013-12-29 16:00:00,40196.60119569398
2013-12-29 17:00:00,40660.13176302073
2013-12-29 18:00:00,45055.35252224505
2013-12-29 19:00:00,46303.95099491656
2013-12-29 20:00:00,45368.118660727334
2013-12-29 21:00:00,44034.98742508537
2013-12-29 22:00:00,42517.70654608838
2013-12-29 23:00:00,40855.65532785599
2013-12-30 00:00:00,40003.999181072555
2013-12-30 01:00:00,38708.949788378086
2013-12-30 02:00:00,38204.60581507276
2013-12-30 03:00:00,37607.716577286206
2013-12-30 04:00:00,37411.66204890407
2013-12-30 05:00:00,36238.870686562885
2013-12-30 06:00:00,37200.52340310781
2013-12-30 07:00:00,38581.00089748455
2013-12-30 08:00:00,40313.669381358806
2013-12-30 09:00:00,41830.14601543521
2013-12-30 10:00:00,42859.418952817476
2013-12-30 11:00:00,44162.79187569177
2013-12-30 12:00:00,44483.38832810237
2013-12-30 13:00:00,43929.95296553424
2013-12-30 14:00:00,43659.836457349804
2013-12-30 15:00:00,43282.7204242084
2013-12-30 16:00:00,42354.31628148719
2013-12-30 17:00:00,41092.11334015615
2013-12-30 18:00:00,45107.97971945951
2013-12-30 19:00:00,46062.74300768358
2013-12-30 20:00:00,45313.298663628935
2013-12-30 21:00:00,44133.663419862496
2013-12-30 22:00:00,42824.69852983945
2013-12-30 23:00:00,41283.25130522355
2013-12-31 00:00:00,40552.1991520566
2013-12-31 01:00:00,39202.329762263726
2013-12-31 02:00:00,38522.561798243514
2013-12-31 03:00:00,37958.564558716
2013-12-31 04:00:00,37444.55404716311
2013-12-31 05:00:00,36506.3922724031
2013-12-31 06:00:00,37301.39219776887
2013-12-31 07:00:00,38743.26808889583
2013-12-31 08:00:00,40037.376595982845
2013-12-31 09:00:00,41187.655649441906
2013-12-31 10:00:00,42131.409391350666
2013-12-31 11:00:00,43618.9775044756
2013-12-31 12:00:00,44483.38832810237
2013-12-31 13:00:00,44278.6081470801
2013-12-31 14:00:00,43780.4404509663
2013-12-31 15:00:00,42936.258042546484
2013-12-31 16:00:00,41751.296313404746
2013-12-31 17:00:00,40916.68934944126
2013-12-31 18:00:00,45473.08090013489
2013-12-31 19:00:00,46018.88701000485
2013-12-31 20:00:00,45324.26266304861
2013-12-31 21:00:00,44100.77142160345
2013-12-31 22:00:00,42144.93056581924
2013-12-31 23:00:00,42144.93056581924
