region_code;time;region_name;Electricity demand;subregion
BD;2013-01-01 00:00:00;Bangladesh;7066.71111435766;Southern Asia
BD;2013-01-01 01:00:00;Bangladesh;7838.208648672136;Southern Asia
BD;2013-01-01 02:00:00;Bangladesh;8575.318718462035;Southern Asia
BD;2013-01-01 03:00:00;Bangladesh;8855.255377652864;Southern Asia
BD;2013-01-01 04:00:00;Bangladesh;9011.353776156602;Southern Asia
BD;2013-01-01 05:00:00;Bangladesh;9026.058881550904;Southern Asia
BD;2013-01-01 06:00:00;Bangladesh;8996.138695181635;Southern Asia
BD;2013-01-01 07:00:00;Bangladesh;8984.10758873147;Southern Asia
BD;2013-01-01 08:00:00;Bangladesh;9031.21368234089;Southern Asia
BD;2013-01-01 09:00:00;Bangladesh;9104.437001560886;Southern Asia
BD;2013-01-01 10:00:00;Bangladesh;8996.807329831843;Southern Asia
BD;2013-01-01 11:00:00;Bangladesh;9171.544391409763;Southern Asia
BD;2013-01-01 12:00:00;Bangladesh;9621.806958319912;Southern Asia
BD;2013-01-01 13:00:00;Bangladesh;9634.65078775895;Southern Asia
BD;2013-01-01 14:00:00;Bangladesh;9712.911802265224;Southern Asia
BD;2013-01-01 15:00:00;Bangladesh;9471.564374658314;Southern Asia
BD;2013-01-01 16:00:00;Bangladesh;8705.801772085379;Southern Asia
BD;2013-01-01 17:00:00;Bangladesh;7461.775975111794;Southern Asia
BD;2013-01-01 18:00:00;Bangladesh;6786.128486097985;Southern Asia
BD;2013-01-01 19:00:00;Bangladesh;6330.40567270615;Southern Asia
BD;2013-01-01 20:00:00;Bangladesh;6127.493674523913;Southern Asia
BD;2013-01-01 21:00:00;Bangladesh;6101.804936332437;Southern Asia
BD;2013-01-01 22:00:00;Bangladesh;6184.160865871628;Southern Asia
BD;2013-01-01 23:00:00;Bangladesh;6786.696744602159;Southern Asia
BD;2013-01-02 00:00:00;Bangladesh;7066.71111435766;Southern Asia
BD;2013-01-02 01:00:00;Bangladesh;7838.208648672136;Southern Asia
BD;2013-01-02 02:00:00;Bangladesh;8575.318718462035;Southern Asia
BD;2013-01-02 03:00:00;Bangladesh;8855.255377652864;Southern Asia
BD;2013-01-02 04:00:00;Bangladesh;9021.933206086136;Southern Asia
BD;2013-01-02 05:00:00;Bangladesh;9057.190057552996;Southern Asia
BD;2013-01-02 06:00:00;Bangladesh;9043.244788791055;Southern Asia
BD;2013-01-02 07:00:00;Bangladesh;9044.667863506633;Southern Asia
BD;2013-01-02 08:00:00;Bangladesh;9025.340058827676;Southern Asia
BD;2013-01-02 09:00:00;Bangladesh;9181.281956888672;Southern Asia
BD;2013-01-02 10:00:00;Bangladesh;8989.27264299874;Southern Asia
BD;2013-01-02 11:00:00;Bangladesh;9156.640152693488;Southern Asia
BD;2013-01-02 12:00:00;Bangladesh;9621.806958319912;Southern Asia
BD;2013-01-02 13:00:00;Bangladesh;9634.65078775895;Southern Asia
BD;2013-01-02 14:00:00;Bangladesh;9712.911802265224;Southern Asia
BD;2013-01-02 15:00:00;Bangladesh;9286.794555387069;Southern Asia
BD;2013-01-02 16:00:00;Bangladesh;8484.414087152096;Southern Asia
BD;2013-01-02 17:00:00;Bangladesh;7360.322674304171;Southern Asia
BD;2013-01-02 18:00:00;Bangladesh;6789.918495095901;Southern Asia
BD;2013-01-02 19:00:00;Bangladesh;6348.3821770105105;Southern Asia
BD;2013-01-02 20:00:00;Bangladesh;6127.493674523913;Southern Asia
BD;2013-01-02 21:00:00;Bangladesh;6087.61844102599;Southern Asia
BD;2013-01-02 22:00:00;Bangladesh;6166.224296163002;Southern Asia
BD;2013-01-02 23:00:00;Bangladesh;6741.062834467935;Southern Asia
BD;2013-01-03 00:00:00;Bangladesh;6952.40157200692;Southern Asia
BD;2013-01-03 01:00:00;Bangladesh;7687.421011744429;Southern Asia
BD;2013-01-03 02:00:00;Bangladesh;8400.677715776557;Southern Asia
BD;2013-01-03 03:00:00;Bangladesh;8828.329206650309;Southern Asia
BD;2013-01-03 04:00:00;Bangladesh;8969.105132495954;Southern Asia
BD;2013-01-03 05:00:00;Bangladesh;9015.47945162137;Southern Asia
BD;2013-01-03 06:00:00;Bangladesh;9001.534182859428;Southern Asia
BD;2013-01-03 07:00:00;Bangladesh;8963.901762603047;Southern Asia
BD;2013-01-03 08:00:00;Bangladesh;8963.901762603047;Southern Asia
BD;2013-01-03 09:00:00;Bangladesh;9013.783850272735;Southern Asia
BD;2013-01-03 10:00:00;Bangladesh;9011.711568548119;Southern Asia
BD;2013-01-03 11:00:00;Bangladesh;9156.640152693488;Southern Asia
BD;2013-01-03 12:00:00;Bangladesh;9625.880287084863;Southern Asia
BD;2013-01-03 13:00:00;Bangladesh;9655.911103077451;Southern Asia
BD;2013-01-03 14:00:00;Bangladesh;9745.00302753505;Southern Asia
BD;2013-01-03 15:00:00;Bangladesh;9190.670904139948;Southern Asia
BD;2013-01-03 16:00:00;Bangladesh;8388.292054875072;Southern Asia
BD;2013-01-03 17:00:00;Bangladesh;7360.322674304171;Southern Asia
BD;2013-01-03 18:00:00;Bangladesh;6789.918495095901;Southern Asia
BD;2013-01-03 19:00:00;Bangladesh;6330.40567270615;Southern Asia
BD;2013-01-03 20:00:00;Bangladesh;6127.493674523913;Southern Asia
BD;2013-01-03 21:00:00;Bangladesh;6087.61844102599;Southern Asia
BD;2013-01-03 22:00:00;Bangladesh;6166.224296163002;Southern Asia
BD;2013-01-03 23:00:00;Bangladesh;6741.062834467935;Southern Asia
BD;2013-01-04 00:00:00;Bangladesh;6952.40157200692;Southern Asia
BD;2013-01-04 01:00:00;Bangladesh;7703.48605202051;Southern Asia
BD;2013-01-04 02:00:00;Bangladesh;8416.742756052638;Southern Asia
BD;2013-01-04 03:00:00;Bangladesh;8855.255377652864;Southern Asia
BD;2013-01-04 04:00:00;Bangladesh;9038.21141075837;Southern Asia
BD;2013-01-04 05:00:00;Bangladesh;9057.190057552996;Southern Asia
BD;2013-01-04 06:00:00;Bangladesh;9037.37116527784;Southern Asia
BD;2013-01-04 07:00:00;Bangladesh;9059.588291923881;Southern Asia
BD;2013-01-04 08:00:00;Bangladesh;9059.588291923881;Southern Asia
BD;2013-01-04 09:00:00;Bangladesh;9449.18481134584;Southern Asia
BD;2013-01-04 10:00:00;Bangladesh;9017.575478240748;Southern Asia
BD;2013-01-04 11:00:00;Bangladesh;9140.980394598446;Southern Asia
BD;2013-01-04 12:00:00;Bangladesh;9603.441361535486;Southern Asia
BD;2013-01-04 13:00:00;Bangladesh;9648.376416244348;Southern Asia
BD;2013-01-04 14:00:00;Bangladesh;9734.172117583725;Southern Asia
BD;2013-01-04 15:00:00;Bangladesh;9205.306393820061;Southern Asia
BD;2013-01-04 16:00:00;Bangladesh;8402.927004898487;Southern Asia
BD;2013-01-04 17:00:00;Bangladesh;7360.322674304171;Southern Asia
BD;2013-01-04 18:00:00;Bangladesh;6583.585073441248;Southern Asia
BD;2013-01-04 19:00:00;Bangladesh;6115.873246821777;Southern Asia
BD;2013-01-04 20:00:00;Bangladesh;5829.377600109853;Southern Asia
BD;2013-01-04 21:00:00;Bangladesh;5845.779386166185;Southern Asia
BD;2013-01-04 22:00:00;Bangladesh;5907.456750308524;Southern Asia
BD;2013-01-04 23:00:00;Bangladesh;6443.160464106728;Southern Asia
BD;2013-01-05 00:00:00;Bangladesh;6547.771835917597;Southern Asia
BD;2013-01-05 01:00:00;Bangladesh;7313.066556132396;Southern Asia
BD;2013-01-05 02:00:00;Bangladesh;7720.355720434978;Southern Asia
BD;2013-01-05 03:00:00;Bangladesh;8550.859857887854;Southern Asia
BD;2013-01-05 04:00:00;Bangladesh;8518.057365088587;Southern Asia
BD;2013-01-05 05:00:00;Bangladesh;8446.415779653711;Southern Asia
BD;2013-01-05 06:00:00;Bangladesh;8455.529501988436;Southern Asia
BD;2013-01-05 07:00:00;Bangladesh;8443.498395538272;Southern Asia
BD;2013-01-05 08:00:00;Bangladesh;8457.224024023672;Southern Asia
BD;2013-01-05 09:00:00;Bangladesh;8514.93707005428;Southern Asia
BD;2013-01-05 10:00:00;Bangladesh;8553.109147009782;Southern Asia
BD;2013-01-05 11:00:00;Bangladesh;8843.820052198527;Southern Asia
BD;2013-01-05 12:00:00;Bangladesh;9970.378775474825;Southern Asia
BD;2013-01-05 13:00:00;Bangladesh;10068.76035035106;Southern Asia
BD;2013-01-05 14:00:00;Bangladesh;9960.609909907367;Southern Asia
BD;2013-01-05 15:00:00;Bangladesh;9392.190588038457;Southern Asia
BD;2013-01-05 16:00:00;Bangladesh;8955.818244906939;Southern Asia
BD;2013-01-05 17:00:00;Bangladesh;8090.658973206725;Southern Asia
BD;2013-01-05 18:00:00;Bangladesh;6529.234088646151;Southern Asia
BD;2013-01-05 19:00:00;Bangladesh;6091.468891574206;Southern Asia
BD;2013-01-05 20:00:00;Bangladesh;5829.377600109853;Southern Asia
BD;2013-01-05 21:00:00;Bangladesh;5845.779386166185;Southern Asia
BD;2013-01-05 22:00:00;Bangladesh;5921.6432456149705;Southern Asia
BD;2013-01-05 23:00:00;Bangladesh;6457.346959413175;Southern Asia
BD;2013-01-06 00:00:00;Bangladesh;6574.402275049033;Southern Asia
BD;2013-01-06 01:00:00;Bangladesh;7339.696995263834;Southern Asia
BD;2013-01-06 02:00:00;Bangladesh;7895.267630783413;Southern Asia
BD;2013-01-06 03:00:00;Bangladesh;8550.859857887854;Southern Asia
BD;2013-01-06 04:00:00;Bangladesh;8518.057365088587;Southern Asia
BD;2013-01-06 05:00:00;Bangladesh;8481.74062786466;Southern Asia
BD;2013-01-06 06:00:00;Bangladesh;8448.445428499099;Southern Asia
BD;2013-01-06 07:00:00;Bangladesh;8420.439404441606;Southern Asia
BD;2013-01-06 08:00:00;Bangladesh;8408.987889286294;Southern Asia
BD;2013-01-06 09:00:00;Bangladesh;8482.117308240644;Southern Asia
BD;2013-01-06 10:00:00;Bangladesh;8553.109147009782;Southern Asia
BD;2013-01-06 11:00:00;Bangladesh;8843.820052198527;Southern Asia
BD;2013-01-06 12:00:00;Bangladesh;9936.79162183504;Southern Asia
BD;2013-01-06 13:00:00;Bangladesh;10035.173196711276;Southern Asia
BD;2013-01-06 14:00:00;Bangladesh;9956.536581142414;Southern Asia
BD;2013-01-06 15:00:00;Bangladesh;9379.249620393577;Southern Asia
BD;2013-01-06 16:00:00;Bangladesh;8942.878356575458;Southern Asia
BD;2013-01-06 17:00:00;Bangladesh;8090.658973206725;Southern Asia
BD;2013-01-06 18:00:00;Bangladesh;6771.941990791538;Southern Asia
BD;2013-01-06 19:00:00;Bangladesh;6330.40567270615;Southern Asia
BD;2013-01-06 20:00:00;Bangladesh;6127.493674523913;Southern Asia
BD;2013-01-06 21:00:00;Bangladesh;6101.804936332437;Southern Asia
BD;2013-01-06 22:00:00;Bangladesh;6166.224296163002;Southern Asia
BD;2013-01-06 23:00:00;Bangladesh;6741.062834467935;Southern Asia
BD;2013-01-07 00:00:00;Bangladesh;6952.40157200692;Southern Asia
BD;2013-01-07 01:00:00;Bangladesh;7687.421011744429;Southern Asia
BD;2013-01-07 02:00:00;Bangladesh;8400.677715776557;Southern Asia
BD;2013-01-07 03:00:00;Bangladesh;8850.768132199686;Southern Asia
BD;2013-01-07 04:00:00;Bangladesh;8991.544058045334;Southern Asia
BD;2013-01-07 05:00:00;Bangladesh;8973.230807960721;Southern Asia
BD;2013-01-07 06:00:00;Bangladesh;9001.534182859428;Southern Asia
BD;2013-01-07 07:00:00;Bangladesh;8963.901762603047;Southern Asia
BD;2013-01-07 08:00:00;Bangladesh;8963.901762603047;Southern Asia
BD;2013-01-07 09:00:00;Bangladesh;8985.30886454371;Southern Asia
BD;2013-01-07 10:00:00;Bangladesh;9007.637700126468;Southern Asia
BD;2013-01-07 11:00:00;Bangladesh;9167.47106264481;Southern Asia
BD;2013-01-07 12:00:00;Bangladesh;9621.806958319912;Southern Asia
BD;2013-01-07 13:00:00;Bangladesh;9666.742013028774;Southern Asia
BD;2013-01-07 14:00:00;Bangladesh;9712.911802265224;Southern Asia
BD;2013-01-07 15:00:00;Bangladesh;9286.794555387069;Southern Asia
BD;2013-01-07 16:00:00;Bangladesh;8484.414087152096;Southern Asia
BD;2013-01-07 17:00:00;Bangladesh;7425.459777544564;Southern Asia
BD;2013-01-07 18:00:00;Bangladesh;6789.918495095901;Southern Asia
BD;2013-01-07 19:00:00;Bangladesh;6330.40567270615;Southern Asia
BD;2013-01-07 20:00:00;Bangladesh;6127.493674523913;Southern Asia
BD;2013-01-07 21:00:00;Bangladesh;6087.61844102599;Southern Asia
BD;2013-01-07 22:00:00;Bangladesh;6180.410791469449;Southern Asia
BD;2013-01-07 23:00:00;Bangladesh;6755.249329774382;Southern Asia
BD;2013-01-08 00:00:00;Bangladesh;6979.032011138357;Southern Asia
BD;2013-01-08 01:00:00;Bangladesh;7750.529545452833;Southern Asia
BD;2013-01-08 02:00:00;Bangladesh;8463.786249484961;Southern Asia
BD;2013-01-08 03:00:00;Bangladesh;8771.462881980617;Southern Asia
BD;2013-01-08 04:00:00;Bangladesh;8955.378964353857;Southern Asia
BD;2013-01-08 05:00:00;Bangladesh;8959.504639818622;Southern Asia
BD;2013-01-08 06:00:00;Bangladesh;8959.504639818622;Southern Asia
BD;2013-01-08 07:00:00;Bangladesh;8921.872219562241;Southern Asia
BD;2013-01-08 08:00:00;Bangladesh;8921.872219562241;Southern Asia
BD;2013-01-08 09:00:00;Bangladesh;8985.011513702495;Southern Asia
BD;2013-01-08 10:00:00;Bangladesh;8986.87710691135;Southern Asia
BD;2013-01-08 11:00:00;Bangladesh;9171.408397921585;Southern Asia
BD;2013-01-08 12:00:00;Bangladesh;9772.49529841498;Southern Asia
BD;2013-01-08 13:00:00;Bangladesh;9817.430353123844;Southern Asia
BD;2013-01-08 14:00:00;Bangladesh;9831.68376586098;Southern Asia
BD;2013-01-08 15:00:00;Bangladesh;9644.01922805566;Southern Asia
BD;2013-01-08 16:00:00;Bangladesh;8758.748570149368;Southern Asia
BD;2013-01-08 17:00:00;Bangladesh;7708.713706464879;Southern Asia
BD;2013-01-08 18:00:00;Bangladesh;6847.044934294568;Southern Asia
BD;2013-01-08 19:00:00;Bangladesh;6376.039582840372;Southern Asia
BD;2013-01-08 20:00:00;Bangladesh;6173.127584658135;Southern Asia
BD;2013-01-08 21:00:00;Bangladesh;6146.569459524379;Southern Asia
BD;2013-01-08 22:00:00;Bangladesh;6442.379041206403;Southern Asia
BD;2013-01-08 23:00:00;Bangladesh;7152.29688924108;Southern Asia
BD;2013-01-09 00:00:00;Bangladesh;7502.056490790755;Southern Asia
BD;2013-01-09 01:00:00;Bangladesh;8297.563351649045;Southern Asia
BD;2013-01-09 02:00:00;Bangladesh;8958.680044382369;Southern Asia
BD;2013-01-09 03:00:00;Bangladesh;8930.608182207583;Southern Asia
BD;2013-01-09 04:00:00;Bangladesh;9061.837581045811;Southern Asia
BD;2013-01-09 05:00:00;Bangladesh;9195.177037577594;Southern Asia
BD;2013-01-09 06:00:00;Bangladesh;9064.231498163104;Southern Asia
BD;2013-01-09 07:00:00;Bangladesh;9026.597998593323;Southern Asia
BD;2013-01-09 08:00:00;Bangladesh;8933.202851616948;Southern Asia
BD;2013-01-09 09:00:00;Bangladesh;8932.69989157337;Southern Asia
BD;2013-01-09 10:00:00;Bangladesh;9280.797890146456;Southern Asia
BD;2013-01-09 11:00:00;Bangladesh;9454.134542590162;Southern Asia
BD;2013-01-09 12:00:00;Bangladesh;9861.535415829461;Southern Asia
BD;2013-01-09 13:00:00;Bangladesh;10020.463234406683;Southern Asia
BD;2013-01-09 14:00:00;Bangladesh;10061.841951468352;Southern Asia
BD;2013-01-09 15:00:00;Bangladesh;10108.645297669565;Southern Asia
BD;2013-01-09 16:00:00;Bangladesh;9171.455887711107;Southern Asia
BD;2013-01-09 17:00:00;Bangladesh;7842.801127181641;Southern Asia
BD;2013-01-09 18:00:00;Bangladesh;6953.707541218789;Southern Asia
BD;2013-01-09 19:00:00;Bangladesh;6527.775936245131;Southern Asia
BD;2013-01-09 20:00:00;Bangladesh;6331.703007410832;Southern Asia
BD;2013-01-09 21:00:00;Bangladesh;6231.856264596487;Southern Asia
BD;2013-01-09 22:00:00;Bangladesh;6518.988706213372;Southern Asia
BD;2013-01-09 23:00:00;Bangladesh;7152.29688924108;Southern Asia
BD;2013-01-10 00:00:00;Bangladesh;7450.567845127786;Southern Asia
BD;2013-01-10 01:00:00;Bangladesh;8218.492852094092;Southern Asia
BD;2013-01-10 02:00:00;Bangladesh;8931.098190490384;Southern Asia
BD;2013-01-10 03:00:00;Bangladesh;8782.363407646128;Southern Asia
BD;2013-01-10 04:00:00;Bangladesh;9022.076215111403;Southern Asia
BD;2013-01-10 05:00:00;Bangladesh;8959.504639818622;Southern Asia
BD;2013-01-10 06:00:00;Bangladesh;8959.504639818622;Southern Asia
BD;2013-01-10 07:00:00;Bangladesh;8921.872219562241;Southern Asia
BD;2013-01-10 08:00:00;Bangladesh;8921.872219562241;Southern Asia
BD;2013-01-10 09:00:00;Bangladesh;8953.960746548571;Southern Asia
BD;2013-01-10 10:00:00;Bangladesh;9108.187615619765;Southern Asia
BD;2013-01-10 11:00:00;Bangladesh;9364.271988366221;Southern Asia
BD;2013-01-10 12:00:00;Bangladesh;9772.49529841498;Southern Asia
BD;2013-01-10 13:00:00;Bangladesh;9817.430353123844;Southern Asia
BD;2013-01-10 14:00:00;Bangladesh;9920.478879134063;Southern Asia
BD;2013-01-10 15:00:00;Bangladesh;10016.501074921749;Southern Asia
BD;2013-01-10 16:00:00;Bangladesh;9066.313493708305;Southern Asia
BD;2013-01-10 17:00:00;Bangladesh;7833.587568357579;Southern Asia
BD;2013-01-10 18:00:00;Bangladesh;6862.230873807784;Southern Asia
BD;2013-01-10 19:00:00;Bangladesh;6404.542630717754;Southern Asia
BD;2013-01-10 20:00:00;Bangladesh;6186.4446930223;Southern Asia
BD;2013-01-10 21:00:00;Bangladesh;6146.569459524379;Southern Asia
BD;2013-01-10 22:00:00;Bangladesh;6442.379041206403;Southern Asia
BD;2013-01-10 23:00:00;Bangladesh;7152.29688924108;Southern Asia
BD;2013-01-11 00:00:00;Bangladesh;7450.567845127786;Southern Asia
BD;2013-01-11 01:00:00;Bangladesh;8218.492852094092;Southern Asia
BD;2013-01-11 02:00:00;Bangladesh;8901.584365615552;Southern Asia
BD;2013-01-11 03:00:00;Bangladesh;8777.826513776632;Southern Asia
BD;2013-01-11 04:00:00;Bangladesh;8955.378964353857;Southern Asia
BD;2013-01-11 05:00:00;Bangladesh;8959.504639818622;Southern Asia
BD;2013-01-11 06:00:00;Bangladesh;8959.504639818622;Southern Asia
BD;2013-01-11 07:00:00;Bangladesh;8921.872219562241;Southern Asia
BD;2013-01-11 08:00:00;Bangladesh;8921.872219562241;Southern Asia
BD;2013-01-11 09:00:00;Bangladesh;8946.426059715468;Southern Asia
BD;2013-01-11 10:00:00;Bangladesh;8986.87710691135;Southern Asia
BD;2013-01-11 11:00:00;Bangladesh;9171.408397921585;Southern Asia
BD;2013-01-11 12:00:00;Bangladesh;9690.6229012782;Southern Asia
BD;2013-01-11 13:00:00;Bangladesh;9670.678268992151;Southern Asia
BD;2013-01-11 14:00:00;Bangladesh;9831.68376586098;Southern Asia
BD;2013-01-11 15:00:00;Bangladesh;10016.501074921749;Southern Asia
BD;2013-01-11 16:00:00;Bangladesh;9066.313493708305;Southern Asia
BD;2013-01-11 17:00:00;Bangladesh;7774.879395373793;Southern Asia
BD;2013-01-11 18:00:00;Bangladesh;6631.866539341349;Southern Asia
BD;2013-01-11 19:00:00;Bangladesh;6164.6323089006;Southern Asia
BD;2013-01-11 20:00:00;Bangladesh;5902.541017436247;Southern Asia
BD;2013-01-11 21:00:00;Bangladesh;5859.965881472632;Southern Asia
BD;2013-01-11 22:00:00;Bangladesh;6240.170215703119;Southern Asia
BD;2013-01-11 23:00:00;Bangladesh;6766.155252006883;Southern Asia
BD;2013-01-12 00:00:00;Bangladesh;6943.267342717627;Southern Asia
BD;2013-01-12 01:00:00;Bangladesh;7615.164217672556;Southern Asia
BD;2013-01-12 02:00:00;Bangladesh;8101.986367321238;Southern Asia
BD;2013-01-12 03:00:00;Bangladesh;8280.951099480058;Southern Asia
BD;2013-01-12 04:00:00;Bangladesh;8422.059993509061;Southern Asia
BD;2013-01-12 05:00:00;Bangladesh;8385.743256285132;Southern Asia
BD;2013-01-12 06:00:00;Bangladesh;8426.98058329163;Southern Asia
BD;2013-01-12 07:00:00;Bangladesh;8389.348163035247;Southern Asia
BD;2013-01-12 08:00:00;Bangladesh;8407.147659942299;Southern Asia
BD;2013-01-12 09:00:00;Bangladesh;8468.781851548709;Southern Asia
BD;2013-01-12 10:00:00;Bangladesh;8474.210797941849;Southern Asia
BD;2013-01-12 11:00:00;Bangladesh;8781.848575155167;Southern Asia
BD;2013-01-12 12:00:00;Bangladesh;9881.790890374205;Southern Asia
BD;2013-01-12 13:00:00;Bangladesh;9980.17246525044;Southern Asia
BD;2013-01-12 14:00:00;Bangladesh;9920.244668126647;Southern Asia
BD;2013-01-12 15:00:00;Bangladesh;9808.431038009332;Southern Asia
BD;2013-01-12 16:00:00;Bangladesh;9339.839570970296;Southern Asia
BD;2013-01-12 17:00:00;Bangladesh;8297.951904472411;Southern Asia
BD;2013-01-12 18:00:00;Bangladesh;6543.420583952598;Southern Asia
BD;2013-01-12 19:00:00;Bangladesh;6109.405461282832;Southern Asia
BD;2013-01-12 20:00:00;Bangladesh;5875.011510244077;Southern Asia
BD;2013-01-12 21:00:00;Bangladesh;5969.836207816417;Southern Asia
BD;2013-01-12 22:00:00;Bangladesh;6031.513571958757;Southern Asia
BD;2013-01-12 23:00:00;Bangladesh;6567.217285756961;Southern Asia
BD;2013-01-13 00:00:00;Bangladesh;6718.92179941647;Southern Asia
BD;2013-01-13 01:00:00;Bangladesh;7488.4258418844;Southern Asia
BD;2013-01-13 02:00:00;Bangladesh;7983.464264777172;Southern Asia
BD;2013-01-13 03:00:00;Bangladesh;8454.800965444627;Southern Asia
BD;2013-01-13 04:00:00;Bangladesh;8500.958342576994;Southern Asia
BD;2013-01-13 05:00:00;Bangladesh;8497.824556125208;Southern Asia
BD;2013-01-13 06:00:00;Bangladesh;8483.879287363268;Southern Asia
BD;2013-01-13 07:00:00;Bangladesh;8446.246867106885;Southern Asia
BD;2013-01-13 08:00:00;Bangladesh;8459.972495592285;Southern Asia
BD;2013-01-13 09:00:00;Bangladesh;8459.058317143978;Southern Asia
BD;2013-01-13 10:00:00;Bangladesh;8515.448124948347;Southern Asia
BD;2013-01-13 11:00:00;Bangladesh;8764.921703130593;Southern Asia
BD;2013-01-13 12:00:00;Bangladesh;9891.48096606359;Southern Asia
BD;2013-01-13 13:00:00;Bangladesh;9989.862540939826;Southern Asia
BD;2013-01-13 14:00:00;Bangladesh;9915.299254135916;Southern Asia
BD;2013-01-13 15:00:00;Bangladesh;9751.627853173437;Southern Asia
BD;2013-01-13 16:00:00;Bangladesh;9283.0374654478;Southern Asia
BD;2013-01-13 17:00:00;Bangladesh;8297.951904472411;Southern Asia
BD;2013-01-13 18:00:00;Bangladesh;6786.128486097985;Southern Asia
BD;2013-01-13 19:00:00;Bangladesh;6344.592168012597;Southern Asia
BD;2013-01-13 20:00:00;Bangladesh;6141.68016983036;Southern Asia
BD;2013-01-13 21:00:00;Bangladesh;6133.252351160214;Southern Asia
BD;2013-01-13 22:00:00;Bangladesh;6225.17531466139;Southern Asia
BD;2013-01-13 23:00:00;Bangladesh;6800.0138529663245;Southern Asia
BD;2013-01-14 00:00:00;Bangladesh;7114.047641377605;Southern Asia
BD;2013-01-14 01:00:00;Bangladesh;7885.545175692081;Southern Asia
BD;2013-01-14 02:00:00;Bangladesh;8622.655245481978;Southern Asia
BD;2013-01-14 03:00:00;Bangladesh;8826.96225623144;Southern Asia
BD;2013-01-14 04:00:00;Bangladesh;9011.353776156602;Southern Asia
BD;2013-01-14 05:00:00;Bangladesh;9026.058881550904;Southern Asia
BD;2013-01-14 06:00:00;Bangladesh;8989.81229969786;Southern Asia
BD;2013-01-14 07:00:00;Bangladesh;8977.781193247694;Southern Asia
BD;2013-01-14 08:00:00;Bangladesh;9031.21368234089;Southern Asia
BD;2013-01-14 09:00:00;Bangladesh;9104.437001560886;Southern Asia
BD;2013-01-14 10:00:00;Bangladesh;8996.807329831843;Southern Asia
BD;2013-01-14 11:00:00;Bangladesh;9171.544391409763;Southern Asia
BD;2013-01-14 12:00:00;Bangladesh;9621.806958319912;Southern Asia
BD;2013-01-14 13:00:00;Bangladesh;9670.815341793728;Southern Asia
BD;2013-01-14 14:00:00;Bangladesh;9745.00302753505;Southern Asia
BD;2013-01-14 15:00:00;Bangladesh;9332.906061700012;Southern Asia
BD;2013-01-14 16:00:00;Bangladesh;8603.699803925416;Southern Asia
BD;2013-01-14 17:00:00;Bangladesh;7461.775975111794;Southern Asia
BD;2013-01-14 18:00:00;Bangladesh;6771.941990791538;Southern Asia
BD;2013-01-14 19:00:00;Bangladesh;6330.40567270615;Southern Asia
BD;2013-01-14 20:00:00;Bangladesh;6127.493674523913;Southern Asia
BD;2013-01-14 21:00:00;Bangladesh;6101.804936332437;Southern Asia
BD;2013-01-14 22:00:00;Bangladesh;6211.858206297225;Southern Asia
BD;2013-01-14 23:00:00;Bangladesh;6786.696744602159;Southern Asia
BD;2013-01-15 00:00:00;Bangladesh;7066.71111435766;Southern Asia
BD;2013-01-15 01:00:00;Bangladesh;7838.208648672136;Southern Asia
BD;2013-01-15 02:00:00;Bangladesh;8520.006065429106;Southern Asia
BD;2013-01-15 03:00:00;Bangladesh;8855.255377652864;Southern Asia
BD;2013-01-15 04:00:00;Bangladesh;9021.933206086136;Southern Asia
BD;2013-01-15 05:00:00;Bangladesh;9070.643699062039;Southern Asia
BD;2013-01-15 06:00:00;Bangladesh;9071.619398374047;Southern Asia
BD;2013-01-15 07:00:00;Bangladesh;9059.588291923881;Southern Asia
BD;2013-01-15 08:00:00;Bangladesh;9059.588291923881;Southern Asia
BD;2013-01-15 09:00:00;Bangladesh;9449.18481134584;Southern Asia
BD;2013-01-15 10:00:00;Bangladesh;8989.27264299874;Southern Asia
BD;2013-01-15 11:00:00;Bangladesh;9149.105465860384;Southern Asia
BD;2013-01-15 12:00:00;Bangladesh;9603.441361535486;Southern Asia
BD;2013-01-15 13:00:00;Bangladesh;9648.376416244348;Southern Asia
BD;2013-01-15 14:00:00;Bangladesh;9734.172117583725;Southern Asia
BD;2013-01-15 15:00:00;Bangladesh;9332.906061700012;Southern Asia
BD;2013-01-15 16:00:00;Bangladesh;8563.899582708671;Southern Asia
BD;2013-01-15 17:00:00;Bangladesh;7461.775975111794;Southern Asia
BD;2013-01-15 18:00:00;Bangladesh;6771.941990791538;Southern Asia
BD;2013-01-15 19:00:00;Bangladesh;6330.40567270615;Southern Asia
BD;2013-01-15 20:00:00;Bangladesh;6127.493674523913;Southern Asia
BD;2013-01-15 21:00:00;Bangladesh;6087.61844102599;Southern Asia
BD;2013-01-15 22:00:00;Bangladesh;6211.858206297225;Southern Asia
BD;2013-01-15 23:00:00;Bangladesh;6786.696744602159;Southern Asia
BD;2013-01-16 00:00:00;Bangladesh;7011.398461324733;Southern Asia
BD;2013-01-16 01:00:00;Bangladesh;7750.529545452833;Southern Asia
BD;2013-01-16 02:00:00;Bangladesh;8463.786249484961;Southern Asia
BD;2013-01-16 03:00:00;Bangladesh;8935.04685855784;Southern Asia
BD;2013-01-16 04:00:00;Bangladesh;9053.065461401628;Southern Asia
BD;2013-01-16 05:00:00;Bangladesh;9085.565206792686;Southern Asia
BD;2013-01-16 06:00:00;Bangladesh;9071.619398374047;Southern Asia
BD;2013-01-16 07:00:00;Bangladesh;9059.588291923881;Southern Asia
BD;2013-01-16 08:00:00;Bangladesh;9093.610408863156;Southern Asia
BD;2013-01-16 09:00:00;Bangladesh;9381.244191553522;Southern Asia
BD;2013-01-16 10:00:00;Bangladesh;9017.575478240748;Southern Asia
BD;2013-01-16 11:00:00;Bangladesh;9140.980394598446;Southern Asia
BD;2013-01-16 12:00:00;Bangladesh;9595.316290273546;Southern Asia
BD;2013-01-16 13:00:00;Bangladesh;9640.25134498241;Southern Asia
BD;2013-01-16 14:00:00;Bangladesh;9726.637430750623;Southern Asia
BD;2013-01-16 15:00:00;Bangladesh;9286.794555387069;Southern Asia
BD;2013-01-16 16:00:00;Bangladesh;8484.414087152096;Southern Asia
BD;2013-01-16 17:00:00;Bangladesh;7425.459777544564;Southern Asia
BD;2013-01-16 18:00:00;Bangladesh;6771.941990791538;Southern Asia
BD;2013-01-16 19:00:00;Bangladesh;6330.40567270615;Southern Asia
BD;2013-01-16 20:00:00;Bangladesh;6127.493674523913;Southern Asia
BD;2013-01-16 21:00:00;Bangladesh;6087.61844102599;Southern Asia
BD;2013-01-16 22:00:00;Bangladesh;6180.410791469449;Southern Asia
BD;2013-01-16 23:00:00;Bangladesh;6755.249329774382;Southern Asia
BD;2013-01-17 00:00:00;Bangladesh;6979.032011138357;Southern Asia
BD;2013-01-17 01:00:00;Bangladesh;7750.529545452833;Southern Asia
BD;2013-01-17 02:00:00;Bangladesh;8416.742756052638;Southern Asia
BD;2013-01-17 03:00:00;Bangladesh;8982.150253883765;Southern Asia
BD;2013-01-17 04:00:00;Bangladesh;9047.191837888413;Southern Asia
BD;2013-01-17 05:00:00;Bangladesh;9285.802666374087;Southern Asia
BD;2013-01-17 06:00:00;Bangladesh;9382.447625992558;Southern Asia
BD;2013-01-17 07:00:00;Bangladesh;9438.35713933471;Southern Asia
BD;2013-01-17 08:00:00;Bangladesh;9438.35713933471;Southern Asia
BD;2013-01-17 09:00:00;Bangladesh;9562.492211206316;Southern Asia
BD;2013-01-17 10:00:00;Bangladesh;9147.283584844157;Southern Asia
BD;2013-01-17 11:00:00;Bangladesh;9200.058772077826;Southern Asia
BD;2013-01-17 12:00:00;Bangladesh;9769.792697665791;Southern Asia
BD;2013-01-17 13:00:00;Bangladesh;9723.844167675981;Southern Asia
BD;2013-01-17 14:00:00;Bangladesh;9734.172117583725;Southern Asia
BD;2013-01-17 15:00:00;Bangladesh;9190.670904139948;Southern Asia
BD;2013-01-17 16:00:00;Bangladesh;8402.927004898487;Southern Asia
BD;2013-01-17 17:00:00;Bangladesh;7360.322674304171;Southern Asia
BD;2013-01-17 18:00:00;Bangladesh;6789.918495095901;Southern Asia
BD;2013-01-17 19:00:00;Bangladesh;6348.3821770105105;Southern Asia
BD;2013-01-17 20:00:00;Bangladesh;6127.493674523913;Southern Asia
BD;2013-01-17 21:00:00;Bangladesh;6087.61844102599;Southern Asia
BD;2013-01-17 22:00:00;Bangladesh;6166.224296163002;Southern Asia
BD;2013-01-17 23:00:00;Bangladesh;6741.062834467935;Southern Asia
BD;2013-01-18 00:00:00;Bangladesh;6952.40157200692;Southern Asia
BD;2013-01-18 01:00:00;Bangladesh;7703.48605202051;Southern Asia
BD;2013-01-18 02:00:00;Bangladesh;8416.742756052638;Southern Asia
BD;2013-01-18 03:00:00;Bangladesh;8976.277709683949;Southern Asia
BD;2013-01-18 04:00:00;Bangladesh;9081.441150298017;Southern Asia
BD;2013-01-18 05:00:00;Bangladesh;9464.334054203515;Southern Asia
BD;2013-01-18 06:00:00;Bangladesh;9450.388245784876;Southern Asia
BD;2013-01-18 07:00:00;Bangladesh;9432.130580340274;Southern Asia
BD;2013-01-18 08:00:00;Bangladesh;9432.130580340274;Southern Asia
BD;2013-01-18 09:00:00;Bangladesh;9562.492211206316;Southern Asia
BD;2013-01-18 10:00:00;Bangladesh;9084.88847729199;Southern Asia
BD;2013-01-18 11:00:00;Bangladesh;9200.058772077826;Southern Asia
BD;2013-01-18 12:00:00;Bangladesh;9710.116380563786;Southern Asia
BD;2013-01-18 13:00:00;Bangladesh;9659.942338619872;Southern Asia
BD;2013-01-18 14:00:00;Bangladesh;9725.480406787712;Southern Asia
BD;2013-01-18 15:00:00;Bangladesh;9190.670904139948;Southern Asia
BD;2013-01-18 16:00:00;Bangladesh;8388.292054875072;Southern Asia
BD;2013-01-18 17:00:00;Bangladesh;7360.322674304171;Southern Asia
BD;2013-01-18 18:00:00;Bangladesh;6583.585073441248;Southern Asia
BD;2013-01-18 19:00:00;Bangladesh;6115.873246821777;Southern Asia
BD;2013-01-18 20:00:00;Bangladesh;5829.377600109853;Southern Asia
BD;2013-01-18 21:00:00;Bangladesh;5845.779386166185;Southern Asia
BD;2013-01-18 22:00:00;Bangladesh;5907.456750308524;Southern Asia
BD;2013-01-18 23:00:00;Bangladesh;6443.160464106728;Southern Asia
BD;2013-01-19 00:00:00;Bangladesh;6547.771835917597;Southern Asia
BD;2013-01-19 01:00:00;Bangladesh;7313.066556132396;Southern Asia
BD;2013-01-19 02:00:00;Bangladesh;7720.355720434978;Southern Asia
BD;2013-01-19 03:00:00;Bangladesh;8642.72831606242;Southern Asia
BD;2013-01-19 04:00:00;Bangladesh;8490.039468583715;Southern Asia
BD;2013-01-19 05:00:00;Bangladesh;8600.417072224673;Southern Asia
BD;2013-01-19 06:00:00;Bangladesh;8586.471803462733;Southern Asia
BD;2013-01-19 07:00:00;Bangladesh;8574.440697012567;Southern Asia
BD;2013-01-19 08:00:00;Bangladesh;8588.166325497967;Southern Asia
BD;2013-01-19 09:00:00;Bangladesh;8752.812346459055;Southern Asia
BD;2013-01-19 10:00:00;Bangladesh;8569.59835745137;Southern Asia
BD;2013-01-19 11:00:00;Bangladesh;8856.07133858193;Southern Asia
BD;2013-01-19 12:00:00;Bangladesh;9982.426071625961;Southern Asia
BD;2013-01-19 13:00:00;Bangladesh;10064.518648695983;Southern Asia
BD;2013-01-19 14:00:00;Bangladesh;9978.306332384886;Southern Asia
BD;2013-01-19 15:00:00;Bangladesh;9371.969651522459;Southern Asia
BD;2013-01-19 16:00:00;Bangladesh;8875.958227601175;Southern Asia
BD;2013-01-19 17:00:00;Bangladesh;8063.134322924846;Southern Asia
BD;2013-01-19 18:00:00;Bangladesh;6583.585073441248;Southern Asia
BD;2013-01-19 19:00:00;Bangladesh;6115.873246821777;Southern Asia
BD;2013-01-19 20:00:00;Bangladesh;5829.377600109853;Southern Asia
BD;2013-01-19 21:00:00;Bangladesh;5845.779386166185;Southern Asia
BD;2013-01-19 22:00:00;Bangladesh;5907.456750308524;Southern Asia
BD;2013-01-19 23:00:00;Bangladesh;6443.160464106728;Southern Asia
BD;2013-01-20 00:00:00;Bangladesh;6547.771835917597;Southern Asia
BD;2013-01-20 01:00:00;Bangladesh;7313.066556132396;Southern Asia
BD;2013-01-20 02:00:00;Bangladesh;7720.355720434978;Southern Asia
BD;2013-01-20 03:00:00;Bangladesh;8619.669324965753;Southern Asia
BD;2013-01-20 04:00:00;Bangladesh;8505.791507974305;Southern Asia
BD;2013-01-20 05:00:00;Bangladesh;8453.722731359787;Southern Asia
BD;2013-01-20 06:00:00;Bangladesh;8527.415012251317;Southern Asia
BD;2013-01-20 07:00:00;Bangladesh;8515.38390580115;Southern Asia
BD;2013-01-20 08:00:00;Bangladesh;8529.10953428655;Southern Asia
BD;2013-01-20 09:00:00;Bangladesh;8677.638168271744;Southern Asia
BD;2013-01-20 10:00:00;Bangladesh;8536.912970155814;Southern Asia
BD;2013-01-20 11:00:00;Bangladesh;8831.61787457474;Southern Asia
BD;2013-01-20 12:00:00;Bangladesh;9977.527068111358;Southern Asia
BD;2013-01-20 13:00:00;Bangladesh;10075.908642987593;Southern Asia
BD;2013-01-20 14:00:00;Bangladesh;9978.306332384886;Southern Asia
BD;2013-01-20 15:00:00;Bangladesh;9371.969651522459;Southern Asia
BD;2013-01-20 16:00:00;Bangladesh;9007.423456416916;Southern Asia
BD;2013-01-20 17:00:00;Bangladesh;8194.59847242719;Southern Asia
BD;2013-01-20 18:00:00;Bangladesh;6811.03903932933;Southern Asia
BD;2013-01-20 19:00:00;Bangladesh;6340.910090354505;Southern Asia
BD;2013-01-20 20:00:00;Bangladesh;6149.896443074449;Southern Asia
BD;2013-01-20 21:00:00;Bangladesh;6072.837244037114;Southern Asia
BD;2013-01-20 22:00:00;Bangladesh;6166.224296163002;Southern Asia
BD;2013-01-20 23:00:00;Bangladesh;6741.062834467935;Southern Asia
BD;2013-01-21 00:00:00;Bangladesh;6952.40157200692;Southern Asia
BD;2013-01-21 01:00:00;Bangladesh;7687.421011744429;Southern Asia
BD;2013-01-21 02:00:00;Bangladesh;8400.677715776557;Southern Asia
BD;2013-01-21 03:00:00;Bangladesh;8855.255377652864;Southern Asia
BD;2013-01-21 04:00:00;Bangladesh;9011.353776156602;Southern Asia
BD;2013-01-21 05:00:00;Bangladesh;9026.058881550904;Southern Asia
BD;2013-01-21 06:00:00;Bangladesh;8989.81229969786;Southern Asia
BD;2013-01-21 07:00:00;Bangladesh;9031.21368234089;Southern Asia
BD;2013-01-21 08:00:00;Bangladesh;9031.21368234089;Southern Asia
BD;2013-01-21 09:00:00;Bangladesh;9181.281956888672;Southern Asia
BD;2013-01-21 10:00:00;Bangladesh;9017.575478240748;Southern Asia
BD;2013-01-21 11:00:00;Bangladesh;9140.980394598446;Southern Asia
BD;2013-01-21 12:00:00;Bangladesh;9595.316290273546;Southern Asia
BD;2013-01-21 13:00:00;Bangladesh;9640.25134498241;Southern Asia
BD;2013-01-21 14:00:00;Bangladesh;9726.637430750623;Southern Asia
BD;2013-01-21 15:00:00;Bangladesh;9205.306393820061;Southern Asia
BD;2013-01-21 16:00:00;Bangladesh;8425.498685995848;Southern Asia
BD;2013-01-21 17:00:00;Bangladesh;7425.459777544564;Southern Asia
BD;2013-01-21 18:00:00;Bangladesh;6789.918495095901;Southern Asia
BD;2013-01-21 19:00:00;Bangladesh;6348.3821770105105;Southern Asia
BD;2013-01-21 20:00:00;Bangladesh;6127.493674523913;Southern Asia
BD;2013-01-21 21:00:00;Bangladesh;6087.61844102599;Southern Asia
BD;2013-01-21 22:00:00;Bangladesh;6166.224296163002;Southern Asia
BD;2013-01-21 23:00:00;Bangladesh;6755.249329774382;Southern Asia
BD;2013-01-22 00:00:00;Bangladesh;6979.032011138357;Southern Asia
BD;2013-01-22 01:00:00;Bangladesh;7750.529545452833;Southern Asia
BD;2013-01-22 02:00:00;Bangladesh;8416.742756052638;Southern Asia
BD;2013-01-22 03:00:00;Bangladesh;8855.255377652864;Southern Asia
BD;2013-01-22 04:00:00;Bangladesh;9011.353776156602;Southern Asia
BD;2013-01-22 05:00:00;Bangladesh;9042.337086223137;Southern Asia
BD;2013-01-22 06:00:00;Bangladesh;8996.138695181635;Southern Asia
BD;2013-01-22 07:00:00;Bangladesh;8977.781193247694;Southern Asia
BD;2013-01-22 08:00:00;Bangladesh;9031.21368234089;Southern Asia
BD;2013-01-22 09:00:00;Bangladesh;9317.03799611911;Southern Asia
BD;2013-01-22 10:00:00;Bangladesh;9017.575478240748;Southern Asia
BD;2013-01-22 11:00:00;Bangladesh;9140.980394598446;Southern Asia
BD;2013-01-22 12:00:00;Bangladesh;9595.316290273546;Southern Asia
BD;2013-01-22 13:00:00;Bangladesh;9640.25134498241;Southern Asia
BD;2013-01-22 14:00:00;Bangladesh;9726.637430750623;Southern Asia
BD;2013-01-22 15:00:00;Bangladesh;9286.794555387069;Southern Asia
BD;2013-01-22 16:00:00;Bangladesh;8484.414087152096;Southern Asia
BD;2013-01-22 17:00:00;Bangladesh;7425.459777544564;Southern Asia
BD;2013-01-22 18:00:00;Bangladesh;6771.941990791538;Southern Asia
BD;2013-01-22 19:00:00;Bangladesh;6330.40567270615;Southern Asia
BD;2013-01-22 20:00:00;Bangladesh;6127.493674523913;Southern Asia
BD;2013-01-22 21:00:00;Bangladesh;6087.61844102599;Southern Asia
BD;2013-01-22 22:00:00;Bangladesh;6180.410791469449;Southern Asia
BD;2013-01-22 23:00:00;Bangladesh;6755.249329774382;Southern Asia
BD;2013-01-23 00:00:00;Bangladesh;6979.032011138357;Southern Asia
BD;2013-01-23 01:00:00;Bangladesh;7750.529545452833;Southern Asia
BD;2013-01-23 02:00:00;Bangladesh;8416.742756052638;Southern Asia
BD;2013-01-23 03:00:00;Bangladesh;8855.255377652864;Southern Asia
BD;2013-01-23 04:00:00;Bangladesh;9011.353776156602;Southern Asia
BD;2013-01-23 05:00:00;Bangladesh;9026.058881550904;Southern Asia
BD;2013-01-23 06:00:00;Bangladesh;9038.051132718732;Southern Asia
BD;2013-01-23 07:00:00;Bangladesh;9031.21368234089;Southern Asia
BD;2013-01-23 08:00:00;Bangladesh;9031.21368234089;Southern Asia
BD;2013-01-23 09:00:00;Bangladesh;9449.18481134584;Southern Asia
BD;2013-01-23 10:00:00;Bangladesh;9017.575478240748;Southern Asia
BD;2013-01-23 11:00:00;Bangladesh;9140.980394598446;Southern Asia
BD;2013-01-23 12:00:00;Bangladesh;9595.316290273546;Southern Asia
BD;2013-01-23 13:00:00;Bangladesh;9640.25134498241;Southern Asia
BD;2013-01-23 14:00:00;Bangladesh;9726.637430750623;Southern Asia
BD;2013-01-23 15:00:00;Bangladesh;9205.306393820061;Southern Asia
BD;2013-01-23 16:00:00;Bangladesh;8425.498685995848;Southern Asia
BD;2013-01-23 17:00:00;Bangladesh;7425.459777544564;Southern Asia
BD;2013-01-23 18:00:00;Bangladesh;6771.941990791538;Southern Asia
BD;2013-01-23 19:00:00;Bangladesh;6330.40567270615;Southern Asia
BD;2013-01-23 20:00:00;Bangladesh;6127.493674523913;Southern Asia
BD;2013-01-23 21:00:00;Bangladesh;6087.61844102599;Southern Asia
BD;2013-01-23 22:00:00;Bangladesh;6180.410791469449;Southern Asia
BD;2013-01-23 23:00:00;Bangladesh;6755.249329774382;Southern Asia
BD;2013-01-24 00:00:00;Bangladesh;6979.032011138357;Southern Asia
BD;2013-01-24 01:00:00;Bangladesh;7750.529545452833;Southern Asia
BD;2013-01-24 02:00:00;Bangladesh;8463.786249484961;Southern Asia
BD;2013-01-24 03:00:00;Bangladesh;8855.255377652864;Southern Asia
BD;2013-01-24 04:00:00;Bangladesh;9011.353776156602;Southern Asia
BD;2013-01-24 05:00:00;Bangladesh;9054.534946593329;Southern Asia
BD;2013-01-24 06:00:00;Bangladesh;8996.138695181635;Southern Asia
BD;2013-01-24 07:00:00;Bangladesh;8977.781193247694;Southern Asia
BD;2013-01-24 08:00:00;Bangladesh;9031.21368234089;Southern Asia
BD;2013-01-24 09:00:00;Bangladesh;9449.18481134584;Southern Asia
BD;2013-01-24 10:00:00;Bangladesh;9017.575478240748;Southern Asia
BD;2013-01-24 11:00:00;Bangladesh;9140.980394598446;Southern Asia
BD;2013-01-24 12:00:00;Bangladesh;9601.604370131683;Southern Asia
BD;2013-01-24 13:00:00;Bangladesh;9640.25134498241;Southern Asia
BD;2013-01-24 14:00:00;Bangladesh;9726.637430750623;Southern Asia
BD;2013-01-24 15:00:00;Bangladesh;9286.794555387069;Southern Asia
BD;2013-01-24 16:00:00;Bangladesh;8484.414087152096;Southern Asia
BD;2013-01-24 17:00:00;Bangladesh;7425.459777544564;Southern Asia
BD;2013-01-24 18:00:00;Bangladesh;6771.941990791538;Southern Asia
BD;2013-01-24 19:00:00;Bangladesh;6330.40567270615;Southern Asia
BD;2013-01-24 20:00:00;Bangladesh;6127.493674523913;Southern Asia
BD;2013-01-24 21:00:00;Bangladesh;6087.61844102599;Southern Asia
BD;2013-01-24 22:00:00;Bangladesh;6211.858206297225;Southern Asia
BD;2013-01-24 23:00:00;Bangladesh;6786.696744602159;Southern Asia
BD;2013-01-25 00:00:00;Bangladesh;7066.71111435766;Southern Asia
BD;2013-01-25 01:00:00;Bangladesh;7838.208648672136;Southern Asia
BD;2013-01-25 02:00:00;Bangladesh;8575.318718462035;Southern Asia
BD;2013-01-25 03:00:00;Bangladesh;8814.60303850821;Southern Asia
BD;2013-01-25 04:00:00;Bangladesh;8987.470189623682;Southern Asia
BD;2013-01-25 05:00:00;Bangladesh;8980.765494793824;Southern Asia
BD;2013-01-25 06:00:00;Bangladesh;8973.230807960721;Southern Asia
BD;2013-01-25 07:00:00;Bangladesh;8963.901762603047;Southern Asia
BD;2013-01-25 08:00:00;Bangladesh;8963.901762603047;Southern Asia
BD;2013-01-25 09:00:00;Bangladesh;9070.417043248408;Southern Asia
BD;2013-01-25 10:00:00;Bangladesh;8996.807329831843;Southern Asia
BD;2013-01-25 11:00:00;Bangladesh;9156.640152693488;Southern Asia
BD;2013-01-25 12:00:00;Bangladesh;9625.880287084863;Southern Asia
BD;2013-01-25 13:00:00;Bangladesh;9670.815341793728;Southern Asia
BD;2013-01-25 14:00:00;Bangladesh;9712.911802265224;Southern Asia
BD;2013-01-25 15:00:00;Bangladesh;9436.270826535916;Southern Asia
BD;2013-01-25 16:00:00;Bangladesh;8621.544631995192;Southern Asia
BD;2013-01-25 17:00:00;Bangladesh;7461.775975111794;Southern Asia
BD;2013-01-25 18:00:00;Bangladesh;6543.420583952598;Southern Asia
BD;2013-01-25 19:00:00;Bangladesh;6105.655386880653;Southern Asia
BD;2013-01-25 20:00:00;Bangladesh;5843.5640954163;Southern Asia
BD;2013-01-25 21:00:00;Bangladesh;5859.965881472632;Southern Asia
BD;2013-01-25 22:00:00;Bangladesh;5953.090660442746;Southern Asia
BD;2013-01-25 23:00:00;Bangladesh;6488.794374240951;Southern Asia
BD;2013-01-26 00:00:00;Bangladesh;6640.49888790046;Southern Asia
BD;2013-01-26 01:00:00;Bangladesh;7405.793608115259;Southern Asia
BD;2013-01-26 02:00:00;Bangladesh;7955.627692923203;Southern Asia
BD;2013-01-26 03:00:00;Bangladesh;8413.563638438127;Southern Asia
BD;2013-01-26 04:00:00;Bangladesh;8422.059993509061;Southern Asia
BD;2013-01-26 05:00:00;Bangladesh;8464.641605353065;Southern Asia
BD;2013-01-26 06:00:00;Bangladesh;8464.641605353065;Southern Asia
BD;2013-01-26 07:00:00;Bangladesh;8427.009185096684;Southern Asia
BD;2013-01-26 08:00:00;Bangladesh;8440.734813582083;Southern Asia
BD;2013-01-26 09:00:00;Bangladesh;8482.117308240644;Southern Asia
BD;2013-01-26 10:00:00;Bangladesh;8515.448124948347;Southern Asia
BD;2013-01-26 11:00:00;Bangladesh;8806.15903013709;Southern Asia
BD;2013-01-26 12:00:00;Bangladesh;9891.48096606359;Southern Asia
BD;2013-01-26 13:00:00;Bangladesh;9989.862540939826;Southern Asia
BD;2013-01-26 14:00:00;Bangladesh;9915.299254135916;Southern Asia
BD;2013-01-26 15:00:00;Bangladesh;9731.426344298607;Southern Asia
BD;2013-01-26 16:00:00;Bangladesh;9283.0374654478;Southern Asia
BD;2013-01-26 17:00:00;Bangladesh;8297.951904472411;Southern Asia
BD;2013-01-26 18:00:00;Bangladesh;6543.420583952598;Southern Asia
BD;2013-01-26 19:00:00;Bangladesh;6105.655386880653;Southern Asia
BD;2013-01-26 20:00:00;Bangladesh;5843.5640954163;Southern Asia
BD;2013-01-26 21:00:00;Bangladesh;5859.965881472632;Southern Asia
BD;2013-01-26 22:00:00;Bangladesh;6031.513571958757;Southern Asia
BD;2013-01-26 23:00:00;Bangladesh;6567.217285756961;Southern Asia
BD;2013-01-27 00:00:00;Bangladesh;6718.92179941647;Southern Asia
BD;2013-01-27 01:00:00;Bangladesh;7484.21651963127;Southern Asia
BD;2013-01-27 02:00:00;Bangladesh;7957.163555888896;Southern Asia
BD;2013-01-27 03:00:00;Bangladesh;8413.563638438127;Southern Asia
BD;2013-01-27 04:00:00;Bangladesh;8463.29732051556;Southern Asia
BD;2013-01-27 05:00:00;Bangladesh;8464.641605353065;Southern Asia
BD;2013-01-27 06:00:00;Bangladesh;8464.641605353065;Southern Asia
BD;2013-01-27 07:00:00;Bangladesh;8427.009185096684;Southern Asia
BD;2013-01-27 08:00:00;Bangladesh;8459.972495592285;Southern Asia
BD;2013-01-27 09:00:00;Bangladesh;8462.790043218387;Southern Asia
BD;2013-01-27 10:00:00;Bangladesh;8572.346829019983;Southern Asia
BD;2013-01-27 11:00:00;Bangladesh;8843.820052198527;Southern Asia
BD;2013-01-27 12:00:00;Bangladesh;9932.718293070087;Southern Asia
BD;2013-01-27 13:00:00;Bangladesh;9989.862540939826;Southern Asia
BD;2013-01-27 14:00:00;Bangladesh;9905.609178446532;Southern Asia
BD;2013-01-27 15:00:00;Bangladesh;9474.01873332591;Southern Asia
BD;2013-01-27 16:00:00;Bangladesh;9012.387218735415;Southern Asia
BD;2013-01-27 17:00:00;Bangladesh;8277.749855940881;Southern Asia
BD;2013-01-27 18:00:00;Bangladesh;6771.941990791538;Southern Asia
BD;2013-01-27 19:00:00;Bangladesh;6330.40567270615;Southern Asia
BD;2013-01-27 20:00:00;Bangladesh;6141.68016983036;Southern Asia
BD;2013-01-27 21:00:00;Bangladesh;6087.61844102599;Southern Asia
BD;2013-01-27 22:00:00;Bangladesh;6211.858206297225;Southern Asia
BD;2013-01-27 23:00:00;Bangladesh;6786.696744602159;Southern Asia
BD;2013-01-28 00:00:00;Bangladesh;7066.71111435766;Southern Asia
BD;2013-01-28 01:00:00;Bangladesh;7838.208648672136;Southern Asia
BD;2013-01-28 02:00:00;Bangladesh;8520.006065429106;Southern Asia
BD;2013-01-28 03:00:00;Bangladesh;8835.86389348341;Southern Asia
BD;2013-01-28 04:00:00;Bangladesh;8976.639819329057;Southern Asia
BD;2013-01-28 05:00:00;Bangladesh;9015.47945162137;Southern Asia
BD;2013-01-28 06:00:00;Bangladesh;9001.534182859428;Southern Asia
BD;2013-01-28 07:00:00;Bangladesh;8963.901762603047;Southern Asia
BD;2013-01-28 08:00:00;Bangladesh;8963.901762603047;Southern Asia
BD;2013-01-28 09:00:00;Bangladesh;9036.168270495504;Southern Asia
BD;2013-01-28 10:00:00;Bangladesh;8989.27264299874;Southern Asia
BD;2013-01-28 11:00:00;Bangladesh;9149.105465860384;Southern Asia
BD;2013-01-28 12:00:00;Bangladesh;9603.441361535486;Southern Asia
BD;2013-01-28 13:00:00;Bangladesh;9648.376416244348;Southern Asia
BD;2013-01-28 14:00:00;Bangladesh;9726.637430750623;Southern Asia
BD;2013-01-28 15:00:00;Bangladesh;9286.794555387069;Southern Asia
BD;2013-01-28 16:00:00;Bangladesh;8484.414087152096;Southern Asia
BD;2013-01-28 17:00:00;Bangladesh;7425.459777544564;Southern Asia
BD;2013-01-28 18:00:00;Bangladesh;6771.941990791538;Southern Asia
BD;2013-01-28 19:00:00;Bangladesh;6330.40567270615;Southern Asia
BD;2013-01-28 20:00:00;Bangladesh;6127.493674523913;Southern Asia
BD;2013-01-28 21:00:00;Bangladesh;6087.61844102599;Southern Asia
BD;2013-01-28 22:00:00;Bangladesh;6211.858206297225;Southern Asia
BD;2013-01-28 23:00:00;Bangladesh;6786.696744602159;Southern Asia
BD;2013-01-29 00:00:00;Bangladesh;7066.71111435766;Southern Asia
BD;2013-01-29 01:00:00;Bangladesh;7838.208648672136;Southern Asia
BD;2013-01-29 02:00:00;Bangladesh;8463.786249484961;Southern Asia
BD;2013-01-29 03:00:00;Bangladesh;8855.255377652864;Southern Asia
BD;2013-01-29 04:00:00;Bangladesh;9011.353776156602;Southern Asia
BD;2013-01-29 05:00:00;Bangladesh;9042.337086223137;Southern Asia
BD;2013-01-29 06:00:00;Bangladesh;9012.113612788962;Southern Asia
BD;2013-01-29 07:00:00;Bangladesh;8974.481192532581;Southern Asia
BD;2013-01-29 08:00:00;Bangladesh;9002.958876545103;Southern Asia
BD;2013-01-29 09:00:00;Bangladesh;9381.244191553522;Southern Asia
BD;2013-01-29 10:00:00;Bangladesh;9017.575478240748;Southern Asia
BD;2013-01-29 11:00:00;Bangladesh;9149.105465860384;Southern Asia
BD;2013-01-29 12:00:00;Bangladesh;9610.976048368588;Southern Asia
BD;2013-01-29 13:00:00;Bangladesh;9655.911103077451;Southern Asia
BD;2013-01-29 14:00:00;Bangladesh;9745.00302753505;Southern Asia
BD;2013-01-29 15:00:00;Bangladesh;9433.783009152976;Southern Asia
BD;2013-01-29 16:00:00;Bangladesh;8579.964622984751;Southern Asia
BD;2013-01-29 17:00:00;Bangladesh;7461.775975111794;Southern Asia
BD;2013-01-29 18:00:00;Bangladesh;6771.941990791538;Southern Asia
BD;2013-01-29 19:00:00;Bangladesh;6330.40567270615;Southern Asia
BD;2013-01-29 20:00:00;Bangladesh;6127.493674523913;Southern Asia
BD;2013-01-29 21:00:00;Bangladesh;6101.804936332437;Southern Asia
BD;2013-01-29 22:00:00;Bangladesh;6184.160865871628;Southern Asia
BD;2013-01-29 23:00:00;Bangladesh;6786.696744602159;Southern Asia
BD;2013-01-30 00:00:00;Bangladesh;7066.71111435766;Southern Asia
BD;2013-01-30 01:00:00;Bangladesh;7838.208648672136;Southern Asia
BD;2013-01-30 02:00:00;Bangladesh;8463.786249484961;Southern Asia
BD;2013-01-30 03:00:00;Bangladesh;8875.665733670252;Southern Asia
BD;2013-01-30 04:00:00;Bangladesh;9050.41035044196;Southern Asia
BD;2013-01-30 05:00:00;Bangladesh;9057.190057552996;Southern Asia
BD;2013-01-30 06:00:00;Bangladesh;9043.244788791055;Southern Asia
BD;2013-01-30 07:00:00;Bangladesh;9031.21368234089;Southern Asia
BD;2013-01-30 08:00:00;Bangladesh;9044.667863506633;Southern Asia
BD;2013-01-30 09:00:00;Bangladesh;9449.18481134584;Southern Asia
BD;2013-01-30 10:00:00;Bangladesh;9017.575478240748;Southern Asia
BD;2013-01-30 11:00:00;Bangladesh;9140.980394598446;Southern Asia
BD;2013-01-30 12:00:00;Bangladesh;9603.441361535486;Southern Asia
BD;2013-01-30 13:00:00;Bangladesh;9648.376416244348;Southern Asia
BD;2013-01-30 14:00:00;Bangladesh;9734.172117583725;Southern Asia
BD;2013-01-30 15:00:00;Bangladesh;9332.906061700012;Southern Asia
BD;2013-01-30 16:00:00;Bangladesh;8484.414087152096;Southern Asia
BD;2013-01-30 17:00:00;Bangladesh;7445.710934835713;Southern Asia
BD;2013-01-30 18:00:00;Bangladesh;6771.941990791538;Southern Asia
BD;2013-01-30 19:00:00;Bangladesh;6330.40567270615;Southern Asia
BD;2013-01-30 20:00:00;Bangladesh;6127.493674523913;Southern Asia
BD;2013-01-30 21:00:00;Bangladesh;6087.61844102599;Southern Asia
BD;2013-01-30 22:00:00;Bangladesh;6211.858206297225;Southern Asia
BD;2013-01-30 23:00:00;Bangladesh;6786.696744602159;Southern Asia
BD;2013-01-31 00:00:00;Bangladesh;7011.398461324733;Southern Asia
BD;2013-01-31 01:00:00;Bangladesh;7838.208648672136;Southern Asia
BD;2013-01-31 02:00:00;Bangladesh;8463.786249484961;Southern Asia
BD;2013-01-31 03:00:00;Bangladesh;8935.04685855784;Southern Asia
BD;2013-01-31 04:00:00;Bangladesh;8999.631892995032;Southern Asia
BD;2013-01-31 05:00:00;Bangladesh;9085.565206792686;Southern Asia
BD;2013-01-31 06:00:00;Bangladesh;9071.619398374047;Southern Asia
BD;2013-01-31 07:00:00;Bangladesh;9059.588291923881;Southern Asia
BD;2013-01-31 08:00:00;Bangladesh;9093.610408863156;Southern Asia
BD;2013-01-31 09:00:00;Bangladesh;9442.958252351402;Southern Asia
BD;2013-01-31 10:00:00;Bangladesh;9015.280857956093;Southern Asia
BD;2013-01-31 11:00:00;Bangladesh;9140.980394598446;Southern Asia
BD;2013-01-31 12:00:00;Bangladesh;9690.299107258728;Southern Asia
BD;2013-01-31 13:00:00;Bangladesh;9640.25134498241;Southern Asia
BD;2013-01-31 14:00:00;Bangladesh;9695.473335689883;Southern Asia
BD;2013-01-31 15:00:00;Bangladesh;9205.306393820061;Southern Asia
BD;2013-01-31 16:00:00;Bangladesh;8402.927004898487;Southern Asia
BD;2013-01-31 17:00:00;Bangladesh;7360.322674304171;Southern Asia
BD;2013-01-31 18:00:00;Bangladesh;6829.298863400729;Southern Asia
BD;2013-01-31 19:00:00;Bangladesh;6260.215763791903;Southern Asia
BD;2013-01-31 20:00:00;Bangladesh;5987.3669556873065;Southern Asia
BD;2013-01-31 21:00:00;Bangladesh;5963.678724879466;Southern Asia
BD;2013-01-31 22:00:00;Bangladesh;6042.284580016478;Southern Asia
BD;2013-01-31 23:00:00;Bangladesh;6693.841254324903;Southern Asia
BD;2013-02-01 00:00:00;Bangladesh;6900.986319655032;Southern Asia
BD;2013-02-01 01:00:00;Bangladesh;7666.902184730518;Southern Asia
BD;2013-02-01 02:00:00;Bangladesh;8391.170044051474;Southern Asia
BD;2013-02-01 03:00:00;Bangladesh;8843.598253295188;Southern Asia
BD;2013-02-01 04:00:00;Bangladesh;9017.263556668657;Southern Asia
BD;2013-02-01 05:00:00;Bangladesh;9067.234148037003;Southern Asia
BD;2013-02-01 06:00:00;Bangladesh;9050.831282667274;Southern Asia
BD;2013-02-01 07:00:00;Bangladesh;9038.800176217108;Southern Asia
BD;2013-02-01 08:00:00;Bangladesh;9062.908259936863;Southern Asia
BD;2013-02-01 09:00:00;Bangladesh;9410.06293859989;Southern Asia
BD;2013-02-01 10:00:00;Bangladesh;8996.167836643388;Southern Asia
BD;2013-02-01 11:00:00;Bangladesh;9119.572213344385;Southern Asia
BD;2013-02-01 12:00:00;Bangladesh;9573.907029706086;Southern Asia
BD;2013-02-01 13:00:00;Bangladesh;9618.84208441495;Southern Asia
BD;2013-02-01 14:00:00;Bangladesh;9687.415181858636;Southern Asia
BD;2013-02-01 15:00:00;Bangladesh;9121.298035468168;Southern Asia
BD;2013-02-01 16:00:00;Bangladesh;8298.643204703983;Southern Asia
BD;2013-02-01 17:00:00;Bangladesh;7371.678130567037;Southern Asia
BD;2013-02-01 18:00:00;Bangladesh;6707.981339155226;Southern Asia
BD;2013-02-01 19:00:00;Bangladesh;6155.31297736351;Southern Asia
BD;2013-02-01 20:00:00;Bangladesh;5805.592770752871;Southern Asia
BD;2013-02-01 21:00:00;Bangladesh;5795.210315518515;Southern Asia
BD;2013-02-01 22:00:00;Bangladesh;5884.081520386173;Southern Asia
BD;2013-02-01 23:00:00;Bangladesh;6512.04170552561;Southern Asia
BD;2013-02-02 00:00:00;Bangladesh;6601.189214623216;Southern Asia
BD;2013-02-02 01:00:00;Bangladesh;7437.645765467376;Southern Asia
BD;2013-02-02 02:00:00;Bangladesh;7872.011125334869;Southern Asia
BD;2013-02-02 03:00:00;Bangladesh;8772.133675257623;Southern Asia
BD;2013-02-02 04:00:00;Bangladesh;8641.702428677392;Southern Asia
BD;2013-02-02 05:00:00;Bangladesh;8723.853828327618;Southern Asia
BD;2013-02-02 06:00:00;Bangladesh;8709.908559565676;Southern Asia
BD;2013-02-02 07:00:00;Bangladesh;8697.877453115512;Southern Asia
BD;2013-02-02 08:00:00;Bangladesh;8693.12361725297;Southern Asia
BD;2013-02-02 09:00:00;Bangladesh;8782.595460026749;Southern Asia
BD;2013-02-02 10:00:00;Bangladesh;8617.09624182435;Southern Asia
BD;2013-02-02 11:00:00;Bangladesh;8911.801146243277;Southern Asia
BD;2013-02-02 12:00:00;Bangladesh;10137.101395414124;Southern Asia
BD;2013-02-02 13:00:00;Bangladesh;10224.83338498994;Southern Asia
BD;2013-02-02 14:00:00;Bangladesh;10109.643662562936;Southern Asia
BD;2013-02-02 15:00:00;Bangladesh;9489.735695031059;Southern Asia
BD;2013-02-02 16:00:00;Bangladesh;8364.667503557728;Southern Asia
BD;2013-02-02 17:00:00;Bangladesh;7289.142495347041;Southern Asia
BD;2013-02-02 18:00:00;Bangladesh;6789.163515373832;Southern Asia
BD;2013-02-02 19:00:00;Bangladesh;6258.558478068907;Southern Asia
BD;2013-02-02 20:00:00;Bangladesh;5822.679381160385;Southern Asia
BD;2013-02-02 21:00:00;Bangladesh;5809.524169805954;Southern Asia
BD;2013-02-02 22:00:00;Bangladesh;5884.081520386173;Southern Asia
BD;2013-02-02 23:00:00;Bangladesh;6512.04170552561;Southern Asia
BD;2013-02-03 00:00:00;Bangladesh;6601.189214623216;Southern Asia
BD;2013-02-03 01:00:00;Bangladesh;7451.176577884394;Southern Asia
BD;2013-02-03 02:00:00;Bangladesh;7879.7568179373275;Southern Asia
BD;2013-02-03 03:00:00;Bangladesh;8764.982144680893;Southern Asia
BD;2013-02-03 04:00:00;Bangladesh;8643.679191166268;Southern Asia
BD;2013-02-03 05:00:00;Bangladesh;8723.853828327618;Southern Asia
BD;2013-02-03 06:00:00;Bangladesh;8709.908559565676;Southern Asia
BD;2013-02-03 07:00:00;Bangladesh;8697.877453115512;Southern Asia
BD;2013-02-03 08:00:00;Bangladesh;8693.12361725297;Southern Asia
BD;2013-02-03 09:00:00;Bangladesh;8857.76963821406;Southern Asia
BD;2013-02-03 10:00:00;Bangladesh;8663.978377903637;Southern Asia
BD;2013-02-03 11:00:00;Bangladesh;8950.4513590342;Southern Asia
BD;2013-02-03 12:00:00;Bangladesh;10130.174362024229;Southern Asia
BD;2013-02-03 13:00:00;Bangladesh;10160.578620452608;Southern Asia
BD;2013-02-03 14:00:00;Bangladesh;10109.643662562936;Southern Asia
BD;2013-02-03 15:00:00;Bangladesh;9448.499447337957;Southern Asia
BD;2013-02-03 16:00:00;Bangladesh;8364.667503557728;Southern Asia
BD;2013-02-03 17:00:00;Bangladesh;7289.142495347041;Southern Asia
BD;2013-02-03 18:00:00;Bangladesh;6831.465585047694;Southern Asia
BD;2013-02-03 19:00:00;Bangladesh;6262.382485438867;Southern Asia
BD;2013-02-03 20:00:00;Bangladesh;5987.3669556873065;Southern Asia
BD;2013-02-03 21:00:00;Bangladesh;5963.678724879466;Southern Asia
BD;2013-02-03 22:00:00;Bangladesh;6042.284580016478;Southern Asia
BD;2013-02-03 23:00:00;Bangladesh;6693.841254324903;Southern Asia
BD;2013-02-04 00:00:00;Bangladesh;6900.986319655032;Southern Asia
BD;2013-02-04 01:00:00;Bangladesh;7650.837144454436;Southern Asia
BD;2013-02-04 02:00:00;Bangladesh;8391.170044051474;Southern Asia
BD;2013-02-04 03:00:00;Bangladesh;9150.213920720376;Southern Asia
BD;2013-02-04 04:00:00;Bangladesh;9421.088124962895;Southern Asia
BD;2013-02-04 05:00:00;Bangladesh;9486.926242255444;Southern Asia
BD;2013-02-04 06:00:00;Bangladesh;9513.970598075106;Southern Asia
BD;2013-02-04 07:00:00;Bangladesh;9547.7358384256;Southern Asia
BD;2013-02-04 08:00:00;Bangladesh;9595.179217471969;Southern Asia
BD;2013-02-04 09:00:00;Bangladesh;9607.039792405212;Southern Asia
BD;2013-02-04 10:00:00;Bangladesh;9142.079135637852;Southern Asia
BD;2013-02-04 11:00:00;Bangladesh;9236.357160973987;Southern Asia
BD;2013-02-04 12:00:00;Bangladesh;9810.284219114106;Southern Asia
BD;2013-02-04 13:00:00;Bangladesh;9823.966675063577;Southern Asia
BD;2013-02-04 14:00:00;Bangladesh;9716.960306822017;Southern Asia
BD;2013-02-04 15:00:00;Bangladesh;9121.298035468168;Southern Asia
BD;2013-02-04 16:00:00;Bangladesh;8298.643204703983;Southern Asia
BD;2013-02-04 17:00:00;Bangladesh;7371.678130567037;Southern Asia
BD;2013-02-04 18:00:00;Bangladesh;6831.465585047694;Southern Asia
BD;2013-02-04 19:00:00;Bangladesh;6262.382485438867;Southern Asia
BD;2013-02-04 20:00:00;Bangladesh;5989.53367733427;Southern Asia
BD;2013-02-04 21:00:00;Bangladesh;5963.678724879466;Southern Asia
BD;2013-02-04 22:00:00;Bangladesh;6042.284580016478;Southern Asia
BD;2013-02-04 23:00:00;Bangladesh;6693.841254324903;Southern Asia
BD;2013-02-05 00:00:00;Bangladesh;6900.986319655032;Southern Asia
BD;2013-02-05 01:00:00;Bangladesh;7650.837144454436;Southern Asia
BD;2013-02-05 02:00:00;Bangladesh;8391.170044051474;Southern Asia
BD;2013-02-05 03:00:00;Bangladesh;9418.116775177545;Southern Asia
BD;2013-02-05 04:00:00;Bangladesh;9523.792349999076;Southern Asia
BD;2013-02-05 05:00:00;Bangladesh;9606.460201110358;Southern Asia
BD;2013-02-05 06:00:00;Bangladesh;9592.514392691719;Southern Asia
BD;2013-02-05 07:00:00;Bangladesh;9580.483286241553;Southern Asia
BD;2013-02-05 08:00:00;Bangladesh;9580.483286241553;Southern Asia
BD;2013-02-05 09:00:00;Bangladesh;9649.024004283292;Southern Asia
BD;2013-02-05 10:00:00;Bangladesh;9500.557970475196;Southern Asia
BD;2013-02-05 11:00:00;Bangladesh;9564.885049010212;Southern Asia
BD;2013-02-05 12:00:00;Bangladesh;10350.180525807767;Southern Asia
BD;2013-02-05 13:00:00;Bangladesh;9875.512524336651;Southern Asia
BD;2013-02-05 14:00:00;Bangladesh;9800.76683356844;Southern Asia
BD;2013-02-05 15:00:00;Bangladesh;9121.298035468168;Southern Asia
BD;2013-02-05 16:00:00;Bangladesh;8298.643204703983;Southern Asia
BD;2013-02-05 17:00:00;Bangladesh;7371.678130567037;Southern Asia
BD;2013-02-05 18:00:00;Bangladesh;6804.4697983309525;Southern Asia
BD;2013-02-05 19:00:00;Bangladesh;6235.386698722125;Southern Asia
BD;2013-02-05 20:00:00;Bangladesh;5975.834492027127;Southern Asia
BD;2013-02-05 21:00:00;Bangladesh;5963.678724879466;Southern Asia
BD;2013-02-05 22:00:00;Bangladesh;6042.284580016478;Southern Asia
BD;2013-02-05 23:00:00;Bangladesh;6693.841254324903;Southern Asia
BD;2013-02-06 00:00:00;Bangladesh;6900.986319655032;Southern Asia
BD;2013-02-06 01:00:00;Bangladesh;7650.837144454436;Southern Asia
BD;2013-02-06 02:00:00;Bangladesh;8391.170044051474;Southern Asia
BD;2013-02-06 03:00:00;Bangladesh;9480.85726301715;Southern Asia
BD;2013-02-06 04:00:00;Bangladesh;9602.336144615689;Southern Asia
BD;2013-02-06 05:00:00;Bangladesh;9658.257530405222;Southern Asia
BD;2013-02-06 06:00:00;Bangladesh;9644.311721986584;Southern Asia
BD;2013-02-06 07:00:00;Bangladesh;9632.280615536418;Southern Asia
BD;2013-02-06 08:00:00;Bangladesh;9632.280615536418;Southern Asia
BD;2013-02-06 09:00:00;Bangladesh;9668.867181109907;Southern Asia
BD;2013-02-06 10:00:00;Bangladesh;9500.557970475196;Southern Asia
BD;2013-02-06 11:00:00;Bangladesh;9564.885049010212;Southern Asia
BD;2013-02-06 12:00:00;Bangladesh;10074.26269005528;Southern Asia
BD;2013-02-06 13:00:00;Bangladesh;9928.16359052952;Southern Asia
BD;2013-02-06 14:00:00;Bangladesh;9809.540572182721;Southern Asia
BD;2013-02-06 15:00:00;Bangladesh;9153.389260737993;Southern Asia
BD;2013-02-06 16:00:00;Bangladesh;8298.643204703983;Southern Asia
BD;2013-02-06 17:00:00;Bangladesh;7371.678130567037;Southern Asia
BD;2013-02-06 18:00:00;Bangladesh;6804.4697983309525;Southern Asia
BD;2013-02-06 19:00:00;Bangladesh;6235.386698722125;Southern Asia
BD;2013-02-06 20:00:00;Bangladesh;5975.834492027127;Southern Asia
BD;2013-02-06 21:00:00;Bangladesh;5965.845446526431;Southern Asia
BD;2013-02-06 22:00:00;Bangladesh;6044.451301663441;Southern Asia
BD;2013-02-06 23:00:00;Bangladesh;6693.841254324903;Southern Asia
BD;2013-02-07 00:00:00;Bangladesh;6900.986319655032;Southern Asia
BD;2013-02-07 01:00:00;Bangladesh;7653.0038661014005;Southern Asia
BD;2013-02-07 02:00:00;Bangladesh;8399.121885512997;Southern Asia
BD;2013-02-07 03:00:00;Bangladesh;9435.060916216491;Southern Asia
BD;2013-02-07 04:00:00;Bangladesh;9617.032075846104;Southern Asia
BD;2013-02-07 05:00:00;Bangladesh;9606.460201110358;Southern Asia
BD;2013-02-07 06:00:00;Bangladesh;9644.311721986584;Southern Asia
BD;2013-02-07 07:00:00;Bangladesh;9632.280615536418;Southern Asia
BD;2013-02-07 08:00:00;Bangladesh;9632.280615536418;Southern Asia
BD;2013-02-07 09:00:00;Bangladesh;9649.024004283292;Southern Asia
BD;2013-02-07 10:00:00;Bangladesh;9535.321575719061;Southern Asia
BD;2013-02-07 11:00:00;Bangladesh;9599.648654254075;Southern Asia
BD;2013-02-07 12:00:00;Bangladesh;10510.581607173584;Southern Asia
BD;2013-02-07 13:00:00;Bangladesh;10548.013275137895;Southern Asia
BD;2013-02-07 14:00:00;Bangladesh;10499.383730666861;Southern Asia
BD;2013-02-07 15:00:00;Bangladesh;9145.558842033774;Southern Asia
BD;2013-02-07 16:00:00;Bangladesh;8322.904550926287;Southern Asia
BD;2013-02-07 17:00:00;Bangladesh;7454.875384900157;Southern Asia
BD;2013-02-07 18:00:00;Bangladesh;6894.471583983264;Southern Asia
BD;2013-02-07 19:00:00;Bangladesh;6364.048410985943;Southern Asia
BD;2013-02-07 20:00:00;Bangladesh;6077.298585968733;Southern Asia
BD;2013-02-07 21:00:00;Bangladesh;6080.766419917273;Southern Asia
BD;2013-02-07 22:00:00;Bangladesh;6282.837632962282;Southern Asia
BD;2013-02-07 23:00:00;Bangladesh;6938.012705438303;Southern Asia
BD;2013-02-08 00:00:00;Bangladesh;7138.382380910989;Southern Asia
BD;2013-02-08 01:00:00;Bangladesh;7827.365326616734;Southern Asia
BD;2013-02-08 02:00:00;Bangladesh;8559.716163977098;Southern Asia
BD;2013-02-08 03:00:00;Bangladesh;9350.177234698625;Southern Asia
BD;2013-02-08 04:00:00;Bangladesh;9489.028744755211;Southern Asia
BD;2013-02-08 05:00:00;Bangladesh;9527.916406493745;Southern Asia
BD;2013-02-08 06:00:00;Bangladesh;9607.210323922134;Southern Asia
BD;2013-02-08 07:00:00;Bangladesh;9595.179217471969;Southern Asia
BD;2013-02-08 08:00:00;Bangladesh;9595.179217471969;Southern Asia
BD;2013-02-08 09:00:00;Bangladesh;9591.310958252683;Southern Asia
BD;2013-02-08 10:00:00;Bangladesh;9142.079135637852;Southern Asia
BD;2013-02-08 11:00:00;Bangladesh;9218.833428640186;Southern Asia
BD;2013-02-08 12:00:00;Bangladesh;9801.510480499826;Southern Asia
BD;2013-02-08 13:00:00;Bangladesh;9832.716668783096;Southern Asia
BD;2013-02-08 14:00:00;Bangladesh;9716.960306822017;Southern Asia
BD;2013-02-08 15:00:00;Bangladesh;9145.558842033774;Southern Asia
BD;2013-02-08 16:00:00;Bangladesh;8322.904550926287;Southern Asia
BD;2013-02-08 17:00:00;Bangladesh;7430.711716540393;Southern Asia
BD;2013-02-08 18:00:00;Bangladesh;6889.132760258877;Southern Asia
BD;2013-02-08 19:00:00;Bangladesh;6369.80978590574;Southern Asia
BD;2013-02-08 20:00:00;Bangladesh;5988.481346770987;Southern Asia
BD;2013-02-08 21:00:00;Bangladesh;5983.186235239229;Southern Asia
BD;2013-02-08 22:00:00;Bangladesh;5886.858593759842;Southern Asia
BD;2013-02-08 23:00:00;Bangladesh;6514.818778899277;Southern Asia
BD;2013-02-09 00:00:00;Bangladesh;6594.704699726599;Southern Asia
BD;2013-02-09 01:00:00;Bangladesh;7426.214217609932;Southern Asia
BD;2013-02-09 02:00:00;Bangladesh;7865.527150094951;Southern Asia
BD;2013-02-09 03:00:00;Bangladesh;8763.383681538102;Southern Asia
BD;2013-02-09 04:00:00;Bangladesh;8616.178825435849;Southern Asia
BD;2013-02-09 05:00:00;Bangladesh;8664.797037116201;Southern Asia
BD;2013-02-09 06:00:00;Bangladesh;8709.908559565676;Southern Asia
BD;2013-02-09 07:00:00;Bangladesh;8697.877453115512;Southern Asia
BD;2013-02-09 08:00:00;Bangladesh;8693.12361725297;Southern Asia
BD;2013-02-09 09:00:00;Bangladesh;8857.76963821406;Southern Asia
BD;2013-02-09 10:00:00;Bangladesh;8655.228384184118;Southern Asia
BD;2013-02-09 11:00:00;Bangladesh;8950.4513590342;Southern Asia
BD;2013-02-09 12:00:00;Bangladesh;10173.608091796143;Southern Asia
BD;2013-02-09 13:00:00;Bangladesh;10261.588323453554;Southern Asia
BD;2013-02-09 14:00:00;Bangladesh;10009.841711254618;Southern Asia
BD;2013-02-09 15:00:00;Bangladesh;9489.735695031059;Southern Asia
BD;2013-02-09 16:00:00;Bangladesh;8364.667503557728;Southern Asia
BD;2013-02-09 17:00:00;Bangladesh;7289.142495347041;Southern Asia
BD;2013-02-09 18:00:00;Bangladesh;6707.981339155226;Southern Asia
BD;2013-02-09 19:00:00;Bangladesh;6155.31297736351;Southern Asia
BD;2013-02-09 20:00:00;Bangladesh;5805.592770752871;Southern Asia
BD;2013-02-09 21:00:00;Bangladesh;5795.210315518515;Southern Asia
BD;2013-02-09 22:00:00;Bangladesh;5884.081520386173;Southern Asia
BD;2013-02-09 23:00:00;Bangladesh;6512.04170552561;Southern Asia
BD;2013-02-10 00:00:00;Bangladesh;6601.189214623216;Southern Asia
BD;2013-02-10 01:00:00;Bangladesh;7437.645765467376;Southern Asia
BD;2013-02-10 02:00:00;Bangladesh;7872.011125334869;Southern Asia
BD;2013-02-10 03:00:00;Bangladesh;8772.133675257623;Southern Asia
BD;2013-02-10 04:00:00;Bangladesh;8616.178825435849;Southern Asia
BD;2013-02-10 05:00:00;Bangladesh;8654.245669335021;Southern Asia
BD;2013-02-10 06:00:00;Bangladesh;8650.851768354261;Southern Asia
BD;2013-02-10 07:00:00;Bangladesh;8697.877453115512;Southern Asia
BD;2013-02-10 08:00:00;Bangladesh;8693.12361725297;Southern Asia
BD;2013-02-10 09:00:00;Bangladesh;8857.76963821406;Southern Asia
BD;2013-02-10 10:00:00;Bangladesh;8631.303244085366;Southern Asia
BD;2013-02-10 11:00:00;Bangladesh;8950.4513590342;Southern Asia
BD;2013-02-10 12:00:00;Bangladesh;10173.608091796143;Southern Asia
BD;2013-02-10 13:00:00;Bangladesh;10261.588323453554;Southern Asia
BD;2013-02-10 14:00:00;Bangladesh;10008.48717293983;Southern Asia
BD;2013-02-10 15:00:00;Bangladesh;9438.808292335176;Southern Asia
BD;2013-02-10 16:00:00;Bangladesh;8354.976348554945;Southern Asia
BD;2013-02-10 17:00:00;Bangladesh;7289.142495347041;Southern Asia
BD;2013-02-10 18:00:00;Bangladesh;6829.298863400729;Southern Asia
BD;2013-02-10 19:00:00;Bangladesh;6260.215763791903;Southern Asia
BD;2013-02-10 20:00:00;Bangladesh;5987.3669556873065;Southern Asia
BD;2013-02-10 21:00:00;Bangladesh;5963.678724879466;Southern Asia
BD;2013-02-10 22:00:00;Bangladesh;6042.284580016478;Southern Asia
BD;2013-02-10 23:00:00;Bangladesh;6693.841254324903;Southern Asia
BD;2013-02-11 00:00:00;Bangladesh;6900.986319655032;Southern Asia
BD;2013-02-11 01:00:00;Bangladesh;7650.837144454436;Southern Asia
BD;2013-02-11 02:00:00;Bangladesh;8391.170044051474;Southern Asia
BD;2013-02-11 03:00:00;Bangladesh;9039.344150169822;Southern Asia
BD;2013-02-11 04:00:00;Bangladesh;9144.282014283657;Southern Asia
BD;2013-02-11 05:00:00;Bangladesh;9493.152801249882;Southern Asia
BD;2013-02-11 06:00:00;Bangladesh;9472.980433836805;Southern Asia
BD;2013-02-11 07:00:00;Bangladesh;9501.939491624942;Southern Asia
BD;2013-02-11 08:00:00;Bangladesh;9547.7358384256;Southern Asia
BD;2013-02-11 09:00:00;Bangladesh;9643.108287547546;Southern Asia
BD;2013-02-11 10:00:00;Bangladesh;9368.411155248466;Southern Asia
BD;2013-02-11 11:00:00;Bangladesh;9386.353661180783;Southern Asia
BD;2013-02-11 12:00:00;Bangladesh;9810.284219114106;Southern Asia
BD;2013-02-11 13:00:00;Bangladesh;9841.490407397378;Southern Asia
BD;2013-02-11 14:00:00;Bangladesh;9800.76683356844;Southern Asia
BD;2013-02-11 15:00:00;Bangladesh;9145.406658844622;Southern Asia
BD;2013-02-11 16:00:00;Bangladesh;8322.752367737136;Southern Asia
BD;2013-02-11 17:00:00;Bangladesh;7403.769355836865;Southern Asia
BD;2013-02-11 18:00:00;Bangladesh;6881.707084078997;Southern Asia
BD;2013-02-11 19:00:00;Bangladesh;6261.8493046201365;Southern Asia
BD;2013-02-11 20:00:00;Bangladesh;5961.27401462819;Southern Asia
BD;2013-02-11 21:00:00;Bangladesh;5963.678724879466;Southern Asia
BD;2013-02-11 22:00:00;Bangladesh;6042.284580016478;Southern Asia
BD;2013-02-11 23:00:00;Bangladesh;6693.841254324903;Southern Asia
BD;2013-02-12 00:00:00;Bangladesh;6900.986319655032;Southern Asia
BD;2013-02-12 01:00:00;Bangladesh;7650.837144454436;Southern Asia
BD;2013-02-12 02:00:00;Bangladesh;8391.170044051474;Southern Asia
BD;2013-02-12 03:00:00;Bangladesh;9073.367886079192;Southern Asia
BD;2013-02-12 04:00:00;Bangladesh;9356.881929528483;Southern Asia
BD;2013-02-12 05:00:00;Bangladesh;9486.926242255444;Southern Asia
BD;2013-02-12 06:00:00;Bangladesh;9559.766944875764;Southern Asia
BD;2013-02-12 07:00:00;Bangladesh;9595.179217471969;Southern Asia
BD;2013-02-12 08:00:00;Bangladesh;9595.179217471969;Southern Asia
BD;2013-02-12 09:00:00;Bangladesh;9643.108287547546;Southern Asia
BD;2013-02-12 10:00:00;Bangladesh;9432.617350682878;Southern Asia
BD;2013-02-12 11:00:00;Bangladesh;9432.738233783482;Southern Asia
BD;2013-02-12 12:00:00;Bangladesh;10285.974330373356;Southern Asia
BD;2013-02-12 13:00:00;Bangladesh;10317.180518656625;Southern Asia
BD;2013-02-12 14:00:00;Bangladesh;10222.166401582894;Southern Asia
BD;2013-02-12 15:00:00;Bangladesh;9089.750784151054;Southern Asia
BD;2013-02-12 16:00:00;Bangladesh;8378.346181910303;Southern Asia
BD;2013-02-12 17:00:00;Bangladesh;7430.711716540393;Southern Asia
BD;2013-02-12 18:00:00;Bangladesh;6894.471583983264;Southern Asia
BD;2013-02-12 19:00:00;Bangladesh;6364.048410985943;Southern Asia
BD;2013-02-12 20:00:00;Bangladesh;6077.298585968733;Southern Asia
BD;2013-02-12 21:00:00;Bangladesh;6063.14015281064;Southern Asia
BD;2013-02-12 22:00:00;Bangladesh;6136.223700945564;Southern Asia
BD;2013-02-12 23:00:00;Bangladesh;6771.1152367284885;Southern Asia
BD;2013-02-13 00:00:00;Bangladesh;6971.484912201174;Southern Asia
BD;2013-02-13 01:00:00;Bangladesh;7741.206975975548;Southern Asia
BD;2013-02-13 02:00:00;Bangladesh;8535.607000943946;Southern Asia
BD;2013-02-13 03:00:00;Bangladesh;9039.344150169822;Southern Asia
BD;2013-02-13 04:00:00;Bangladesh;9110.259897344382;Southern Asia
BD;2013-02-13 05:00:00;Bangladesh;9425.212181457564;Southern Asia
BD;2013-02-13 06:00:00;Bangladesh;9479.206992831241;Southern Asia
BD;2013-02-13 07:00:00;Bangladesh;9467.175886381077;Southern Asia
BD;2013-02-13 08:00:00;Bangladesh;9467.175886381077;Southern Asia
BD;2013-02-13 09:00:00;Bangladesh;9591.310958252683;Southern Asia
BD;2013-02-13 10:00:00;Bangladesh;9157.787462835815;Southern Asia
BD;2013-02-13 11:00:00;Bangladesh;9270.37927791326;Southern Asia
BD;2013-02-13 12:00:00;Bangladesh;9810.284219114106;Southern Asia
BD;2013-02-13 13:00:00;Bangladesh;9841.490407397378;Southern Asia
BD;2013-02-13 14:00:00;Bangladesh;9792.01683984892;Southern Asia
BD;2013-02-13 15:00:00;Bangladesh;9145.558842033774;Southern Asia
BD;2013-02-13 16:00:00;Bangladesh;8322.904550926287;Southern Asia
BD;2013-02-13 17:00:00;Bangladesh;7401.76776913983;Southern Asia
BD;2013-02-13 18:00:00;Bangladesh;6921.792783689574;Southern Asia
BD;2013-02-13 19:00:00;Bangladesh;6347.294768761785;Southern Asia
BD;2013-02-13 20:00:00;Bangladesh;6051.448490424222;Southern Asia
BD;2013-02-13 21:00:00;Bangladesh;5948.941779739918;Southern Asia
BD;2013-02-13 22:00:00;Bangladesh;6050.236421478;Southern Asia
BD;2013-02-13 23:00:00;Bangladesh;6696.0079759718665;Southern Asia
BD;2013-02-14 00:00:00;Bangladesh;6903.1530413019955;Southern Asia
BD;2013-02-14 01:00:00;Bangladesh;7658.788985915959;Southern Asia
BD;2013-02-14 02:00:00;Bangladesh;8386.251073239002;Southern Asia
BD;2013-02-14 03:00:00;Bangladesh;9350.177234698625;Southern Asia
BD;2013-02-14 04:00:00;Bangladesh;9489.028744755211;Southern Asia
BD;2013-02-14 05:00:00;Bangladesh;9527.916406493745;Southern Asia
BD;2013-02-14 06:00:00;Bangladesh;9607.210323922134;Southern Asia
BD;2013-02-14 07:00:00;Bangladesh;9595.179217471969;Southern Asia
BD;2013-02-14 08:00:00;Bangladesh;9580.483286241553;Southern Asia
BD;2013-02-14 09:00:00;Bangladesh;9714.78980757816;Southern Asia
BD;2013-02-14 10:00:00;Bangladesh;9500.557970475196;Southern Asia
BD;2013-02-14 11:00:00;Bangladesh;9564.885049010212;Southern Asia
BD;2013-02-14 12:00:00;Bangladesh;10285.974330373356;Southern Asia
BD;2013-02-14 13:00:00;Bangladesh;10105.46887833855;Southern Asia
BD;2013-02-14 14:00:00;Bangladesh;9687.415181858636;Southern Asia
BD;2013-02-14 15:00:00;Bangladesh;9149.38392871713;Southern Asia
BD;2013-02-14 16:00:00;Bangladesh;8326.729637609646;Southern Asia
BD;2013-02-14 17:00:00;Bangladesh;7403.769355836865;Southern Asia
BD;2013-02-14 18:00:00;Bangladesh;6820.472778086634;Southern Asia
BD;2013-02-14 19:00:00;Bangladesh;6235.386698722125;Southern Asia
BD;2013-02-14 20:00:00;Bangladesh;5975.834492027127;Southern Asia
BD;2013-02-14 21:00:00;Bangladesh;5963.678724879466;Southern Asia
BD;2013-02-14 22:00:00;Bangladesh;6042.284580016478;Southern Asia
BD;2013-02-14 23:00:00;Bangladesh;6693.841254324903;Southern Asia
BD;2013-02-15 00:00:00;Bangladesh;6900.986319655032;Southern Asia
BD;2013-02-15 01:00:00;Bangladesh;7650.837144454436;Southern Asia
BD;2013-02-15 02:00:00;Bangladesh;8391.170044051474;Southern Asia
BD;2013-02-15 03:00:00;Bangladesh;9480.85726301715;Southern Asia
BD;2013-02-15 04:00:00;Bangladesh;9617.032075846104;Southern Asia
BD;2013-02-15 05:00:00;Bangladesh;9658.257530405222;Southern Asia
BD;2013-02-15 06:00:00;Bangladesh;9644.311721986584;Southern Asia
BD;2013-02-15 07:00:00;Bangladesh;9638.196332272164;Southern Asia
BD;2013-02-15 08:00:00;Bangladesh;9638.196332272164;Southern Asia
BD;2013-02-15 09:00:00;Bangladesh;9779.299290077475;Southern Asia
BD;2013-02-15 10:00:00;Bangladesh;9535.321575719061;Southern Asia
BD;2013-02-15 11:00:00;Bangladesh;9558.658490015772;Southern Asia
BD;2013-02-15 12:00:00;Bangladesh;10516.807086854624;Southern Asia
BD;2013-02-15 13:00:00;Bangladesh;10548.013275137895;Southern Asia
BD;2013-02-15 14:00:00;Bangladesh;10056.839333867516;Southern Asia
BD;2013-02-15 15:00:00;Bangladesh;9149.38392871713;Southern Asia
BD;2013-02-15 16:00:00;Bangladesh;8322.752367737136;Southern Asia
BD;2013-02-15 17:00:00;Bangladesh;7401.76776913983;Southern Asia
BD;2013-02-15 18:00:00;Bangladesh;6907.502674296897;Southern Asia
BD;2013-02-15 19:00:00;Bangladesh;6323.581174089087;Southern Asia
BD;2013-02-15 20:00:00;Bangladesh;5932.890230881315;Southern Asia
BD;2013-02-15 21:00:00;Bangladesh;5971.566886850493;Southern Asia
BD;2013-02-15 22:00:00;Bangladesh;5884.081520386173;Southern Asia
BD;2013-02-15 23:00:00;Bangladesh;6512.04170552561;Southern Asia
BD;2013-02-16 00:00:00;Bangladesh;6601.189214623216;Southern Asia
BD;2013-02-16 01:00:00;Bangladesh;7437.645765467376;Southern Asia
BD;2013-02-16 02:00:00;Bangladesh;7860.579577477425;Southern Asia
BD;2013-02-16 03:00:00;Bangladesh;8890.245638710358;Southern Asia
BD;2013-02-16 04:00:00;Bangladesh;8766.965922706857;Southern Asia
BD;2013-02-16 05:00:00;Bangladesh;8863.606565071734;Southern Asia
BD;2013-02-16 06:00:00;Bangladesh;8849.661296309792;Southern Asia
BD;2013-02-16 07:00:00;Bangladesh;8837.630189859628;Southern Asia
BD;2013-02-16 08:00:00;Bangladesh;8832.876353997086;Southern Asia
BD;2013-02-16 09:00:00;Bangladesh;8857.76963821406;Southern Asia
BD;2013-02-16 10:00:00;Bangladesh;8785.205779480388;Southern Asia
BD;2013-02-16 11:00:00;Bangladesh;9012.621969399532;Southern Asia
BD;2013-02-16 12:00:00;Bangladesh;10430.21916948094;Southern Asia
BD;2013-02-16 13:00:00;Bangladesh;10424.9132648152;Southern Asia
BD;2013-02-16 14:00:00;Bangladesh;10154.752486728916;Southern Asia
BD;2013-02-16 15:00:00;Bangladesh;9511.364056218361;Southern Asia
BD;2013-02-16 16:00:00;Bangladesh;8497.760876634713;Southern Asia
BD;2013-02-16 17:00:00;Bangladesh;7326.700982635644;Southern Asia
BD;2013-02-16 18:00:00;Bangladesh;7022.146264144392;Southern Asia
BD;2013-02-16 19:00:00;Bangladesh;6451.789574725643;Southern Asia
BD;2013-02-16 20:00:00;Bangladesh;6086.323264948104;Southern Asia
BD;2013-02-16 21:00:00;Bangladesh;6098.8200951296085;Southern Asia
BD;2013-02-16 22:00:00;Bangladesh;6230.502265938397;Southern Asia
BD;2013-02-16 23:00:00;Bangladesh;6819.429082030538;Southern Asia
BD;2013-02-17 00:00:00;Bangladesh;6891.332940621187;Southern Asia
BD;2013-02-17 01:00:00;Bangladesh;7700.640442246055;Southern Asia
BD;2013-02-17 02:00:00;Bangladesh;8209.83028275983;Southern Asia
BD;2013-02-17 03:00:00;Bangladesh;8645.397458096262;Southern Asia
BD;2013-02-17 04:00:00;Bangladesh;8632.585468402473;Southern Asia
BD;2013-02-17 05:00:00;Bangladesh;8566.065764698937;Southern Asia
BD;2013-02-17 06:00:00;Bangladesh;8552.120495936995;Southern Asia
BD;2013-02-17 07:00:00;Bangladesh;8514.488075680612;Southern Asia
BD;2013-02-17 08:00:00;Bangladesh;8509.734239818072;Southern Asia
BD;2013-02-17 09:00:00;Bangladesh;8534.627524035044;Southern Asia
BD;2013-02-17 10:00:00;Bangladesh;8615.555521948367;Southern Asia
BD;2013-02-17 11:00:00;Bangladesh;8893.581796424312;Southern Asia
BD;2013-02-17 12:00:00;Bangladesh;10116.943059075224;Southern Asia
BD;2013-02-17 13:00:00;Bangladesh;10201.601164092857;Southern Asia
BD;2013-02-17 14:00:00;Bangladesh;10096.099358728441;Southern Asia
BD;2013-02-17 15:00:00;Bangladesh;9448.499447337957;Southern Asia
BD;2013-02-17 16:00:00;Bangladesh;8364.667503557728;Southern Asia
BD;2013-02-17 17:00:00;Bangladesh;7289.142495347041;Southern Asia
BD;2013-02-17 18:00:00;Bangladesh;6804.4697983309525;Southern Asia
BD;2013-02-17 19:00:00;Bangladesh;6249.9471761210625;Southern Asia
BD;2013-02-17 20:00:00;Bangladesh;5985.242327262874;Southern Asia
BD;2013-02-17 21:00:00;Bangladesh;5971.6305663409885;Southern Asia
BD;2013-02-17 22:00:00;Bangladesh;6050.236421478;Southern Asia
BD;2013-02-17 23:00:00;Bangladesh;6701.7930957864255;Southern Asia
BD;2013-02-18 00:00:00;Bangladesh;6903.1530413019955;Southern Asia
BD;2013-02-18 01:00:00;Bangladesh;7653.0038661014005;Southern Asia
BD;2013-02-18 02:00:00;Bangladesh;8399.121885512997;Southern Asia
BD;2013-02-18 03:00:00;Bangladesh;8843.598253295188;Southern Asia
BD;2013-02-18 04:00:00;Bangladesh;8989.945594902541;Southern Asia
BD;2013-02-18 05:00:00;Bangladesh;9007.412123626234;Southern Asia
BD;2013-02-18 06:00:00;Bangladesh;9007.444503028182;Southern Asia
BD;2013-02-18 07:00:00;Bangladesh;8955.834434607912;Southern Asia
BD;2013-02-18 08:00:00;Bangladesh;8969.812082771801;Southern Asia
BD;2013-02-18 09:00:00;Bangladesh;9133.255748607251;Southern Asia
BD;2013-02-18 10:00:00;Bangladesh;9011.921495004077;Southern Asia
BD;2013-02-18 11:00:00;Bangladesh;9135.325871705074;Southern Asia
BD;2013-02-18 12:00:00;Bangladesh;9650.226359408929;Southern Asia
BD;2013-02-18 13:00:00;Bangladesh;9681.432547692199;Southern Asia
BD;2013-02-18 14:00:00;Bangladesh;9650.358035643514;Southern Asia
BD;2013-02-18 15:00:00;Bangladesh;9121.298035468168;Southern Asia
BD;2013-02-18 16:00:00;Bangladesh;8298.643204703983;Southern Asia
BD;2013-02-18 17:00:00;Bangladesh;7371.678130567037;Southern Asia
BD;2013-02-18 18:00:00;Bangladesh;6819.030275729889;Southern Asia
BD;2013-02-18 19:00:00;Bangladesh;6249.9471761210625;Southern Asia
BD;2013-02-18 20:00:00;Bangladesh;5995.318797148829;Southern Asia
BD;2013-02-18 21:00:00;Bangladesh;5963.678724879466;Southern Asia
BD;2013-02-18 22:00:00;Bangladesh;6042.284580016478;Southern Asia
BD;2013-02-18 23:00:00;Bangladesh;6693.841254324903;Southern Asia
BD;2013-02-19 00:00:00;Bangladesh;6900.986319655032;Southern Asia
BD;2013-02-19 01:00:00;Bangladesh;7650.837144454436;Southern Asia
BD;2013-02-19 02:00:00;Bangladesh;8391.170044051474;Southern Asia
BD;2013-02-19 03:00:00;Bangladesh;8989.73890638678;Southern Asia
BD;2013-02-19 04:00:00;Bangladesh;9060.652494934544;Southern Asia
BD;2013-02-19 05:00:00;Bangladesh;9114.383953839053;Southern Asia
BD;2013-02-19 06:00:00;Bangladesh;9100.438145420412;Southern Asia
BD;2013-02-19 07:00:00;Bangladesh;9122.429155909522;Southern Asia
BD;2013-02-19 08:00:00;Bangladesh;9124.405378741696;Southern Asia
BD;2013-02-19 09:00:00;Bangladesh;9471.776999397769;Southern Asia
BD;2013-02-19 10:00:00;Bangladesh;9092.474971168209;Southern Asia
BD;2013-02-19 11:00:00;Bangladesh;9207.646345267443;Southern Asia
BD;2013-02-19 12:00:00;Bangladesh;9610.14713567874;Southern Asia
BD;2013-02-19 13:00:00;Bangladesh;9623.856574463167;Southern Asia
BD;2013-02-19 14:00:00;Bangladesh;9671.813706687099;Southern Asia
BD;2013-02-19 15:00:00;Bangladesh;9121.298035468168;Southern Asia
BD;2013-02-19 16:00:00;Bangladesh;8298.643204703983;Southern Asia
BD;2013-02-19 17:00:00;Bangladesh;7371.678130567037;Southern Asia
BD;2013-02-19 18:00:00;Bangladesh;6837.250704862251;Southern Asia
BD;2013-02-19 19:00:00;Bangladesh;6268.167605253425;Southern Asia
BD;2013-02-19 20:00:00;Bangladesh;5995.318797148829;Southern Asia
BD;2013-02-19 21:00:00;Bangladesh;5963.678724879466;Southern Asia
BD;2013-02-19 22:00:00;Bangladesh;6042.284580016478;Southern Asia
BD;2013-02-19 23:00:00;Bangladesh;6693.841254324903;Southern Asia
BD;2013-02-20 00:00:00;Bangladesh;6900.986319655032;Southern Asia
BD;2013-02-20 01:00:00;Bangladesh;7650.837144454436;Southern Asia
BD;2013-02-20 02:00:00;Bangladesh;8391.170044051474;Southern Asia
BD;2013-02-20 03:00:00;Bangladesh;9039.344150169822;Southern Asia
BD;2013-02-20 04:00:00;Bangladesh;9144.282014283657;Southern Asia
BD;2013-02-20 05:00:00;Bangladesh;9493.152801249882;Southern Asia
BD;2013-02-20 06:00:00;Bangladesh;9479.206992831241;Southern Asia
BD;2013-02-20 07:00:00;Bangladesh;9460.94932738664;Southern Asia
BD;2013-02-20 08:00:00;Bangladesh;9460.94932738664;Southern Asia
BD;2013-02-20 09:00:00;Bangladesh;9591.310958252683;Southern Asia
BD;2013-02-20 10:00:00;Bangladesh;9232.655116018026;Southern Asia
BD;2013-02-20 11:00:00;Bangladesh;9252.06440885855;Southern Asia
BD;2013-02-20 12:00:00;Bangladesh;9810.284219114106;Southern Asia
BD;2013-02-20 13:00:00;Bangladesh;9841.490407397378;Southern Asia
BD;2013-02-20 14:00:00;Bangladesh;9809.540572182721;Southern Asia
BD;2013-02-20 15:00:00;Bangladesh;9153.389260737993;Southern Asia
BD;2013-02-20 16:00:00;Bangladesh;8330.734429973809;Southern Asia
BD;2013-02-20 17:00:00;Bangladesh;7371.678130567037;Southern Asia
BD;2013-02-20 18:00:00;Bangladesh;6820.472778086634;Southern Asia
BD;2013-02-20 19:00:00;Bangladesh;6252.743677135897;Southern Asia
BD;2013-02-20 20:00:00;Bangladesh;5960.9011118491;Southern Asia
BD;2013-02-20 21:00:00;Bangladesh;5971.6305663409885;Southern Asia
BD;2013-02-20 22:00:00;Bangladesh;6042.284580016478;Southern Asia
BD;2013-02-20 23:00:00;Bangladesh;6693.841254324903;Southern Asia
BD;2013-02-21 00:00:00;Bangladesh;6900.986319655032;Southern Asia
BD;2013-02-21 01:00:00;Bangladesh;7650.837144454436;Southern Asia
BD;2013-02-21 02:00:00;Bangladesh;8391.170044051474;Southern Asia
BD;2013-02-21 03:00:00;Bangladesh;9039.344150169822;Southern Asia
BD;2013-02-21 04:00:00;Bangladesh;9144.282014283657;Southern Asia
BD;2013-02-21 05:00:00;Bangladesh;9493.152801249882;Southern Asia
BD;2013-02-21 06:00:00;Bangladesh;9472.980433836805;Southern Asia
BD;2013-02-21 07:00:00;Bangladesh;9460.94932738664;Southern Asia
BD;2013-02-21 08:00:00;Bangladesh;9501.939491624942;Southern Asia
BD;2013-02-21 09:00:00;Bangladesh;9643.108287547546;Southern Asia
BD;2013-02-21 10:00:00;Bangladesh;9500.557970475196;Southern Asia
BD;2013-02-21 11:00:00;Bangladesh;9564.885049010212;Southern Asia
BD;2013-02-21 12:00:00;Bangladesh;10350.180525807767;Southern Asia
BD;2013-02-21 13:00:00;Bangladesh;10381.386714091039;Southern Asia
BD;2013-02-21 14:00:00;Bangladesh;9879.536204685284;Southern Asia
BD;2013-02-21 15:00:00;Bangladesh;9149.38392871713;Southern Asia
BD;2013-02-21 16:00:00;Bangladesh;8326.729637609646;Southern Asia
BD;2013-02-21 17:00:00;Bangladesh;7401.76776913983;Southern Asia
BD;2013-02-21 18:00:00;Bangladesh;6938.854569888929;Southern Asia
BD;2013-02-21 19:00:00;Bangladesh;6362.707364088632;Southern Asia
BD;2013-02-21 20:00:00;Bangladesh;6051.448490424222;Southern Asia
BD;2013-02-21 21:00:00;Bangladesh;6019.429579152079;Southern Asia
BD;2013-02-21 22:00:00;Bangladesh;6050.236421478;Southern Asia
BD;2013-02-21 23:00:00;Bangladesh;6701.7930957864255;Southern Asia
BD;2013-02-22 00:00:00;Bangladesh;6908.9381611165545;Southern Asia
BD;2013-02-22 01:00:00;Bangladesh;7653.0038661014005;Southern Asia
BD;2013-02-22 02:00:00;Bangladesh;8386.251073239002;Southern Asia
BD;2013-02-22 03:00:00;Bangladesh;9418.116775177545;Southern Asia
BD;2013-02-22 04:00:00;Bangladesh;9482.802185760775;Southern Asia
BD;2013-02-22 05:00:00;Bangladesh;9606.460201110358;Southern Asia
BD;2013-02-22 06:00:00;Bangladesh;9625.479861814118;Southern Asia
BD;2013-02-22 07:00:00;Bangladesh;9632.280615536418;Southern Asia
BD;2013-02-22 08:00:00;Bangladesh;9632.280615536418;Southern Asia
BD;2013-02-22 09:00:00;Bangladesh;9697.683769529476;Southern Asia
BD;2013-02-22 10:00:00;Bangladesh;9628.560222252689;Southern Asia
BD;2013-02-22 11:00:00;Bangladesh;9692.887300787705;Southern Asia
BD;2013-02-22 12:00:00;Bangladesh;10610.977180850934;Southern Asia
BD;2013-02-22 13:00:00;Bangladesh;10642.183369134204;Southern Asia
BD;2013-02-22 14:00:00;Bangladesh;10493.158250985822;Southern Asia
BD;2013-02-22 15:00:00;Bangladesh;9145.558842033774;Southern Asia
BD;2013-02-22 16:00:00;Bangladesh;8322.904550926287;Southern Asia
BD;2013-02-22 17:00:00;Bangladesh;7405.7450390123395;Southern Asia
BD;2013-02-22 18:00:00;Bangladesh;6870.521080019653;Southern Asia
BD;2013-02-22 19:00:00;Bangladesh;6318.907207418015;Southern Asia
BD;2013-02-22 20:00:00;Bangladesh;5932.890230881315;Southern Asia
BD;2013-02-22 21:00:00;Bangladesh;5848.951488243608;Southern Asia
BD;2013-02-22 22:00:00;Bangladesh;5884.081520386173;Southern Asia
BD;2013-02-22 23:00:00;Bangladesh;6512.04170552561;Southern Asia
BD;2013-02-23 00:00:00;Bangladesh;6601.189214623216;Southern Asia
BD;2013-02-23 01:00:00;Bangladesh;7437.645765467376;Southern Asia
BD;2013-02-23 02:00:00;Bangladesh;7865.527150094951;Southern Asia
BD;2013-02-23 03:00:00;Bangladesh;9029.998375454474;Southern Asia
BD;2013-02-23 04:00:00;Bangladesh;8906.718659450973;Southern Asia
BD;2013-02-23 05:00:00;Bangladesh;8888.329317771784;Southern Asia
BD;2013-02-23 06:00:00;Bangladesh;8871.66040164939;Southern Asia
BD;2013-02-23 07:00:00;Bangladesh;8859.629295199224;Southern Asia
BD;2013-02-23 08:00:00;Bangladesh;8854.875459336683;Southern Asia
BD;2013-02-23 09:00:00;Bangladesh;9069.611875453324;Southern Asia
BD;2013-02-23 10:00:00;Bangladesh;8924.958516224504;Southern Asia
BD;2013-02-23 11:00:00;Bangladesh;9126.508960554864;Southern Asia
BD;2013-02-23 12:00:00;Bangladesh;10601.70911670026;Southern Asia
BD;2013-02-23 13:00:00;Bangladesh;10667.52240978465;Southern Asia
BD;2013-02-23 14:00:00;Bangladesh;10483.009467102183;Southern Asia
BD;2013-02-23 15:00:00;Bangladesh;9497.819752383864;Southern Asia
BD;2013-02-23 16:00:00;Bangladesh;8467.236274762432;Southern Asia
BD;2013-02-23 17:00:00;Bangladesh;7348.140463978253;Southern Asia
BD;2013-02-23 18:00:00;Bangladesh;6907.502674296897;Southern Asia
BD;2013-02-23 19:00:00;Bangladesh;6353.208326870734;Southern Asia
BD;2013-02-23 20:00:00;Bangladesh;5932.890230881315;Southern Asia
BD;2013-02-23 21:00:00;Bangladesh;5808.741127935533;Southern Asia
BD;2013-02-23 22:00:00;Bangladesh;5897.612332803191;Southern Asia
BD;2013-02-23 23:00:00;Bangladesh;6525.572517942626;Southern Asia
BD;2013-02-24 00:00:00;Bangladesh;6594.704699726599;Southern Asia
BD;2013-02-24 01:00:00;Bangladesh;7431.161790227458;Southern Asia
BD;2013-02-24 02:00:00;Bangladesh;8055.201909104492;Southern Asia
BD;2013-02-24 03:00:00;Bangladesh;9029.998375454474;Southern Asia
BD;2013-02-24 04:00:00;Bangladesh;8906.718659450973;Southern Asia
BD;2013-02-24 05:00:00;Bangladesh;8881.968923915965;Southern Asia
BD;2013-02-24 06:00:00;Bangladesh;8868.15479173191;Southern Asia
BD;2013-02-24 07:00:00;Bangladesh;8856.123685281746;Southern Asia
BD;2013-02-24 08:00:00;Bangladesh;8892.9153204009;Southern Asia
BD;2013-02-24 09:00:00;Bangladesh;9139.587001001319;Southern Asia
BD;2013-02-24 10:00:00;Bangladesh;8924.958516224504;Southern Asia
BD;2013-02-24 11:00:00;Bangladesh;9126.508960554864;Southern Asia
BD;2013-02-24 12:00:00;Bangladesh;10601.70911670026;Southern Asia
BD;2013-02-24 13:00:00;Bangladesh;10688.576576244088;Southern Asia
BD;2013-02-24 14:00:00;Bangladesh;10515.508672836544;Southern Asia
BD;2013-02-24 15:00:00;Bangladesh;9511.364056218361;Southern Asia
BD;2013-02-24 16:00:00;Bangladesh;8497.760876634713;Southern Asia
BD;2013-02-24 17:00:00;Bangladesh;7375.272244183173;Southern Asia
BD;2013-02-24 18:00:00;Bangladesh;6922.88612816199;Southern Asia
BD;2013-02-24 19:00:00;Bangladesh;6415.426966682289;Southern Asia
BD;2013-02-24 20:00:00;Bangladesh;6109.6504654242335;Southern Asia
BD;2013-02-24 21:00:00;Bangladesh;6063.14015281064;Southern Asia
BD;2013-02-24 22:00:00;Bangladesh;6136.223700945564;Southern Asia
BD;2013-02-24 23:00:00;Bangladesh;6771.1152367284885;Southern Asia
BD;2013-02-25 00:00:00;Bangladesh;7042.249555499982;Southern Asia
BD;2013-02-25 01:00:00;Bangladesh;7807.038617387708;Southern Asia
BD;2013-02-25 02:00:00;Bangladesh;8567.698226213772;Southern Asia
BD;2013-02-25 03:00:00;Bangladesh;9561.168972980076;Southern Asia
BD;2013-02-25 04:00:00;Bangladesh;9654.133473910553;Southern Asia
BD;2013-02-25 05:00:00;Bangladesh;9660.535960988904;Southern Asia
BD;2013-02-25 06:00:00;Bangladesh;9670.070615548942;Southern Asia
BD;2013-02-25 07:00:00;Bangladesh;9686.856097518348;Southern Asia
BD;2013-02-25 08:00:00;Bangladesh;9686.856097518348;Southern Asia
BD;2013-02-25 09:00:00;Bangladesh;10018.447076978775;Southern Asia
BD;2013-02-25 10:00:00;Bangladesh;9671.578416366283;Southern Asia
BD;2013-02-25 11:00:00;Bangladesh;9729.98977816555;Southern Asia
BD;2013-02-25 12:00:00;Bangladesh;10975.9988135084;Southern Asia
BD;2013-02-25 13:00:00;Bangladesh;11007.20500179167;Southern Asia
BD;2013-02-25 14:00:00;Bangladesh;10857.832344729055;Southern Asia
BD;2013-02-25 15:00:00;Bangladesh;9089.750784151054;Southern Asia
BD;2013-02-25 16:00:00;Bangladesh;8451.867931284913;Southern Asia
BD;2013-02-25 17:00:00;Bangladesh;7486.153347524409;Southern Asia
BD;2013-02-25 18:00:00;Bangladesh;6950.8020295507295;Southern Asia
BD;2013-02-25 19:00:00;Bangladesh;6420.1128058007425;Southern Asia
BD;2013-02-25 20:00:00;Bangladesh;6107.7157961578905;Southern Asia
BD;2013-02-25 21:00:00;Bangladesh;6144.640726481727;Southern Asia
BD;2013-02-25 22:00:00;Bangladesh;6300.463900068916;Southern Asia
BD;2013-02-25 23:00:00;Bangladesh;6996.547108964972;Southern Asia
BD;2013-02-26 00:00:00;Bangladesh;7196.916784437658;Southern Asia
BD;2013-02-26 01:00:00;Bangladesh;7819.383264380061;Southern Asia
BD;2013-02-26 02:00:00;Bangladesh;8563.693433849607;Southern Asia
BD;2013-02-26 03:00:00;Bangladesh;9561.168972980076;Southern Asia
BD;2013-02-26 04:00:00;Bangladesh;9654.133473910553;Southern Asia
BD;2013-02-26 05:00:00;Bangladesh;9684.016423967581;Southern Asia
BD;2013-02-26 06:00:00;Bangladesh;9698.887203968512;Southern Asia
BD;2013-02-26 07:00:00;Bangladesh;9686.856097518348;Southern Asia
BD;2013-02-26 08:00:00;Bangladesh;9686.856097518348;Southern Asia
BD;2013-02-26 09:00:00;Bangladesh;9843.225943341744;Southern Asia
BD;2013-02-26 10:00:00;Bangladesh;9665.662699630537;Southern Asia
BD;2013-02-26 11:00:00;Bangladesh;9729.98977816555;Southern Asia
BD;2013-02-26 12:00:00;Bangladesh;10975.9988135084;Southern Asia
BD;2013-02-26 13:00:00;Bangladesh;11007.20500179167;Southern Asia
BD;2013-02-26 14:00:00;Bangladesh;10957.297550257123;Southern Asia
BD;2013-02-26 15:00:00;Bangladesh;9089.750784151054;Southern Asia
BD;2013-02-26 16:00:00;Bangladesh;8378.346181910303;Southern Asia
BD;2013-02-26 17:00:00;Bangladesh;7463.366343404099;Southern Asia
BD;2013-02-26 18:00:00;Bangladesh;6894.471583983264;Southern Asia
BD;2013-02-26 19:00:00;Bangladesh;6367.8734976693;Southern Asia
BD;2013-02-26 20:00:00;Bangladesh;6056.719857061219;Southern Asia
BD;2013-02-26 21:00:00;Bangladesh;6063.14015281064;Southern Asia
BD;2013-02-26 22:00:00;Bangladesh;6044.513901840539;Southern Asia
BD;2013-02-26 23:00:00;Bangladesh;6696.070576148964;Southern Asia
BD;2013-02-27 00:00:00;Bangladesh;6896.06734884256;Southern Asia
BD;2013-02-27 01:00:00;Bangladesh;7642.713692162594;Southern Asia
BD;2013-02-27 02:00:00;Bangladesh;8547.371516984746;Southern Asia
BD;2013-02-27 03:00:00;Bangladesh;9509.369485058416;Southern Asia
BD;2013-02-27 04:00:00;Bangladesh;9654.133473910553;Southern Asia
BD;2013-02-27 05:00:00;Bangladesh;9664.173247140967;Southern Asia
BD;2013-02-27 06:00:00;Bangladesh;9646.590152570265;Southern Asia
BD;2013-02-27 07:00:00;Bangladesh;9634.559046120099;Southern Asia
BD;2013-02-27 08:00:00;Bangladesh;9658.039509098777;Southern Asia
BD;2013-02-27 09:00:00;Bangladesh;9973.976127031152;Southern Asia
BD;2013-02-27 10:00:00;Bangladesh;9613.864291022275;Southern Asia
BD;2013-02-27 11:00:00;Bangladesh;9678.19136955729;Southern Asia
BD;2013-02-27 12:00:00;Bangladesh;10975.9988135084;Southern Asia
BD;2013-02-27 13:00:00;Bangladesh;11007.20500179167;Southern Asia
BD;2013-02-27 14:00:00;Bangladesh;10708.263252627958;Southern Asia
BD;2013-02-27 15:00:00;Bangladesh;9089.750784151054;Southern Asia
BD;2013-02-27 16:00:00;Bangladesh;8355.559177789994;Southern Asia
BD;2013-02-27 17:00:00;Bangladesh;7430.711716540393;Southern Asia
BD;2013-02-27 18:00:00;Bangladesh;6894.471583983264;Southern Asia
BD;2013-02-27 19:00:00;Bangladesh;6364.048410985943;Southern Asia
BD;2013-02-27 20:00:00;Bangladesh;6073.4734992853755;Southern Asia
BD;2013-02-27 21:00:00;Bangladesh;6027.847684001639;Southern Asia
BD;2013-02-27 22:00:00;Bangladesh;6050.236421478;Southern Asia
BD;2013-02-27 23:00:00;Bangladesh;6696.0079759718665;Southern Asia
BD;2013-02-28 00:00:00;Bangladesh;6903.1530413019955;Southern Asia
BD;2013-02-28 01:00:00;Bangladesh;7653.0038661014005;Southern Asia
BD;2013-02-28 02:00:00;Bangladesh;8386.251073239002;Southern Asia
BD;2013-02-28 03:00:00;Bangladesh;9561.168972980076;Southern Asia
BD;2013-02-28 04:00:00;Bangladesh;9660.049190646298;Southern Asia
BD;2013-02-28 05:00:00;Bangladesh;9684.016423967581;Southern Asia
BD;2013-02-28 06:00:00;Bangladesh;9698.887203968512;Southern Asia
BD;2013-02-28 07:00:00;Bangladesh;9686.856097518348;Southern Asia
BD;2013-02-28 08:00:00;Bangladesh;9686.856097518348;Southern Asia
BD;2013-02-28 09:00:00;Bangladesh;10185.450318401616;Southern Asia
BD;2013-02-28 10:00:00;Bangladesh;9665.662699630537;Southern Asia
BD;2013-02-28 11:00:00;Bangladesh;9729.98977816555;Southern Asia
BD;2013-02-28 12:00:00;Bangladesh;10975.9988135084;Southern Asia
BD;2013-02-28 13:00:00;Bangladesh;11007.20500179167;Southern Asia
BD;2013-02-28 14:00:00;Bangladesh;10857.832344729055;Southern Asia
BD;2013-02-28 15:00:00;Bangladesh;9067.4813108052;Southern Asia
BD;2013-02-28 16:00:00;Bangladesh;8428.234205803683;Southern Asia
BD;2013-02-28 17:00:00;Bangladesh;7563.967526283812;Southern Asia
BD;2013-02-28 18:00:00;Bangladesh;6954.53969184883;Southern Asia
BD;2013-02-28 19:00:00;Bangladesh;6362.23030756661;Southern Asia
BD;2013-02-28 20:00:00;Bangladesh;6064.962573483566;Southern Asia
BD;2013-02-28 21:00:00;Bangladesh;6059.424076780505;Southern Asia
BD;2013-02-28 22:00:00;Bangladesh;6254.608191031354;Southern Asia
BD;2013-02-28 23:00:00;Bangladesh;6942.876631267465;Southern Asia
BD;2013-03-01 00:00:00;Bangladesh;7087.194324029431;Southern Asia
BD;2013-03-01 01:00:00;Bangladesh;7738.570213343652;Southern Asia
BD;2013-03-01 02:00:00;Bangladesh;8474.898320576527;Southern Asia
BD;2013-03-01 03:00:00;Bangladesh;9398.120335848378;Southern Asia
BD;2013-03-01 04:00:00;Bangladesh;9489.258638509036;Southern Asia
BD;2013-03-01 05:00:00;Bangladesh;9536.400889117298;Southern Asia
BD;2013-03-01 06:00:00;Bangladesh;9522.455080698659;Southern Asia
BD;2013-03-01 07:00:00;Bangladesh;9510.423974248493;Southern Asia
BD;2013-03-01 08:00:00;Bangladesh;9506.78668809643;Southern Asia
BD;2013-03-01 09:00:00;Bangladesh;9633.10629028607;Southern Asia
BD;2013-03-01 10:00:00;Bangladesh;9452.709848904486;Southern Asia
BD;2013-03-01 11:00:00;Bangladesh;9501.758166974038;Southern Asia
BD;2013-03-01 12:00:00;Bangladesh;10507.363094620037;Southern Asia
BD;2013-03-01 13:00:00;Bangladesh;10538.569282903309;Southern Asia
BD;2013-03-01 14:00:00;Bangladesh;10284.326218814245;Southern Asia
BD;2013-03-01 15:00:00;Bangladesh;8877.577197698532;Southern Asia
BD;2013-03-01 16:00:00;Bangladesh;8083.3536404707465;Southern Asia
BD;2013-03-01 17:00:00;Bangladesh;7247.118348873227;Southern Asia
BD;2013-03-01 18:00:00;Bangladesh;6973.98730031499;Southern Asia
BD;2013-03-01 19:00:00;Bangladesh;6376.31642672702;Southern Asia
BD;2013-03-01 20:00:00;Bangladesh;6025.479130749205;Southern Asia
BD;2013-03-01 21:00:00;Bangladesh;6041.305103107576;Southern Asia
BD;2013-03-01 22:00:00;Bangladesh;6040.615961502801;Southern Asia
BD;2013-03-01 23:00:00;Bangladesh;6620.457657065269;Southern Asia
BD;2013-03-02 00:00:00;Bangladesh;6709.605166162875;Southern Asia
BD;2013-03-02 01:00:00;Bangladesh;7547.354194801426;Southern Asia
BD;2013-03-02 02:00:00;Bangladesh;7981.719554668919;Southern Asia
BD;2013-03-02 03:00:00;Bangladesh;8956.000109214543;Southern Asia
BD;2013-03-02 04:00:00;Bangladesh;8963.741484563408;Southern Asia
BD;2013-03-02 05:00:00;Bangladesh;8910.403975049257;Southern Asia
BD;2013-03-02 06:00:00;Bangladesh;8896.458706287318;Southern Asia
BD;2013-03-02 07:00:00;Bangladesh;8884.427599837152;Southern Asia
BD;2013-03-02 08:00:00;Bangladesh;8904.396516674662;Southern Asia
BD;2013-03-02 09:00:00;Bangladesh;9064.168897986006;Southern Asia
BD;2013-03-02 10:00:00;Bangladesh;8905.75861018324;Southern Asia
BD;2013-03-02 11:00:00;Bangladesh;9069.66260318304;Southern Asia
BD;2013-03-02 12:00:00;Bangladesh;10473.561157614004;Southern Asia
BD;2013-03-02 13:00:00;Bangladesh;10560.428617157831;Southern Asia
BD;2013-03-02 14:00:00;Bangladesh;10259.217071917625;Southern Asia
BD;2013-03-02 15:00:00;Bangladesh;9293.03082820209;Southern Asia
BD;2013-03-02 16:00:00;Bangladesh;8316.335849584608;Southern Asia
BD;2013-03-02 17:00:00;Bangladesh;7446.995317779617;Southern Asia
BD;2013-03-02 18:00:00;Bangladesh;6992.598980554216;Southern Asia
BD;2013-03-02 19:00:00;Bangladesh;6410.617546179739;Southern Asia
BD;2013-03-02 20:00:00;Bangladesh;6025.479130749205;Southern Asia
BD;2013-03-02 21:00:00;Bangladesh;5932.953910371811;Southern Asia
BD;2013-03-02 22:00:00;Bangladesh;6040.615961502801;Southern Asia
BD;2013-03-02 23:00:00;Bangladesh;6620.457657065269;Southern Asia
BD;2013-03-03 00:00:00;Bangladesh;6709.605166162875;Southern Asia
BD;2013-03-03 01:00:00;Bangladesh;7547.354194801426;Southern Asia
BD;2013-03-03 02:00:00;Bangladesh;7975.2355794290015;Southern Asia
BD;2013-03-03 03:00:00;Bangladesh;9031.174287401855;Southern Asia
BD;2013-03-03 04:00:00;Bangladesh;8963.741484563408;Southern Asia
BD;2013-03-03 05:00:00;Bangladesh;8935.126727749308;Southern Asia
BD;2013-03-03 06:00:00;Bangladesh;8918.457811626915;Southern Asia
BD;2013-03-03 07:00:00;Bangladesh;8906.42670517675;Southern Asia
BD;2013-03-03 08:00:00;Bangladesh;8901.672869314209;Southern Asia
BD;2013-03-03 09:00:00;Bangladesh;9125.832231054168;Southern Asia
BD;2013-03-03 10:00:00;Bangladesh;8905.75861018324;Southern Asia
BD;2013-03-03 11:00:00;Bangladesh;9069.66260318304;Southern Asia
BD;2013-03-03 12:00:00;Bangladesh;10494.615324073442;Southern Asia
BD;2013-03-03 13:00:00;Bangladesh;10581.48278361727;Southern Asia
BD;2013-03-03 14:00:00;Bangladesh;10292.994184715499;Southern Asia
BD;2013-03-03 15:00:00;Bangladesh;9293.03082820209;Southern Asia
BD;2013-03-03 16:00:00;Bangladesh;8316.335849584608;Southern Asia
BD;2013-03-03 17:00:00;Bangladesh;7446.995317779617;Southern Asia
BD;2013-03-03 18:00:00;Bangladesh;6914.343362614932;Southern Asia
BD;2013-03-03 19:00:00;Bangladesh;6314.942889306285;Southern Asia
BD;2013-03-03 20:00:00;Bangladesh;6006.760598483555;Southern Asia
BD;2013-03-03 21:00:00;Bangladesh;5910.472891599901;Southern Asia
BD;2013-03-03 22:00:00;Bangladesh;6016.221859732513;Southern Asia
BD;2013-03-03 23:00:00;Bangladesh;6700.871901801029;Southern Asia
BD;2013-03-04 00:00:00;Bangladesh;6851.964984420438;Southern Asia
BD;2013-03-04 01:00:00;Bangladesh;7569.993872642876;Southern Asia
BD;2013-03-04 02:00:00;Bangladesh;8446.811887670865;Southern Asia
BD;2013-03-04 03:00:00;Bangladesh;9436.904383500681;Southern Asia
BD;2013-03-04 04:00:00;Bangladesh;9532.276832622629;Southern Asia
BD;2013-03-04 05:00:00;Bangladesh;9530.947118516;Southern Asia
BD;2013-03-04 06:00:00;Bangladesh;9517.00131009736;Southern Asia
BD;2013-03-04 07:00:00;Bangladesh;9504.970203647195;Southern Asia
BD;2013-03-04 08:00:00;Bangladesh;9504.970203647195;Southern Asia
BD;2013-03-04 09:00:00;Bangladesh;9934.083624518858;Southern Asia
BD;2013-03-04 10:00:00;Bangladesh;9504.508257512749;Southern Asia
BD;2013-03-04 11:00:00;Bangladesh;9538.860644351884;Southern Asia
BD;2013-03-04 12:00:00;Bangladesh;10872.384727277504;Southern Asia
BD;2013-03-04 13:00:00;Bangladesh;10903.590915560771;Southern Asia
BD;2013-03-04 14:00:00;Bangladesh;10649.002471184274;Southern Asia
BD;2013-03-04 15:00:00;Bangladesh;8817.944592789156;Southern Asia
BD;2013-03-04 16:00:00;Bangladesh;8079.52855378739;Southern Asia
BD;2013-03-04 17:00:00;Bangladesh;7276.019123737859;Southern Asia
BD;2013-03-04 18:00:00;Bangladesh;6885.511124151089;Southern Asia
BD;2013-03-04 19:00:00;Bangladesh;6303.507563851948;Southern Asia
BD;2013-03-04 20:00:00;Bangladesh;6012.031965120552;Southern Asia
BD;2013-03-04 21:00:00;Bangladesh;6042.6704345563485;Southern Asia
BD;2013-03-04 22:00:00;Bangladesh;6016.284459909611;Southern Asia
BD;2013-03-04 23:00:00;Bangladesh;6700.934501978127;Southern Asia
BD;2013-03-05 00:00:00;Bangladesh;6844.879291961001;Southern Asia
BD;2013-03-05 01:00:00;Bangladesh;7566.530895604628;Southern Asia
BD;2013-03-05 02:00:00;Bangladesh;8387.811760412855;Southern Asia
BD;2013-03-05 03:00:00;Bangladesh;9463.716686939722;Southern Asia
BD;2013-03-05 04:00:00;Bangladesh;9559.08913606167;Southern Asia
BD;2013-03-05 05:00:00;Bangladesh;9545.072092958746;Southern Asia
BD;2013-03-05 06:00:00;Bangladesh;9561.802529944842;Southern Asia
BD;2013-03-05 07:00:00;Bangladesh;9549.771423494678;Southern Asia
BD;2013-03-05 08:00:00;Bangladesh;9581.905821300432;Southern Asia
BD;2013-03-05 09:00:00;Bangladesh;10145.557815889322;Southern Asia
BD;2013-03-05 10:00:00;Bangladesh;9504.508257512749;Southern Asia
BD;2013-03-05 11:00:00;Bangladesh;9538.860644351884;Southern Asia
BD;2013-03-05 12:00:00;Bangladesh;11136.43443290296;Southern Asia
BD;2013-03-05 13:00:00;Bangladesh;11167.64062118623;Southern Asia
BD;2013-03-05 14:00:00;Bangladesh;10649.002471184274;Southern Asia
BD;2013-03-05 15:00:00;Bangladesh;8817.944592789156;Southern Asia
BD;2013-03-05 16:00:00;Bangladesh;8079.52855378739;Southern Asia
BD;2013-03-05 17:00:00;Bangladesh;7255.680542061452;Southern Asia
BD;2013-03-05 18:00:00;Bangladesh;6885.511124151089;Southern Asia
BD;2013-03-05 19:00:00;Bangladesh;6329.237855609255;Southern Asia
BD;2013-03-05 20:00:00;Bangladesh;6064.962573483566;Southern Asia
BD;2013-03-05 21:00:00;Bangladesh;6046.647704428857;Southern Asia
BD;2013-03-05 22:00:00;Bangladesh;6210.897617372792;Southern Asia
BD;2013-03-05 23:00:00;Bangladesh;6910.78540599764;Southern Asia
BD;2013-03-06 00:00:00;Bangladesh;7055.103098759606;Southern Asia
BD;2013-03-06 01:00:00;Bangladesh;7718.2435041146255;Southern Asia
BD;2013-03-06 02:00:00;Bangladesh;8474.898320576527;Southern Asia
BD;2013-03-06 03:00:00;Bangladesh;9463.716686939722;Southern Asia
BD;2013-03-06 04:00:00;Bangladesh;9533.792188633757;Southern Asia
BD;2013-03-06 05:00:00;Bangladesh;9575.74833836348;Southern Asia
BD;2013-03-06 06:00:00;Bangladesh;9561.802529944842;Southern Asia
BD;2013-03-06 07:00:00;Bangladesh;9549.771423494678;Southern Asia
BD;2013-03-06 08:00:00;Bangladesh;9610.442867549858;Southern Asia
BD;2013-03-06 09:00:00;Bangladesh;10151.623557187422;Southern Asia
BD;2013-03-06 10:00:00;Bangladesh;9510.423974248493;Southern Asia
BD;2013-03-06 11:00:00;Bangladesh;9544.77636108763;Southern Asia
BD;2013-03-06 12:00:00;Bangladesh;11145.748907529758;Southern Asia
BD;2013-03-06 13:00:00;Bangladesh;11176.95509581303;Southern Asia
BD;2013-03-06 14:00:00;Bangladesh;11012.5173823378;Southern Asia
BD;2013-03-06 15:00:00;Bangladesh;8817.944592789156;Southern Asia
BD;2013-03-06 16:00:00;Bangladesh;8230.90873377073;Southern Asia
BD;2013-03-06 17:00:00;Bangladesh;7333.538972670183;Southern Asia
BD;2013-03-06 18:00:00;Bangladesh;6886.739922454983;Southern Asia
BD;2013-03-06 19:00:00;Bangladesh;6327.127797915699;Southern Asia
BD;2013-03-06 20:00:00;Bangladesh;6064.962573483566;Southern Asia
BD;2013-03-06 21:00:00;Bangladesh;6106.5447411208015;Southern Asia
BD;2013-03-06 22:00:00;Bangladesh;6254.608191031354;Southern Asia
BD;2013-03-06 23:00:00;Bangladesh;6942.876631267465;Southern Asia
BD;2013-03-07 00:00:00;Bangladesh;7087.194324029431;Southern Asia
BD;2013-03-07 01:00:00;Bangladesh;7738.570213343652;Southern Asia
BD;2013-03-07 02:00:00;Bangladesh;8474.898320576527;Southern Asia
BD;2013-03-07 03:00:00;Bangladesh;9438.419739511808;Southern Asia
BD;2013-03-07 04:00:00;Bangladesh;9607.130454730664;Southern Asia
BD;2013-03-07 05:00:00;Bangladesh;9817.208014563807;Southern Asia
BD;2013-03-07 06:00:00;Bangladesh;9811.561046864223;Southern Asia
BD;2013-03-07 07:00:00;Bangladesh;9791.231099695004;Southern Asia
BD;2013-03-07 08:00:00;Bangladesh;9930.974122618534;Southern Asia
BD;2013-03-07 09:00:00;Bangladesh;10185.99968892132;Southern Asia
BD;2013-03-07 10:00:00;Bangladesh;9510.423974248493;Southern Asia
BD;2013-03-07 11:00:00;Bangladesh;9544.77636108763;Southern Asia
BD;2013-03-07 12:00:00;Bangladesh;11135.742593014691;Southern Asia
BD;2013-03-07 13:00:00;Bangladesh;11166.948781297959;Southern Asia
BD;2013-03-07 14:00:00;Bangladesh;11012.5173823378;Southern Asia
BD;2013-03-07 15:00:00;Bangladesh;8817.944592789156;Southern Asia
BD;2013-03-07 16:00:00;Bangladesh;8230.90873377073;Southern Asia
BD;2013-03-07 17:00:00;Bangladesh;7333.538972670183;Southern Asia
BD;2013-03-07 18:00:00;Bangladesh;6941.841569718555;Southern Asia
BD;2013-03-07 19:00:00;Bangladesh;6362.23030756661;Southern Asia
BD;2013-03-07 20:00:00;Bangladesh;6079.56730273183;Southern Asia
BD;2013-03-07 21:00:00;Bangladesh;6106.5447411208015;Southern Asia
BD;2013-03-07 22:00:00;Bangladesh;6254.608191031354;Southern Asia
BD;2013-03-07 23:00:00;Bangladesh;6910.78540599764;Southern Asia
BD;2013-03-08 00:00:00;Bangladesh;7055.103098759606;Southern Asia
BD;2013-03-08 01:00:00;Bangladesh;7738.570213343652;Southern Asia
BD;2013-03-08 02:00:00;Bangladesh;8462.569863285147;Southern Asia
BD;2013-03-08 03:00:00;Bangladesh;9463.716686939722;Southern Asia
BD;2013-03-08 04:00:00;Bangladesh;9533.792188633757;Southern Asia
BD;2013-03-08 05:00:00;Bangladesh;9604.285384612907;Southern Asia
BD;2013-03-08 06:00:00;Bangladesh;9811.561046864223;Southern Asia
BD;2013-03-08 07:00:00;Bangladesh;9688.076800971756;Southern Asia
BD;2013-03-08 08:00:00;Bangladesh;9930.974122618534;Southern Asia
BD;2013-03-08 09:00:00;Bangladesh;10185.99968892132;Southern Asia
BD;2013-03-08 10:00:00;Bangladesh;9510.423974248493;Southern Asia
BD;2013-03-08 11:00:00;Bangladesh;9544.77636108763;Southern Asia
BD;2013-03-08 12:00:00;Bangladesh;11137.110083090258;Southern Asia
BD;2013-03-08 13:00:00;Bangladesh;11167.64062118623;Southern Asia
BD;2013-03-08 14:00:00;Bangladesh;10748.465518085546;Southern Asia
BD;2013-03-08 15:00:00;Bangladesh;8817.944592789156;Southern Asia
BD;2013-03-08 16:00:00;Bangladesh;8230.90873377073;Southern Asia
BD;2013-03-08 17:00:00;Bangladesh;7407.060722044792;Southern Asia
BD;2013-03-08 18:00:00;Bangladesh;7022.242323036836;Southern Asia
BD;2013-03-08 19:00:00;Bangladesh;6456.596296944699;Southern Asia
BD;2013-03-08 20:00:00;Bangladesh;6117.397776996789;Southern Asia
BD;2013-03-08 21:00:00;Bangladesh;6185.592035437693;Southern Asia
BD;2013-03-08 22:00:00;Bangladesh;6387.036707055025;Southern Asia
BD;2013-03-08 23:00:00;Bangladesh;6927.845033570197;Southern Asia
BD;2013-03-09 00:00:00;Bangladesh;7007.730954397519;Southern Asia
BD;2013-03-09 01:00:00;Bangladesh;7776.630041705736;Southern Asia
BD;2013-03-09 02:00:00;Bangladesh;8319.538712093881;Southern Asia
BD;2013-03-09 03:00:00;Bangladesh;9048.712050809832;Southern Asia
BD;2013-03-09 04:00:00;Bangladesh;9012.876687361517;Southern Asia
BD;2013-03-09 05:00:00;Bangladesh;9040.100209205286;Southern Asia
BD;2013-03-09 06:00:00;Bangladesh;9026.154940443346;Southern Asia
BD;2013-03-09 07:00:00;Bangladesh;9060.448504702277;Southern Asia
BD;2013-03-09 08:00:00;Bangladesh;9122.721649840445;Southern Asia
BD;2013-03-09 09:00:00;Bangladesh;9180.035349913705;Southern Asia
BD;2013-03-09 10:00:00;Bangladesh;8927.757715522835;Southern Asia
BD;2013-03-09 11:00:00;Bangladesh;9066.939495479284;Southern Asia
BD;2013-03-09 12:00:00;Bangladesh;10495.29097426074;Southern Asia
BD;2013-03-09 13:00:00;Bangladesh;10582.158433804569;Southern Asia
BD;2013-03-09 14:00:00;Bangladesh;10312.770444111422;Southern Asia
BD;2013-03-09 15:00:00;Bangladesh;9280.013229305936;Southern Asia
BD;2013-03-09 16:00:00;Bangladesh;8336.454790984473;Southern Asia
BD;2013-03-09 17:00:00;Bangladesh;7375.104410949746;Southern Asia
BD;2013-03-09 18:00:00;Bangladesh;7263.758663190569;Southern Asia
BD;2013-03-09 19:00:00;Bangladesh;6677.349885256518;Southern Asia
BD;2013-03-09 20:00:00;Bangladesh;6194.402470707513;Southern Asia
BD;2013-03-09 21:00:00;Bangladesh;6131.9301922473705;Southern Asia
BD;2013-03-09 22:00:00;Bangladesh;6438.381264379327;Southern Asia
BD;2013-03-09 23:00:00;Bangladesh;7056.256345125624;Southern Asia
BD;2013-03-10 00:00:00;Bangladesh;7007.730954397519;Southern Asia
BD;2013-03-10 01:00:00;Bangladesh;7810.348871580106;Southern Asia
BD;2013-03-10 02:00:00;Bangladesh;8319.538712093881;Southern Asia
BD;2013-03-10 03:00:00;Bangladesh;9078.890732737978;Southern Asia
BD;2013-03-10 04:00:00;Bangladesh;9071.871957709234;Southern Asia
BD;2013-03-10 05:00:00;Bangladesh;9129.618462455188;Southern Asia
BD;2013-03-10 06:00:00;Bangladesh;9115.672654036549;Southern Asia
BD;2013-03-10 07:00:00;Bangladesh;9095.342706867328;Southern Asia
BD;2013-03-10 08:00:00;Bangladesh;9131.022649186298;Southern Asia
BD;2013-03-10 09:00:00;Bangladesh;9214.411481647601;Southern Asia
BD;2013-03-10 10:00:00;Bangladesh;8927.757715522835;Southern Asia
BD;2013-03-10 11:00:00;Bangladesh;9066.939495479284;Southern Asia
BD;2013-03-10 12:00:00;Bangladesh;10495.29097426074;Southern Asia
BD;2013-03-10 13:00:00;Bangladesh;10582.158433804569;Southern Asia
BD;2013-03-10 14:00:00;Bangladesh;10312.770444111422;Southern Asia
BD;2013-03-10 15:00:00;Bangladesh;9260.80792669768;Southern Asia
BD;2013-03-10 16:00:00;Bangladesh;8308.340295930457;Southern Asia
BD;2013-03-10 17:00:00;Bangladesh;7368.359781524154;Southern Asia
BD;2013-03-10 18:00:00;Bangladesh;7165.313948480535;Southern Asia
BD;2013-03-10 19:00:00;Bangladesh;6541.647272039292;Southern Asia
BD;2013-03-10 20:00:00;Bangladesh;6138.338075892713;Southern Asia
BD;2013-03-10 21:00:00;Bangladesh;6147.9385685700445;Southern Asia
BD;2013-03-10 22:00:00;Bangladesh;6503.546429768075;Southern Asia
BD;2013-03-10 23:00:00;Bangladesh;7345.837748843111;Southern Asia
BD;2013-03-11 00:00:00;Bangladesh;7483.851711702665;Southern Asia
BD;2013-03-11 01:00:00;Bangladesh;7995.99617264412;Southern Asia
BD;2013-03-11 02:00:00;Bangladesh;8683.152380423344;Southern Asia
BD;2013-03-11 03:00:00;Bangladesh;9394.919092309205;Southern Asia
BD;2013-03-11 04:00:00;Bangladesh;9526.361115886884;Southern Asia
BD;2013-03-11 05:00:00;Bangladesh;9530.947118516;Southern Asia
BD;2013-03-11 06:00:00;Bangladesh;9517.00131009736;Southern Asia
BD;2013-03-11 07:00:00;Bangladesh;9504.970203647195;Southern Asia
BD;2013-03-11 08:00:00;Bangladesh;9504.970203647195;Southern Asia
BD;2013-03-11 09:00:00;Bangladesh;9934.083624518858;Southern Asia
BD;2013-03-11 10:00:00;Bangladesh;9510.423974248493;Southern Asia
BD;2013-03-11 11:00:00;Bangladesh;9544.77636108763;Southern Asia
BD;2013-03-11 12:00:00;Bangladesh;11136.43443290296;Southern Asia
BD;2013-03-11 13:00:00;Bangladesh;11176.95509581303;Southern Asia
BD;2013-03-11 14:00:00;Bangladesh;11021.831856964596;Southern Asia
BD;2013-03-11 15:00:00;Bangladesh;8930.946546957932;Southern Asia
BD;2013-03-11 16:00:00;Bangladesh;8296.693425050065;Southern Asia
BD;2013-03-11 17:00:00;Bangladesh;7472.466034664647;Southern Asia
BD;2013-03-11 18:00:00;Bangladesh;7165.313948480535;Southern Asia
BD;2013-03-11 19:00:00;Bangladesh;6555.602794278516;Southern Asia
BD;2013-03-11 20:00:00;Bangladesh;6140.794593187104;Southern Asia
BD;2013-03-11 21:00:00;Bangladesh;6181.8549127962915;Southern Asia
BD;2013-03-11 22:00:00;Bangladesh;6624.454894235645;Southern Asia
BD;2013-03-11 23:00:00;Bangladesh;7395.094374398523;Southern Asia
BD;2013-03-12 00:00:00;Bangladesh;7469.704071678555;Southern Asia
BD;2013-03-12 01:00:00;Bangladesh;8035.2783234297085;Southern Asia
BD;2013-03-12 02:00:00;Bangladesh;8754.07838107519;Southern Asia
BD;2013-03-12 03:00:00;Bangladesh;9436.904383500681;Southern Asia
BD;2013-03-12 04:00:00;Bangladesh;9532.276832622629;Southern Asia
BD;2013-03-12 05:00:00;Bangladesh;9530.947118516;Southern Asia
BD;2013-03-12 06:00:00;Bangladesh;9517.00131009736;Southern Asia
BD;2013-03-12 07:00:00;Bangladesh;9504.970203647195;Southern Asia
BD;2013-03-12 08:00:00;Bangladesh;9504.970203647195;Southern Asia
BD;2013-03-12 09:00:00;Bangladesh;9934.083624518858;Southern Asia
BD;2013-03-12 10:00:00;Bangladesh;9506.78668809643;Southern Asia
BD;2013-03-12 11:00:00;Bangladesh;9541.27075117015;Southern Asia
BD;2013-03-12 12:00:00;Bangladesh;11145.748907529758;Southern Asia
BD;2013-03-12 13:00:00;Bangladesh;11176.95509581303;Southern Asia
BD;2013-03-12 14:00:00;Bangladesh;11012.5173823378;Southern Asia
BD;2013-03-12 15:00:00;Bangladesh;8929.83269553095;Southern Asia
BD;2013-03-12 16:00:00;Bangladesh;8102.369523577612;Southern Asia
BD;2013-03-12 17:00:00;Bangladesh;7372.033764331759;Southern Asia
BD;2013-03-12 18:00:00;Bangladesh;7191.249849440206;Southern Asia
BD;2013-03-12 19:00:00;Bangladesh;6555.602794278516;Southern Asia
BD;2013-03-12 20:00:00;Bangladesh;6154.750115426328;Southern Asia
BD;2013-03-12 21:00:00;Bangladesh;6198.2669523299055;Southern Asia
BD;2013-03-12 22:00:00;Bangladesh;6645.238153032125;Southern Asia
BD;2013-03-12 23:00:00;Bangladesh;7396.197432691522;Southern Asia
BD;2013-03-13 00:00:00;Bangladesh;7499.004192500535;Southern Asia
BD;2013-03-13 01:00:00;Bangladesh;8050.635873773244;Southern Asia
BD;2013-03-13 02:00:00;Bangladesh;8803.683624858231;Southern Asia
BD;2013-03-13 03:00:00;Bangladesh;9463.716686939722;Southern Asia
BD;2013-03-13 04:00:00;Bangladesh;9559.08913606167;Southern Asia
BD;2013-03-13 05:00:00;Bangladesh;9548.053156564682;Southern Asia
BD;2013-03-13 06:00:00;Bangladesh;9539.07758634493;Southern Asia
BD;2013-03-13 07:00:00;Bangladesh;9549.771423494678;Southern Asia
BD;2013-03-13 08:00:00;Bangladesh;9581.905821300432;Southern Asia
BD;2013-03-13 09:00:00;Bangladesh;10145.557815889322;Southern Asia
BD;2013-03-13 10:00:00;Bangladesh;9506.78668809643;Southern Asia
BD;2013-03-13 11:00:00;Bangladesh;9544.77636108763;Southern Asia
BD;2013-03-13 12:00:00;Bangladesh;11136.43443290296;Southern Asia
BD;2013-03-13 13:00:00;Bangladesh;11176.95509581303;Southern Asia
BD;2013-03-13 14:00:00;Bangladesh;11012.5173823378;Southern Asia
BD;2013-03-13 15:00:00;Bangladesh;8963.60549107523;Southern Asia
BD;2013-03-13 16:00:00;Bangladesh;8204.038687064882;Southern Asia
BD;2013-03-13 17:00:00;Bangladesh;7527.840208561274;Southern Asia
BD;2013-03-13 18:00:00;Bangladesh;7191.249849440206;Southern Asia
BD;2013-03-13 19:00:00;Bangladesh;6555.602794278516;Southern Asia
BD;2013-03-13 20:00:00;Bangladesh;6154.750115426328;Southern Asia
BD;2013-03-13 21:00:00;Bangladesh;6184.311430090683;Southern Asia
BD;2013-03-13 22:00:00;Bangladesh;6642.781635737735;Southern Asia
BD;2013-03-13 23:00:00;Bangladesh;7393.739836083732;Southern Asia
BD;2013-03-14 00:00:00;Bangladesh;7469.704071678555;Southern Asia
BD;2013-03-14 01:00:00;Bangladesh;8035.2783234297085;Southern Asia
BD;2013-03-14 02:00:00;Bangladesh;8754.07838107519;Southern Asia
BD;2013-03-14 03:00:00;Bangladesh;9463.716686939722;Southern Asia
BD;2013-03-14 04:00:00;Bangladesh;9533.792188633757;Southern Asia
BD;2013-03-14 05:00:00;Bangladesh;9553.02339476357;Southern Asia
BD;2013-03-14 06:00:00;Bangladesh;9561.802529944842;Southern Asia
BD;2013-03-14 07:00:00;Bangladesh;9549.771423494678;Southern Asia
BD;2013-03-14 08:00:00;Bangladesh;9653.976973467808;Southern Asia
BD;2013-03-14 09:00:00;Bangladesh;10185.99968892132;Southern Asia
BD;2013-03-14 10:00:00;Bangladesh;9504.970203647195;Southern Asia
BD;2013-03-14 11:00:00;Bangladesh;9560.582905804833;Southern Asia
BD;2013-03-14 12:00:00;Bangladesh;11263.522506232146;Southern Asia
BD;2013-03-14 13:00:00;Bangladesh;11294.728694515416;Southern Asia
BD;2013-03-14 14:00:00;Bangladesh;11011.467210401313;Southern Asia
BD;2013-03-14 15:00:00;Bangladesh;8800.537426302366;Southern Asia
BD;2013-03-14 16:00:00;Bangladesh;7979.300813343467;Southern Asia
BD;2013-03-14 17:00:00;Bangladesh;7195.777569145817;Southern Asia
BD;2013-03-14 18:00:00;Bangladesh;7213.182577005811;Southern Asia
BD;2013-03-14 19:00:00;Bangladesh;6579.136143613709;Southern Asia
BD;2013-03-14 20:00:00;Bangladesh;6178.283464761521;Southern Asia
BD;2013-03-14 21:00:00;Bangladesh;6198.2669523299055;Southern Asia
BD;2013-03-14 22:00:00;Bangladesh;6645.238153032125;Southern Asia
BD;2013-03-14 23:00:00;Bangladesh;7387.447438972002;Southern Asia
BD;2013-03-15 00:00:00;Bangladesh;7490.254198781016;Southern Asia
BD;2013-03-15 01:00:00;Bangladesh;8050.635873773244;Southern Asia
BD;2013-03-15 02:00:00;Bangladesh;8803.683624858231;Southern Asia
BD;2013-03-15 03:00:00;Bangladesh;9532.892041259625;Southern Asia
BD;2013-03-15 04:00:00;Bangladesh;9716.898785958318;Southern Asia
BD;2013-03-15 05:00:00;Bangladesh;9969.287589629206;Southern Asia
BD;2013-03-15 06:00:00;Bangladesh;9910.870831262944;Southern Asia
BD;2013-03-15 07:00:00;Bangladesh;9898.839724812779;Southern Asia
BD;2013-03-15 08:00:00;Bangladesh;9930.974122618534;Southern Asia
BD;2013-03-15 09:00:00;Bangladesh;10328.988207233355;Southern Asia
BD;2013-03-15 10:00:00;Bangladesh;9578.246948880404;Southern Asia
BD;2013-03-15 11:00:00;Bangladesh;9633.859651038041;Southern Asia
BD;2013-03-15 12:00:00;Bangladesh;11173.422503060594;Southern Asia
BD;2013-03-15 13:00:00;Bangladesh;11161.471265801898;Southern Asia
BD;2013-03-15 14:00:00;Bangladesh;11011.467210401313;Southern Asia
BD;2013-03-15 15:00:00;Bangladesh;8806.763985296804;Southern Asia
BD;2013-03-15 16:00:00;Bangladesh;7979.300813343467;Southern Asia
BD;2013-03-15 17:00:00;Bangladesh;7195.777569145817;Southern Asia
BD;2013-03-15 18:00:00;Bangladesh;7322.07666438089;Southern Asia
BD;2013-03-15 19:00:00;Bangladesh;6713.979083709238;Southern Asia
BD;2013-03-15 20:00:00;Bangladesh;6260.875763934926;Southern Asia
BD;2013-03-15 21:00:00;Bangladesh;6333.241568660021;Southern Asia
BD;2013-03-15 22:00:00;Bangladesh;6923.971377783919;Southern Asia
BD;2013-03-15 23:00:00;Bangladesh;7527.470004065678;Southern Asia
BD;2013-03-16 00:00:00;Bangladesh;7568.5222288243785;Southern Asia
BD;2013-03-16 01:00:00;Bangladesh;8141.606343200476;Southern Asia
BD;2013-03-16 02:00:00;Bangladesh;8577.737459787488;Southern Asia
BD;2013-03-16 03:00:00;Bangladesh;9218.972660068557;Southern Asia
BD;2013-03-16 04:00:00;Bangladesh;9189.926177895162;Southern Asia
BD;2013-03-16 05:00:00;Bangladesh;9174.090491716208;Southern Asia
BD;2013-03-16 06:00:00;Bangladesh;9195.951984597528;Southern Asia
BD;2013-03-16 07:00:00;Bangladesh;9183.920878147364;Southern Asia
BD;2013-03-16 08:00:00;Bangladesh;9211.300900433878;Southern Asia
BD;2013-03-16 09:00:00;Bangladesh;9305.725712392174;Southern Asia
BD;2013-03-16 10:00:00;Bangladesh;9160.21807660865;Southern Asia
BD;2013-03-16 11:00:00;Bangladesh;9320.661251196996;Southern Asia
BD;2013-03-16 12:00:00;Bangladesh;10614.132013913986;Southern Asia
BD;2013-03-16 13:00:00;Bangladesh;10712.03005638781;Southern Asia
BD;2013-03-16 14:00:00;Bangladesh;10313.29283179617;Southern Asia
BD;2013-03-16 15:00:00;Bangladesh;9133.038806614206;Southern Asia
BD;2013-03-16 16:00:00;Bangladesh;7987.6217799871865;Southern Asia
BD;2013-03-16 17:00:00;Bangladesh;7373.874533332453;Southern Asia
BD;2013-03-16 18:00:00;Bangladesh;7295.846650520199;Southern Asia
BD;2013-03-16 19:00:00;Bangladesh;6686.147908422259;Southern Asia
BD;2013-03-16 20:00:00;Bangladesh;6282.167918998675;Southern Asia
BD;2013-03-16 21:00:00;Bangladesh;6327.489907560808;Southern Asia
BD;2013-03-16 22:00:00;Bangladesh;6905.645175938528;Southern Asia
BD;2013-03-16 23:00:00;Bangladesh;7528.824002723769;Southern Asia
BD;2013-03-17 00:00:00;Bangladesh;7568.5222288243785;Southern Asia
BD;2013-03-17 01:00:00;Bangladesh;8093.3702084630995;Southern Asia
BD;2013-03-17 02:00:00;Bangladesh;8610.412593605759;Southern Asia
BD;2013-03-17 03:00:00;Bangladesh;9218.972660068557;Southern Asia
BD;2013-03-17 04:00:00;Bangladesh;9181.627337176107;Southern Asia
BD;2013-03-17 05:00:00;Bangladesh;9129.618462455188;Southern Asia
BD;2013-03-17 06:00:00;Bangladesh;9115.672654036549;Southern Asia
BD;2013-03-17 07:00:00;Bangladesh;9103.641547586383;Southern Asia
BD;2013-03-17 08:00:00;Bangladesh;9175.493599133917;Southern Asia
BD;2013-03-17 09:00:00;Bangladesh;9178.60418034764;Southern Asia
BD;2013-03-17 10:00:00;Bangladesh;8830.584431995929;Southern Asia
BD;2013-03-17 11:00:00;Bangladesh;9014.833482552523;Southern Asia
BD;2013-03-17 12:00:00;Bangladesh;10439.784044816131;Southern Asia
BD;2013-03-17 13:00:00;Bangladesh;10526.651504359957;Southern Asia
BD;2013-03-17 14:00:00;Bangladesh;10259.217071917625;Southern Asia
BD;2013-03-17 15:00:00;Bangladesh;9280.013229305936;Southern Asia
BD;2013-03-17 16:00:00;Bangladesh;8364.380945850495;Southern Asia
BD;2013-03-17 17:00:00;Bangladesh;7425.555836437007;Southern Asia
BD;2013-03-17 18:00:00;Bangladesh;6954.53969184883;Southern Asia
BD;2013-03-17 19:00:00;Bangladesh;6421.447376817664;Southern Asia
BD;2013-03-17 20:00:00;Bangladesh;6118.259069088584;Southern Asia
BD;2013-03-17 21:00:00;Bangladesh;6161.775905992162;Southern Asia
BD;2013-03-17 22:00:00;Bangladesh;6254.608191031354;Southern Asia
BD;2013-03-17 23:00:00;Bangladesh;6942.876631267465;Southern Asia
BD;2013-03-18 00:00:00;Bangladesh;7087.194324029431;Southern Asia
BD;2013-03-18 01:00:00;Bangladesh;7734.5654209794875;Southern Asia
BD;2013-03-18 02:00:00;Bangladesh;8471.073233893168;Southern Asia
BD;2013-03-18 03:00:00;Bangladesh;9436.904383500681;Southern Asia
BD;2013-03-18 04:00:00;Bangladesh;9535.608673082992;Southern Asia
BD;2013-03-18 05:00:00;Bangladesh;9530.947118516;Southern Asia
BD;2013-03-18 06:00:00;Bangladesh;9517.00131009736;Southern Asia
BD;2013-03-18 07:00:00;Bangladesh;9504.970203647195;Southern Asia
BD;2013-03-18 08:00:00;Bangladesh;9522.076241695877;Southern Asia
BD;2013-03-18 09:00:00;Bangladesh;9834.773840120139;Southern Asia
BD;2013-03-18 10:00:00;Bangladesh;9504.508257512749;Southern Asia
BD;2013-03-18 11:00:00;Bangladesh;9538.860644351884;Southern Asia
BD;2013-03-18 12:00:00;Bangladesh;11136.43443290296;Southern Asia
BD;2013-03-18 13:00:00;Bangladesh;10903.590915560771;Southern Asia
BD;2013-03-18 14:00:00;Bangladesh;10748.465518085546;Southern Asia
BD;2013-03-18 15:00:00;Bangladesh;8819.207929121796;Southern Asia
BD;2013-03-18 16:00:00;Bangladesh;8225.684317266556;Southern Asia
BD;2013-03-18 17:00:00;Bangladesh;7393.206115608304;Southern Asia
BD;2013-03-18 18:00:00;Bangladesh;7159.810529462918;Southern Asia
BD;2013-03-18 19:00:00;Bangladesh;6536.143853021674;Southern Asia
BD;2013-03-18 20:00:00;Bangladesh;6153.131145328971;Southern Asia
BD;2013-03-18 21:00:00;Bangladesh;6196.647982232549;Southern Asia
BD;2013-03-18 22:00:00;Bangladesh;6435.704567151695;Southern Asia
BD;2013-03-18 23:00:00;Bangladesh;7225.284918140259;Southern Asia
BD;2013-03-19 00:00:00;Bangladesh;7320.811169421456;Southern Asia
BD;2013-03-19 01:00:00;Bangladesh;7785.365464694379;Southern Asia
BD;2013-03-19 02:00:00;Bangladesh;8695.945482132665;Southern Asia
BD;2013-03-19 03:00:00;Bangladesh;9481.630051410288;Southern Asia
BD;2013-03-19 04:00:00;Bangladesh;9555.868464881327;Southern Asia
BD;2013-03-19 05:00:00;Bangladesh;9714.053715840559;Southern Asia
BD;2013-03-19 06:00:00;Bangladesh;9846.992747101596;Southern Asia
BD;2013-03-19 07:00:00;Bangladesh;9834.96164065143;Southern Asia
BD;2013-03-19 08:00:00;Bangladesh;9930.974122618534;Southern Asia
BD;2013-03-19 09:00:00;Bangladesh;10185.99968892132;Southern Asia
BD;2013-03-19 10:00:00;Bangladesh;9504.970203647195;Southern Asia
BD;2013-03-19 11:00:00;Bangladesh;9560.582905804833;Southern Asia
BD;2013-03-19 12:00:00;Bangladesh;11139.423051702683;Southern Asia
BD;2013-03-19 13:00:00;Bangladesh;11166.59260787654;Southern Asia
BD;2013-03-19 14:00:00;Bangladesh;11015.503842510725;Southern Asia
BD;2013-03-19 15:00:00;Bangladesh;8834.983713407148;Southern Asia
BD;2013-03-19 16:00:00;Bangladesh;8218.075157808975;Southern Asia
BD;2013-03-19 17:00:00;Bangladesh;7385.596956150723;Southern Asia
BD;2013-03-19 18:00:00;Bangladesh;7162.856351872747;Southern Asia
BD;2013-03-19 19:00:00;Bangladesh;6539.190754744901;Southern Asia
BD;2013-03-19 20:00:00;Bangladesh;6138.338075892713;Southern Asia
BD;2013-03-19 21:00:00;Bangladesh;6181.8549127962915;Southern Asia
BD;2013-03-19 22:00:00;Bangladesh;6590.450585967443;Southern Asia
BD;2013-03-19 23:00:00;Bangladesh;7407.887476107842;Southern Asia
BD;2013-03-20 00:00:00;Bangladesh;7471.058609993343;Southern Asia
BD;2013-03-20 01:00:00;Bangladesh;7983.202531278099;Southern Asia
BD;2013-03-20 02:00:00;Bangladesh;8700.649129922189;Southern Asia
BD;2013-03-20 03:00:00;Bangladesh;9504.354995010199;Southern Asia
BD;2013-03-20 04:00:00;Bangladesh;9607.130454730664;Southern Asia
BD;2013-03-20 05:00:00;Bangladesh;9860.938555520235;Southern Asia
BD;2013-03-20 06:00:00;Bangladesh;9910.870831262944;Southern Asia
BD;2013-03-20 07:00:00;Bangladesh;9898.839724812779;Southern Asia
BD;2013-03-20 08:00:00;Bangladesh;10111.024104399283;Southern Asia
BD;2013-03-20 09:00:00;Bangladesh;10185.99968892132;Southern Asia
BD;2013-03-20 10:00:00;Bangladesh;9633.10629028607;Southern Asia
BD;2013-03-20 11:00:00;Bangladesh;9633.859651038041;Southern Asia
BD;2013-03-20 12:00:00;Bangladesh;11130.26507751863;Southern Asia
BD;2013-03-20 13:00:00;Bangladesh;11166.59260787654;Southern Asia
BD;2013-03-20 14:00:00;Bangladesh;11015.503842510725;Southern Asia
BD;2013-03-20 15:00:00;Bangladesh;8978.20104615961;Southern Asia
BD;2013-03-20 16:00:00;Bangladesh;8204.038687064882;Southern Asia
BD;2013-03-20 17:00:00;Bangladesh;7527.840208561274;Southern Asia
BD;2013-03-20 18:00:00;Bangladesh;7191.249849440206;Southern Asia
BD;2013-03-20 19:00:00;Bangladesh;6555.602794278516;Southern Asia
BD;2013-03-20 20:00:00;Bangladesh;6154.750115426328;Southern Asia
BD;2013-03-20 21:00:00;Bangladesh;6184.311430090683;Southern Asia
BD;2013-03-20 22:00:00;Bangladesh;6642.781635737735;Southern Asia
BD;2013-03-20 23:00:00;Bangladesh;7393.739836083732;Southern Asia
BD;2013-03-21 00:00:00;Bangladesh;7474.897727750879;Southern Asia
BD;2013-03-21 01:00:00;Bangladesh;8059.385867492764;Southern Asia
BD;2013-03-21 02:00:00;Bangladesh;8803.683624858231;Southern Asia
BD;2013-03-21 03:00:00;Bangladesh;9658.58887961848;Southern Asia
BD;2013-03-21 04:00:00;Bangladesh;9716.898785958318;Southern Asia
BD;2013-03-21 05:00:00;Bangladesh;9924.816639681583;Southern Asia
BD;2013-03-21 06:00:00;Bangladesh;9955.341781210565;Southern Asia
BD;2013-03-21 07:00:00;Bangladesh;10078.889706593529;Southern Asia
BD;2013-03-21 08:00:00;Bangladesh;10111.024104399283;Southern Asia
BD;2013-03-21 09:00:00;Bangladesh;10374.54170851941;Southern Asia
BD;2013-03-21 10:00:00;Bangladesh;9723.320700677836;Southern Asia
BD;2013-03-21 11:00:00;Bangladesh;9778.933402835473;Southern Asia
BD;2013-03-21 12:00:00;Bangladesh;11263.522506232146;Southern Asia
BD;2013-03-21 13:00:00;Bangladesh;11180.717582319288;Southern Asia
BD;2013-03-21 14:00:00;Bangladesh;11015.503842510725;Southern Asia
BD;2013-03-21 15:00:00;Bangladesh;8930.946546957932;Southern Asia
BD;2013-03-21 16:00:00;Bangladesh;8158.231547130242;Southern Asia
BD;2013-03-21 17:00:00;Bangladesh;7372.033764331759;Southern Asia
BD;2013-03-21 18:00:00;Bangladesh;7191.249849440206;Southern Asia
BD;2013-03-21 19:00:00;Bangladesh;6555.602794278516;Southern Asia
BD;2013-03-21 20:00:00;Bangladesh;6154.750115426328;Southern Asia
BD;2013-03-21 21:00:00;Bangladesh;6198.2669523299055;Southern Asia
BD;2013-03-21 22:00:00;Bangladesh;6642.781635737735;Southern Asia
BD;2013-03-21 23:00:00;Bangladesh;7393.739836083732;Southern Asia
BD;2013-03-22 00:00:00;Bangladesh;7474.897727750879;Southern Asia
BD;2013-03-22 01:00:00;Bangladesh;8035.2783234297085;Southern Asia
BD;2013-03-22 02:00:00;Bangladesh;8769.435931418726;Southern Asia
BD;2013-03-22 03:00:00;Bangladesh;9532.892041259625;Southern Asia
BD;2013-03-22 04:00:00;Bangladesh;9657.096189188718;Southern Asia
BD;2013-03-22 05:00:00;Bangladesh;9924.816639681583;Southern Asia
BD;2013-03-22 06:00:00;Bangladesh;9910.870831262944;Southern Asia
BD;2013-03-22 07:00:00;Bangladesh;9898.839724812779;Southern Asia
BD;2013-03-22 08:00:00;Bangladesh;9975.445072566155;Southern Asia
BD;2013-03-22 09:00:00;Bangladesh;10185.99968892132;Southern Asia
BD;2013-03-22 10:00:00;Bangladesh;9519.095178089943;Southern Asia
BD;2013-03-22 11:00:00;Bangladesh;9577.688943853515;Southern Asia
BD;2013-03-22 12:00:00;Bangladesh;11135.38641959327;Southern Asia
BD;2013-03-22 13:00:00;Bangladesh;11170.629239985954;Southern Asia
BD;2013-03-22 14:00:00;Bangladesh;11011.82554244953;Southern Asia
BD;2013-03-22 15:00:00;Bangladesh;8806.763985296804;Southern Asia
BD;2013-03-22 16:00:00;Bangladesh;7979.300813343467;Southern Asia
BD;2013-03-22 17:00:00;Bangladesh;7283.813925099938;Southern Asia
BD;2013-03-22 18:00:00;Bangladesh;7295.846650520199;Southern Asia
BD;2013-03-22 19:00:00;Bangladesh;6686.147908422259;Southern Asia
BD;2013-03-22 20:00:00;Bangladesh;6282.167918998675;Southern Asia
BD;2013-03-22 21:00:00;Bangladesh;6333.241568660021;Southern Asia
BD;2013-03-22 22:00:00;Bangladesh;6923.971377783919;Southern Asia
BD;2013-03-22 23:00:00;Bangladesh;7527.470004065678;Southern Asia
BD;2013-03-23 00:00:00;Bangladesh;7568.5222288243785;Southern Asia
BD;2013-03-23 01:00:00;Bangladesh;8141.606343200476;Southern Asia
BD;2013-03-23 02:00:00;Bangladesh;8577.737459787488;Southern Asia
BD;2013-03-23 03:00:00;Bangladesh;9107.707321157548;Southern Asia
BD;2013-03-23 04:00:00;Bangladesh;9181.627337176107;Southern Asia
BD;2013-03-23 05:00:00;Bangladesh;9129.618462455188;Southern Asia
BD;2013-03-23 06:00:00;Bangladesh;9115.672654036549;Southern Asia
BD;2013-03-23 07:00:00;Bangladesh;9103.641547586383;Southern Asia
BD;2013-03-23 08:00:00;Bangladesh;9131.022649186298;Southern Asia
BD;2013-03-23 09:00:00;Bangladesh;9214.411481647601;Southern Asia
BD;2013-03-23 10:00:00;Bangladesh;9090.254823508032;Southern Asia
BD;2013-03-23 11:00:00;Bangladesh;9130.596320393994;Southern Asia
BD;2013-03-23 12:00:00;Bangladesh;10442.598894158737;Southern Asia
BD;2013-03-23 13:00:00;Bangladesh;10552.48271192;Southern Asia
BD;2013-03-23 14:00:00;Bangladesh;10283.770372414152;Southern Asia
BD;2013-03-23 15:00:00;Bangladesh;9083.808084580354;Southern Asia
BD;2013-03-23 16:00:00;Bangladesh;7956.922329344389;Southern Asia
BD;2013-03-23 17:00:00;Bangladesh;7198.704667081841;Southern Asia
BD;2013-03-23 18:00:00;Bangladesh;7322.07666438089;Southern Asia
BD;2013-03-23 19:00:00;Bangladesh;6713.979083709238;Southern Asia
BD;2013-03-23 20:00:00;Bangladesh;6288.706939221904;Southern Asia
BD;2013-03-23 21:00:00;Bangladesh;6333.241568660021;Southern Asia
BD;2013-03-23 22:00:00;Bangladesh;6929.723038883131;Southern Asia
BD;2013-03-23 23:00:00;Bangladesh;7510.516688862846;Southern Asia
BD;2013-03-24 00:00:00;Bangladesh;7535.847095006106;Southern Asia
BD;2013-03-24 01:00:00;Bangladesh;8108.931209382204;Southern Asia
BD;2013-03-24 02:00:00;Bangladesh;8592.317904484291;Southern Asia
BD;2013-03-24 03:00:00;Bangladesh;9136.244367406975;Southern Asia
BD;2013-03-24 04:00:00;Bangladesh;9154.613202131595;Southern Asia
BD;2013-03-24 05:00:00;Bangladesh;9121.319621736133;Southern Asia
BD;2013-03-24 06:00:00;Bangladesh;9115.672654036549;Southern Asia
BD;2013-03-24 07:00:00;Bangladesh;9103.641547586383;Southern Asia
BD;2013-03-24 08:00:00;Bangladesh;9131.022649186298;Southern Asia
BD;2013-03-24 09:00:00;Bangladesh;9285.799428433893;Southern Asia
BD;2013-03-24 10:00:00;Bangladesh;9151.918156576194;Southern Asia
BD;2013-03-24 11:00:00;Bangladesh;9312.361331164542;Southern Asia
BD;2013-03-24 12:00:00;Bangladesh;10578.837386478188;Southern Asia
BD;2013-03-24 13:00:00;Bangladesh;10610.845504616349;Southern Asia
BD;2013-03-24 14:00:00;Bangladesh;10335.520211919495;Southern Asia
BD;2013-03-24 15:00:00;Bangladesh;9116.305131687915;Southern Asia
BD;2013-03-24 16:00:00;Bangladesh;7989.42153507875;Southern Asia
BD;2013-03-24 17:00:00;Bangladesh;7165.122910009047;Southern Asia
BD;2013-03-24 18:00:00;Bangladesh;7151.626095964074;Southern Asia
BD;2013-03-24 19:00:00;Bangladesh;6524.290833282219;Southern Asia
BD;2013-03-24 20:00:00;Bangladesh;6261.891397842668;Southern Asia
BD;2013-03-24 21:00:00;Bangladesh;6226.098127616884;Southern Asia
BD;2013-03-24 22:00:00;Bangladesh;6659.19367527135;Southern Asia
BD;2013-03-24 23:00:00;Bangladesh;7387.447438972002;Southern Asia
BD;2013-03-25 00:00:00;Bangladesh;7490.254198781016;Southern Asia
BD;2013-03-25 01:00:00;Bangladesh;8157.561293509936;Southern Asia
BD;2013-03-25 02:00:00;Bangladesh;8946.70020531862;Southern Asia
BD;2013-03-25 03:00:00;Bangladesh;9944.87891712804;Southern Asia
BD;2013-03-25 04:00:00;Bangladesh;10064.125778619024;Southern Asia
BD;2013-03-25 05:00:00;Bangladesh;10093.55757567559;Southern Asia
BD;2013-03-25 06:00:00;Bangladesh;10179.741829838333;Southern Asia
BD;2013-03-25 07:00:00;Bangladesh;10119.331579625525;Southern Asia
BD;2013-03-25 08:00:00;Bangladesh;10199.845121193923;Southern Asia
BD;2013-03-25 09:00:00;Bangladesh;10394.467992477688;Southern Asia
BD;2013-03-25 10:00:00;Bangladesh;9901.418204521171;Southern Asia
BD;2013-03-25 11:00:00;Bangladesh;9778.933402835473;Southern Asia
BD;2013-03-25 12:00:00;Bangladesh;11294.947795135258;Southern Asia
BD;2013-03-25 13:00:00;Bangladesh;11358.941365830218;Southern Asia
BD;2013-03-25 14:00:00;Bangladesh;11210.00583069389;Southern Asia
BD;2013-03-25 15:00:00;Bangladesh;9178.09690305047;Southern Asia
BD;2013-03-25 16:00:00;Bangladesh;8350.633731097132;Southern Asia
BD;2013-03-25 17:00:00;Bangladesh;7547.627800747879;Southern Asia
BD;2013-03-25 18:00:00;Bangladesh;7092.407407742923;Southern Asia
BD;2013-03-25 19:00:00;Bangladesh;6524.290833282219;Southern Asia
BD;2013-03-25 20:00:00;Bangladesh;6268.602568552916;Southern Asia
BD;2013-03-25 21:00:00;Bangladesh;6226.098127616884;Southern Asia
BD;2013-03-25 22:00:00;Bangladesh;6659.19367527135;Southern Asia
BD;2013-03-25 23:00:00;Bangladesh;7387.447438972002;Southern Asia
BD;2013-03-26 00:00:00;Bangladesh;7490.254198781016;Southern Asia
BD;2013-03-26 01:00:00;Bangladesh;8157.561293509936;Southern Asia
BD;2013-03-26 02:00:00;Bangladesh;8946.70020531862;Southern Asia
BD;2013-03-26 03:00:00;Bangladesh;9987.420054719612;Southern Asia
BD;2013-03-26 04:00:00;Bangladesh;10198.631972934303;Southern Asia
BD;2013-03-26 05:00:00;Bangladesh;10397.409121487888;Southern Asia
BD;2013-03-26 06:00:00;Bangladesh;10383.46331306925;Southern Asia
BD;2013-03-26 07:00:00;Bangladesh;10371.432206619083;Southern Asia
BD;2013-03-26 08:00:00;Bangladesh;10371.432206619083;Southern Asia
BD;2013-03-26 09:00:00;Bangladesh;10394.467992477688;Southern Asia
BD;2013-03-26 10:00:00;Bangladesh;10201.713412686275;Southern Asia
BD;2013-03-26 11:00:00;Bangladesh;10203.751156382148;Southern Asia
BD;2013-03-26 12:00:00;Bangladesh;11469.044284211324;Southern Asia
BD;2013-03-26 13:00:00;Bangladesh;11294.728694515416;Southern Asia
BD;2013-03-26 14:00:00;Bangladesh;11021.831856964596;Southern Asia
BD;2013-03-26 15:00:00;Bangladesh;8913.817303671187;Southern Asia
BD;2013-03-26 16:00:00;Bangladesh;8201.06355968264;Southern Asia
BD;2013-03-26 17:00:00;Bangladesh;7268.137437647222;Southern Asia
BD;2013-03-26 18:00:00;Bangladesh;7151.626095964074;Southern Asia
BD;2013-03-26 19:00:00;Bangladesh;6517.579662571971;Southern Asia
BD;2013-03-26 20:00:00;Bangladesh;6261.891397842668;Southern Asia
BD;2013-03-26 21:00:00;Bangladesh;6301.463344275685;Southern Asia
BD;2013-03-26 22:00:00;Bangladesh;6659.19367527135;Southern Asia
BD;2013-03-26 23:00:00;Bangladesh;7387.447438972002;Southern Asia
BD;2013-03-27 00:00:00;Bangladesh;7490.254198781016;Southern Asia
BD;2013-03-27 01:00:00;Bangladesh;8201.900567222972;Southern Asia
BD;2013-03-27 02:00:00;Bangladesh;8980.093082546722;Southern Asia
BD;2013-03-27 03:00:00;Bangladesh;9953.043922985715;Southern Asia
BD;2013-03-27 04:00:00;Bangladesh;10098.50191035292;Southern Asia
BD;2013-03-27 05:00:00;Bangladesh;10193.687638256972;Southern Asia
BD;2013-03-27 06:00:00;Bangladesh;10305.775413977439;Southern Asia
BD;2013-03-27 07:00:00;Bangladesh;10293.744307527275;Southern Asia
BD;2013-03-27 08:00:00;Bangladesh;10371.432206619083;Southern Asia
BD;2013-03-27 09:00:00;Bangladesh;10394.467992477688;Southern Asia
BD;2013-03-27 10:00:00;Bangladesh;9901.418204521171;Southern Asia
BD;2013-03-27 11:00:00;Bangladesh;9893.15282251746;Southern Asia
BD;2013-03-27 12:00:00;Bangladesh;11267.93258077735;Southern Asia
BD;2013-03-27 13:00:00;Bangladesh;11294.728694515416;Southern Asia
BD;2013-03-27 14:00:00;Bangladesh;11015.503842510725;Southern Asia
BD;2013-03-27 15:00:00;Bangladesh;8890.220814502198;Southern Asia
BD;2013-03-27 16:00:00;Bangladesh;7979.300813343467;Southern Asia
BD;2013-03-27 17:00:00;Bangladesh;7349.944536323408;Southern Asia
BD;2013-03-27 18:00:00;Bangladesh;7191.249849440206;Southern Asia
BD;2013-03-27 19:00:00;Bangladesh;6555.602794278516;Southern Asia
BD;2013-03-27 20:00:00;Bangladesh;6154.750115426328;Southern Asia
BD;2013-03-27 21:00:00;Bangladesh;6198.2669523299055;Southern Asia
BD;2013-03-27 22:00:00;Bangladesh;6659.19367527135;Southern Asia
BD;2013-03-27 23:00:00;Bangladesh;7387.447438972002;Southern Asia
BD;2013-03-28 00:00:00;Bangladesh;7490.254198781016;Southern Asia
BD;2013-03-28 01:00:00;Bangladesh;8084.88356721275;Southern Asia
BD;2013-03-28 02:00:00;Bangladesh;8876.361351155418;Southern Asia
BD;2013-03-28 03:00:00;Bangladesh;9944.87891712804;Southern Asia
BD;2013-03-28 04:00:00;Bangladesh;10055.96077276135;Southern Asia
BD;2013-03-28 05:00:00;Bangladesh;10093.55757567559;Southern Asia
BD;2013-03-28 06:00:00;Bangladesh;10157.198210889324;Southern Asia
BD;2013-03-28 07:00:00;Bangladesh;10119.331579625525;Southern Asia
BD;2013-03-28 08:00:00;Bangladesh;10248.18540967423;Southern Asia
BD;2013-03-28 09:00:00;Bangladesh;10394.467992477688;Southern Asia
BD;2013-03-28 10:00:00;Bangladesh;9901.418204521171;Southern Asia
BD;2013-03-28 11:00:00;Bangladesh;9957.030906678809;Southern Asia
BD;2013-03-28 12:00:00;Bangladesh;11327.735177546947;Southern Asia
BD;2013-03-28 13:00:00;Bangladesh;11299.138769060619;Southern Asia
BD;2013-03-28 14:00:00;Bangladesh;11123.721200385111;Southern Asia
BD;2013-03-28 15:00:00;Bangladesh;8800.537426302366;Southern Asia
BD;2013-03-28 16:00:00;Bangladesh;7973.074254349029;Southern Asia
BD;2013-03-28 17:00:00;Bangladesh;7195.777569145817;Southern Asia
BD;2013-03-28 18:00:00;Bangladesh;7241.013752292789;Southern Asia
BD;2013-03-28 19:00:00;Bangladesh;6606.967318900686;Southern Asia
BD;2013-03-28 20:00:00;Bangladesh;6206.114640048499;Southern Asia
BD;2013-03-28 21:00:00;Bangladesh;6198.2669523299055;Southern Asia
BD;2013-03-28 22:00:00;Bangladesh;6659.19367527135;Southern Asia
BD;2013-03-28 23:00:00;Bangladesh;7387.447438972002;Southern Asia
BD;2013-03-29 00:00:00;Bangladesh;7490.254198781016;Southern Asia
BD;2013-03-29 01:00:00;Bangladesh;8157.561293509936;Southern Asia
BD;2013-03-29 02:00:00;Bangladesh;8997.914705378436;Southern Asia
BD;2013-03-29 03:00:00;Bangladesh;9625.801497206792;Southern Asia
BD;2013-03-29 04:00:00;Bangladesh;9716.898785958318;Southern Asia
BD;2013-03-29 05:00:00;Bangladesh;9924.816639681583;Southern Asia
BD;2013-03-29 06:00:00;Bangladesh;9910.870831262944;Southern Asia
BD;2013-03-29 07:00:00;Bangladesh;9898.839724812779;Southern Asia
BD;2013-03-29 08:00:00;Bangladesh;9930.974122618534;Southern Asia
BD;2013-03-29 09:00:00;Bangladesh;10354.746021482317;Southern Asia
BD;2013-03-29 10:00:00;Bangladesh;9519.095178089943;Southern Asia
BD;2013-03-29 11:00:00;Bangladesh;9577.688943853515;Southern Asia
BD;2013-03-29 12:00:00;Bangladesh;11135.38641959327;Southern Asia
BD;2013-03-29 13:00:00;Bangladesh;11166.59260787654;Southern Asia
BD;2013-03-29 14:00:00;Bangladesh;11015.503842510725;Southern Asia
BD;2013-03-29 15:00:00;Bangladesh;8806.763985296804;Southern Asia
BD;2013-03-29 16:00:00;Bangladesh;7973.074254349029;Southern Asia
BD;2013-03-29 17:00:00;Bangladesh;7195.777569145817;Southern Asia
BD;2013-03-29 18:00:00;Bangladesh;7322.07666438089;Southern Asia
BD;2013-03-29 19:00:00;Bangladesh;6686.147908422259;Southern Asia
BD;2013-03-29 20:00:00;Bangladesh;6282.167918998675;Southern Asia
BD;2013-03-29 21:00:00;Bangladesh;6333.241568660021;Southern Asia
BD;2013-03-29 22:00:00;Bangladesh;6929.723038883131;Southern Asia
BD;2013-03-29 23:00:00;Bangladesh;7510.516688862846;Southern Asia
BD;2013-03-30 00:00:00;Bangladesh;7535.847095006106;Southern Asia
BD;2013-03-30 01:00:00;Bangladesh;8108.931209382204;Southern Asia
BD;2013-03-30 02:00:00;Bangladesh;8592.317904484291;Southern Asia
BD;2013-03-30 03:00:00;Bangladesh;9107.707321157548;Southern Asia
BD;2013-03-30 04:00:00;Bangladesh;9100.40900395866;Southern Asia
BD;2013-03-30 05:00:00;Bangladesh;9121.319621736133;Southern Asia
BD;2013-03-30 06:00:00;Bangladesh;9115.672654036549;Southern Asia
BD;2013-03-30 07:00:00;Bangladesh;9095.342706867328;Southern Asia
BD;2013-03-30 08:00:00;Bangladesh;9122.721649840445;Southern Asia
BD;2013-03-30 09:00:00;Bangladesh;9266.0037413968;Southern Asia
BD;2013-03-30 10:00:00;Bangladesh;8924.120969027472;Southern Asia
BD;2013-03-30 11:00:00;Bangladesh;9063.433885561806;Southern Asia
BD;2013-03-30 12:00:00;Bangladesh;10465.615252376172;Southern Asia
BD;2013-03-30 13:00:00;Bangladesh;10552.48271192;Southern Asia
BD;2013-03-30 14:00:00;Bangladesh;10303.439779783652;Southern Asia
BD;2013-03-30 15:00:00;Bangladesh;9083.808084580354;Southern Asia
BD;2013-03-30 16:00:00;Bangladesh;7956.922329344389;Southern Asia
BD;2013-03-30 17:00:00;Bangladesh;7198.704667081841;Southern Asia
BD;2013-03-30 18:00:00;Bangladesh;7322.07666438089;Southern Asia
BD;2013-03-30 19:00:00;Bangladesh;6713.979083709238;Southern Asia
BD;2013-03-30 20:00:00;Bangladesh;6288.706939221904;Southern Asia
BD;2013-03-30 21:00:00;Bangladesh;6361.072743946999;Southern Asia
BD;2013-03-30 22:00:00;Bangladesh;6929.723038883131;Southern Asia
BD;2013-03-30 23:00:00;Bangladesh;7510.516688862846;Southern Asia
BD;2013-03-31 00:00:00;Bangladesh;7535.847095006106;Southern Asia
BD;2013-03-31 01:00:00;Bangladesh;8108.931209382204;Southern Asia
BD;2013-03-31 02:00:00;Bangladesh;8592.317904484291;Southern Asia
BD;2013-03-31 03:00:00;Bangladesh;9218.972660068557;Southern Asia
BD;2013-03-31 04:00:00;Bangladesh;9189.926177895162;Southern Asia
BD;2013-03-31 05:00:00;Bangladesh;9174.090491716208;Southern Asia
BD;2013-03-31 06:00:00;Bangladesh;9160.144683297569;Southern Asia
BD;2013-03-31 07:00:00;Bangladesh;9148.113576847403;Southern Asia
BD;2013-03-31 08:00:00;Bangladesh;9175.493599133917;Southern Asia
BD;2013-03-31 09:00:00;Bangladesh;9266.0037413968;Southern Asia
BD;2013-03-31 10:00:00;Bangladesh;9160.21807660865;Southern Asia
BD;2013-03-31 11:00:00;Bangladesh;9312.361331164542;Southern Asia
BD;2013-03-31 12:00:00;Bangladesh;10578.837386478188;Southern Asia
BD;2013-03-31 13:00:00;Bangladesh;10665.704846022016;Southern Asia
BD;2013-03-31 14:00:00;Bangladesh;10335.520211919495;Southern Asia
BD;2013-03-31 15:00:00;Bangladesh;9116.305131687915;Southern Asia
BD;2013-03-31 16:00:00;Bangladesh;7989.42153507875;Southern Asia
BD;2013-03-31 17:00:00;Bangladesh;7221.5871904378955;Southern Asia
BD;2013-03-31 18:00:00;Bangladesh;7543.19721924811;Southern Asia
BD;2013-03-31 19:00:00;Bangladesh;6889.423095563005;Southern Asia
BD;2013-03-31 20:00:00;Bangladesh;6681.399469126709;Southern Asia
BD;2013-03-31 21:00:00;Bangladesh;6722.422552423657;Southern Asia
BD;2013-03-31 22:00:00;Bangladesh;7041.700184980279;Southern Asia
BD;2013-03-31 23:00:00;Bangladesh;7821.696772649184;Southern Asia
BD;2013-04-01 00:00:00;Bangladesh;7834.222744292442;Southern Asia
BD;2013-04-01 01:00:00;Bangladesh;8508.716447283532;Southern Asia
BD;2013-04-01 02:00:00;Bangladesh;9114.67860639677;Southern Asia
BD;2013-04-01 03:00:00;Bangladesh;10677.797473335879;Southern Asia
BD;2013-04-01 04:00:00;Bangladesh;11004.530463190835;Southern Asia
BD;2013-04-01 05:00:00;Bangladesh;11149.836267368888;Southern Asia
BD;2013-04-01 06:00:00;Bangladesh;11201.58718618763;Southern Asia
BD;2013-04-01 07:00:00;Bangladesh;11217.81034587655;Southern Asia
BD;2013-04-01 08:00:00;Bangladesh;11100.113378425438;Southern Asia
BD;2013-04-01 09:00:00;Bangladesh;11284.478455172344;Southern Asia
BD;2013-04-01 10:00:00;Bangladesh;10499.024319305247;Southern Asia
BD;2013-04-01 11:00:00;Bangladesh;10426.864663439215;Southern Asia
BD;2013-04-01 12:00:00;Bangladesh;11489.152972133907;Southern Asia
BD;2013-04-01 13:00:00;Bangladesh;11562.062750811714;Southern Asia
BD;2013-04-01 14:00:00;Bangladesh;11215.699208869595;Southern Asia
BD;2013-04-01 15:00:00;Bangladesh;10414.012199492992;Southern Asia
BD;2013-04-01 16:00:00;Bangladesh;9333.643232751008;Southern Asia
BD;2013-04-01 17:00:00;Bangladesh;7968.536820822834;Southern Asia
BD;2013-04-01 18:00:00;Bangladesh;7543.19721924811;Southern Asia
BD;2013-04-01 19:00:00;Bangladesh;6874.473525684002;Southern Asia
BD;2013-04-01 20:00:00;Bangladesh;6681.399469126709;Southern Asia
BD;2013-04-01 21:00:00;Bangladesh;6640.635421045338;Southern Asia
BD;2013-04-01 22:00:00;Bangladesh;7041.700184980279;Southern Asia
BD;2013-04-01 23:00:00;Bangladesh;7821.696772649184;Southern Asia
BD;2013-04-02 00:00:00;Bangladesh;7834.222744292442;Southern Asia
BD;2013-04-02 01:00:00;Bangladesh;8508.716447283532;Southern Asia
BD;2013-04-02 02:00:00;Bangladesh;9114.67860639677;Southern Asia
BD;2013-04-02 03:00:00;Bangladesh;10829.728103152322;Southern Asia
BD;2013-04-02 04:00:00;Bangladesh;11156.461093007276;Southern Asia
BD;2013-04-02 05:00:00;Bangladesh;11238.0625824811;Southern Asia
BD;2013-04-02 06:00:00;Bangladesh;11364.096166620204;Southern Asia
BD;2013-04-02 07:00:00;Bangladesh;11380.319326309129;Southern Asia
BD;2013-04-02 08:00:00;Bangladesh;11286.420139975777;Southern Asia
BD;2013-04-02 09:00:00;Bangladesh;11435.846762708305;Southern Asia
BD;2013-04-02 10:00:00;Bangladesh;10876.910288356317;Southern Asia
BD;2013-04-02 11:00:00;Bangladesh;10830.016279829651;Southern Asia
BD;2013-04-02 12:00:00;Bangladesh;11827.873895903094;Southern Asia
BD;2013-04-02 13:00:00;Bangladesh;11880.31449598331;Southern Asia
BD;2013-04-02 14:00:00;Bangladesh;11591.652127624422;Southern Asia
BD;2013-04-02 15:00:00;Bangladesh;10500.14356729922;Southern Asia
BD;2013-04-02 16:00:00;Bangladesh;9548.260384737143;Southern Asia
BD;2013-04-02 17:00:00;Bangladesh;8369.324740871127;Southern Asia
BD;2013-04-02 18:00:00;Bangladesh;7703.6231248220865;Southern Asia
BD;2013-04-02 19:00:00;Bangladesh;7115.777780754981;Southern Asia
BD;2013-04-02 20:00:00;Bangladesh;6741.662932717356;Southern Asia
BD;2013-04-02 21:00:00;Bangladesh;6638.848078057856;Southern Asia
BD;2013-04-02 22:00:00;Bangladesh;7041.700184980279;Southern Asia
BD;2013-04-02 23:00:00;Bangladesh;7821.696772649184;Southern Asia
BD;2013-04-03 00:00:00;Bangladesh;7834.222744292442;Southern Asia
BD;2013-04-03 01:00:00;Bangladesh;8508.716447283532;Southern Asia
BD;2013-04-03 02:00:00;Bangladesh;9248.886910214136;Southern Asia
BD;2013-04-03 03:00:00;Bangladesh;10677.797473335879;Southern Asia
BD;2013-04-03 04:00:00;Bangladesh;11004.530463190835;Southern Asia
BD;2013-04-03 05:00:00;Bangladesh;11149.836267368888;Southern Asia
BD;2013-04-03 06:00:00;Bangladesh;11201.58718618763;Southern Asia
BD;2013-04-03 07:00:00;Bangladesh;11231.742123221014;Southern Asia
BD;2013-04-03 08:00:00;Bangladesh;11286.420139975777;Southern Asia
BD;2013-04-03 09:00:00;Bangladesh;11510.541725746798;Southern Asia
BD;2013-04-03 10:00:00;Bangladesh;11085.719654946528;Southern Asia
BD;2013-04-03 11:00:00;Bangladesh;11083.296596367485;Southern Asia
BD;2013-04-03 12:00:00;Bangladesh;12033.246728633316;Southern Asia
BD;2013-04-03 13:00:00;Bangladesh;12001.346541834979;Southern Asia
BD;2013-04-03 14:00:00;Bangladesh;11627.413018448256;Southern Asia
BD;2013-04-03 15:00:00;Bangladesh;10412.959868929709;Southern Asia
BD;2013-04-03 16:00:00;Bangladesh;9538.945910110346;Southern Asia
BD;2013-04-03 17:00:00;Bangladesh;8462.097124016718;Southern Asia
BD;2013-04-03 18:00:00;Bangladesh;8002.2534920704065;Southern Asia
BD;2013-04-03 19:00:00;Bangladesh;7342.127609036667;Southern Asia
BD;2013-04-03 20:00:00;Bangladesh;6756.781954799881;Southern Asia
BD;2013-04-03 21:00:00;Bangladesh;6797.805038096829;Southern Asia
BD;2013-04-03 22:00:00;Bangladesh;7075.481075375048;Southern Asia
BD;2013-04-03 23:00:00;Bangladesh;7936.839005286666;Southern Asia
BD;2013-04-04 00:00:00;Bangladesh;7949.364976929924;Southern Asia
BD;2013-04-04 01:00:00;Bangladesh;8579.403919674367;Southern Asia
BD;2013-04-04 02:00:00;Bangladesh;9482.740664897074;Southern Asia
BD;2013-04-04 03:00:00;Bangladesh;10829.728103152322;Southern Asia
BD;2013-04-04 04:00:00;Bangladesh;11397.901341566434;Southern Asia
BD;2013-04-04 05:00:00;Bangladesh;11443.206600770893;Southern Asia
BD;2013-04-04 06:00:00;Bangladesh;11443.206600770893;Southern Asia
BD;2013-04-04 07:00:00;Bangladesh;11432.737260807979;Southern Asia
BD;2013-04-04 08:00:00;Bangladesh;11432.737260807979;Southern Asia
BD;2013-04-04 09:00:00;Bangladesh;11510.541725746798;Southern Asia
BD;2013-04-04 10:00:00;Bangladesh;11201.174888469499;Southern Asia
BD;2013-04-04 11:00:00;Bangladesh;11198.751829890456;Southern Asia
BD;2013-04-04 12:00:00;Bangladesh;12033.246728633316;Southern Asia
BD;2013-04-04 13:00:00;Bangladesh;12085.68732871353;Southern Asia
BD;2013-04-04 14:00:00;Bangladesh;11870.513251013905;Southern Asia
BD;2013-04-04 15:00:00;Bangladesh;10490.829092672422;Southern Asia
BD;2013-04-04 16:00:00;Bangladesh;9538.945910110346;Southern Asia
BD;2013-04-04 17:00:00;Bangladesh;8369.324740871127;Southern Asia
BD;2013-04-04 18:00:00;Bangladesh;7939.738580731035;Southern Asia
BD;2013-04-04 19:00:00;Bangladesh;7279.612697697294;Southern Asia
BD;2013-04-04 20:00:00;Bangladesh;6756.781954799881;Southern Asia
BD;2013-04-04 21:00:00;Bangladesh;6797.805038096829;Southern Asia
BD;2013-04-04 22:00:00;Bangladesh;7041.700184980279;Southern Asia
BD;2013-04-04 23:00:00;Bangladesh;7821.696772649184;Southern Asia
BD;2013-04-05 00:00:00;Bangladesh;7834.222744292442;Southern Asia
BD;2013-04-05 01:00:00;Bangladesh;8508.716447283532;Southern Asia
BD;2013-04-05 02:00:00;Bangladesh;9482.740664897074;Southern Asia
BD;2013-04-05 03:00:00;Bangladesh;10829.728103152322;Southern Asia
BD;2013-04-05 04:00:00;Bangladesh;11156.461093007276;Southern Asia
BD;2013-04-05 05:00:00;Bangladesh;11391.276515928046;Southern Asia
BD;2013-04-05 06:00:00;Bangladesh;11443.206600770893;Southern Asia
BD;2013-04-05 07:00:00;Bangladesh;11459.429760459814;Southern Asia
BD;2013-04-05 08:00:00;Bangladesh;11459.429760459814;Southern Asia
BD;2013-04-05 09:00:00;Bangladesh;11510.541725746798;Southern Asia
BD;2013-04-05 10:00:00;Bangladesh;10750.745027982624;Southern Asia
BD;2013-04-05 11:00:00;Bangladesh;10748.321969403582;Southern Asia
BD;2013-04-05 12:00:00;Bangladesh;11708.42736143344;Southern Asia
BD;2013-04-05 13:00:00;Bangladesh;11777.813181865997;Southern Asia
BD;2013-04-05 14:00:00;Bangladesh;11405.220165719888;Southern Asia
BD;2013-04-05 15:00:00;Bangladesh;10066.093366944013;Southern Asia
BD;2013-04-05 16:00:00;Bangladesh;8985.72493985873;Southern Asia
BD;2013-04-05 17:00:00;Bangladesh;7784.571629689975;Southern Asia
BD;2013-04-05 18:00:00;Bangladesh;7725.308689619495;Southern Asia
BD;2013-04-05 19:00:00;Bangladesh;7116.205188860684;Southern Asia
BD;2013-04-05 20:00:00;Bangladesh;6806.957076057192;Southern Asia
BD;2013-04-05 21:00:00;Bangladesh;6871.231268235693;Southern Asia
BD;2013-04-05 22:00:00;Bangladesh;7407.9052847789135;Southern Asia
BD;2013-04-05 23:00:00;Bangladesh;8067.78238607436;Southern Asia
BD;2013-04-06 00:00:00;Bangladesh;8151.5473592549515;Southern Asia
BD;2013-04-06 01:00:00;Bangladesh;8664.308647803498;Southern Asia
BD;2013-04-06 02:00:00;Bangladesh;9752.903601610155;Southern Asia
BD;2013-04-06 03:00:00;Bangladesh;10953.157304061478;Southern Asia
BD;2013-04-06 04:00:00;Bangladesh;11157.556596106488;Southern Asia
BD;2013-04-06 05:00:00;Bangladesh;11196.29855053626;Southern Asia
BD;2013-04-06 06:00:00;Bangladesh;11196.29855053626;Southern Asia
BD;2013-04-06 07:00:00;Bangladesh;11149.972260857066;Southern Asia
BD;2013-04-06 08:00:00;Bangladesh;11145.217885337825;Southern Asia
BD;2013-04-06 09:00:00;Bangladesh;11257.317533505675;Southern Asia
BD;2013-04-06 10:00:00;Bangladesh;11006.808893774516;Southern Asia
BD;2013-04-06 11:00:00;Bangladesh;11012.292885150966;Southern Asia
BD;2013-04-06 12:00:00;Bangladesh;12509.574714110924;Southern Asia
BD;2013-04-06 13:00:00;Bangladesh;12513.445131957007;Southern Asia
BD;2013-04-06 14:00:00;Bangladesh;12088.626299096935;Southern Asia
BD;2013-04-06 15:00:00;Bangladesh;10579.204353033589;Southern Asia
BD;2013-04-06 16:00:00;Bangladesh;8909.891840841794;Southern Asia
BD;2013-04-06 17:00:00;Bangladesh;7981.341255322836;Southern Asia
BD;2013-04-06 18:00:00;Bangladesh;7706.014883312584;Southern Asia
BD;2013-04-06 19:00:00;Bangladesh;7116.205188860684;Southern Asia
BD;2013-04-06 20:00:00;Bangladesh;6806.957076057192;Southern Asia
BD;2013-04-06 21:00:00;Bangladesh;6871.231268235693;Southern Asia
BD;2013-04-06 22:00:00;Bangladesh;7407.9052847789135;Southern Asia
BD;2013-04-06 23:00:00;Bangladesh;8067.78238607436;Southern Asia
BD;2013-04-07 00:00:00;Bangladesh;8151.5473592549515;Southern Asia
BD;2013-04-07 01:00:00;Bangladesh;8664.308647803498;Southern Asia
BD;2013-04-07 02:00:00;Bangladesh;9879.701339635214;Southern Asia
BD;2013-04-07 03:00:00;Bangladesh;10953.157304061478;Southern Asia
BD;2013-04-07 04:00:00;Bangladesh;11157.556596106488;Southern Asia
BD;2013-04-07 05:00:00;Bangladesh;11110.073282464382;Southern Asia
BD;2013-04-07 06:00:00;Bangladesh;11162.003367307232;Southern Asia
BD;2013-04-07 07:00:00;Bangladesh;11149.972260857066;Southern Asia
BD;2013-04-07 08:00:00;Bangladesh;11145.217885337825;Southern Asia
BD;2013-04-07 09:00:00;Bangladesh;11257.317533505675;Southern Asia
BD;2013-04-07 10:00:00;Bangladesh;11051.279843722137;Southern Asia
BD;2013-04-07 11:00:00;Bangladesh;11064.962299671608;Southern Asia
BD;2013-04-07 12:00:00;Bangladesh;12493.364506182781;Southern Asia
BD;2013-04-07 13:00:00;Bangladesh;12559.626793640837;Southern Asia
BD;2013-04-07 14:00:00;Bangladesh;12255.650047474343;Southern Asia
BD;2013-04-07 15:00:00;Bangladesh;10685.140042384097;Southern Asia
BD;2013-04-07 16:00:00;Bangladesh;8922.564599107212;Southern Asia
BD;2013-04-07 17:00:00;Bangladesh;7823.344344551595;Southern Asia
BD;2013-04-07 18:00:00;Bangladesh;7528.248728682507;Southern Asia
BD;2013-04-07 19:00:00;Bangladesh;6848.504705665684;Southern Asia
BD;2013-04-07 20:00:00;Bangladesh;6590.712859123214;Southern Asia
BD;2013-04-07 21:00:00;Bangladesh;6640.635421045338;Southern Asia
BD;2013-04-07 22:00:00;Bangladesh;7041.700184980279;Southern Asia
BD;2013-04-07 23:00:00;Bangladesh;7821.696772649184;Southern Asia
BD;2013-04-08 00:00:00;Bangladesh;7834.222744292442;Southern Asia
BD;2013-04-08 01:00:00;Bangladesh;8508.716447283532;Southern Asia
BD;2013-04-08 02:00:00;Bangladesh;9482.740664897074;Southern Asia
BD;2013-04-08 03:00:00;Bangladesh;10829.728103152322;Southern Asia
BD;2013-04-08 04:00:00;Bangladesh;11156.461093007276;Southern Asia
BD;2013-04-08 05:00:00;Bangladesh;11443.206600770893;Southern Asia
BD;2013-04-08 06:00:00;Bangladesh;11443.206600770893;Southern Asia
BD;2013-04-08 07:00:00;Bangladesh;11432.737260807979;Southern Asia
BD;2013-04-08 08:00:00;Bangladesh;11432.737260807979;Southern Asia
BD;2013-04-08 09:00:00;Bangladesh;11510.541725746798;Southern Asia
BD;2013-04-08 10:00:00;Bangladesh;11235.551020203398;Southern Asia
BD;2013-04-08 11:00:00;Bangladesh;11233.127961624352;Southern Asia
BD;2013-04-08 12:00:00;Bangladesh;12148.701962156287;Southern Asia
BD;2013-04-08 13:00:00;Bangladesh;12085.68732871353;Southern Asia
BD;2013-04-08 14:00:00;Bangladesh;11665.411325946643;Southern Asia
BD;2013-04-08 15:00:00;Bangladesh;10490.829092672422;Southern Asia
BD;2013-04-08 16:00:00;Bangladesh;9461.076686367633;Southern Asia
BD;2013-04-08 17:00:00;Bangladesh;8369.324740871127;Southern Asia
BD;2013-04-08 18:00:00;Bangladesh;7703.6231248220865;Southern Asia
BD;2013-04-08 19:00:00;Bangladesh;7115.777780754981;Southern Asia
BD;2013-04-08 20:00:00;Bangladesh;6756.781954799881;Southern Asia
BD;2013-04-08 21:00:00;Bangladesh;6623.290854735646;Southern Asia
BD;2013-04-08 22:00:00;Bangladesh;7041.700184980279;Southern Asia
BD;2013-04-08 23:00:00;Bangladesh;7821.696772649184;Southern Asia
BD;2013-04-09 00:00:00;Bangladesh;7834.222744292442;Southern Asia
BD;2013-04-09 01:00:00;Bangladesh;8508.716447283532;Southern Asia
BD;2013-04-09 02:00:00;Bangladesh;9271.080831622116;Southern Asia
BD;2013-04-09 03:00:00;Bangladesh;10829.728103152322;Southern Asia
BD;2013-04-09 04:00:00;Bangladesh;11156.461093007276;Southern Asia
BD;2013-04-09 05:00:00;Bangladesh;11443.206600770893;Southern Asia
BD;2013-04-09 06:00:00;Bangladesh;11443.206600770893;Southern Asia
BD;2013-04-09 07:00:00;Bangladesh;11432.737260807979;Southern Asia
BD;2013-04-09 08:00:00;Bangladesh;11432.737260807979;Southern Asia
BD;2013-04-09 09:00:00;Bangladesh;11510.541725746798;Southern Asia
BD;2013-04-09 10:00:00;Bangladesh;11235.551020203398;Southern Asia
BD;2013-04-09 11:00:00;Bangladesh;11233.127961624352;Southern Asia
BD;2013-04-09 12:00:00;Bangladesh;12033.246728633316;Southern Asia
BD;2013-04-09 13:00:00;Bangladesh;12085.68732871353;Southern Asia
BD;2013-04-09 14:00:00;Bangladesh;11444.976674744004;Southern Asia
BD;2013-04-09 15:00:00;Bangladesh;10500.14356729922;Southern Asia
BD;2013-04-09 16:00:00;Bangladesh;9548.260384737143;Southern Asia
BD;2013-04-09 17:00:00;Bangladesh;8369.324740871127;Southern Asia
BD;2013-04-09 18:00:00;Bangladesh;7939.738580731035;Southern Asia
BD;2013-04-09 19:00:00;Bangladesh;7115.777780754981;Southern Asia
BD;2013-04-09 20:00:00;Bangladesh;6741.662932717356;Southern Asia
BD;2013-04-09 21:00:00;Bangladesh;6640.635421045338;Southern Asia
BD;2013-04-09 22:00:00;Bangladesh;7041.700184980279;Southern Asia
BD;2013-04-09 23:00:00;Bangladesh;7821.696772649184;Southern Asia
BD;2013-04-10 00:00:00;Bangladesh;7834.222744292442;Southern Asia
BD;2013-04-10 01:00:00;Bangladesh;8508.716447283532;Southern Asia
BD;2013-04-10 02:00:00;Bangladesh;9377.23238365227;Southern Asia
BD;2013-04-10 03:00:00;Bangladesh;10829.728103152322;Southern Asia
BD;2013-04-10 04:00:00;Bangladesh;11156.461093007276;Southern Asia
BD;2013-04-10 05:00:00;Bangladesh;11391.276515928046;Southern Asia
BD;2013-04-10 06:00:00;Bangladesh;11391.276515928046;Southern Asia
BD;2013-04-10 07:00:00;Bangladesh;11407.499675616968;Southern Asia
BD;2013-04-10 08:00:00;Bangladesh;11459.429760459814;Southern Asia
BD;2013-04-10 09:00:00;Bangladesh;11510.541725746798;Southern Asia
BD;2013-04-10 10:00:00;Bangladesh;11085.719654946528;Southern Asia
BD;2013-04-10 11:00:00;Bangladesh;11083.296596367485;Southern Asia
BD;2013-04-10 12:00:00;Bangladesh;12033.246728633316;Southern Asia
BD;2013-04-10 13:00:00;Bangladesh;12085.68732871353;Southern Asia
BD;2013-04-10 14:00:00;Bangladesh;11870.513251013905;Southern Asia
BD;2013-04-10 15:00:00;Bangladesh;10490.829092672422;Southern Asia
BD;2013-04-10 16:00:00;Bangladesh;9538.945910110346;Southern Asia
BD;2013-04-10 17:00:00;Bangladesh;8369.324740871127;Southern Asia
BD;2013-04-10 18:00:00;Bangladesh;7939.738580731035;Southern Asia
BD;2013-04-10 19:00:00;Bangladesh;7279.612697697294;Southern Asia
BD;2013-04-10 20:00:00;Bangladesh;6756.781954799881;Southern Asia
BD;2013-04-10 21:00:00;Bangladesh;6762.861187515459;Southern Asia
BD;2013-04-10 22:00:00;Bangladesh;7180.387099743635;Southern Asia
BD;2013-04-10 23:00:00;Bangladesh;7936.839005286666;Southern Asia
BD;2013-04-11 00:00:00;Bangladesh;8024.511092968881;Southern Asia
BD;2013-04-11 01:00:00;Bangladesh;8579.403919674367;Southern Asia
BD;2013-04-11 02:00:00;Bangladesh;9482.740664897074;Southern Asia
BD;2013-04-11 03:00:00;Bangladesh;10829.728103152322;Southern Asia
BD;2013-04-11 04:00:00;Bangladesh;11156.461093007276;Southern Asia
BD;2013-04-11 05:00:00;Bangladesh;11364.096166620204;Southern Asia
BD;2013-04-11 06:00:00;Bangladesh;11364.096166620204;Southern Asia
BD;2013-04-11 07:00:00;Bangladesh;11407.499675616968;Southern Asia
BD;2013-04-11 08:00:00;Bangladesh;11439.634073422723;Southern Asia
BD;2013-04-11 09:00:00;Bangladesh;11510.541725746798;Southern Asia
BD;2013-04-11 10:00:00;Bangladesh;10832.439338408696;Southern Asia
BD;2013-04-11 11:00:00;Bangladesh;10496.601260726202;Southern Asia
BD;2013-04-11 12:00:00;Bangladesh;11757.05258865088;Southern Asia
BD;2013-04-11 13:00:00;Bangladesh;11658.123801881738;Southern Asia
BD;2013-04-11 14:00:00;Bangladesh;11414.59939915058;Southern Asia
BD;2013-04-11 15:00:00;Bangladesh;10412.959868929709;Southern Asia
BD;2013-04-11 16:00:00;Bangladesh;9461.076686367633;Southern Asia
BD;2013-04-11 17:00:00;Bangladesh;8369.324740871127;Southern Asia
BD;2013-04-11 18:00:00;Bangladesh;7939.738580731035;Southern Asia
BD;2013-04-11 19:00:00;Bangladesh;7279.612697697294;Southern Asia
BD;2013-04-11 20:00:00;Bangladesh;6756.781954799881;Southern Asia
BD;2013-04-11 21:00:00;Bangladesh;6640.635421045338;Southern Asia
BD;2013-04-11 22:00:00;Bangladesh;7255.533215782592;Southern Asia
BD;2013-04-11 23:00:00;Bangladesh;8011.985121325624;Southern Asia
BD;2013-04-12 00:00:00;Bangladesh;8024.511092968881;Southern Asia
BD;2013-04-12 01:00:00;Bangladesh;8579.403919674367;Southern Asia
BD;2013-04-12 02:00:00;Bangladesh;9482.740664897074;Southern Asia
BD;2013-04-12 03:00:00;Bangladesh;10843.659880496783;Southern Asia
BD;2013-04-12 04:00:00;Bangladesh;11370.720992258592;Southern Asia
BD;2013-04-12 05:00:00;Bangladesh;11443.206600770893;Southern Asia
BD;2013-04-12 06:00:00;Bangladesh;11443.206600770893;Southern Asia
BD;2013-04-12 07:00:00;Bangladesh;11459.429760459814;Southern Asia
BD;2013-04-12 08:00:00;Bangladesh;11432.737260807979;Southern Asia
BD;2013-04-12 09:00:00;Bangladesh;11510.541725746798;Southern Asia
BD;2013-04-12 10:00:00;Bangladesh;11235.551020203398;Southern Asia
BD;2013-04-12 11:00:00;Bangladesh;11233.127961624352;Southern Asia
BD;2013-04-12 12:00:00;Bangladesh;12183.078093890183;Southern Asia
BD;2013-04-12 13:00:00;Bangladesh;12235.518693970396;Southern Asia
BD;2013-04-12 14:00:00;Bangladesh;11870.513251013905;Southern Asia
BD;2013-04-12 15:00:00;Bangladesh;10610.994449865306;Southern Asia
BD;2013-04-12 16:00:00;Bangladesh;9659.111267303228;Southern Asia
BD;2013-04-12 17:00:00;Bangladesh;8617.10919358513;Southern Asia
BD;2013-04-12 18:00:00;Bangladesh;7949.20793683048;Southern Asia
BD;2013-04-12 19:00:00;Bangladesh;7342.326202701942;Southern Asia
BD;2013-04-12 20:00:00;Bangladesh;6941.345625212063;Southern Asia
BD;2013-04-12 21:00:00;Bangladesh;6987.733975411655;Southern Asia
BD;2013-04-12 22:00:00;Bangladesh;7540.86914024811;Southern Asia
BD;2013-04-12 23:00:00;Bangladesh;8095.840217174968;Southern Asia
BD;2013-04-13 00:00:00;Bangladesh;8151.5473592549515;Southern Asia
BD;2013-04-13 01:00:00;Bangladesh;8853.182016614846;Southern Asia
BD;2013-04-13 02:00:00;Bangladesh;10219.985109205054;Southern Asia
BD;2013-04-13 03:00:00;Bangladesh;10953.157304061478;Southern Asia
BD;2013-04-13 04:00:00;Bangladesh;11209.486680949334;Southern Asia
BD;2013-04-13 05:00:00;Bangladesh;11196.29855053626;Southern Asia
BD;2013-04-13 06:00:00;Bangladesh;11196.29855053626;Southern Asia
BD;2013-04-13 07:00:00;Bangladesh;11184.267444086094;Southern Asia
BD;2013-04-13 08:00:00;Bangladesh;11179.513068566854;Southern Asia
BD;2013-04-13 09:00:00;Bangladesh;11257.317533505675;Southern Asia
BD;2013-04-13 10:00:00;Bangladesh;11076.03821376433;Southern Asia
BD;2013-04-13 11:00:00;Bangladesh;11099.338431405504;Southern Asia
BD;2013-04-13 12:00:00;Bangladesh;12531.362813681164;Southern Asia
BD;2013-04-13 13:00:00;Bangladesh;12588.007339447518;Southern Asia
BD;2013-04-13 14:00:00;Bangladesh;12277.438147044582;Southern Asia
BD;2013-04-13 15:00:00;Bangladesh;10903.294104376258;Southern Asia
BD;2013-04-13 16:00:00;Bangladesh;9346.623055678227;Southern Asia
BD;2013-04-13 17:00:00;Bangladesh;8288.863546002543;Southern Asia
BD;2013-04-13 18:00:00;Bangladesh;7926.441439664736;Southern Asia
BD;2013-04-13 19:00:00;Bangladesh;7342.326202701942;Southern Asia
BD;2013-04-13 20:00:00;Bangladesh;6941.345625212063;Southern Asia
BD;2013-04-13 21:00:00;Bangladesh;7007.5588039105005;Southern Asia
BD;2013-04-13 22:00:00;Bangladesh;7616.015256287067;Southern Asia
BD;2013-04-13 23:00:00;Bangladesh;8275.892357582514;Southern Asia
BD;2013-04-14 00:00:00;Bangladesh;8359.657330763104;Southern Asia
BD;2013-04-14 01:00:00;Bangladesh;8799.153206869125;Southern Asia
BD;2013-04-14 02:00:00;Bangladesh;10104.476989325569;Southern Asia
BD;2013-04-14 03:00:00;Bangladesh;10815.322507226032;Southern Asia
BD;2013-04-14 04:00:00;Bangladesh;10936.168911173203;Southern Asia
BD;2013-04-14 05:00:00;Bangladesh;11017.89020443423;Southern Asia
BD;2013-04-14 06:00:00;Bangladesh;11014.72889549079;Southern Asia
BD;2013-04-14 07:00:00;Bangladesh;11010.996629759682;Southern Asia
BD;2013-04-14 08:00:00;Bangladesh;11030.07781132714;Southern Asia
BD;2013-04-14 09:00:00;Bangladesh;11148.32738723815;Southern Asia
BD;2013-04-14 10:00:00;Bangladesh;10983.855135734177;Southern Asia
BD;2013-04-14 11:00:00;Bangladesh;11003.99404443191;Southern Asia
BD;2013-04-14 12:00:00;Bangladesh;12493.733631364978;Southern Asia
BD;2013-04-14 13:00:00;Bangladesh;12559.995918823035;Southern Asia
BD;2013-04-14 14:00:00;Bangladesh;12202.637411293063;Southern Asia
BD;2013-04-14 15:00:00;Bangladesh;10641.6965987916;Southern Asia
BD;2013-04-14 16:00:00;Bangladesh;8966.008042699708;Southern Asia
BD;2013-04-14 17:00:00;Bangladesh;7792.606038626462;Southern Asia
BD;2013-04-14 18:00:00;Bangladesh;7517.707074721912;Southern Asia
BD;2013-04-14 19:00:00;Bangladesh;6929.861730654806;Southern Asia
BD;2013-04-14 20:00:00;Bangladesh;6721.838104218511;Southern Asia
BD;2013-04-14 21:00:00;Bangladesh;6640.635421045338;Southern Asia
BD;2013-04-14 22:00:00;Bangladesh;7041.700184980279;Southern Asia
BD;2013-04-14 23:00:00;Bangladesh;7821.696772649184;Southern Asia
BD;2013-04-15 00:00:00;Bangladesh;7834.222744292442;Southern Asia
BD;2013-04-15 01:00:00;Bangladesh;8508.716447283532;Southern Asia
BD;2013-04-15 02:00:00;Bangladesh;9114.67860639677;Southern Asia
BD;2013-04-15 03:00:00;Bangladesh;10234.670247301487;Southern Asia
BD;2013-04-15 04:00:00;Bangladesh;10439.412761007137;Southern Asia
BD;2013-04-15 05:00:00;Bangladesh;10829.89971398264;Southern Asia
BD;2013-04-15 06:00:00;Bangladesh;10829.89971398264;Southern Asia
BD;2013-04-15 07:00:00;Bangladesh;10846.122873671566;Southern Asia
BD;2013-04-15 08:00:00;Bangladesh;10878.25727147732;Southern Asia
BD;2013-04-15 09:00:00;Bangladesh;11298.410232516808;Southern Asia
BD;2013-04-15 10:00:00;Bangladesh;10378.238356908376;Southern Asia
BD;2013-04-15 11:00:00;Bangladesh;10375.815298329331;Southern Asia
BD;2013-04-15 12:00:00;Bangladesh;11494.274314208547;Southern Asia
BD;2013-04-15 13:00:00;Bangladesh;11561.59217017008;Southern Asia
BD;2013-04-15 14:00:00;Bangladesh;11272.262786131083;Southern Asia
BD;2013-04-15 15:00:00;Bangladesh;10066.093366944013;Southern Asia
BD;2013-04-15 16:00:00;Bangladesh;8985.72493985873;Southern Asia
BD;2013-04-15 17:00:00;Bangladesh;7904.032195233809;Southern Asia
BD;2013-04-15 18:00:00;Bangladesh;7597.674483710801;Southern Asia
BD;2013-04-15 19:00:00;Bangladesh;6943.899820368994;Southern Asia
BD;2013-04-15 20:00:00;Bangladesh;6590.712859123214;Southern Asia
BD;2013-04-15 21:00:00;Bangladesh;6640.635421045338;Southern Asia
BD;2013-04-15 22:00:00;Bangladesh;7041.700184980279;Southern Asia
BD;2013-04-15 23:00:00;Bangladesh;7821.696772649184;Southern Asia
BD;2013-04-16 00:00:00;Bangladesh;7834.222744292442;Southern Asia
BD;2013-04-16 01:00:00;Bangladesh;8452.136680321075;Southern Asia
BD;2013-04-16 02:00:00;Bangladesh;9007.24375073611;Southern Asia
BD;2013-04-16 03:00:00;Bangladesh;10140.665288255108;Southern Asia
BD;2013-04-16 04:00:00;Bangladesh;10366.389654422514;Southern Asia
BD;2013-04-16 05:00:00;Bangladesh;10812.083487717917;Southern Asia
BD;2013-04-16 06:00:00;Bangladesh;11051.755820930759;Southern Asia
BD;2013-04-16 07:00:00;Bangladesh;10764.428563245492;Southern Asia
BD;2013-04-16 08:00:00;Bangladesh;10378.708937550007;Southern Asia
BD;2013-04-16 09:00:00;Bangladesh;10370.583866288069;Southern Asia
BD;2013-04-16 10:00:00;Bangladesh;10286.79892580961;Southern Asia
BD;2013-04-16 11:00:00;Bangladesh;10073.76620589209;Southern Asia
BD;2013-04-16 12:00:00;Bangladesh;10994.551131510721;Southern Asia
BD;2013-04-16 13:00:00;Bangladesh;10956.838842062869;Southern Asia
BD;2013-04-16 14:00:00;Bangladesh;10803.846167862563;Southern Asia
BD;2013-04-16 15:00:00;Bangladesh;9576.567537232744;Southern Asia
BD;2013-04-16 16:00:00;Bangladesh;8738.647437420574;Southern Asia
BD;2013-04-16 17:00:00;Bangladesh;7753.230527231925;Southern Asia
BD;2013-04-16 18:00:00;Bangladesh;7504.190833035771;Southern Asia
BD;2013-04-16 19:00:00;Bangladesh;6854.412327550943;Southern Asia
BD;2013-04-16 20:00:00;Bangladesh;6575.135128846438;Southern Asia
BD;2013-04-16 21:00:00;Bangladesh;6638.126557051132;Southern Asia
BD;2013-04-16 22:00:00;Bangladesh;7066.618293405411;Southern Asia
BD;2013-04-16 23:00:00;Bangladesh;7898.381449937331;Southern Asia
BD;2013-04-17 00:00:00;Bangladesh;7884.284537642938;Southern Asia
BD;2013-04-17 01:00:00;Bangladesh;8369.664724591572;Southern Asia
BD;2013-04-17 02:00:00;Bangladesh;8905.921046849675;Southern Asia
BD;2013-04-17 03:00:00;Bangladesh;10047.544286881886;Southern Asia
BD;2013-04-17 04:00:00;Bangladesh;10163.677329218952;Southern Asia
BD;2013-04-17 05:00:00;Bangladesh;10271.629175997366;Southern Asia
BD;2013-04-17 06:00:00;Bangladesh;10271.629175997366;Southern Asia
BD;2013-04-17 07:00:00;Bangladesh;10286.79892580961;Southern Asia
BD;2013-04-17 08:00:00;Bangladesh;10364.668149552323;Southern Asia
BD;2013-04-17 09:00:00;Bangladesh;10286.79892580961;Southern Asia
BD;2013-04-17 10:00:00;Bangladesh;10370.583866288069;Southern Asia
BD;2013-04-17 11:00:00;Bangladesh;10362.245090973278;Southern Asia
BD;2013-04-17 12:00:00;Bangladesh;11328.536028088442;Southern Asia
BD;2013-04-17 13:00:00;Bangladesh;11395.853884049973;Southern Asia
BD;2013-04-17 14:00:00;Bangladesh;11137.828905813483;Southern Asia
BD;2013-04-17 15:00:00;Bangladesh;9829.99356107934;Southern Asia
BD;2013-04-17 16:00:00;Bangladesh;8854.316374996395;Southern Asia
BD;2013-04-17 17:00:00;Bangladesh;7784.571629689975;Southern Asia
BD;2013-04-17 18:00:00;Bangladesh;7593.43440102582;Southern Asia
BD;2013-04-17 19:00:00;Bangladesh;6920.365931377103;Southern Asia
BD;2013-04-17 20:00:00;Bangladesh;6567.178970131323;Southern Asia
BD;2013-04-17 21:00:00;Bangladesh;6635.609058549741;Southern Asia
BD;2013-04-17 22:00:00;Bangladesh;7036.673822484683;Southern Asia
BD;2013-04-17 23:00:00;Bangladesh;7839.375386455632;Southern Asia
BD;2013-04-18 00:00:00;Bangladesh;7842.972738011961;Southern Asia
BD;2013-04-18 01:00:00;Bangladesh;8336.46882205865;Southern Asia
BD;2013-04-18 02:00:00;Bangladesh;8917.073592193672;Southern Asia
BD;2013-04-18 03:00:00;Bangladesh;10042.257809857314;Southern Asia
BD;2013-04-18 04:00:00;Bangladesh;10346.00034501639;Southern Asia
BD;2013-04-18 05:00:00;Bangladesh;10354.359627285747;Southern Asia
BD;2013-04-18 06:00:00;Bangladesh;10348.443910550002;Southern Asia
BD;2013-04-18 07:00:00;Bangladesh;10364.668149552323;Southern Asia
BD;2013-04-18 08:00:00;Bangladesh;10328.07834603864;Southern Asia
BD;2013-04-18 09:00:00;Bangladesh;10364.668149552323;Southern Asia
BD;2013-04-18 10:00:00;Bangladesh;10286.79892580961;Southern Asia
BD;2013-04-18 11:00:00;Bangladesh;10284.375867230565;Southern Asia
BD;2013-04-18 12:00:00;Bangladesh;11328.536028088442;Southern Asia
BD;2013-04-18 13:00:00;Bangladesh;11473.722028479291;Southern Asia
BD;2013-04-18 14:00:00;Bangladesh;11215.699208869595;Southern Asia
BD;2013-04-18 15:00:00;Bangladesh;9586.760572965708;Southern Asia
BD;2013-04-18 16:00:00;Bangladesh;8796.511587326935;Southern Asia
BD;2013-04-18 17:00:00;Bangladesh;7799.606465327437;Southern Asia
BD;2013-04-18 18:00:00;Bangladesh;7593.43440102582;Southern Asia
BD;2013-04-18 19:00:00;Bangladesh;6920.365931377103;Southern Asia
BD;2013-04-18 20:00:00;Bangladesh;6567.178970131323;Southern Asia
BD;2013-04-18 21:00:00;Bangladesh;6640.635421045338;Southern Asia
BD;2013-04-18 22:00:00;Bangladesh;7027.745202397755;Southern Asia
BD;2013-04-18 23:00:00;Bangladesh;7830.446766368705;Southern Asia
BD;2013-04-19 00:00:00;Bangladesh;7842.972738011961;Southern Asia
BD;2013-04-19 01:00:00;Bangladesh;8327.71882833913;Southern Asia
BD;2013-04-19 02:00:00;Bangladesh;8962.303299460254;Southern Asia
BD;2013-04-19 03:00:00;Bangladesh;10552.163235154121;Southern Asia
BD;2013-04-19 04:00:00;Bangladesh;11004.530463190835;Southern Asia
BD;2013-04-19 05:00:00;Bangladesh;11149.836267368888;Southern Asia
BD;2013-04-19 06:00:00;Bangladesh;11201.58718618763;Southern Asia
BD;2013-04-19 07:00:00;Bangladesh;11217.81034587655;Southern Asia
BD;2013-04-19 08:00:00;Bangladesh;11100.113378425438;Southern Asia
BD;2013-04-19 09:00:00;Bangladesh;10664.281231649738;Southern Asia
BD;2013-04-19 10:00:00;Bangladesh;10688.681269643717;Southern Asia
BD;2013-04-19 11:00:00;Bangladesh;10645.596158099435;Southern Asia
BD;2013-04-19 12:00:00;Bangladesh;11645.439710825638;Southern Asia
BD;2013-04-19 13:00:00;Bangladesh;11690.741732089902;Southern Asia
BD;2013-04-19 14:00:00;Bangladesh;11324.499395979028;Southern Asia
BD;2013-04-19 15:00:00;Bangladesh;9696.886156928178;Southern Asia
BD;2013-04-19 16:00:00;Bangladesh;8792.075609260177;Southern Asia
BD;2013-04-19 17:00:00;Bangladesh;7816.95103163713;Southern Asia
BD;2013-04-19 18:00:00;Bangladesh;7725.308689619495;Southern Asia
BD;2013-04-19 19:00:00;Bangladesh;7116.205188860684;Southern Asia
BD;2013-04-19 20:00:00;Bangladesh;6777.280274859227;Southern Asia
BD;2013-04-19 21:00:00;Bangladesh;6841.5544670377285;Southern Asia
BD;2013-04-19 22:00:00;Bangladesh;7358.758209533425;Southern Asia
BD;2013-04-19 23:00:00;Bangladesh;8250.362818117279;Southern Asia
BD;2013-04-20 00:00:00;Bangladesh;8160.29735297447;Southern Asia
BD;2013-04-20 01:00:00;Bangladesh;8673.05864152302;Southern Asia
BD;2013-04-20 02:00:00;Bangladesh;9879.701339635214;Southern Asia
BD;2013-04-20 03:00:00;Bangladesh;10723.730892938114;Southern Asia
BD;2013-04-20 04:00:00;Bangladesh;10853.597118954365;Southern Asia
BD;2013-04-20 05:00:00;Bangladesh;10840.030149538508;Southern Asia
BD;2013-04-20 06:00:00;Bangladesh;10952.491367694764;Southern Asia
BD;2013-04-20 07:00:00;Bangladesh;10897.91264777264;Southern Asia
BD;2013-04-20 08:00:00;Bangladesh;10925.292670059154;Southern Asia
BD;2013-04-20 09:00:00;Bangladesh;10957.334246912662;Southern Asia
BD;2013-04-20 10:00:00;Bangladesh;10763.520860677576;Southern Asia
BD;2013-04-20 11:00:00;Bangladesh;10786.819999005349;Southern Asia
BD;2013-04-20 12:00:00;Bangladesh;12312.012872443755;Southern Asia
BD;2013-04-20 13:00:00;Bangladesh;12376.001046571724;Southern Asia
BD;2013-04-20 14:00:00;Bangladesh;12041.468938101098;Southern Asia
BD;2013-04-20 15:00:00;Bangladesh;10609.415414363682;Southern Asia
BD;2013-04-20 16:00:00;Bangladesh;8909.891840841794;Southern Asia
BD;2013-04-20 17:00:00;Bangladesh;7981.341255322836;Southern Asia
BD;2013-04-20 18:00:00;Bangladesh;7706.014883312584;Southern Asia
BD;2013-04-20 19:00:00;Bangladesh;7116.205188860684;Southern Asia
BD;2013-04-20 20:00:00;Bangladesh;6806.957076057192;Southern Asia
BD;2013-04-20 21:00:00;Bangladesh;6871.231268235693;Southern Asia
BD;2013-04-20 22:00:00;Bangladesh;7378.228483580949;Southern Asia
BD;2013-04-20 23:00:00;Bangladesh;8076.53237979388;Southern Asia
BD;2013-04-21 00:00:00;Bangladesh;8160.29735297447;Southern Asia
BD;2013-04-21 01:00:00;Bangladesh;8664.308647803498;Southern Asia
BD;2013-04-21 02:00:00;Bangladesh;9732.038314995407;Southern Asia
BD;2013-04-21 03:00:00;Bangladesh;10807.371205421208;Southern Asia
BD;2013-04-21 04:00:00;Bangladesh;10885.41419862104;Southern Asia
BD;2013-04-21 05:00:00;Bangladesh;11017.89020443423;Southern Asia
BD;2013-04-21 06:00:00;Bangladesh;11023.027736209846;Southern Asia
BD;2013-04-21 07:00:00;Bangladesh;11028.812856024406;Southern Asia
BD;2013-04-21 08:00:00;Bangladesh;11100.66382825854;Southern Asia
BD;2013-04-21 09:00:00;Bangladesh;11103.773330158867;Southern Asia
BD;2013-04-21 10:00:00;Bangladesh;10787.013196103633;Southern Asia
BD;2013-04-21 11:00:00;Bangladesh;10810.312334431408;Southern Asia
BD;2013-04-21 12:00:00;Bangladesh;12312.012872443755;Southern Asia
BD;2013-04-21 13:00:00;Bangladesh;12381.01445730654;Southern Asia
BD;2013-04-21 14:00:00;Bangladesh;12041.468938101098;Southern Asia
BD;2013-04-21 15:00:00;Bangladesh;10609.415414363682;Southern Asia
BD;2013-04-21 16:00:00;Bangladesh;8909.891840841794;Southern Asia
BD;2013-04-21 17:00:00;Bangladesh;7996.89038379456;Southern Asia
BD;2013-04-21 18:00:00;Bangladesh;7593.43440102582;Southern Asia
BD;2013-04-21 19:00:00;Bangladesh;6920.365931377103;Southern Asia
BD;2013-04-21 20:00:00;Bangladesh;6567.178970131323;Southern Asia
BD;2013-04-21 21:00:00;Bangladesh;6640.635421045338;Southern Asia
BD;2013-04-21 22:00:00;Bangladesh;7027.745202397755;Southern Asia
BD;2013-04-21 23:00:00;Bangladesh;7830.446766368705;Southern Asia
BD;2013-04-22 00:00:00;Bangladesh;7842.972738011961;Southern Asia
BD;2013-04-22 01:00:00;Bangladesh;8323.747494690313;Southern Asia
BD;2013-04-22 02:00:00;Bangladesh;8891.575892473686;Southern Asia
BD;2013-04-22 03:00:00;Bangladesh;10042.257809857314;Southern Asia
BD;2013-04-22 04:00:00;Bangladesh;10268.133279900474;Southern Asia
BD;2013-04-22 05:00:00;Bangladesh;10348.443910550002;Southern Asia
BD;2013-04-22 06:00:00;Bangladesh;10348.443910550002;Southern Asia
BD;2013-04-22 07:00:00;Bangladesh;10364.668149552323;Southern Asia
BD;2013-04-22 08:00:00;Bangladesh;10364.668149552323;Southern Asia
BD;2013-04-22 09:00:00;Bangladesh;10378.238356908376;Southern Asia
BD;2013-04-22 10:00:00;Bangladesh;10286.79892580961;Southern Asia
BD;2013-04-22 11:00:00;Bangladesh;10362.245090973278;Southern Asia
BD;2013-04-22 12:00:00;Bangladesh;11328.536028088442;Southern Asia
BD;2013-04-22 13:00:00;Bangladesh;11395.853884049973;Southern Asia
BD;2013-04-22 14:00:00;Bangladesh;11137.828905813483;Southern Asia
BD;2013-04-22 15:00:00;Bangladesh;9569.416006656016;Southern Asia
BD;2013-04-22 16:00:00;Bangladesh;8779.165941703846;Southern Asia
BD;2013-04-22 17:00:00;Bangladesh;7782.082732993637;Southern Asia
BD;2013-04-22 18:00:00;Bangladesh;7567.49850006615;Southern Asia
BD;2013-04-22 19:00:00;Bangladesh;6920.365931377103;Southern Asia
BD;2013-04-22 20:00:00;Bangladesh;6589.404731284549;Southern Asia
BD;2013-04-22 21:00:00;Bangladesh;6626.680438462814;Southern Asia
BD;2013-04-22 22:00:00;Bangladesh;7066.618293405411;Southern Asia
BD;2013-04-22 23:00:00;Bangladesh;7898.60216952727;Southern Asia
BD;2013-04-23 00:00:00;Bangladesh;7884.284537642938;Southern Asia
BD;2013-04-23 01:00:00;Bangladesh;8332.324798266112;Southern Asia
BD;2013-04-23 02:00:00;Bangladesh;8878.854565105348;Southern Asia
BD;2013-04-23 03:00:00;Bangladesh;10140.665288255108;Southern Asia
BD;2013-04-23 04:00:00;Bangladesh;10361.418336910227;Southern Asia
BD;2013-04-23 05:00:00;Bangladesh;10474.644788265836;Southern Asia
BD;2013-04-23 06:00:00;Bangladesh;10528.464750869;Southern Asia
BD;2013-04-23 07:00:00;Bangladesh;10544.687910557921;Southern Asia
BD;2013-04-23 08:00:00;Bangladesh;10664.333038692854;Southern Asia
BD;2013-04-23 09:00:00;Bangladesh;10799.672462951574;Southern Asia
BD;2013-04-23 10:00:00;Bangladesh;10378.708937550007;Southern Asia
BD;2013-04-23 11:00:00;Bangladesh;10376.285878970963;Southern Asia
BD;2013-04-23 12:00:00;Bangladesh;11462.967749779242;Southern Asia
BD;2013-04-23 13:00:00;Bangladesh;11561.59217017008;Southern Asia
BD;2013-04-23 14:00:00;Bangladesh;11220.000272761576;Southern Asia
BD;2013-04-23 15:00:00;Bangladesh;10066.093366944013;Southern Asia
BD;2013-04-23 16:00:00;Bangladesh;8985.72493985873;Southern Asia
BD;2013-04-23 17:00:00;Bangladesh;8016.905711108193;Southern Asia
BD;2013-04-23 18:00:00;Bangladesh;7593.43440102582;Southern Asia
BD;2013-04-23 19:00:00;Bangladesh;6920.365931377103;Southern Asia
BD;2013-04-23 20:00:00;Bangladesh;6567.178970131323;Southern Asia
BD;2013-04-23 21:00:00;Bangladesh;6635.609058549741;Southern Asia
BD;2013-04-23 22:00:00;Bangladesh;7036.673822484683;Southern Asia
BD;2013-04-23 23:00:00;Bangladesh;7839.375386455632;Southern Asia
BD;2013-04-24 00:00:00;Bangladesh;7830.251410643623;Southern Asia
BD;2013-04-24 01:00:00;Bangladesh;8323.747494690313;Southern Asia
BD;2013-04-24 02:00:00;Bangladesh;8917.073592193672;Southern Asia
BD;2013-04-24 03:00:00;Bangladesh;10552.163235154121;Southern Asia
BD;2013-04-24 04:00:00;Bangladesh;11004.530463190835;Southern Asia
BD;2013-04-24 05:00:00;Bangladesh;11149.836267368888;Southern Asia
BD;2013-04-24 06:00:00;Bangladesh;11201.58718618763;Southern Asia
BD;2013-04-24 07:00:00;Bangladesh;11217.81034587655;Southern Asia
BD;2013-04-24 08:00:00;Bangladesh;11249.944743682305;Southern Asia
BD;2013-04-24 09:00:00;Bangladesh;11284.478455172344;Southern Asia
BD;2013-04-24 10:00:00;Bangladesh;10876.910288356317;Southern Asia
BD;2013-04-24 11:00:00;Bangladesh;10830.016279829651;Southern Asia
BD;2013-04-24 12:00:00;Bangladesh;11827.873895903094;Southern Asia
BD;2013-04-24 13:00:00;Bangladesh;11880.31449598331;Southern Asia
BD;2013-04-24 14:00:00;Bangladesh;11540.751707763495;Southern Asia
BD;2013-04-24 15:00:00;Bangladesh;10414.012199492992;Southern Asia
BD;2013-04-24 16:00:00;Bangladesh;9333.643232751008;Southern Asia
BD;2013-04-24 17:00:00;Bangladesh;8161.573101411189;Southern Asia
BD;2013-04-24 18:00:00;Bangladesh;7543.19721924811;Southern Asia
BD;2013-04-24 19:00:00;Bangladesh;6848.504705665684;Southern Asia
BD;2013-04-24 20:00:00;Bangladesh;6590.712859123214;Southern Asia
BD;2013-04-24 21:00:00;Bangladesh;6640.635421045338;Southern Asia
BD;2013-04-24 22:00:00;Bangladesh;7041.700184980279;Southern Asia
BD;2013-04-24 23:00:00;Bangladesh;7821.696772649184;Southern Asia
BD;2013-04-25 00:00:00;Bangladesh;7834.222744292442;Southern Asia
BD;2013-04-25 01:00:00;Bangladesh;8452.136680321075;Southern Asia
BD;2013-04-25 02:00:00;Bangladesh;9114.67860639677;Southern Asia
BD;2013-04-25 03:00:00;Bangladesh;10677.797473335879;Southern Asia
BD;2013-04-25 04:00:00;Bangladesh;11156.461093007276;Southern Asia
BD;2013-04-25 05:00:00;Bangladesh;11391.276515928046;Southern Asia
BD;2013-04-25 06:00:00;Bangladesh;11443.206600770893;Southern Asia
BD;2013-04-25 07:00:00;Bangladesh;11459.429760459814;Southern Asia
BD;2013-04-25 08:00:00;Bangladesh;11459.429760459814;Southern Asia
BD;2013-04-25 09:00:00;Bangladesh;11435.846762708305;Southern Asia
BD;2013-04-25 10:00:00;Bangladesh;11201.174888469499;Southern Asia
BD;2013-04-25 11:00:00;Bangladesh;11198.751829890456;Southern Asia
BD;2013-04-25 12:00:00;Bangladesh;12033.246728633316;Southern Asia
BD;2013-04-25 13:00:00;Bangladesh;12201.1425622365;Southern Asia
BD;2013-04-25 14:00:00;Bangladesh;11627.413018448256;Southern Asia
BD;2013-04-25 15:00:00;Bangladesh;10500.14356729922;Southern Asia
BD;2013-04-25 16:00:00;Bangladesh;9548.260384737143;Southern Asia
BD;2013-04-25 17:00:00;Bangladesh;8369.324740871127;Southern Asia
BD;2013-04-25 18:00:00;Bangladesh;7703.6231248220865;Southern Asia
BD;2013-04-25 19:00:00;Bangladesh;7115.777780754981;Southern Asia
BD;2013-04-25 20:00:00;Bangladesh;6721.838104218511;Southern Asia
BD;2013-04-25 21:00:00;Bangladesh;6640.635421045338;Southern Asia
BD;2013-04-25 22:00:00;Bangladesh;7041.700184980279;Southern Asia
BD;2013-04-25 23:00:00;Bangladesh;7821.696772649184;Southern Asia
BD;2013-04-26 00:00:00;Bangladesh;7834.222744292442;Southern Asia
BD;2013-04-26 01:00:00;Bangladesh;8508.716447283532;Southern Asia
BD;2013-04-26 02:00:00;Bangladesh;9377.23238365227;Southern Asia
BD;2013-04-26 03:00:00;Bangladesh;11071.168351711478;Southern Asia
BD;2013-04-26 04:00:00;Bangladesh;11449.83142640928;Southern Asia
BD;2013-04-26 05:00:00;Bangladesh;11416.514101119057;Southern Asia
BD;2013-04-26 06:00:00;Bangladesh;11416.514101119057;Southern Asia
BD;2013-04-26 07:00:00;Bangladesh;11432.737260807979;Southern Asia
BD;2013-04-26 08:00:00;Bangladesh;11432.737260807979;Southern Asia
BD;2013-04-26 09:00:00;Bangladesh;11435.846762708305;Southern Asia
BD;2013-04-26 10:00:00;Bangladesh;11235.551020203398;Southern Asia
BD;2013-04-26 11:00:00;Bangladesh;11233.127961624352;Southern Asia
BD;2013-04-26 12:00:00;Bangladesh;12033.246728633316;Southern Asia
BD;2013-04-26 13:00:00;Bangladesh;12085.68732871353;Southern Asia
BD;2013-04-26 14:00:00;Bangladesh;11870.513251013905;Southern Asia
BD;2013-04-26 15:00:00;Bangladesh;10490.829092672422;Southern Asia
BD;2013-04-26 16:00:00;Bangladesh;9538.945910110346;Southern Asia
BD;2013-04-26 17:00:00;Bangladesh;8462.097124016718;Southern Asia
BD;2013-04-26 18:00:00;Bangladesh;7951.931584190935;Southern Asia
BD;2013-04-26 19:00:00;Bangladesh;7342.326202701942;Southern Asia
BD;2013-04-26 20:00:00;Bangladesh;6941.345625212063;Southern Asia
BD;2013-04-26 21:00:00;Bangladesh;6947.2953403198535;Southern Asia
BD;2013-04-26 22:00:00;Bangladesh;7656.45389137887;Southern Asia
BD;2013-04-26 23:00:00;Bangladesh;8194.410132239196;Southern Asia
BD;2013-04-27 00:00:00;Bangladesh;8297.999394261935;Southern Asia
BD;2013-04-27 01:00:00;Bangladesh;8930.656751310506;Southern Asia
BD;2013-04-27 02:00:00;Bangladesh;10308.515790695566;Southern Asia
BD;2013-04-27 03:00:00;Bangladesh;10953.157304061478;Southern Asia
BD;2013-04-27 04:00:00;Bangladesh;11157.556596106488;Southern Asia
BD;2013-04-27 05:00:00;Bangladesh;11110.073282464382;Southern Asia
BD;2013-04-27 06:00:00;Bangladesh;11110.073282464382;Southern Asia
BD;2013-04-27 07:00:00;Bangladesh;11098.04217601422;Southern Asia
BD;2013-04-27 08:00:00;Bangladesh;11100.66382825854;Southern Asia
BD;2013-04-27 09:00:00;Bangladesh;11059.302380211244;Southern Asia
BD;2013-04-27 10:00:00;Bangladesh;11051.279843722137;Southern Asia
BD;2013-04-27 11:00:00;Bangladesh;11074.580061363311;Southern Asia
BD;2013-04-27 12:00:00;Bangladesh;12493.364506182781;Southern Asia
BD;2013-04-27 13:00:00;Bangladesh;12559.626793640837;Southern Asia
BD;2013-04-27 14:00:00;Bangladesh;12255.650047474343;Southern Asia
BD;2013-04-27 15:00:00;Bangladesh;10903.294104376258;Southern Asia
BD;2013-04-27 16:00:00;Bangladesh;9346.623055678227;Southern Asia
BD;2013-04-27 17:00:00;Bangladesh;8200.333943825428;Southern Asia
BD;2013-04-27 18:00:00;Bangladesh;7623.582862178817;Southern Asia
BD;2013-04-27 19:00:00;Bangladesh;7091.923335683813;Southern Asia
BD;2013-04-27 20:00:00;Bangladesh;6902.167628169404;Southern Asia
BD;2013-04-27 21:00:00;Bangladesh;6871.231268235693;Southern Asia
BD;2013-04-27 22:00:00;Bangladesh;7407.9052847789135;Southern Asia
BD;2013-04-27 23:00:00;Bangladesh;8067.78238607436;Southern Asia
BD;2013-04-28 00:00:00;Bangladesh;8151.5473592549515;Southern Asia
BD;2013-04-28 01:00:00;Bangladesh;8793.446876932638;Southern Asia
BD;2013-04-28 02:00:00;Bangladesh;9992.798273383034;Southern Asia
BD;2013-04-28 03:00:00;Bangladesh;10926.299669459713;Southern Asia
BD;2013-04-28 04:00:00;Bangladesh;11086.2280115571;Southern Asia
BD;2013-04-28 05:00:00;Bangladesh;11075.697150730486;Southern Asia
BD;2013-04-28 06:00:00;Bangladesh;11075.697150730486;Southern Asia
BD;2013-04-28 07:00:00;Bangladesh;11098.04217601422;Southern Asia
BD;2013-04-28 08:00:00;Bangladesh;11125.422198300732;Southern Asia
BD;2013-04-28 09:00:00;Bangladesh;11202.548854425459;Southern Asia
BD;2013-04-28 10:00:00;Bangladesh;10988.992667509794;Southern Asia
BD;2013-04-28 11:00:00;Bangladesh;11003.99404443191;Southern Asia
BD;2013-04-28 12:00:00;Bangladesh;12493.364506182781;Southern Asia
BD;2013-04-28 13:00:00;Bangladesh;12559.626793640837;Southern Asia
BD;2013-04-28 14:00:00;Bangladesh;12239.808964728396;Southern Asia
BD;2013-04-28 15:00:00;Bangladesh;10903.294104376258;Southern Asia
BD;2013-04-28 16:00:00;Bangladesh;9346.623055678227;Southern Asia
BD;2013-04-28 17:00:00;Bangladesh;8288.863546002543;Southern Asia
BD;2013-04-28 18:00:00;Bangladesh;8002.2534920704065;Southern Asia
BD;2013-04-28 19:00:00;Bangladesh;7342.127609036667;Southern Asia
BD;2013-04-28 20:00:00;Bangladesh;6756.781954799881;Southern Asia
BD;2013-04-28 21:00:00;Bangladesh;6797.805038096829;Southern Asia
BD;2013-04-28 22:00:00;Bangladesh;7330.915701455765;Southern Asia
BD;2013-04-28 23:00:00;Bangladesh;7950.327184824453;Southern Asia
BD;2013-04-29 00:00:00;Bangladesh;7962.8531564677105;Southern Asia
BD;2013-04-29 01:00:00;Bangladesh;8540.965252309501;Southern Asia
BD;2013-04-29 02:00:00;Bangladesh;9555.323411615216;Southern Asia
BD;2013-04-29 03:00:00;Bangladesh;10829.728103152322;Southern Asia
BD;2013-04-29 04:00:00;Bangladesh;11156.461093007276;Southern Asia
BD;2013-04-29 05:00:00;Bangladesh;11391.276515928046;Southern Asia
BD;2013-04-29 06:00:00;Bangladesh;11443.206600770893;Southern Asia
BD;2013-04-29 07:00:00;Bangladesh;11459.429760459814;Southern Asia
BD;2013-04-29 08:00:00;Bangladesh;11459.429760459814;Southern Asia
BD;2013-04-29 09:00:00;Bangladesh;11435.846762708305;Southern Asia
BD;2013-04-29 10:00:00;Bangladesh;11235.551020203398;Southern Asia
BD;2013-04-29 11:00:00;Bangladesh;11233.127961624352;Southern Asia
BD;2013-04-29 12:00:00;Bangladesh;12033.246728633316;Southern Asia
BD;2013-04-29 13:00:00;Bangladesh;11809.493188731094;Southern Asia
BD;2013-04-29 14:00:00;Bangladesh;11405.220165719888;Southern Asia
BD;2013-04-29 15:00:00;Bangladesh;10490.829092672422;Southern Asia
BD;2013-04-29 16:00:00;Bangladesh;9538.945910110346;Southern Asia
BD;2013-04-29 17:00:00;Bangladesh;8462.097124016718;Southern Asia
BD;2013-04-29 18:00:00;Bangladesh;8002.2534920704065;Southern Asia
BD;2013-04-29 19:00:00;Bangladesh;7367.617753562865;Southern Asia
BD;2013-04-29 20:00:00;Bangladesh;6782.27209932608;Southern Asia
BD;2013-04-29 21:00:00;Bangladesh;6797.805038096829;Southern Asia
BD;2013-04-29 22:00:00;Bangladesh;7330.915701455765;Southern Asia
BD;2013-04-29 23:00:00;Bangladesh;7965.446746563677;Southern Asia
BD;2013-04-30 00:00:00;Bangladesh;7977.972178550235;Southern Asia
BD;2013-04-30 01:00:00;Bangladesh;8540.965252309501;Southern Asia
BD;2013-04-30 02:00:00;Bangladesh;9561.23912835096;Southern Asia
BD;2013-04-30 03:00:00;Bangladesh;10829.728103152322;Southern Asia
BD;2013-04-30 04:00:00;Bangladesh;11397.901341566434;Southern Asia
BD;2013-04-30 05:00:00;Bangladesh;11416.514101119057;Southern Asia
BD;2013-04-30 06:00:00;Bangladesh;11416.514101119057;Southern Asia
BD;2013-04-30 07:00:00;Bangladesh;11432.737260807979;Southern Asia
BD;2013-04-30 08:00:00;Bangladesh;11507.432223846472;Southern Asia
BD;2013-04-30 09:00:00;Bangladesh;11510.541725746798;Southern Asia
BD;2013-04-30 10:00:00;Bangladesh;11249.482797547858;Southern Asia
BD;2013-04-30 11:00:00;Bangladesh;11233.127961624352;Southern Asia
BD;2013-04-30 12:00:00;Bangladesh;12033.246728633316;Southern Asia
BD;2013-04-30 13:00:00;Bangladesh;12085.68732871353;Southern Asia
BD;2013-04-30 14:00:00;Bangladesh;11870.513251013905;Southern Asia
BD;2013-04-30 15:00:00;Bangladesh;10611.465030506939;Southern Asia
BD;2013-04-30 16:00:00;Bangladesh;9543.246974002324;Southern Asia
BD;2013-04-30 17:00:00;Bangladesh;8618.896536572613;Southern Asia
BD;2013-04-30 18:00:00;Bangladesh;7907.508663689536;Southern Asia
BD;2013-04-30 19:00:00;Bangladesh;7213.0714077257935;Southern Asia
BD;2013-04-30 20:00:00;Bangladesh;6577.890076295442;Southern Asia
BD;2013-04-30 21:00:00;Bangladesh;6548.315809870308;Southern Asia
BD;2013-04-30 22:00:00;Bangladesh;7010.554438247311;Southern Asia
BD;2013-04-30 23:00:00;Bangladesh;7606.619293498702;Southern Asia
BD;2013-05-01 00:00:00;Bangladesh;7713.373102405074;Southern Asia
BD;2013-05-01 01:00:00;Bangladesh;8354.228384369966;Southern Asia
BD;2013-05-01 02:00:00;Bangladesh;9262.127926983725;Southern Asia
BD;2013-05-01 03:00:00;Bangladesh;10569.465708241283;Southern Asia
BD;2013-05-01 04:00:00;Bangladesh;10835.128987397105;Southern Asia
BD;2013-05-01 05:00:00;Bangladesh;10841.814254585795;Southern Asia
BD;2013-05-01 06:00:00;Bangladesh;10876.506625145375;Southern Asia
BD;2013-05-01 07:00:00;Bangladesh;10841.576805638184;Southern Asia
BD;2013-05-01 08:00:00;Bangladesh;10841.576805638184;Southern Asia
BD;2013-05-01 09:00:00;Bangladesh;10844.686307538508;Southern Asia
BD;2013-05-01 10:00:00;Bangladesh;10622.433013259839;Southern Asia
BD;2013-05-01 11:00:00;Bangladesh;10644.481227359054;Southern Asia
BD;2013-05-01 12:00:00;Bangladesh;11902.791197501627;Southern Asia
BD;2013-05-01 13:00:00;Bangladesh;11933.997385784898;Southern Asia
BD;2013-05-01 14:00:00;Bangladesh;11718.821149458476;Southern Asia
BD;2013-05-01 15:00:00;Bangladesh;9760.796620491474;Southern Asia
BD;2013-05-01 16:00:00;Bangladesh;8760.449028408293;Southern Asia
BD;2013-05-01 17:00:00;Bangladesh;7895.495365910441;Southern Asia
BD;2013-05-01 18:00:00;Bangladesh;7868.032776148962;Southern Asia
BD;2013-05-01 19:00:00;Bangladesh;7213.0714077257935;Southern Asia
BD;2013-05-01 20:00:00;Bangladesh;6577.890076295442;Southern Asia
BD;2013-05-01 21:00:00;Bangladesh;6545.592702166552;Southern Asia
BD;2013-05-01 22:00:00;Bangladesh;7047.953726809674;Southern Asia
BD;2013-05-01 23:00:00;Bangladesh;7631.533084670242;Southern Asia
BD;2013-05-02 00:00:00;Bangladesh;7750.772390967437;Southern Asia
BD;2013-05-02 01:00:00;Bangladesh;8354.228384369966;Southern Asia
BD;2013-05-02 02:00:00;Bangladesh;9263.630331234075;Southern Asia
BD;2013-05-02 03:00:00;Bangladesh;10542.285358933443;Southern Asia
BD;2013-05-02 04:00:00;Bangladesh;10783.198902554259;Southern Asia
BD;2013-05-02 05:00:00;Bangladesh;10841.814254585795;Southern Asia
BD;2013-05-02 06:00:00;Bangladesh;10841.814254585795;Southern Asia
BD;2013-05-02 07:00:00;Bangladesh;10806.884435078604;Southern Asia
BD;2013-05-02 08:00:00;Bangladesh;10806.884435078604;Southern Asia
BD;2013-05-02 09:00:00;Bangladesh;10844.686307538508;Southern Asia
BD;2013-05-02 10:00:00;Bangladesh;10717.04238780923;Southern Asia
BD;2013-05-02 11:00:00;Bangladesh;10644.481227359054;Southern Asia
BD;2013-05-02 12:00:00;Bangladesh;11916.72297484609;Southern Asia
BD;2013-05-02 13:00:00;Bangladesh;11947.929163129358;Southern Asia
BD;2013-05-02 14:00:00;Bangladesh;11718.821149458476;Southern Asia
BD;2013-05-02 15:00:00;Bangladesh;9760.796620491474;Southern Asia
BD;2013-05-02 16:00:00;Bangladesh;8760.449028408293;Southern Asia
BD;2013-05-02 17:00:00;Bangladesh;7820.0589145673575;Southern Asia
BD;2013-05-02 18:00:00;Bangladesh;7907.508663689536;Southern Asia
BD;2013-05-02 19:00:00;Bangladesh;7204.74666348518;Southern Asia
BD;2013-05-02 20:00:00;Bangladesh;6569.56425274143;Southern Asia
BD;2013-05-02 21:00:00;Bangladesh;6548.315809870308;Southern Asia
BD;2013-05-02 22:00:00;Bangladesh;7010.554438247311;Southern Asia
BD;2013-05-02 23:00:00;Bangladesh;7606.619293498702;Southern Asia
BD;2013-05-03 00:00:00;Bangladesh;7710.649994701318;Southern Asia
BD;2013-05-03 01:00:00;Bangladesh;8354.228384369966;Southern Asia
BD;2013-05-03 02:00:00;Bangladesh;9262.127926983725;Southern Asia
BD;2013-05-03 03:00:00;Bangladesh;10634.705885911208;Southern Asia
BD;2013-05-03 04:00:00;Bangladesh;10848.439080224183;Southern Asia
BD;2013-05-03 05:00:00;Bangladesh;10876.506625145375;Southern Asia
BD;2013-05-03 06:00:00;Bangladesh;10876.506625145375;Southern Asia
BD;2013-05-03 07:00:00;Bangladesh;10841.576805638184;Southern Asia
BD;2013-05-03 08:00:00;Bangladesh;10841.576805638184;Southern Asia
BD;2013-05-03 09:00:00;Bangladesh;10618.623036964056;Southern Asia
BD;2013-05-03 10:00:00;Bangladesh;10436.1262517095;Southern Asia
BD;2013-05-03 11:00:00;Bangladesh;10031.207799286147;Southern Asia
BD;2013-05-03 12:00:00;Bangladesh;11334.773380216862;Southern Asia
BD;2013-05-03 13:00:00;Bangladesh;11356.600335069437;Southern Asia
BD;2013-05-03 14:00:00;Bangladesh;11151.719669248814;Southern Asia
BD;2013-05-03 15:00:00;Bangladesh;9690.845239838238;Southern Asia
BD;2013-05-03 16:00:00;Bangladesh;8690.026527456725;Southern Asia
BD;2013-05-03 17:00:00;Bangladesh;7818.271571579875;Southern Asia
BD;2013-05-03 18:00:00;Bangladesh;7850.763222120447;Southern Asia
BD;2013-05-03 19:00:00;Bangladesh;7244.141062864185;Southern Asia
BD;2013-05-03 20:00:00;Bangladesh;6808.999676663359;Southern Asia
BD;2013-05-03 21:00:00;Bangladesh;6854.236939123729;Southern Asia
BD;2013-05-03 22:00:00;Bangladesh;7344.156178568656;Southern Asia
BD;2013-05-03 23:00:00;Bangladesh;7841.9225660754755;Southern Asia
BD;2013-05-04 00:00:00;Bangladesh;7894.210982966538;Southern Asia
BD;2013-05-04 01:00:00;Bangladesh;8572.608562519057;Southern Asia
BD;2013-05-04 02:00:00;Bangladesh;9959.433458303287;Southern Asia
BD;2013-05-04 03:00:00;Bangladesh;10554.501027974706;Southern Asia
BD;2013-05-04 04:00:00;Bangladesh;10560.1425991073;Southern Asia
BD;2013-05-04 05:00:00;Bangladesh;10517.919858968207;Southern Asia
BD;2013-05-04 06:00:00;Bangladesh;10463.19651105072;Southern Asia
BD;2013-05-04 07:00:00;Bangladesh;10505.888752518043;Southern Asia
BD;2013-05-04 08:00:00;Bangladesh;10300.62169250085;Southern Asia
BD;2013-05-04 09:00:00;Bangladesh;10239.99881754859;Southern Asia
BD;2013-05-04 10:00:00;Bangladesh;10155.22198805715;Southern Asia
BD;2013-05-04 11:00:00;Bangladesh;10206.10298027691;Southern Asia
BD;2013-05-04 12:00:00;Bangladesh;11649.293938970748;Southern Asia
BD;2013-05-04 13:00:00;Bangladesh;11735.297947795985;Southern Asia
BD;2013-05-04 14:00:00;Bangladesh;11463.489058150592;Southern Asia
BD;2013-05-04 15:00:00;Bangladesh;10015.327861257865;Southern Asia
BD;2013-05-04 16:00:00;Bangladesh;8147.90845413279;Southern Asia
BD;2013-05-04 17:00:00;Bangladesh;7103.951204193783;Southern Asia
BD;2013-05-04 18:00:00;Bangladesh;7571.999236936804;Southern Asia
BD;2013-05-04 19:00:00;Bangladesh;6959.683159848136;Southern Asia
BD;2013-05-04 20:00:00;Bangladesh;6591.40200072799;Southern Asia
BD;2013-05-04 21:00:00;Bangladesh;6680.342281653135;Southern Asia
BD;2013-05-04 22:00:00;Bangladesh;7204.885894913553;Southern Asia
BD;2013-05-04 23:00:00;Bangladesh;7769.671168570592;Southern Asia
BD;2013-05-05 00:00:00;Bangladesh;7821.9595854616555;Southern Asia
BD;2013-05-05 01:00:00;Bangladesh;8439.214061003964;Southern Asia
BD;2013-05-05 02:00:00;Bangladesh;9688.277553263828;Southern Asia
BD;2013-05-05 03:00:00;Bangladesh;10120.345054906471;Southern Asia
BD;2013-05-05 04:00:00;Bangladesh;10023.96344775717;Southern Asia
BD;2013-05-05 05:00:00;Bangladesh;9985.548525287066;Southern Asia
BD;2013-05-05 06:00:00;Bangladesh;10044.831972312113;Southern Asia
BD;2013-05-05 07:00:00;Bangladesh;10159.97636357639;Southern Asia
BD;2013-05-05 08:00:00;Bangladesh;10155.22198805715;Southern Asia
BD;2013-05-05 09:00:00;Bangladesh;10541.515808480499;Southern Asia
BD;2013-05-05 10:00:00;Bangladesh;10155.22198805715;Southern Asia
BD;2013-05-05 11:00:00;Bangladesh;10279.15846626348;Southern Asia
BD;2013-05-05 12:00:00;Bangladesh;11722.349424957318;Southern Asia
BD;2013-05-05 13:00:00;Bangladesh;11808.353433782555;Southern Asia
BD;2013-05-05 14:00:00;Bangladesh;11463.489058150592;Southern Asia
BD;2013-05-05 15:00:00;Bangladesh;10043.809862523982;Southern Asia
BD;2013-05-05 16:00:00;Bangladesh;8176.390455398906;Southern Asia
BD;2013-05-05 17:00:00;Bangladesh;7147.447534142794;Southern Asia
BD;2013-05-05 18:00:00;Bangladesh;7385.49442137789;Southern Asia
BD;2013-05-05 19:00:00;Bangladesh;6723.310287693709;Southern Asia
BD;2013-05-05 20:00:00;Bangladesh;6320.286030284265;Southern Asia
BD;2013-05-05 21:00:00;Bangladesh;6370.208592206389;Southern Asia
BD;2013-05-05 22:00:00;Bangladesh;6844.305636889838;Southern Asia
BD;2013-05-05 23:00:00;Bangladesh;7530.9335207606255;Southern Asia
BD;2013-05-06 00:00:00;Bangladesh;7637.687329666997;Southern Asia
BD;2013-05-06 01:00:00;Bangladesh;8327.665402325918;Southern Asia
BD;2013-05-06 02:00:00;Bangladesh;8966.856383030725;Southern Asia
BD;2013-05-06 03:00:00;Bangladesh;9669.046347134014;Southern Asia
BD;2013-05-06 04:00:00;Bangladesh;9791.974746626389;Southern Asia
BD;2013-05-06 05:00:00;Bangladesh;9794.41831216;Southern Asia
BD;2013-05-06 06:00:00;Bangladesh;9794.41831216;Southern Asia
BD;2013-05-06 07:00:00;Bangladesh;9689.93106138993;Southern Asia
BD;2013-05-06 08:00:00;Bangladesh;9689.93106138993;Southern Asia
BD;2013-05-06 09:00:00;Bangladesh;9690.983391953212;Southern Asia
BD;2013-05-06 10:00:00;Bangladesh;9584.975388605022;Southern Asia
BD;2013-05-06 11:00:00;Bangladesh;9354.987734514574;Southern Asia
BD;2013-05-06 12:00:00;Bangladesh;10592.748656868083;Southern Asia
BD;2013-05-06 13:00:00;Bangladesh;10681.734808612655;Southern Asia
BD;2013-05-06 14:00:00;Bangladesh;10194.06863588655;Southern Asia
BD;2013-05-06 15:00:00;Bangladesh;9248.538291986506;Southern Asia
BD;2013-05-06 16:00:00;Bangladesh;8289.575892845382;Southern Asia
BD;2013-05-06 17:00:00;Bangladesh;7253.5963878894545;Southern Asia
BD;2013-05-06 18:00:00;Bangladesh;7389.464136056611;Southern Asia
BD;2013-05-06 19:00:00;Bangladesh;6699.7758590451185;Southern Asia
BD;2013-05-06 20:00:00;Bangladesh;6296.752680949073;Southern Asia
BD;2013-05-06 21:00:00;Bangladesh;6370.208592206389;Southern Asia
BD;2013-05-06 22:00:00;Bangladesh;6844.305636889838;Southern Asia
BD;2013-05-06 23:00:00;Bangladesh;7530.9335207606255;Southern Asia
BD;2013-05-07 00:00:00;Bangladesh;7637.687329666997;Southern Asia
BD;2013-05-07 01:00:00;Bangladesh;8280.74764890449;Southern Asia
BD;2013-05-07 02:00:00;Bangladesh;8966.856383030725;Southern Asia
BD;2013-05-07 03:00:00;Bangladesh;9674.963143183159;Southern Asia
BD;2013-05-07 04:00:00;Bangladesh;9797.890463362133;Southern Asia
BD;2013-05-07 05:00:00;Bangladesh;9801.689646523933;Southern Asia
BD;2013-05-07 06:00:00;Bangladesh;9800.334028895746;Southern Asia
BD;2013-05-07 07:00:00;Bangladesh;9765.404209388553;Southern Asia
BD;2013-05-07 08:00:00;Bangladesh;9765.404209388553;Southern Asia
BD;2013-05-07 09:00:00;Bangladesh;9759.488492652808;Southern Asia
BD;2013-05-07 10:00:00;Bangladesh;9759.488492652808;Southern Asia
BD;2013-05-07 11:00:00;Bangladesh;9804.080325701032;Southern Asia
BD;2013-05-07 12:00:00;Bangladesh;11033.114999229783;Southern Asia
BD;2013-05-07 13:00:00;Bangladesh;11064.321187513055;Southern Asia
BD;2013-05-07 14:00:00;Bangladesh;10806.29836790336;Southern Asia
BD;2013-05-07 15:00:00;Bangladesh;9392.368674749167;Southern Asia
BD;2013-05-07 16:00:00;Bangladesh;8263.066336814547;Southern Asia
BD;2013-05-07 17:00:00;Bangladesh;6993.475922690284;Southern Asia
BD;2013-05-07 18:00:00;Bangladesh;7411.396863622216;Southern Asia
BD;2013-05-07 19:00:00;Bangladesh;6723.310287693709;Southern Asia
BD;2013-05-07 20:00:00;Bangladesh;6320.286030284265;Southern Asia
BD;2013-05-07 21:00:00;Bangladesh;6370.208592206389;Southern Asia
BD;2013-05-07 22:00:00;Bangladesh;6946.825299334921;Southern Asia
BD;2013-05-07 23:00:00;Bangladesh;7609.909040736534;Southern Asia
BD;2013-05-08 00:00:00;Bangladesh;7652.939107297506;Southern Asia
BD;2013-05-08 01:00:00;Bangladesh;8315.872824136763;Southern Asia
BD;2013-05-08 02:00:00;Bangladesh;9191.943414636471;Southern Asia
BD;2013-05-08 03:00:00;Bangladesh;9683.287887423772;Southern Asia
BD;2013-05-08 04:00:00;Bangladesh;9772.08515932365;Southern Asia
BD;2013-05-08 05:00:00;Bangladesh;9767.089017603203;Southern Asia
BD;2013-05-08 06:00:00;Bangladesh;9761.967675528562;Southern Asia
BD;2013-05-08 07:00:00;Bangladesh;9761.187331941635;Southern Asia
BD;2013-05-08 08:00:00;Bangladesh;9816.046673347302;Southern Asia
BD;2013-05-08 09:00:00;Bangladesh;9732.159198096011;Southern Asia
BD;2013-05-08 10:00:00;Bangladesh;9747.96790144001;Southern Asia
BD;2013-05-08 11:00:00;Bangladesh;9776.751031144235;Southern Asia
BD;2013-05-08 12:00:00;Bangladesh;11186.195097815349;Southern Asia
BD;2013-05-08 13:00:00;Bangladesh;11222.414696833437;Southern Asia
BD;2013-05-08 14:00:00;Bangladesh;10964.389718596947;Southern Asia
BD;2013-05-08 15:00:00;Bangladesh;9285.315896031481;Southern Asia
BD;2013-05-08 16:00:00;Bangladesh;8149.786459445725;Southern Asia
BD;2013-05-08 17:00:00;Bangladesh;7042.901460792519;Southern Asia
BD;2013-05-08 18:00:00;Bangladesh;7411.396863622216;Southern Asia
BD;2013-05-08 19:00:00;Bangladesh;6723.310287693709;Southern Asia
BD;2013-05-08 20:00:00;Bangladesh;6296.752680949073;Southern Asia
BD;2013-05-08 21:00:00;Bangladesh;6411.945641316272;Southern Asia
BD;2013-05-08 22:00:00;Bangladesh;6844.305636889838;Southern Asia
BD;2013-05-08 23:00:00;Bangladesh;7530.9335207606255;Southern Asia
BD;2013-05-09 00:00:00;Bangladesh;7637.687329666997;Southern Asia
BD;2013-05-09 01:00:00;Bangladesh;8384.245169288377;Southern Asia
BD;2013-05-09 02:00:00;Bangladesh;9049.434651129952;Southern Asia
BD;2013-05-09 03:00:00;Bangladesh;9648.686179189644;Southern Asia
BD;2013-05-09 04:00:00;Bangladesh;9800.642712527642;Southern Asia
BD;2013-05-09 05:00:00;Bangladesh;9838.000987180872;Southern Asia
BD;2013-05-09 06:00:00;Bangladesh;9986.301886039037;Southern Asia
BD;2013-05-09 07:00:00;Bangladesh;9980.998140000092;Southern Asia
BD;2013-05-09 08:00:00;Bangladesh;10212.40185326903;Southern Asia
BD;2013-05-09 09:00:00;Bangladesh;10151.633271008008;Southern Asia
BD;2013-05-09 10:00:00;Bangladesh;9931.892618320435;Southern Asia
BD;2013-05-09 11:00:00;Bangladesh;9911.838975381164;Southern Asia
BD;2013-05-09 12:00:00;Bangladesh;11228.862515074512;Southern Asia
BD;2013-05-09 13:00:00;Bangladesh;11260.539283999417;Southern Asia
BD;2013-05-09 14:00:00;Bangladesh;10955.075243970148;Southern Asia
BD;2013-05-09 15:00:00;Bangladesh;9681.530765211439;Southern Asia
BD;2013-05-09 16:00:00;Bangladesh;8680.712052829927;Southern Asia
BD;2013-05-09 17:00:00;Bangladesh;7663.259502011462;Southern Asia
BD;2013-05-09 18:00:00;Bangladesh;7836.912932937551;Southern Asia
BD;2013-05-09 19:00:00;Bangladesh;7116.984453134212;Southern Asia
BD;2013-05-09 20:00:00;Bangladesh;6481.803121703861;Southern Asia
BD;2013-05-09 21:00:00;Bangladesh;6522.82566534411;Southern Asia
BD;2013-05-09 22:00:00;Bangladesh;6985.064293721111;Southern Asia
BD;2013-05-09 23:00:00;Bangladesh;7606.619293498702;Southern Asia
BD;2013-05-10 00:00:00;Bangladesh;7713.373102405074;Southern Asia
BD;2013-05-10 01:00:00;Bangladesh;8356.952571387119;Southern Asia
BD;2013-05-10 02:00:00;Bangladesh;9262.127926983725;Southern Asia
BD;2013-05-10 03:00:00;Bangladesh;10176.094829865684;Southern Asia
BD;2013-05-10 04:00:00;Bangladesh;10389.828024178662;Southern Asia
BD;2013-05-10 05:00:00;Bangladesh;10535.133828356715;Southern Asia
BD;2013-05-10 06:00:00;Bangladesh;10586.884747175454;Southern Asia
BD;2013-05-10 07:00:00;Bangladesh;10551.954927668263;Southern Asia
BD;2013-05-10 08:00:00;Bangladesh;10584.089325474017;Southern Asia
BD;2013-05-10 09:00:00;Bangladesh;10796.68384415185;Southern Asia
BD;2013-05-10 10:00:00;Bangladesh;10083.536150772945;Southern Asia
BD;2013-05-10 11:00:00;Bangladesh;10163.559684058542;Southern Asia
BD;2013-05-10 12:00:00;Bangladesh;11476.765692262321;Southern Asia
BD;2013-05-10 13:00:00;Bangladesh;11543.032296973972;Southern Asia
BD;2013-05-10 14:00:00;Bangladesh;11223.388237518648;Southern Asia
BD;2013-05-10 15:00:00;Bangladesh;9761.267201133105;Southern Asia
BD;2013-05-10 16:00:00;Bangladesh;8769.571385250203;Southern Asia
BD;2013-05-10 17:00:00;Bangladesh;7904.617722752353;Southern Asia
BD;2013-05-10 18:00:00;Bangladesh;7883.960203966767;Southern Asia
BD;2013-05-10 19:00:00;Bangladesh;7244.141062864185;Southern Asia
BD;2013-05-10 20:00:00;Bangladesh;6784.12797871435;Southern Asia
BD;2013-05-10 21:00:00;Bangladesh;6831.470441957985;Southern Asia
BD;2013-05-10 22:00:00;Bangladesh;7344.156178568656;Southern Asia
BD;2013-05-10 23:00:00;Bangladesh;7841.9225660754755;Southern Asia
BD;2013-05-11 00:00:00;Bangladesh;7894.210982966538;Southern Asia
BD;2013-05-11 01:00:00;Bangladesh;8572.608562519057;Southern Asia
BD;2013-05-11 02:00:00;Bangladesh;10045.577777870296;Southern Asia
BD;2013-05-11 03:00:00;Bangladesh;10551.339719031266;Southern Asia
BD;2013-05-11 04:00:00;Bangladesh;10612.912389773976;Southern Asia
BD;2013-05-11 05:00:00;Bangladesh;10632.845149612644;Southern Asia
BD;2013-05-11 06:00:00;Bangladesh;10632.845149612644;Southern Asia
BD;2013-05-11 07:00:00;Bangladesh;10620.81404316248;Southern Asia
BD;2013-05-11 08:00:00;Bangladesh;10648.194065448994;Southern Asia
BD;2013-05-11 09:00:00;Bangladesh;10671.099254386412;Southern Asia
BD;2013-05-11 10:00:00;Bangladesh;10541.515808480499;Southern Asia
BD;2013-05-11 11:00:00;Bangladesh;10579.30796711982;Southern Asia
BD;2013-05-11 12:00:00;Bangladesh;11946.230323840533;Southern Asia
BD;2013-05-11 13:00:00;Bangladesh;12032.23433266577;Southern Asia
BD;2013-05-11 14:00:00;Bangladesh;11779.47748312608;Southern Asia
BD;2013-05-11 15:00:00;Bangladesh;10043.809862523982;Southern Asia
BD;2013-05-11 16:00:00;Bangladesh;8176.390455398906;Southern Asia
BD;2013-05-11 17:00:00;Bangladesh;7090.847260225769;Southern Asia
BD;2013-05-11 18:00:00;Bangladesh;7527.824558517;Southern Asia
BD;2013-05-11 19:00:00;Bangladesh;6927.554158609371;Southern Asia
BD;2013-05-11 20:00:00;Bangladesh;6678.764865121609;Southern Asia
BD;2013-05-11 21:00:00;Bangladesh;6831.470441957985;Southern Asia
BD;2013-05-11 22:00:00;Bangladesh;7301.683037721174;Southern Asia
BD;2013-05-11 23:00:00;Bangladesh;7866.468311378215;Southern Asia
BD;2013-05-12 00:00:00;Bangladesh;7918.756728269278;Southern Asia
BD;2013-05-12 01:00:00;Bangladesh;8484.548461670176;Southern Asia
BD;2013-05-12 02:00:00;Bangladesh;9959.433458303287;Southern Asia
BD;2013-05-12 03:00:00;Bangladesh;10551.339719031266;Southern Asia
BD;2013-05-12 04:00:00;Bangladesh;10568.441439826354;Southern Asia
BD;2013-05-12 05:00:00;Bangladesh;10567.528340691446;Southern Asia
BD;2013-05-12 06:00:00;Bangladesh;10567.528340691446;Southern Asia
BD;2013-05-12 07:00:00;Bangladesh;10511.026284293659;Southern Asia
BD;2013-05-12 08:00:00;Bangladesh;10530.107465861118;Southern Asia
BD;2013-05-12 09:00:00;Bangladesh;10263.49115297465;Southern Asia
BD;2013-05-12 10:00:00;Bangladesh;10403.393914281121;Southern Asia
BD;2013-05-12 11:00:00;Bangladesh;10444.473661531476;Southern Asia
BD;2013-05-12 12:00:00;Bangladesh;11864.834983225772;Southern Asia
BD;2013-05-12 13:00:00;Bangladesh;11950.838992051009;Southern Asia
BD;2013-05-12 14:00:00;Bangladesh;11642.853675923458;Southern Asia
BD;2013-05-12 15:00:00;Bangladesh;10015.327861257865;Southern Asia
BD;2013-05-12 16:00:00;Bangladesh;8147.90845413279;Southern Asia
BD;2013-05-12 17:00:00;Bangladesh;7044.826955894977;Southern Asia
BD;2013-05-12 18:00:00;Bangladesh;7411.396863622216;Southern Asia
BD;2013-05-12 19:00:00;Bangladesh;6723.310287693709;Southern Asia
BD;2013-05-12 20:00:00;Bangladesh;6320.286030284265;Southern Asia
BD;2013-05-12 21:00:00;Bangladesh;6484.586670957918;Southern Asia
BD;2013-05-12 22:00:00;Bangladesh;6844.305636889838;Southern Asia
BD;2013-05-12 23:00:00;Bangladesh;7530.9335207606255;Southern Asia
BD;2013-05-13 00:00:00;Bangladesh;7637.687329666997;Southern Asia
BD;2013-05-13 01:00:00;Bangladesh;8384.245169288377;Southern Asia
BD;2013-05-13 02:00:00;Bangladesh;9049.434651129952;Southern Asia
BD;2013-05-13 03:00:00;Bangladesh;10176.094829865684;Southern Asia
BD;2013-05-13 04:00:00;Bangladesh;10389.828024178662;Southern Asia
BD;2013-05-13 05:00:00;Bangladesh;10535.133828356715;Southern Asia
BD;2013-05-13 06:00:00;Bangladesh;10586.884747175454;Southern Asia
BD;2013-05-13 07:00:00;Bangladesh;10551.954927668263;Southern Asia
BD;2013-05-13 08:00:00;Bangladesh;10584.089325474017;Southern Asia
BD;2013-05-13 09:00:00;Bangladesh;10632.554814308518;Southern Asia
BD;2013-05-13 10:00:00;Bangladesh;10182.845935171666;Southern Asia
BD;2013-05-13 11:00:00;Bangladesh;10163.559684058542;Southern Asia
BD;2013-05-13 12:00:00;Bangladesh;11476.396567080124;Southern Asia
BD;2013-05-13 13:00:00;Bangladesh;11507.971880545592;Southern Asia
BD;2013-05-13 14:00:00;Bangladesh;11206.443017166303;Southern Asia
BD;2013-05-13 15:00:00;Bangladesh;9681.530765211439;Southern Asia
BD;2013-05-13 16:00:00;Bangladesh;8680.712052829927;Southern Asia
BD;2013-05-13 17:00:00;Bangladesh;7663.259502011462;Southern Asia
BD;2013-05-13 18:00:00;Bangladesh;7836.912932937551;Southern Asia
BD;2013-05-13 19:00:00;Bangladesh;7142.47459766041;Southern Asia
BD;2013-05-13 20:00:00;Bangladesh;6481.803121703861;Southern Asia
BD;2013-05-13 21:00:00;Bangladesh;6487.88181476274;Southern Asia
BD;2013-05-13 22:00:00;Bangladesh;6844.305636889838;Southern Asia
BD;2013-05-13 23:00:00;Bangladesh;7530.9335207606255;Southern Asia
BD;2013-05-14 00:00:00;Bangladesh;7637.687329666997;Southern Asia
BD;2013-05-14 01:00:00;Bangladesh;8384.245169288377;Southern Asia
BD;2013-05-14 02:00:00;Bangladesh;9072.47421458545;Southern Asia
BD;2013-05-14 03:00:00;Bangladesh;9740.730025791423;Southern Asia
BD;2013-05-14 04:00:00;Bangladesh;9990.827447117852;Southern Asia
BD;2013-05-14 05:00:00;Bangladesh;10215.197274970467;Southern Asia
BD;2013-05-14 06:00:00;Bangladesh;10215.197274970467;Southern Asia
BD;2013-05-14 07:00:00;Bangladesh;10116.389371301926;Southern Asia
BD;2013-05-14 08:00:00;Bangladesh;10013.132537805848;Southern Asia
BD;2013-05-14 09:00:00;Bangladesh;10016.242039706172;Southern Asia
BD;2013-05-14 10:00:00;Bangladesh;9766.759827016742;Southern Asia
BD;2013-05-14 11:00:00;Bangladesh;9777.221611785866;Southern Asia
BD;2013-05-14 12:00:00;Bangladesh;11229.333095716145;Southern Asia
BD;2013-05-14 13:00:00;Bangladesh;11260.539283999417;Southern Asia
BD;2013-05-14 14:00:00;Bangladesh;10959.376307862129;Southern Asia
BD;2013-05-14 15:00:00;Bangladesh;9532.751730517854;Southern Asia
BD;2013-05-14 16:00:00;Bangladesh;8531.93409744974;Southern Asia
BD;2013-05-14 17:00:00;Bangladesh;7499.577307915;Southern Asia
BD;2013-05-14 18:00:00;Bangladesh;7512.792960819732;Southern Asia
BD;2013-05-14 19:00:00;Bangladesh;6890.635164509226;Southern Asia
BD;2013-05-14 20:00:00;Bangladesh;6481.803121703861;Southern Asia
BD;2013-05-14 21:00:00;Bangladesh;6487.88181476274;Southern Asia
BD;2013-05-14 22:00:00;Bangladesh;6946.825299334921;Southern Asia
BD;2013-05-14 23:00:00;Bangladesh;7609.909040736534;Southern Asia
BD;2013-05-15 00:00:00;Bangladesh;7716.662849642906;Southern Asia
BD;2013-05-15 01:00:00;Bangladesh;8321.67737159249;Southern Asia
BD;2013-05-15 02:00:00;Bangladesh;9094.417735285038;Southern Asia
BD;2013-05-15 03:00:00;Bangladesh;9648.686179189644;Southern Asia
BD;2013-05-15 04:00:00;Bangladesh;9787.423282026017;Southern Asia
BD;2013-05-15 05:00:00;Bangladesh;9818.84209504874;Southern Asia
BD;2013-05-15 06:00:00;Bangladesh;9931.578538121548;Southern Asia
BD;2013-05-15 07:00:00;Bangladesh;9812.449321790973;Southern Asia
BD;2013-05-15 08:00:00;Bangladesh;9816.046673347302;Southern Asia
BD;2013-05-15 09:00:00;Bangladesh;9727.03785602137;Southern Asia
BD;2013-05-15 10:00:00;Bangladesh;9727.03785602137;Southern Asia
BD;2013-05-15 11:00:00;Bangladesh;9776.751031144235;Southern Asia
BD;2013-05-15 12:00:00;Bangladesh;11186.195097815349;Southern Asia
BD;2013-05-15 13:00:00;Bangladesh;11222.414696833437;Southern Asia
BD;2013-05-15 14:00:00;Bangladesh;10964.389718596947;Southern Asia
BD;2013-05-15 15:00:00;Bangladesh;9533.804061081137;Southern Asia
BD;2013-05-15 16:00:00;Bangladesh;8404.500643833118;Southern Asia
BD;2013-05-15 17:00:00;Bangladesh;7264.205498937439;Southern Asia
BD;2013-05-15 18:00:00;Bangladesh;7389.510546532735;Southern Asia
BD;2013-05-15 19:00:00;Bangladesh;6701.423970604229;Southern Asia
BD;2013-05-15 20:00:00;Bangladesh;6396.8913780376415;Southern Asia
BD;2013-05-15 21:00:00;Bangladesh;6370.208592206389;Southern Asia
BD;2013-05-15 22:00:00;Bangladesh;6844.305636889838;Southern Asia
BD;2013-05-15 23:00:00;Bangladesh;7530.9335207606255;Southern Asia
BD;2013-05-16 00:00:00;Bangladesh;7637.687329666997;Southern Asia
BD;2013-05-16 01:00:00;Bangladesh;8327.665402325918;Southern Asia
BD;2013-05-16 02:00:00;Bangladesh;8966.856383030725;Southern Asia
BD;2013-05-16 03:00:00;Bangladesh;9210.083434920665;Southern Asia
BD;2013-05-16 04:00:00;Bangladesh;9310.954985806638;Southern Asia
BD;2013-05-16 05:00:00;Bangladesh;9313.39855134025;Southern Asia
BD;2013-05-16 06:00:00;Bangladesh;9313.39855134025;Southern Asia
BD;2013-05-16 07:00:00;Bangladesh;9244.445535580384;Southern Asia
BD;2013-05-16 08:00:00;Bangladesh;9244.445535580384;Southern Asia
BD;2013-05-16 09:00:00;Bangladesh;9363.57475191096;Southern Asia
BD;2013-05-16 10:00:00;Bangladesh;9504.795354876682;Southern Asia
BD;2013-05-16 11:00:00;Bangladesh;9549.387187924904;Southern Asia
BD;2013-05-16 12:00:00;Bangladesh;10798.562928778185;Southern Asia
BD;2013-05-16 13:00:00;Bangladesh;10829.769117061454;Southern Asia
BD;2013-05-16 14:00:00;Bangladesh;10571.744138824964;Southern Asia
BD;2013-05-16 15:00:00;Bangladesh;9231.193725676812;Southern Asia
BD;2013-05-16 16:00:00;Bangladesh;8330.22499404984;Southern Asia
BD;2013-05-16 17:00:00;Bangladesh;7376.903626384611;Southern Asia
BD;2013-05-16 18:00:00;Bangladesh;7389.464136056611;Southern Asia
BD;2013-05-16 19:00:00;Bangladesh;6699.7758590451185;Southern Asia
BD;2013-05-16 20:00:00;Bangladesh;6296.752680949073;Southern Asia
BD;2013-05-16 21:00:00;Bangladesh;6356.254149280562;Southern Asia
BD;2013-05-16 22:00:00;Bangladesh;6844.305636889838;Southern Asia
BD;2013-05-16 23:00:00;Bangladesh;7530.9335207606255;Southern Asia
BD;2013-05-17 00:00:00;Bangladesh;7637.687329666997;Southern Asia
BD;2013-05-17 01:00:00;Bangladesh;8246.724452651817;Southern Asia
BD;2013-05-17 02:00:00;Bangladesh;8921.914852441472;Southern Asia
BD;2013-05-17 03:00:00;Bangladesh;9721.57221297269;Southern Asia
BD;2013-05-17 04:00:00;Bangladesh;10020.4535205861;Southern Asia
BD;2013-05-17 05:00:00;Bangladesh;10151.31919080912;Southern Asia
BD;2013-05-17 06:00:00;Bangladesh;10215.197274970467;Southern Asia
BD;2013-05-17 07:00:00;Bangladesh;10180.267455463274;Southern Asia
BD;2013-05-17 08:00:00;Bangladesh;10212.40185326903;Southern Asia
BD;2013-05-17 09:00:00;Bangladesh;10468.791671707188;Southern Asia
BD;2013-05-17 10:00:00;Bangladesh;9986.615966237925;Southern Asia
BD;2013-05-17 11:00:00;Bangladesh;9961.081569862397;Southern Asia
BD;2013-05-17 12:00:00;Bangladesh;11325.39414678617;Southern Asia
BD;2013-05-17 13:00:00;Bangladesh;11365.97956850013;Southern Asia
BD;2013-05-17 14:00:00;Bangladesh;11002.04588374809;Southern Asia
BD;2013-05-17 15:00:00;Bangladesh;9532.751730517854;Southern Asia
BD;2013-05-17 16:00:00;Bangladesh;8531.93409744974;Southern Asia
BD;2013-05-17 17:00:00;Bangladesh;7499.577307915;Southern Asia
BD;2013-05-17 18:00:00;Bangladesh;7616.881944945853;Southern Asia
BD;2013-05-17 19:00:00;Bangladesh;7082.541403969625;Southern Asia
BD;2013-05-17 20:00:00;Bangladesh;6721.238005969091;Southern Asia
BD;2013-05-17 21:00:00;Bangladesh;6812.117273414171;Southern Asia
BD;2013-05-17 22:00:00;Bangladesh;7304.978181525997;Southern Asia
BD;2013-05-17 23:00:00;Bangladesh;7802.744569032816;Southern Asia
BD;2013-05-18 00:00:00;Bangladesh;7855.032985923878;Southern Asia
BD;2013-05-18 01:00:00;Bangladesh;8572.608562519057;Southern Asia
BD;2013-05-18 02:00:00;Bangladesh;9959.433458303287;Southern Asia
BD;2013-05-18 03:00:00;Bangladesh;10551.339719031266;Southern Asia
BD;2013-05-18 04:00:00;Bangladesh;10612.912389773976;Southern Asia
BD;2013-05-18 05:00:00;Bangladesh;10598.469017878748;Southern Asia
BD;2013-05-18 06:00:00;Bangladesh;10632.845149612644;Southern Asia
BD;2013-05-18 07:00:00;Bangladesh;10555.49723424128;Southern Asia
BD;2013-05-18 08:00:00;Bangladesh;10648.194065448994;Southern Asia
BD;2013-05-18 09:00:00;Bangladesh;10585.98675842812;Southern Asia
BD;2013-05-18 10:00:00;Bangladesh;10263.49115297465;Southern Asia
BD;2013-05-18 11:00:00;Bangladesh;10301.283311613972;Southern Asia
BD;2013-05-18 12:00:00;Bangladesh;11750.823871029645;Southern Asia
BD;2013-05-18 13:00:00;Bangladesh;11836.827879854882;Southern Asia
BD;2013-05-18 14:00:00;Bangladesh;11583.701905132997;Southern Asia
BD;2013-05-18 15:00:00;Bangladesh;10116.866427823948;Southern Asia
BD;2013-05-18 16:00:00;Bangladesh;8345.296526342841;Southern Asia
BD;2013-05-18 17:00:00;Bangladesh;7368.883788179;Southern Asia
BD;2013-05-18 18:00:00;Bangladesh;7689.162483912487;Southern Asia
BD;2013-05-18 19:00:00;Bangladesh;7181.252169432324;Southern Asia
BD;2013-05-18 20:00:00;Bangladesh;6721.238005969091;Southern Asia
BD;2013-05-18 21:00:00;Bangladesh;6766.010084354821;Southern Asia
BD;2013-05-18 22:00:00;Bangladesh;7304.978181525997;Southern Asia
BD;2013-05-18 23:00:00;Bangladesh;7822.5688578749605;Southern Asia
BD;2013-05-19 00:00:00;Bangladesh;7874.857274766025;Southern Asia
BD;2013-05-19 01:00:00;Bangladesh;8572.608562519057;Southern Asia
BD;2013-05-19 02:00:00;Bangladesh;9959.433458303287;Southern Asia
BD;2013-05-19 03:00:00;Bangladesh;10584.379660778142;Southern Asia
BD;2013-05-19 04:00:00;Bangladesh;10680.32846325475;Southern Asia
BD;2013-05-19 05:00:00;Bangladesh;10632.845149612644;Southern Asia
BD;2013-05-19 06:00:00;Bangladesh;10632.845149612644;Southern Asia
BD;2013-05-19 07:00:00;Bangladesh;10620.81404316248;Southern Asia
BD;2013-05-19 08:00:00;Bangladesh;10648.194065448994;Southern Asia
BD;2013-05-19 09:00:00;Bangladesh;10585.98675842812;Southern Asia
BD;2013-05-19 10:00:00;Bangladesh;10533.216967761444;Southern Asia
BD;2013-05-19 11:00:00;Bangladesh;10571.009126400764;Southern Asia
BD;2013-05-19 12:00:00;Bangladesh;11962.440531768676;Southern Asia
BD;2013-05-19 13:00:00;Bangladesh;11993.721192676423;Southern Asia
BD;2013-05-19 14:00:00;Bangladesh;11697.713017329124;Southern Asia
BD;2013-05-19 15:00:00;Bangladesh;10116.866427823948;Southern Asia
BD;2013-05-19 16:00:00;Bangladesh;8345.296526342841;Southern Asia
BD;2013-05-19 17:00:00;Bangladesh;7368.883788179;Southern Asia
BD;2013-05-19 18:00:00;Bangladesh;7836.912932937551;Southern Asia
BD;2013-05-19 19:00:00;Bangladesh;7142.47459766041;Southern Asia
BD;2013-05-19 20:00:00;Bangladesh;6507.29326623006;Southern Asia
BD;2013-05-19 21:00:00;Bangladesh;6522.82566534411;Southern Asia
BD;2013-05-19 22:00:00;Bangladesh;6985.064293721111;Southern Asia
BD;2013-05-19 23:00:00;Bangladesh;7581.129148972504;Southern Asia
BD;2013-05-20 00:00:00;Bangladesh;7687.882957878876;Southern Asia
BD;2013-05-20 01:00:00;Bangladesh;8331.46242686092;Southern Asia
BD;2013-05-20 02:00:00;Bangladesh;9219.622406734297;Southern Asia
BD;2013-05-20 03:00:00;Bangladesh;9721.57221297269;Southern Asia
BD;2013-05-20 04:00:00;Bangladesh;10023.614829529539;Southern Asia
BD;2013-05-20 05:00:00;Bangladesh;10215.197274970467;Southern Asia
BD;2013-05-20 06:00:00;Bangladesh;10015.927959507286;Southern Asia
BD;2013-05-20 07:00:00;Bangladesh;9980.998140000092;Southern Asia
BD;2013-05-20 08:00:00;Bangladesh;10013.132537805848;Southern Asia
BD;2013-05-20 09:00:00;Bangladesh;9732.159198096011;Southern Asia
BD;2013-05-20 10:00:00;Bangladesh;9689.93106138993;Southern Asia
BD;2013-05-20 11:00:00;Bangladesh;9734.522894438154;Southern Asia
BD;2013-05-20 12:00:00;Bangladesh;11033.114999229783;Southern Asia
BD;2013-05-20 13:00:00;Bangladesh;11064.321187513055;Southern Asia
BD;2013-05-20 14:00:00;Bangladesh;10806.29836790336;Southern Asia
BD;2013-05-20 15:00:00;Bangladesh;9279.089337037045;Southern Asia
BD;2013-05-20 16:00:00;Bangladesh;8149.786459445725;Southern Asia
BD;2013-05-20 17:00:00;Bangladesh;7036.67598111148;Southern Asia
BD;2013-05-20 18:00:00;Bangladesh;7411.396863622216;Southern Asia
BD;2013-05-20 19:00:00;Bangladesh;6723.310287693709;Southern Asia
BD;2013-05-20 20:00:00;Bangladesh;6320.286030284265;Southern Asia
BD;2013-05-20 21:00:00;Bangladesh;6370.208592206389;Southern Asia
BD;2013-05-20 22:00:00;Bangladesh;6844.305636889838;Southern Asia
BD;2013-05-20 23:00:00;Bangladesh;7530.9335207606255;Southern Asia
BD;2013-05-21 00:00:00;Bangladesh;7637.687329666997;Southern Asia
BD;2013-05-21 01:00:00;Bangladesh;8384.245169288377;Southern Asia
BD;2013-05-21 02:00:00;Bangladesh;9049.434651129952;Southern Asia
BD;2013-05-21 03:00:00;Bangladesh;9615.218829337064;Southern Asia
BD;2013-05-21 04:00:00;Bangladesh;9722.417315363511;Southern Asia
BD;2013-05-21 05:00:00;Bangladesh;9724.860880897122;Southern Asia
BD;2013-05-21 06:00:00;Bangladesh;9724.860880897122;Southern Asia
BD;2013-05-21 07:00:00;Bangladesh;9759.488492652808;Southern Asia
BD;2013-05-21 08:00:00;Bangladesh;9765.404209388553;Southern Asia
BD;2013-05-21 09:00:00;Bangladesh;9765.404209388553;Southern Asia
BD;2013-05-21 10:00:00;Bangladesh;9689.93106138993;Southern Asia
BD;2013-05-21 11:00:00;Bangladesh;9734.522894438154;Southern Asia
BD;2013-05-21 12:00:00;Bangladesh;11033.114999229783;Southern Asia
BD;2013-05-21 13:00:00;Bangladesh;11064.321187513055;Southern Asia
BD;2013-05-21 14:00:00;Bangladesh;10806.29836790336;Southern Asia
BD;2013-05-21 15:00:00;Bangladesh;9279.089337037045;Southern Asia
BD;2013-05-21 16:00:00;Bangladesh;8156.013018440163;Southern Asia
BD;2013-05-21 17:00:00;Bangladesh;7042.901460792519;Southern Asia
BD;2013-05-21 18:00:00;Bangladesh;7411.396863622216;Southern Asia
BD;2013-05-21 19:00:00;Bangladesh;6723.310287693709;Southern Asia
BD;2013-05-21 20:00:00;Bangladesh;6320.286030284265;Southern Asia
BD;2013-05-21 21:00:00;Bangladesh;6370.208592206389;Southern Asia
BD;2013-05-21 22:00:00;Bangladesh;6844.305636889838;Southern Asia
BD;2013-05-21 23:00:00;Bangladesh;7530.9335207606255;Southern Asia
BD;2013-05-22 00:00:00;Bangladesh;7637.687329666997;Southern Asia
BD;2013-05-22 01:00:00;Bangladesh;8384.245169288377;Southern Asia
BD;2013-05-22 02:00:00;Bangladesh;9049.434651129952;Southern Asia
BD;2013-05-22 03:00:00;Bangladesh;9599.489995184535;Southern Asia
BD;2013-05-22 04:00:00;Bangladesh;9722.417315363511;Southern Asia
BD;2013-05-22 05:00:00;Bangladesh;9724.860880897122;Southern Asia
BD;2013-05-22 06:00:00;Bangladesh;9740.59079436305;Southern Asia
BD;2013-05-22 07:00:00;Bangladesh;9759.488492652808;Southern Asia
BD;2013-05-22 08:00:00;Bangladesh;9689.93106138993;Southern Asia
BD;2013-05-22 09:00:00;Bangladesh;9689.93106138993;Southern Asia
BD;2013-05-22 10:00:00;Bangladesh;9705.660974855857;Southern Asia
BD;2013-05-22 11:00:00;Bangladesh;9804.080325701032;Southern Asia
BD;2013-05-22 12:00:00;Bangladesh;11181.894033923367;Southern Asia
BD;2013-05-22 13:00:00;Bangladesh;11213.100222206638;Southern Asia
BD;2013-05-22 14:00:00;Bangladesh;10955.075243970148;Southern Asia
BD;2013-05-22 15:00:00;Bangladesh;9533.804061081137;Southern Asia
BD;2013-05-22 16:00:00;Bangladesh;8404.500643833118;Southern Asia
BD;2013-05-22 17:00:00;Bangladesh;7253.2591024525045;Southern Asia
BD;2013-05-22 18:00:00;Bangladesh;7389.510546532735;Southern Asia
BD;2013-05-22 19:00:00;Bangladesh;6713.550056633438;Southern Asia
BD;2013-05-22 20:00:00;Bangladesh;6443.564127317669;Southern Asia
BD;2013-05-22 21:00:00;Bangladesh;6370.208592206389;Southern Asia
BD;2013-05-22 22:00:00;Bangladesh;6845.98936579109;Southern Asia
BD;2013-05-22 23:00:00;Bangladesh;7512.55497221542;Southern Asia
BD;2013-05-23 00:00:00;Bangladesh;7637.687329666997;Southern Asia
BD;2013-05-23 01:00:00;Bangladesh;8384.245169288377;Southern Asia
BD;2013-05-23 02:00:00;Bangladesh;9049.434651129952;Southern Asia
BD;2013-05-23 03:00:00;Bangladesh;9510.362453384794;Southern Asia
BD;2013-05-23 04:00:00;Bangladesh;9611.235083584164;Southern Asia
BD;2013-05-23 05:00:00;Bangladesh;9654.669892669477;Southern Asia
BD;2013-05-23 06:00:00;Bangladesh;9613.678649117777;Southern Asia
BD;2013-05-23 07:00:00;Bangladesh;9578.748829610584;Southern Asia
BD;2013-05-23 08:00:00;Bangladesh;9578.748829610584;Southern Asia
BD;2013-05-23 09:00:00;Bangladesh;9619.740073162286;Southern Asia
BD;2013-05-23 10:00:00;Bangladesh;9619.740073162286;Southern Asia
BD;2013-05-23 11:00:00;Bangladesh;9664.33190621051;Southern Asia
BD;2013-05-23 12:00:00;Bangladesh;11008.720357802795;Southern Asia
BD;2013-05-23 13:00:00;Bangladesh;10923.939211057765;Southern Asia
BD;2013-05-23 14:00:00;Bangladesh;10665.91639144807;Southern Asia
BD;2013-05-23 15:00:00;Bangladesh;9285.315896031481;Southern Asia
BD;2013-05-23 16:00:00;Bangladesh;8156.013018440163;Southern Asia
BD;2013-05-23 17:00:00;Bangladesh;7042.901460792519;Southern Asia
BD;2013-05-23 18:00:00;Bangladesh;7411.396863622216;Southern Asia
BD;2013-05-23 19:00:00;Bangladesh;6723.310287693709;Southern Asia
BD;2013-05-23 20:00:00;Bangladesh;6320.286030284265;Southern Asia
BD;2013-05-23 21:00:00;Bangladesh;6370.208592206389;Southern Asia
BD;2013-05-23 22:00:00;Bangladesh;6844.305636889838;Southern Asia
BD;2013-05-23 23:00:00;Bangladesh;7530.9335207606255;Southern Asia
BD;2013-05-24 00:00:00;Bangladesh;7637.687329666997;Southern Asia
BD;2013-05-24 01:00:00;Bangladesh;8384.245169288377;Southern Asia
BD;2013-05-24 02:00:00;Bangladesh;9049.434651129952;Southern Asia
BD;2013-05-24 03:00:00;Bangladesh;9599.489995184535;Southern Asia
BD;2013-05-24 04:00:00;Bangladesh;9722.417315363511;Southern Asia
BD;2013-05-24 05:00:00;Bangladesh;9724.860880897122;Southern Asia
BD;2013-05-24 06:00:00;Bangladesh;9794.41831216;Southern Asia
BD;2013-05-24 07:00:00;Bangladesh;9759.488492652808;Southern Asia
BD;2013-05-24 08:00:00;Bangladesh;9765.404209388553;Southern Asia
BD;2013-05-24 09:00:00;Bangladesh;9759.488492652808;Southern Asia
BD;2013-05-24 10:00:00;Bangladesh;9665.536419962942;Southern Asia
BD;2013-05-24 11:00:00;Bangladesh;9710.128253011168;Southern Asia
BD;2013-05-24 12:00:00;Bangladesh;11034.168409106464;Southern Asia
BD;2013-05-24 13:00:00;Bangladesh;11065.374597389735;Southern Asia
BD;2013-05-24 14:00:00;Bangladesh;10781.903726476372;Southern Asia
BD;2013-05-24 15:00:00;Bangladesh;9285.315896031481;Southern Asia
BD;2013-05-24 16:00:00;Bangladesh;8156.013018440163;Southern Asia
BD;2013-05-24 17:00:00;Bangladesh;7076.10437886253;Southern Asia
BD;2013-05-24 18:00:00;Bangladesh;7571.999236936804;Southern Asia
BD;2013-05-24 19:00:00;Bangladesh;6959.683159848136;Southern Asia
BD;2013-05-24 20:00:00;Bangladesh;6570.109845664239;Southern Asia
BD;2013-05-24 21:00:00;Bangladesh;6680.342281653135;Southern Asia
BD;2013-05-24 22:00:00;Bangladesh;7204.885894913553;Southern Asia
BD;2013-05-24 23:00:00;Bangladesh;7769.671168570592;Southern Asia
BD;2013-05-25 00:00:00;Bangladesh;7821.9595854616555;Southern Asia
BD;2013-05-25 01:00:00;Bangladesh;8510.511345464804;Southern Asia
BD;2013-05-25 02:00:00;Bangladesh;9759.573758411268;Southern Asia
BD;2013-05-25 03:00:00;Bangladesh;10392.948319212968;Southern Asia
BD;2013-05-25 04:00:00;Bangladesh;10210.42239249666;Southern Asia
BD;2013-05-25 05:00:00;Bangladesh;10258.151789593563;Southern Asia
BD;2013-05-25 06:00:00;Bangladesh;10258.151789593563;Southern Asia
BD;2013-05-25 07:00:00;Bangladesh;10246.1206831434;Southern Asia
BD;2013-05-25 08:00:00;Bangladesh;10241.36630762416;Southern Asia
BD;2013-05-25 09:00:00;Bangladesh;10155.22198805715;Southern Asia
BD;2013-05-25 10:00:00;Bangladesh;10238.643199920403;Southern Asia
BD;2013-05-25 11:00:00;Bangladesh;10276.435358559724;Southern Asia
BD;2013-05-25 12:00:00;Bangladesh;11723.025075144615;Southern Asia
BD;2013-05-25 13:00:00;Bangladesh;11809.02908396985;Southern Asia
BD;2013-05-25 14:00:00;Bangladesh;11536.544544137161;Southern Asia
BD;2013-05-25 15:00:00;Bangladesh;10116.866427823948;Southern Asia
BD;2013-05-25 16:00:00;Bangladesh;8345.296526342841;Southern Asia
BD;2013-05-25 17:00:00;Bangladesh;7329.593002886224;Southern Asia
BD;2013-05-25 18:00:00;Bangladesh;7485.0146718892665;Southern Asia
BD;2013-05-25 19:00:00;Bangladesh;7008.504282447357;Southern Asia
BD;2013-05-25 20:00:00;Bangladesh;6721.238005969091;Southern Asia
BD;2013-05-25 21:00:00;Bangladesh;6792.292444915326;Southern Asia
BD;2013-05-25 22:00:00;Bangladesh;7278.69582096549;Southern Asia
BD;2013-05-25 23:00:00;Bangladesh;7776.46220847231;Southern Asia
BD;2013-05-26 00:00:00;Bangladesh;7828.750625363372;Southern Asia
BD;2013-05-26 01:00:00;Bangladesh;8458.266101109672;Southern Asia
BD;2013-05-26 02:00:00;Bangladesh;9959.433458303287;Southern Asia
BD;2013-05-26 03:00:00;Bangladesh;10554.501027974706;Southern Asia
BD;2013-05-26 04:00:00;Bangladesh;10563.303908050739;Southern Asia
BD;2013-05-26 05:00:00;Bangladesh;10523.057390743823;Southern Asia
BD;2013-05-26 06:00:00;Bangladesh;10567.528340691446;Southern Asia
BD;2013-05-26 07:00:00;Bangladesh;10555.49723424128;Southern Asia
BD;2013-05-26 08:00:00;Bangladesh;10538.406306580173;Southern Asia
BD;2013-05-26 09:00:00;Bangladesh;10585.98675842812;Southern Asia
BD;2013-05-26 10:00:00;Bangladesh;10412.772068398415;Southern Asia
BD;2013-05-26 11:00:00;Bangladesh;10450.564227037738;Southern Asia
BD;2013-05-26 12:00:00;Bangladesh;11864.834983225772;Southern Asia
BD;2013-05-26 13:00:00;Bangladesh;11950.838992051009;Southern Asia
BD;2013-05-26 14:00:00;Bangladesh;11583.701905132997;Southern Asia
BD;2013-05-26 15:00:00;Bangladesh;10116.866427823948;Southern Asia
BD;2013-05-26 16:00:00;Bangladesh;8345.296526342841;Southern Asia
BD;2013-05-26 17:00:00;Bangladesh;7368.883788179;Southern Asia
BD;2013-05-26 18:00:00;Bangladesh;7512.792960819732;Southern Asia
BD;2013-05-26 19:00:00;Bangladesh;6890.635164509226;Southern Asia
BD;2013-05-26 20:00:00;Bangladesh;6481.803121703861;Southern Asia
BD;2013-05-26 21:00:00;Bangladesh;6411.945641316272;Southern Asia
BD;2013-05-26 22:00:00;Bangladesh;6949.731890316377;Southern Asia
BD;2013-05-26 23:00:00;Bangladesh;7609.909040736534;Southern Asia
BD;2013-05-27 00:00:00;Bangladesh;7689.905591187175;Southern Asia
BD;2013-05-27 01:00:00;Bangladesh;8335.69657332221;Southern Asia
BD;2013-05-27 02:00:00;Bangladesh;9186.656937611899;Southern Asia
BD;2013-05-27 03:00:00;Bangladesh;10050.460591683926;Southern Asia
BD;2013-05-27 04:00:00;Bangladesh;10264.193785996902;Southern Asia
BD;2013-05-27 05:00:00;Bangladesh;10385.302463099848;Southern Asia
BD;2013-05-27 06:00:00;Bangladesh;10437.053381918586;Southern Asia
BD;2013-05-27 07:00:00;Bangladesh;10551.954927668263;Southern Asia
BD;2013-05-27 08:00:00;Bangladesh;10584.089325474017;Southern Asia
BD;2013-05-27 09:00:00;Bangladesh;9986.615966237925;Southern Asia
BD;2013-05-27 10:00:00;Bangladesh;9765.404209388553;Southern Asia
BD;2013-05-27 11:00:00;Bangladesh;9809.996042436776;Southern Asia
BD;2013-05-27 12:00:00;Bangladesh;11191.208508550166;Southern Asia
BD;2013-05-27 13:00:00;Bangladesh;11222.414696833437;Southern Asia
BD;2013-05-27 14:00:00;Bangladesh;10964.389718596947;Southern Asia
BD;2013-05-27 15:00:00;Bangladesh;9533.804061081137;Southern Asia
BD;2013-05-27 16:00:00;Bangladesh;8404.500643833118;Southern Asia
BD;2013-05-27 17:00:00;Bangladesh;7284.42427682664;Southern Asia
BD;2013-05-27 18:00:00;Bangladesh;7326.876910719557;Southern Asia
BD;2013-05-27 19:00:00;Bangladesh;6713.550056633438;Southern Asia
BD;2013-05-27 20:00:00;Bangladesh;6443.564127317669;Southern Asia
BD;2013-05-27 21:00:00;Bangladesh;6484.586670957918;Southern Asia
BD;2013-05-27 22:00:00;Bangladesh;6844.305636889838;Southern Asia
BD;2013-05-27 23:00:00;Bangladesh;7509.073107192703;Southern Asia
BD;2013-05-28 00:00:00;Bangladesh;7655.879156994307;Southern Asia
BD;2013-05-28 01:00:00;Bangladesh;8343.61873366528;Southern Asia
BD;2013-05-28 02:00:00;Bangladesh;9165.661054075965;Southern Asia
BD;2013-05-28 03:00:00;Bangladesh;9648.686179189644;Southern Asia
BD;2013-05-28 04:00:00;Bangladesh;9771.614578682018;Southern Asia
BD;2013-05-28 05:00:00;Bangladesh;9761.967675528562;Southern Asia
BD;2013-05-28 06:00:00;Bangladesh;9818.84209504874;Southern Asia
BD;2013-05-28 07:00:00;Bangladesh;9783.912275541548;Southern Asia
BD;2013-05-28 08:00:00;Bangladesh;9732.159198096011;Southern Asia
BD;2013-05-28 09:00:00;Bangladesh;9732.159198096011;Southern Asia
BD;2013-05-28 10:00:00;Bangladesh;9759.488492652808;Southern Asia
BD;2013-05-28 11:00:00;Bangladesh;9804.080325701032;Southern Asia
BD;2013-05-28 12:00:00;Bangladesh;11181.894033923367;Southern Asia
BD;2013-05-28 13:00:00;Bangladesh;11213.100222206638;Southern Asia
BD;2013-05-28 14:00:00;Bangladesh;10806.29836790336;Southern Asia
BD;2013-05-28 15:00:00;Bangladesh;9533.804061081137;Southern Asia
BD;2013-05-28 16:00:00;Bangladesh;8404.500643833118;Southern Asia
BD;2013-05-28 17:00:00;Bangladesh;7264.205498937439;Southern Asia
BD;2013-05-28 18:00:00;Bangladesh;7326.876910719557;Southern Asia
BD;2013-05-28 19:00:00;Bangladesh;6704.71911440905;Southern Asia
BD;2013-05-28 20:00:00;Bangladesh;6446.859271122491;Southern Asia
BD;2013-05-28 21:00:00;Bangladesh;6484.586670957918;Southern Asia
BD;2013-05-28 22:00:00;Bangladesh;6946.825299334921;Southern Asia
BD;2013-05-28 23:00:00;Bangladesh;7609.909040736534;Southern Asia
BD;2013-05-29 00:00:00;Bangladesh;7716.662849642906;Southern Asia
BD;2013-05-29 01:00:00;Bangladesh;8343.61873366528;Southern Asia
BD;2013-05-29 02:00:00;Bangladesh;9191.943414636471;Southern Asia
BD;2013-05-29 03:00:00;Bangladesh;9683.287887423772;Southern Asia
BD;2013-05-29 04:00:00;Bangladesh;9806.215207602749;Southern Asia
BD;2013-05-29 05:00:00;Bangladesh;9801.689646523933;Southern Asia
BD;2013-05-29 06:00:00;Bangladesh;9801.689646523933;Southern Asia
BD;2013-05-29 07:00:00;Bangladesh;9732.159198096011;Southern Asia
BD;2013-05-29 08:00:00;Bangladesh;9766.759827016742;Southern Asia
BD;2013-05-29 09:00:00;Bangladesh;9759.488492652808;Southern Asia
BD;2013-05-29 10:00:00;Bangladesh;9689.93106138993;Southern Asia
BD;2013-05-29 11:00:00;Bangladesh;9734.522894438154;Southern Asia
BD;2013-05-29 12:00:00;Bangladesh;11033.114999229783;Southern Asia
BD;2013-05-29 13:00:00;Bangladesh;11064.321187513055;Southern Asia
BD;2013-05-29 14:00:00;Bangladesh;10806.29836790336;Southern Asia
BD;2013-05-29 15:00:00;Bangladesh;9392.368674749167;Southern Asia
BD;2013-05-29 16:00:00;Bangladesh;8263.066336814547;Southern Asia
BD;2013-05-29 17:00:00;Bangladesh;7139.892340355125;Southern Asia
BD;2013-05-29 18:00:00;Bangladesh;7411.463781052906;Southern Asia
BD;2013-05-29 19:00:00;Bangladesh;6697.407845449383;Southern Asia
BD;2013-05-29 20:00:00;Bangladesh;6370.922018362625;Southern Asia
BD;2013-05-29 21:00:00;Bangladesh;6370.208592206389;Southern Asia
BD;2013-05-29 22:00:00;Bangladesh;6946.825299334921;Southern Asia
BD;2013-05-29 23:00:00;Bangladesh;7609.909040736534;Southern Asia
BD;2013-05-30 00:00:00;Bangladesh;7716.662849642906;Southern Asia
BD;2013-05-30 01:00:00;Bangladesh;8343.61873366528;Southern Asia
BD;2013-05-30 02:00:00;Bangladesh;9191.943414636471;Southern Asia
BD;2013-05-30 03:00:00;Bangladesh;9669.046347134014;Southern Asia
BD;2013-05-30 04:00:00;Bangladesh;9791.974746626389;Southern Asia
BD;2013-05-30 05:00:00;Bangladesh;9800.334028895746;Southern Asia
BD;2013-05-30 06:00:00;Bangladesh;9794.41831216;Southern Asia
BD;2013-05-30 07:00:00;Bangladesh;9759.488492652808;Southern Asia
BD;2013-05-30 08:00:00;Bangladesh;9759.488492652808;Southern Asia
BD;2013-05-30 09:00:00;Bangladesh;9766.759827016742;Southern Asia
BD;2013-05-30 10:00:00;Bangladesh;9690.983391953212;Southern Asia
BD;2013-05-30 11:00:00;Bangladesh;9710.128253011168;Southern Asia
BD;2013-05-30 12:00:00;Bangladesh;10892.733022774493;Southern Asia
BD;2013-05-30 13:00:00;Bangladesh;10923.939211057765;Southern Asia
BD;2013-05-30 14:00:00;Bangladesh;10665.91639144807;Southern Asia
BD;2013-05-30 15:00:00;Bangladesh;9285.315896031481;Southern Asia
BD;2013-05-30 16:00:00;Bangladesh;8156.013018440163;Southern Asia
BD;2013-05-30 17:00:00;Bangladesh;7042.901460792519;Southern Asia
BD;2013-05-30 18:00:00;Bangladesh;7411.396863622216;Southern Asia
BD;2013-05-30 19:00:00;Bangladesh;6697.407845449383;Southern Asia
BD;2013-05-30 20:00:00;Bangladesh;6370.922018362625;Southern Asia
BD;2013-05-30 21:00:00;Bangladesh;6370.208592206389;Southern Asia
BD;2013-05-30 22:00:00;Bangladesh;6844.305636889838;Southern Asia
BD;2013-05-30 23:00:00;Bangladesh;7530.9335207606255;Southern Asia
BD;2013-05-31 00:00:00;Bangladesh;7637.687329666997;Southern Asia
BD;2013-05-31 01:00:00;Bangladesh;8343.61873366528;Southern Asia
BD;2013-05-31 02:00:00;Bangladesh;9186.656937611899;Southern Asia
BD;2013-05-31 03:00:00;Bangladesh;9669.046347134014;Southern Asia
BD;2013-05-31 04:00:00;Bangladesh;9791.974746626389;Southern Asia
BD;2013-05-31 05:00:00;Bangladesh;9800.334028895746;Southern Asia
BD;2013-05-31 06:00:00;Bangladesh;9800.334028895746;Southern Asia
BD;2013-05-31 07:00:00;Bangladesh;9765.404209388553;Southern Asia
BD;2013-05-31 08:00:00;Bangladesh;9759.488492652808;Southern Asia
BD;2013-05-31 09:00:00;Bangladesh;9765.404209388553;Southern Asia
BD;2013-05-31 10:00:00;Bangladesh;9689.93106138993;Southern Asia
BD;2013-05-31 11:00:00;Bangladesh;9734.522894438154;Southern Asia
BD;2013-05-31 12:00:00;Bangladesh;11033.114999229783;Southern Asia
BD;2013-05-31 13:00:00;Bangladesh;11065.374597389735;Southern Asia
BD;2013-05-31 14:00:00;Bangladesh;10807.349619153245;Southern Asia
BD;2013-05-31 15:00:00;Bangladesh;9279.089337037045;Southern Asia
BD;2013-05-31 16:00:00;Bangladesh;8149.786459445725;Southern Asia
BD;2013-05-31 17:00:00;Bangladesh;7036.67598111148;Southern Asia
BD;2013-05-31 18:00:00;Bangladesh;8796.396640450024;Southern Asia
BD;2013-05-31 19:00:00;Bangladesh;8519.89435649239;Southern Asia
BD;2013-05-31 20:00:00;Bangladesh;8335.989067253133;Southern Asia
BD;2013-05-31 21:00:00;Bangladesh;8530.926558392484;Southern Asia
BD;2013-05-31 22:00:00;Bangladesh;9179.525913989737;Southern Asia
BD;2013-05-31 23:00:00;Bangladesh;9680.099595645375;Southern Asia
BD;2013-06-01 00:00:00;Bangladesh;9782.210198312525;Southern Asia
BD;2013-06-01 01:00:00;Bangladesh;9874.506604249493;Southern Asia
BD;2013-06-01 02:00:00;Bangladesh;10446.429377409084;Southern Asia
BD;2013-06-01 03:00:00;Bangladesh;11207.784603720313;Southern Asia
BD;2013-06-01 04:00:00;Bangladesh;11246.46179934619;Southern Asia
BD;2013-06-01 05:00:00;Bangladesh;11234.822483659587;Southern Asia
BD;2013-06-01 06:00:00;Bangladesh;11234.822483659587;Southern Asia
BD;2013-06-01 07:00:00;Bangladesh;11222.791377209422;Southern Asia
BD;2013-06-01 08:00:00;Bangladesh;11218.03700169018;Southern Asia
BD;2013-06-01 09:00:00;Bangladesh;11227.900846836683;Southern Asia
BD;2013-06-01 10:00:00;Bangladesh;11085.65813408283;Southern Asia
BD;2013-06-01 11:00:00;Bangladesh;11108.958351724004;Southern Asia
BD;2013-06-01 12:00:00;Bangladesh;12502.782594895809;Southern Asia
BD;2013-06-01 13:00:00;Bangladesh;12541.510518251403;Southern Asia
BD;2013-06-01 14:00:00;Bangladesh;12221.323564156766;Southern Asia
BD;2013-06-01 15:00:00;Bangladesh;11029.3676231111;Southern Asia
BD;2013-06-01 16:00:00;Bangladesh;9711.518408668098;Southern Asia
BD;2013-06-01 17:00:00;Bangladesh;8632.153743043176;Southern Asia
BD;2013-06-01 18:00:00;Bangladesh;10003.944342846642;Southern Asia
BD;2013-06-01 19:00:00;Bangladesh;9733.138135348212;Southern Asia
BD;2013-06-01 20:00:00;Bangladesh;9475.075381142784;Southern Asia
BD;2013-06-01 21:00:00;Bangladesh;8849.290552157498;Southern Asia
BD;2013-06-01 22:00:00;Bangladesh;9664.499199787237;Southern Asia
BD;2013-06-01 23:00:00;Bangladesh;9952.095206508664;Southern Asia
BD;2013-06-02 00:00:00;Bangladesh;9997.785780596294;Southern Asia
BD;2013-06-02 01:00:00;Bangladesh;10165.33083734505;Southern Asia
BD;2013-06-02 02:00:00;Bangladesh;10479.657119687256;Southern Asia
BD;2013-06-02 03:00:00;Bangladesh;11200.266106588186;Southern Asia
BD;2013-06-02 04:00:00;Bangladesh;11283.414252161681;Southern Asia
BD;2013-06-02 05:00:00;Bangladesh;11225.204721967883;Southern Asia
BD;2013-06-02 06:00:00;Bangladesh;11225.204721967883;Southern Asia
BD;2013-06-02 07:00:00;Bangladesh;11213.173615517719;Southern Asia
BD;2013-06-02 08:00:00;Bangladesh;11208.419239998479;Southern Asia
BD;2013-06-02 09:00:00;Bangladesh;11270.99675151495;Southern Asia
BD;2013-06-02 10:00:00;Bangladesh;11185.025122091658;Southern Asia
BD;2013-06-02 11:00:00;Bangladesh;11208.325339732832;Southern Asia
BD;2013-06-02 12:00:00;Bangladesh;12590.70778156991;Southern Asia
BD;2013-06-02 13:00:00;Bangladesh;12656.970069027966;Southern Asia
BD;2013-06-02 14:00:00;Bangladesh;12270.003836357515;Southern Asia
BD;2013-06-02 15:00:00;Bangladesh;11030.043273298395;Southern Asia
BD;2013-06-02 16:00:00;Bangladesh;9712.194058855395;Southern Asia
BD;2013-06-02 17:00:00;Bangladesh;8736.812604643568;Southern Asia
BD;2013-06-02 18:00:00;Bangladesh;10085.060141291258;Southern Asia
BD;2013-06-02 19:00:00;Bangladesh;9754.617551286558;Southern Asia
BD;2013-06-02 20:00:00;Bangladesh;9322.518749555366;Southern Asia
BD;2013-06-02 21:00:00;Bangladesh;9123.531134889123;Southern Asia
BD;2013-06-02 22:00:00;Bangladesh;9298.61303709778;Southern Asia
BD;2013-06-02 23:00:00;Bangladesh;9621.832861841469;Southern Asia
BD;2013-06-03 00:00:00;Bangladesh;9609.105598249442;Southern Asia
BD;2013-06-03 01:00:00;Bangladesh;9565.261729386195;Southern Asia
BD;2013-06-03 02:00:00;Bangladesh;9957.07947578173;Southern Asia
BD;2013-06-03 03:00:00;Bangladesh;11550.277727816348;Southern Asia
BD;2013-06-03 04:00:00;Bangladesh;11698.565674913732;Southern Asia
BD;2013-06-03 05:00:00;Bangladesh;11691.940849275345;Southern Asia
BD;2013-06-03 06:00:00;Bangladesh;11691.940849275345;Southern Asia
BD;2013-06-03 07:00:00;Bangladesh;11679.909742825183;Southern Asia
BD;2013-06-03 08:00:00;Bangladesh;11679.909742825183;Southern Asia
BD;2013-06-03 09:00:00;Bangladesh;11683.197331436215;Southern Asia
BD;2013-06-03 10:00:00;Bangladesh;11227.109710115774;Southern Asia
BD;2013-06-03 11:00:00;Bangladesh;11236.724233867282;Southern Asia
BD;2013-06-03 12:00:00;Bangladesh;12082.431040191046;Southern Asia
BD;2013-06-03 13:00:00;Bangladesh;12089.477877368143;Southern Asia
BD;2013-06-03 14:00:00;Bangladesh;11800.815509009255;Southern Asia
BD;2013-06-03 15:00:00;Bangladesh;10706.254650393836;Southern Asia
BD;2013-06-03 16:00:00;Bangladesh;9901.978368174858;Southern Asia
BD;2013-06-03 17:00:00;Bangladesh;8938.101315474854;Southern Asia
BD;2013-06-03 18:00:00;Bangladesh;10082.337033587502;Southern Asia
BD;2013-06-03 19:00:00;Bangladesh;9754.617551286558;Southern Asia
BD;2013-06-03 20:00:00;Bangladesh;9322.518749555366;Southern Asia
BD;2013-06-03 21:00:00;Bangladesh;9178.832994788068;Southern Asia
BD;2013-06-03 22:00:00;Bangladesh;9353.914896996725;Southern Asia
BD;2013-06-03 23:00:00;Bangladesh;9677.134721740415;Southern Asia
BD;2013-06-04 00:00:00;Bangladesh;9609.105598249442;Southern Asia
BD;2013-06-04 01:00:00;Bangladesh;9565.261729386195;Southern Asia
BD;2013-06-04 02:00:00;Bangladesh;9959.802583485485;Southern Asia
BD;2013-06-04 03:00:00;Bangladesh;11183.995457109739;Southern Asia
BD;2013-06-04 04:00:00;Bangladesh;11415.209211220585;Southern Asia
BD;2013-06-04 05:00:00;Bangladesh;11691.940849275345;Southern Asia
BD;2013-06-04 06:00:00;Bangladesh;11691.940849275345;Southern Asia
BD;2013-06-04 07:00:00;Bangladesh;11608.285426404675;Southern Asia
BD;2013-06-04 08:00:00;Bangladesh;11608.285426404675;Southern Asia
BD;2013-06-04 09:00:00;Bangladesh;11683.197331436215;Southern Asia
BD;2013-06-04 10:00:00;Bangladesh;11253.519429657272;Southern Asia
BD;2013-06-04 11:00:00;Bangladesh;11236.724233867282;Southern Asia
BD;2013-06-04 12:00:00;Bangladesh;12189.33703228657;Southern Asia
BD;2013-06-04 13:00:00;Bangladesh;12263.163148039483;Southern Asia
BD;2013-06-04 14:00:00;Bangladesh;12047.989070339856;Southern Asia
BD;2013-06-04 15:00:00;Bangladesh;10834.26877461871;Southern Asia
BD;2013-06-04 16:00:00;Bangladesh;10029.992492399731;Southern Asia
BD;2013-06-04 17:00:00;Bangladesh;9072.355490111644;Southern Asia
BD;2013-06-04 18:00:00;Bangladesh;10087.454058408552;Southern Asia
BD;2013-06-04 19:00:00;Bangladesh;9759.734576107607;Southern Asia
BD;2013-06-04 20:00:00;Bangladesh;9327.635774376413;Southern Asia
BD;2013-06-04 21:00:00;Bangladesh;9123.531134889123;Southern Asia
BD;2013-06-04 22:00:00;Bangladesh;9298.61303709778;Southern Asia
BD;2013-06-04 23:00:00;Bangladesh;9621.832861841469;Southern Asia
BD;2013-06-05 00:00:00;Bangladesh;9609.105598249442;Southern Asia
BD;2013-06-05 01:00:00;Bangladesh;9565.261729386195;Southern Asia
BD;2013-06-05 02:00:00;Bangladesh;9946.202155354282;Southern Asia
BD;2013-06-05 03:00:00;Bangladesh;11094.258103239996;Southern Asia
BD;2013-06-05 04:00:00;Bangladesh;11242.54605033738;Southern Asia
BD;2013-06-05 05:00:00;Bangladesh;11235.921224698992;Southern Asia
BD;2013-06-05 06:00:00;Bangladesh;11235.921224698992;Southern Asia
BD;2013-06-05 07:00:00;Bangladesh;11313.627472118573;Southern Asia
BD;2013-06-05 08:00:00;Bangladesh;11313.627472118573;Southern Asia
BD;2013-06-05 09:00:00;Bangladesh;11204.121414046691;Southern Asia
BD;2013-06-05 10:00:00;Bangladesh;10982.43907655569;Southern Asia
BD;2013-06-05 11:00:00;Bangladesh;11032.48036295162;Southern Asia
BD;2013-06-05 12:00:00;Bangladesh;12015.651761615232;Southern Asia
BD;2013-06-05 13:00:00;Bangladesh;12089.477877368143;Southern Asia
BD;2013-06-05 14:00:00;Bangladesh;11800.815509009255;Southern Asia
BD;2013-06-05 15:00:00;Bangladesh;10706.254650393836;Southern Asia
BD;2013-06-05 16:00:00;Bangladesh;9890.861440173001;Southern Asia
BD;2013-06-05 17:00:00;Bangladesh;8938.101315474854;Southern Asia
BD;2013-06-05 18:00:00;Bangladesh;10082.337033587502;Southern Asia
BD;2013-06-05 19:00:00;Bangladesh;9754.617551286558;Southern Asia
BD;2013-06-05 20:00:00;Bangladesh;9322.518749555366;Southern Asia
BD;2013-06-05 21:00:00;Bangladesh;9123.531134889123;Southern Asia
BD;2013-06-05 22:00:00;Bangladesh;9298.61303709778;Southern Asia
BD;2013-06-05 23:00:00;Bangladesh;9621.832861841469;Southern Asia
BD;2013-06-06 00:00:00;Bangladesh;9609.105598249442;Southern Asia
BD;2013-06-06 01:00:00;Bangladesh;9565.261729386195;Southern Asia
BD;2013-06-06 02:00:00;Bangladesh;9959.802583485485;Southern Asia
BD;2013-06-06 03:00:00;Bangladesh;11052.908527640078;Southern Asia
BD;2013-06-06 04:00:00;Bangladesh;11242.54605033738;Southern Asia
BD;2013-06-06 05:00:00;Bangladesh;11262.330944240492;Southern Asia
BD;2013-06-06 06:00:00;Bangladesh;11235.921224698992;Southern Asia
BD;2013-06-06 07:00:00;Bangladesh;11250.299837790326;Southern Asia
BD;2013-06-06 08:00:00;Bangladesh;11060.913795114815;Southern Asia
BD;2013-06-06 09:00:00;Bangladesh;10733.227771529213;Southern Asia
BD;2013-06-06 10:00:00;Bangladesh;10759.065454969646;Southern Asia
BD;2013-06-06 11:00:00;Bangladesh;10774.512588325235;Southern Asia
BD;2013-06-06 12:00:00;Bangladesh;11897.320157885955;Southern Asia
BD;2013-06-06 13:00:00;Bangladesh;11971.146273638868;Southern Asia
BD;2013-06-06 14:00:00;Bangladesh;11681.39271943436;Southern Asia
BD;2013-06-06 15:00:00;Bangladesh;10695.137722391979;Southern Asia
BD;2013-06-06 16:00:00;Bangladesh;9901.063110413152;Southern Asia
BD;2013-06-06 17:00:00;Bangladesh;8802.60700974349;Southern Asia
BD;2013-06-06 18:00:00;Bangladesh;10085.060141291258;Southern Asia
BD;2013-06-06 19:00:00;Bangladesh;9757.340658990313;Southern Asia
BD;2013-06-06 20:00:00;Bangladesh;9325.241857259121;Southern Asia
BD;2013-06-06 21:00:00;Bangladesh;9092.961741510815;Southern Asia
BD;2013-06-06 22:00:00;Bangladesh;9268.042564406074;Southern Asia
BD;2013-06-06 23:00:00;Bangladesh;9591.26346846316;Southern Asia
BD;2013-06-07 00:00:00;Bangladesh;9578.535125557733;Southern Asia
BD;2013-06-07 01:00:00;Bangladesh;9534.692336007887;Southern Asia
BD;2013-06-07 02:00:00;Bangladesh;9909.937225173468;Southern Asia
BD;2013-06-07 03:00:00;Bangladesh;10516.28901642347;Southern Asia
BD;2013-06-07 04:00:00;Bangladesh;10617.035366955246;Southern Asia
BD;2013-06-07 05:00:00;Bangladesh;10617.626830697482;Southern Asia
BD;2013-06-07 06:00:00;Bangladesh;10617.626830697482;Southern Asia
BD;2013-06-07 07:00:00;Bangladesh;10605.595724247318;Southern Asia
BD;2013-06-07 08:00:00;Bangladesh;10605.595724247318;Southern Asia
BD;2013-06-07 09:00:00;Bangladesh;10682.523786706766;Southern Asia
BD;2013-06-07 10:00:00;Bangladesh;10601.710196013659;Southern Asia
BD;2013-06-07 11:00:00;Bangladesh;10510.005253818925;Southern Asia
BD;2013-06-07 12:00:00;Bangladesh;11521.661891688851;Southern Asia
BD;2013-06-07 13:00:00;Bangladesh;11610.365263323081;Southern Asia
BD;2013-06-07 14:00:00;Bangladesh;11352.340285086591;Southern Asia
BD;2013-06-07 15:00:00;Bangladesh;10627.471248202815;Southern Asia
BD;2013-06-07 16:00:00;Bangladesh;9695.760433053814;Southern Asia
BD;2013-06-07 17:00:00;Bangladesh;8519.230039095773;Southern Asia
BD;2013-06-07 18:00:00;Bangladesh;9863.49760758746;Southern Asia
BD;2013-06-07 19:00:00;Bangladesh;9711.515170727904;Southern Asia
BD;2013-06-07 20:00:00;Bangladesh;9505.245428563745;Southern Asia
BD;2013-06-07 21:00:00;Bangladesh;8849.290552157498;Southern Asia
BD;2013-06-07 22:00:00;Bangladesh;9261.82571923222;Southern Asia
BD;2013-06-07 23:00:00;Bangladesh;9762.399400887856;Southern Asia
BD;2013-06-08 00:00:00;Bangladesh;9997.785780596294;Southern Asia
BD;2013-06-08 01:00:00;Bangladesh;9996.132272470193;Southern Asia
BD;2013-06-08 02:00:00;Bangladesh;10446.429377409084;Southern Asia
BD;2013-06-08 03:00:00;Bangladesh;11126.992599295168;Southern Asia
BD;2013-06-08 04:00:00;Bangladesh;11191.565761284983;Southern Asia
BD;2013-06-08 05:00:00;Bangladesh;11161.570562634537;Southern Asia
BD;2013-06-08 06:00:00;Bangladesh;11161.570562634537;Southern Asia
BD;2013-06-08 07:00:00;Bangladesh;11123.424389200594;Southern Asia
BD;2013-06-08 08:00:00;Bangladesh;11126.96885440041;Southern Asia
BD;2013-06-08 09:00:00;Bangladesh;11164.266687503337;Southern Asia
BD;2013-06-08 10:00:00;Bangladesh;10973.856376412898;Southern Asia
BD;2013-06-08 11:00:00;Bangladesh;11003.42416695764;Southern Asia
BD;2013-06-08 12:00:00;Bangladesh;12506.479243284775;Southern Asia
BD;2013-06-08 13:00:00;Bangladesh;12518.20490404324;Southern Asia
BD;2013-06-08 14:00:00;Bangladesh;12179.335035025093;Southern Asia
BD;2013-06-08 15:00:00;Bangladesh;11029.3676231111;Southern Asia
BD;2013-06-08 16:00:00;Bangladesh;9711.518408668098;Southern Asia
BD;2013-06-08 17:00:00;Bangladesh;8632.153743043176;Southern Asia
BD;2013-06-08 18:00:00;Bangladesh;10003.944342846642;Southern Asia
BD;2013-06-08 19:00:00;Bangladesh;9733.138135348212;Southern Asia
BD;2013-06-08 20:00:00;Bangladesh;9475.075381142784;Southern Asia
BD;2013-06-08 21:00:00;Bangladesh;9340.53033154517;Southern Asia
BD;2013-06-08 22:00:00;Bangladesh;9666.716109507217;Southern Asia
BD;2013-06-08 23:00:00;Bangladesh;10009.615055440989;Southern Asia
BD;2013-06-09 00:00:00;Bangladesh;10055.305629528619;Southern Asia
BD;2013-06-09 01:00:00;Bangladesh;10107.810988412728;Southern Asia
BD;2013-06-09 02:00:00;Bangladesh;10446.429377409084;Southern Asia
BD;2013-06-09 03:00:00;Bangladesh;11130.579157717517;Southern Asia
BD;2013-06-09 04:00:00;Bangladesh;11157.37095420199;Southern Asia
BD;2013-06-09 05:00:00;Bangladesh;11143.754336369813;Southern Asia
BD;2013-06-09 06:00:00;Bangladesh;11161.570562634537;Southern Asia
BD;2013-06-09 07:00:00;Bangladesh;11149.539456184373;Southern Asia
BD;2013-06-09 08:00:00;Bangladesh;11173.56605174256;Southern Asia
BD;2013-06-09 09:00:00;Bangladesh;11227.900846836683;Southern Asia
BD;2013-06-09 10:00:00;Bangladesh;10994.11077164424;Southern Asia
BD;2013-06-09 11:00:00;Bangladesh;11022.993198181102;Southern Asia
BD;2013-06-09 12:00:00;Bangladesh;12457.267948892091;Southern Asia
BD;2013-06-09 13:00:00;Bangladesh;12521.256123020059;Southern Asia
BD;2013-06-09 14:00:00;Bangladesh;12231.597548394597;Southern Asia
BD;2013-06-09 15:00:00;Bangladesh;11029.3676231111;Southern Asia
BD;2013-06-09 16:00:00;Bangladesh;9711.518408668098;Southern Asia
BD;2013-06-09 17:00:00;Bangladesh;8632.153743043176;Southern Asia
BD;2013-06-09 18:00:00;Bangladesh;10022.546309265283;Southern Asia
BD;2013-06-09 19:00:00;Bangladesh;9694.82682696434;Southern Asia
BD;2013-06-09 20:00:00;Bangladesh;9325.241857259121;Southern Asia
BD;2013-06-09 21:00:00;Bangladesh;9123.531134889123;Southern Asia
BD;2013-06-09 22:00:00;Bangladesh;9353.914896996725;Southern Asia
BD;2013-06-09 23:00:00;Bangladesh;9677.134721740415;Southern Asia
BD;2013-06-10 00:00:00;Bangladesh;9664.407458148386;Southern Asia
BD;2013-06-10 01:00:00;Bangladesh;9565.261729386195;Southern Asia
BD;2013-06-10 02:00:00;Bangladesh;9959.802583485485;Southern Asia
BD;2013-06-10 03:00:00;Bangladesh;11052.908527640078;Southern Asia
BD;2013-06-10 04:00:00;Bangladesh;11201.196474737466;Southern Asia
BD;2013-06-10 05:00:00;Bangladesh;11196.670913658652;Southern Asia
BD;2013-06-10 06:00:00;Bangladesh;11235.921224698992;Southern Asia
BD;2013-06-10 07:00:00;Bangladesh;11184.639807208487;Southern Asia
BD;2013-06-10 08:00:00;Bangladesh;11184.639807208487;Southern Asia
BD;2013-06-10 09:00:00;Bangladesh;11153.64732297807;Southern Asia
BD;2013-06-10 10:00:00;Bangladesh;10825.201462760107;Southern Asia
BD;2013-06-10 11:00:00;Bangladesh;10868.402060838003;Southern Asia
BD;2013-06-10 12:00:00;Bangladesh;11897.320157885955;Southern Asia
BD;2013-06-10 13:00:00;Bangladesh;11934.294196969411;Southern Asia
BD;2013-06-10 14:00:00;Bangladesh;11515.163345718056;Southern Asia
BD;2013-06-10 15:00:00;Bangladesh;10705.339392632131;Southern Asia
BD;2013-06-10 16:00:00;Bangladesh;9901.063110413152;Southern Asia
BD;2013-06-10 17:00:00;Bangladesh;8802.60700974349;Southern Asia
BD;2013-06-10 18:00:00;Bangladesh;10085.060141291258;Southern Asia
BD;2013-06-10 19:00:00;Bangladesh;9757.340658990313;Southern Asia
BD;2013-06-10 20:00:00;Bangladesh;9325.241857259121;Southern Asia
BD;2013-06-10 21:00:00;Bangladesh;9123.531134889123;Southern Asia
BD;2013-06-10 22:00:00;Bangladesh;9298.61303709778;Southern Asia
BD;2013-06-10 23:00:00;Bangladesh;9621.832861841469;Southern Asia
BD;2013-06-11 00:00:00;Bangladesh;9609.105598249442;Southern Asia
BD;2013-06-11 01:00:00;Bangladesh;9565.261729386195;Southern Asia
BD;2013-06-11 02:00:00;Bangladesh;9959.802583485485;Southern Asia
BD;2013-06-11 03:00:00;Bangladesh;11094.258103239996;Southern Asia
BD;2013-06-11 04:00:00;Bangladesh;11242.54605033738;Southern Asia
BD;2013-06-11 05:00:00;Bangladesh;11235.921224698992;Southern Asia
BD;2013-06-11 06:00:00;Bangladesh;11325.658578568737;Southern Asia
BD;2013-06-11 07:00:00;Bangladesh;11223.89011824883;Southern Asia
BD;2013-06-11 08:00:00;Bangladesh;11184.639807208487;Southern Asia
BD;2013-06-11 09:00:00;Bangladesh;11204.121414046691;Southern Asia
BD;2013-06-11 10:00:00;Bangladesh;11064.13338698176;Southern Asia
BD;2013-06-11 11:00:00;Bangladesh;11050.296589216341;Southern Asia
BD;2013-06-11 12:00:00;Bangladesh;12082.431040191046;Southern Asia
BD;2013-06-11 13:00:00;Bangladesh;12156.257155943957;Southern Asia
BD;2013-06-11 14:00:00;Bangladesh;11865.35737091052;Southern Asia
BD;2013-06-11 15:00:00;Bangladesh;10706.254650393836;Southern Asia
BD;2013-06-11 16:00:00;Bangladesh;9890.861440173001;Southern Asia
BD;2013-06-11 17:00:00;Bangladesh;8938.101315474854;Southern Asia
BD;2013-06-11 18:00:00;Bangladesh;10082.337033587502;Southern Asia
BD;2013-06-11 19:00:00;Bangladesh;9754.617551286558;Southern Asia
BD;2013-06-11 20:00:00;Bangladesh;9322.518749555366;Southern Asia
BD;2013-06-11 21:00:00;Bangladesh;9123.531134889123;Southern Asia
BD;2013-06-11 22:00:00;Bangladesh;9298.61303709778;Southern Asia
BD;2013-06-11 23:00:00;Bangladesh;9621.832861841469;Southern Asia
BD;2013-06-12 00:00:00;Bangladesh;9609.105598249442;Southern Asia
BD;2013-06-12 01:00:00;Bangladesh;9565.261729386195;Southern Asia
BD;2013-06-12 02:00:00;Bangladesh;9959.802583485485;Southern Asia
BD;2013-06-12 03:00:00;Bangladesh;11052.908527640078;Southern Asia
BD;2013-06-12 04:00:00;Bangladesh;11242.54605033738;Southern Asia
BD;2013-06-12 05:00:00;Bangladesh;11196.670913658652;Southern Asia
BD;2013-06-12 06:00:00;Bangladesh;11235.921224698992;Southern Asia
BD;2013-06-12 07:00:00;Bangladesh;11184.639807208487;Southern Asia
BD;2013-06-12 08:00:00;Bangladesh;11223.89011824883;Southern Asia
BD;2013-06-12 09:00:00;Bangladesh;10841.46347773137;Southern Asia
BD;2013-06-12 10:00:00;Bangladesh;10882.238858603421;Southern Asia
BD;2013-06-12 11:00:00;Bangladesh;10868.402060838003;Southern Asia
BD;2013-06-12 12:00:00;Bangladesh;11928.355814652303;Southern Asia
BD;2013-06-12 13:00:00;Bangladesh;12002.181930405215;Southern Asia
BD;2013-06-12 14:00:00;Bangladesh;11681.39271943436;Southern Asia
BD;2013-06-12 15:00:00;Bangladesh;10706.254650393836;Southern Asia
BD;2013-06-12 16:00:00;Bangladesh;9901.978368174858;Southern Asia
BD;2013-06-12 17:00:00;Bangladesh;8938.101315474854;Southern Asia
BD;2013-06-12 18:00:00;Bangladesh;10082.337033587502;Southern Asia
BD;2013-06-12 19:00:00;Bangladesh;9754.617551286558;Southern Asia
BD;2013-06-12 20:00:00;Bangladesh;9322.518749555366;Southern Asia
BD;2013-06-12 21:00:00;Bangladesh;9123.531134889123;Southern Asia
BD;2013-06-12 22:00:00;Bangladesh;9298.61303709778;Southern Asia
BD;2013-06-12 23:00:00;Bangladesh;9621.832861841469;Southern Asia
BD;2013-06-13 00:00:00;Bangladesh;9664.407458148386;Southern Asia
BD;2013-06-13 01:00:00;Bangladesh;9565.261729386195;Southern Asia
BD;2013-06-13 02:00:00;Bangladesh;9881.934439056171;Southern Asia
BD;2013-06-13 03:00:00;Bangladesh;11002.434436571457;Southern Asia
BD;2013-06-13 04:00:00;Bangladesh;11201.196474737466;Southern Asia
BD;2013-06-13 05:00:00;Bangladesh;11235.921224698992;Southern Asia
BD;2013-06-13 06:00:00;Bangladesh;11235.921224698992;Southern Asia
BD;2013-06-13 07:00:00;Bangladesh;11223.89011824883;Southern Asia
BD;2013-06-13 08:00:00;Bangladesh;11060.913795114815;Southern Asia
BD;2013-06-13 09:00:00;Bangladesh;10990.402250807892;Southern Asia
BD;2013-06-13 10:00:00;Bangladesh;10788.349386090655;Southern Asia
BD;2013-06-13 11:00:00;Bangladesh;10811.364664994691;Southern Asia
BD;2013-06-13 12:00:00;Bangladesh;11860.4680812165;Southern Asia
BD;2013-06-13 13:00:00;Bangladesh;11934.294196969411;Southern Asia
BD;2013-06-13 14:00:00;Bangladesh;11681.39271943436;Southern Asia
BD;2013-06-13 15:00:00;Bangladesh;10695.137722391979;Southern Asia
BD;2013-06-13 16:00:00;Bangladesh;9901.063110413152;Southern Asia
BD;2013-06-13 17:00:00;Bangladesh;8802.60700974349;Southern Asia
BD;2013-06-13 18:00:00;Bangladesh;10085.060141291258;Southern Asia
BD;2013-06-13 19:00:00;Bangladesh;9757.340658990313;Southern Asia
BD;2013-06-13 20:00:00;Bangladesh;9325.241857259121;Southern Asia
BD;2013-06-13 21:00:00;Bangladesh;9092.961741510815;Southern Asia
BD;2013-06-13 22:00:00;Bangladesh;9353.914896996725;Southern Asia
BD;2013-06-13 23:00:00;Bangladesh;9677.134721740415;Southern Asia
BD;2013-06-14 00:00:00;Bangladesh;9609.105598249442;Southern Asia
BD;2013-06-14 01:00:00;Bangladesh;9565.261729386195;Southern Asia
BD;2013-06-14 02:00:00;Bangladesh;9881.934439056171;Southern Asia
BD;2013-06-14 03:00:00;Bangladesh;10603.45544577861;Southern Asia
BD;2013-06-14 04:00:00;Bangladesh;10699.080454235745;Southern Asia
BD;2013-06-14 05:00:00;Bangladesh;10682.342462055862;Southern Asia
BD;2013-06-14 06:00:00;Bangladesh;10606.314546970545;Southern Asia
BD;2013-06-14 07:00:00;Bangladesh;10594.28344052038;Southern Asia
BD;2013-06-14 08:00:00;Bangladesh;10687.645128781409;Southern Asia
BD;2013-06-14 09:00:00;Bangladesh;10605.595724247318;Southern Asia
BD;2013-06-14 10:00:00;Bangladesh;10612.365177881069;Southern Asia
BD;2013-06-14 11:00:00;Bangladesh;10598.528380115651;Southern Asia
BD;2013-06-14 12:00:00;Bangladesh;11696.164202602653;Southern Asia
BD;2013-06-14 13:00:00;Bangladesh;11784.867574236883;Southern Asia
BD;2013-06-14 14:00:00;Bangladesh;11515.163345718056;Southern Asia
BD;2013-06-14 15:00:00;Bangladesh;10627.471248202815;Southern Asia
BD;2013-06-14 16:00:00;Bangladesh;9823.194965983836;Southern Asia
BD;2013-06-14 17:00:00;Bangladesh;8709.834626597898;Southern Asia
BD;2013-06-14 18:00:00;Bangladesh;10003.944342846642;Southern Asia
BD;2013-06-14 19:00:00;Bangladesh;9733.138135348212;Southern Asia
BD;2013-06-14 20:00:00;Bangladesh;9475.075381142784;Southern Asia
BD;2013-06-14 21:00:00;Bangladesh;9148.401753524733;Southern Asia
BD;2013-06-14 22:00:00;Bangladesh;9664.499199787237;Southern Asia
BD;2013-06-14 23:00:00;Bangladesh;9952.095206508664;Southern Asia
BD;2013-06-15 00:00:00;Bangladesh;10055.305629528619;Southern Asia
BD;2013-06-15 01:00:00;Bangladesh;10110.02789813271;Southern Asia
BD;2013-06-15 02:00:00;Bangladesh;10479.657119687256;Southern Asia
BD;2013-06-15 03:00:00;Bangladesh;11179.003632642887;Southern Asia
BD;2013-06-15 04:00:00;Bangladesh;11290.932749293812;Southern Asia
BD;2013-06-15 05:00:00;Bangladesh;11234.822483659587;Southern Asia
BD;2013-06-15 06:00:00;Bangladesh;11234.822483659587;Southern Asia
BD;2013-06-15 07:00:00;Bangladesh;11222.791377209422;Southern Asia
BD;2013-06-15 08:00:00;Bangladesh;11218.03700169018;Southern Asia
BD;2013-06-15 09:00:00;Bangladesh;11227.900846836683;Southern Asia
BD;2013-06-15 10:00:00;Bangladesh;11111.773201066608;Southern Asia
BD;2013-06-15 11:00:00;Bangladesh;11135.073418707781;Southern Asia
BD;2013-06-15 12:00:00;Bangladesh;12523.928502994098;Southern Asia
BD;2013-06-15 13:00:00;Bangladesh;12590.190790452154;Southern Asia
BD;2013-06-15 14:00:00;Bangladesh;12270.372961539715;Southern Asia
BD;2013-06-15 15:00:00;Bangladesh;11030.043273298395;Southern Asia
BD;2013-06-15 16:00:00;Bangladesh;9712.194058855395;Southern Asia
BD;2013-06-15 17:00:00;Bangladesh;8736.812604643568;Southern Asia
BD;2013-06-15 18:00:00;Bangladesh;10001.221235142888;Southern Asia
BD;2013-06-15 19:00:00;Bangladesh;9733.138135348212;Southern Asia
BD;2013-06-15 20:00:00;Bangladesh;9475.075381142784;Southern Asia
BD;2013-06-15 21:00:00;Bangladesh;9340.53033154517;Southern Asia
BD;2013-06-15 22:00:00;Bangladesh;9666.716109507217;Southern Asia
BD;2013-06-15 23:00:00;Bangladesh;9954.312116228644;Southern Asia
BD;2013-06-16 00:00:00;Bangladesh;10000.002690316276;Southern Asia
BD;2013-06-16 01:00:00;Bangladesh;10110.02789813271;Southern Asia
BD;2013-06-16 02:00:00;Bangladesh;10479.657119687256;Southern Asia
BD;2013-06-16 03:00:00;Bangladesh;11200.266106588186;Southern Asia
BD;2013-06-16 04:00:00;Bangladesh;11283.414252161681;Southern Asia
BD;2013-06-16 05:00:00;Bangladesh;11225.204721967883;Southern Asia
BD;2013-06-16 06:00:00;Bangladesh;11225.204721967883;Southern Asia
BD;2013-06-16 07:00:00;Bangladesh;11213.173615517719;Southern Asia
BD;2013-06-16 08:00:00;Bangladesh;11208.419239998479;Southern Asia
BD;2013-06-16 09:00:00;Bangladesh;11236.701568285918;Southern Asia
BD;2013-06-16 10:00:00;Bangladesh;11175.407360399955;Southern Asia
BD;2013-06-16 11:00:00;Bangladesh;11198.707578041129;Southern Asia
BD;2013-06-16 12:00:00;Bangladesh;12581.090019878207;Southern Asia
BD;2013-06-16 13:00:00;Bangladesh;12647.352307336265;Southern Asia
BD;2013-06-16 14:00:00;Bangladesh;12327.165353241626;Southern Asia
BD;2013-06-16 15:00:00;Bangladesh;11041.160201300252;Southern Asia
BD;2013-06-16 16:00:00;Bangladesh;9723.31098685725;Southern Asia
BD;2013-06-16 17:00:00;Bangladesh;8754.730286367725;Southern Asia
BD;2013-06-16 18:00:00;Bangladesh;10087.454058408552;Southern Asia
BD;2013-06-16 19:00:00;Bangladesh;9759.734576107607;Southern Asia
BD;2013-06-16 20:00:00;Bangladesh;9327.635774376413;Southern Asia
BD;2013-06-16 21:00:00;Bangladesh;9123.531134889123;Southern Asia
BD;2013-06-16 22:00:00;Bangladesh;9298.61303709778;Southern Asia
BD;2013-06-16 23:00:00;Bangladesh;9621.832861841469;Southern Asia
BD;2013-06-17 00:00:00;Bangladesh;9609.105598249442;Southern Asia
BD;2013-06-17 01:00:00;Bangladesh;9565.261729386195;Southern Asia
BD;2013-06-17 02:00:00;Bangladesh;9946.202155354282;Southern Asia
BD;2013-06-17 03:00:00;Bangladesh;11266.9212641232;Southern Asia
BD;2013-06-17 04:00:00;Bangladesh;11558.37581624333;Southern Asia
BD;2013-06-17 05:00:00;Bangladesh;11691.940849275345;Southern Asia
BD;2013-06-17 06:00:00;Bangladesh;11691.940849275345;Southern Asia
BD;2013-06-17 07:00:00;Bangladesh;11679.909742825183;Southern Asia
BD;2013-06-17 08:00:00;Bangladesh;11679.909742825183;Southern Asia
BD;2013-06-17 09:00:00;Bangladesh;11871.96276890774;Southern Asia
BD;2013-06-17 10:00:00;Bangladesh;11589.934940007823;Southern Asia
BD;2013-06-17 11:00:00;Bangladesh;11385.93607323356;Southern Asia
BD;2013-06-17 12:00:00;Bangladesh;12279.074386156313;Southern Asia
BD;2013-06-17 13:00:00;Bangladesh;12289.572867580977;Southern Asia
BD;2013-06-17 14:00:00;Bangladesh;12047.989070339856;Southern Asia
BD;2013-06-17 15:00:00;Bangladesh;10804.507786975682;Southern Asia
BD;2013-06-17 16:00:00;Bangladesh;10000.231504756703;Southern Asia
BD;2013-06-17 17:00:00;Bangladesh;9054.273752750954;Southern Asia
BD;2013-06-17 18:00:00;Bangladesh;10056.00286598388;Southern Asia
BD;2013-06-17 19:00:00;Bangladesh;9728.283383682936;Southern Asia
BD;2013-06-17 20:00:00;Bangladesh;9325.945569594773;Southern Asia
BD;2013-06-17 21:00:00;Bangladesh;9123.531134889123;Southern Asia
BD;2013-06-17 22:00:00;Bangladesh;9298.61303709778;Southern Asia
BD;2013-06-17 23:00:00;Bangladesh;9621.832861841469;Southern Asia
BD;2013-06-18 00:00:00;Bangladesh;9609.105598249442;Southern Asia
BD;2013-06-18 01:00:00;Bangladesh;9562.53862168244;Southern Asia
BD;2013-06-18 02:00:00;Bangladesh;9951.319180175331;Southern Asia
BD;2013-06-18 03:00:00;Bangladesh;11550.277727816348;Southern Asia
BD;2013-06-18 04:00:00;Bangladesh;11701.853263524768;Southern Asia
BD;2013-06-18 05:00:00;Bangladesh;11695.22843788638;Southern Asia
BD;2013-06-18 06:00:00;Bangladesh;11695.22843788638;Southern Asia
BD;2013-06-18 07:00:00;Bangladesh;11817.194089827524;Southern Asia
BD;2013-06-18 08:00:00;Bangladesh;11817.194089827524;Southern Asia
BD;2013-06-18 09:00:00;Bangladesh;11679.909742825183;Southern Asia
BD;2013-06-18 10:00:00;Bangladesh;11227.109710115774;Southern Asia
BD;2013-06-18 11:00:00;Bangladesh;11236.724233867282;Southern Asia
BD;2013-06-18 12:00:00;Bangladesh;12189.33703228657;Southern Asia
BD;2013-06-18 13:00:00;Bangladesh;12223.91283699914;Southern Asia
BD;2013-06-18 14:00:00;Bangladesh;12008.738759299515;Southern Asia
BD;2013-06-18 15:00:00;Bangladesh;10822.589524336372;Southern Asia
BD;2013-06-18 16:00:00;Bangladesh;10018.313242117392;Southern Asia
BD;2013-06-18 17:00:00;Bangladesh;8956.018997199011;Southern Asia
BD;2013-06-18 18:00:00;Bangladesh;10087.454058408552;Southern Asia
BD;2013-06-18 19:00:00;Bangladesh;9759.734576107607;Southern Asia
BD;2013-06-18 20:00:00;Bangladesh;9327.635774376413;Southern Asia
BD;2013-06-18 21:00:00;Bangladesh;9120.808027185367;Southern Asia
BD;2013-06-18 22:00:00;Bangladesh;9295.889929394025;Southern Asia
BD;2013-06-18 23:00:00;Bangladesh;9619.109754137713;Southern Asia
BD;2013-06-19 00:00:00;Bangladesh;9606.382490545686;Southern Asia
BD;2013-06-19 01:00:00;Bangladesh;9562.53862168244;Southern Asia
BD;2013-06-19 02:00:00;Bangladesh;9951.319180175331;Southern Asia
BD;2013-06-19 03:00:00;Bangladesh;11457.083333132045;Southern Asia
BD;2013-06-19 04:00:00;Bangladesh;11605.37128022943;Southern Asia
BD;2013-06-19 05:00:00;Bangladesh;11691.940849275345;Southern Asia
BD;2013-06-19 06:00:00;Bangladesh;11691.940849275345;Southern Asia
BD;2013-06-19 07:00:00;Bangladesh;11679.909742825183;Southern Asia
BD;2013-06-19 08:00:00;Bangladesh;11679.909742825183;Southern Asia
BD;2013-06-19 09:00:00;Bangladesh;11333.109078956777;Southern Asia
BD;2013-06-19 10:00:00;Bangladesh;10878.382471831514;Southern Asia
BD;2013-06-19 11:00:00;Bangladesh;10845.682513805083;Southern Asia
BD;2013-06-19 12:00:00;Bangladesh;11897.320157885955;Southern Asia
BD;2013-06-19 13:00:00;Bangladesh;11934.294196969411;Southern Asia
BD;2013-06-19 14:00:00;Bangladesh;11666.986044194673;Southern Asia
BD;2013-06-19 15:00:00;Bangladesh;10705.339392632131;Southern Asia
BD;2013-06-19 16:00:00;Bangladesh;9901.063110413152;Southern Asia
BD;2013-06-19 17:00:00;Bangladesh;8802.60700974349;Southern Asia
BD;2013-06-19 18:00:00;Bangladesh;10085.060141291258;Southern Asia
BD;2013-06-19 19:00:00;Bangladesh;9757.340658990313;Southern Asia
BD;2013-06-19 20:00:00;Bangladesh;9325.241857259121;Southern Asia
BD;2013-06-19 21:00:00;Bangladesh;9092.961741510815;Southern Asia
BD;2013-06-19 22:00:00;Bangladesh;9298.61303709778;Southern Asia
BD;2013-06-19 23:00:00;Bangladesh;9621.832861841469;Southern Asia
BD;2013-06-20 00:00:00;Bangladesh;9609.105598249442;Southern Asia
BD;2013-06-20 01:00:00;Bangladesh;9565.261729386195;Southern Asia
BD;2013-06-20 02:00:00;Bangladesh;9881.934439056171;Southern Asia
BD;2013-06-20 03:00:00;Bangladesh;10955.837239229304;Southern Asia
BD;2013-06-20 04:00:00;Bangladesh;11106.25143372122;Southern Asia
BD;2013-06-20 05:00:00;Bangladesh;11196.670913658652;Southern Asia
BD;2013-06-20 06:00:00;Bangladesh;11196.670913658652;Southern Asia
BD;2013-06-20 07:00:00;Bangladesh;11134.165716139865;Southern Asia
BD;2013-06-20 08:00:00;Bangladesh;10979.219484688745;Southern Asia
BD;2013-06-20 09:00:00;Bangladesh;11204.121414046691;Southern Asia
BD;2013-06-20 10:00:00;Bangladesh;10982.43907655569;Southern Asia
BD;2013-06-20 11:00:00;Bangladesh;10968.602278790271;Southern Asia
BD;2013-06-20 12:00:00;Bangladesh;11979.890870791396;Southern Asia
BD;2013-06-20 13:00:00;Bangladesh;12089.477877368143;Southern Asia
BD;2013-06-20 14:00:00;Bangladesh;11800.815509009255;Southern Asia
BD;2013-06-20 15:00:00;Bangladesh;10695.137722391979;Southern Asia
BD;2013-06-20 16:00:00;Bangladesh;9890.861440173001;Southern Asia
BD;2013-06-20 17:00:00;Bangladesh;8938.101315474854;Southern Asia
BD;2013-06-20 18:00:00;Bangladesh;10085.060141291258;Southern Asia
BD;2013-06-20 19:00:00;Bangladesh;9757.340658990313;Southern Asia
BD;2013-06-20 20:00:00;Bangladesh;9325.241857259121;Southern Asia
BD;2013-06-20 21:00:00;Bangladesh;9092.961741510815;Southern Asia
BD;2013-06-20 22:00:00;Bangladesh;9298.61303709778;Southern Asia
BD;2013-06-20 23:00:00;Bangladesh;9621.832861841469;Southern Asia
BD;2013-06-21 00:00:00;Bangladesh;9609.105598249442;Southern Asia
BD;2013-06-21 01:00:00;Bangladesh;9565.261729386195;Southern Asia
BD;2013-06-21 02:00:00;Bangladesh;9959.802583485485;Southern Asia
BD;2013-06-21 03:00:00;Bangladesh;11094.258103239996;Southern Asia
BD;2013-06-21 04:00:00;Bangladesh;11242.54605033738;Southern Asia
BD;2013-06-21 05:00:00;Bangladesh;11691.940849275345;Southern Asia
BD;2013-06-21 06:00:00;Bangladesh;11691.940849275345;Southern Asia
BD;2013-06-21 07:00:00;Bangladesh;11683.197331436215;Southern Asia
BD;2013-06-21 08:00:00;Bangladesh;11679.909742825183;Southern Asia
BD;2013-06-21 09:00:00;Bangladesh;11269.781444628532;Southern Asia
BD;2013-06-21 10:00:00;Bangladesh;11064.13338698176;Southern Asia
BD;2013-06-21 11:00:00;Bangladesh;11050.296589216341;Southern Asia
BD;2013-06-21 12:00:00;Bangladesh;12015.651761615232;Southern Asia
BD;2013-06-21 13:00:00;Bangladesh;12053.716986544308;Southern Asia
BD;2013-06-21 14:00:00;Bangladesh;11782.382994794138;Southern Asia
BD;2013-06-21 15:00:00;Bangladesh;10695.137722391979;Southern Asia
BD;2013-06-21 16:00:00;Bangladesh;9890.861440173001;Southern Asia
BD;2013-06-21 17:00:00;Bangladesh;8938.101315474854;Southern Asia
BD;2013-06-21 18:00:00;Bangladesh;10001.221235142888;Southern Asia
BD;2013-06-21 19:00:00;Bangladesh;9730.415027644456;Southern Asia
BD;2013-06-21 20:00:00;Bangladesh;9475.075381142784;Southern Asia
BD;2013-06-21 21:00:00;Bangladesh;9398.052339104292;Southern Asia
BD;2013-06-21 22:00:00;Bangladesh;9664.499199787237;Southern Asia
BD;2013-06-21 23:00:00;Bangladesh;9952.095206508664;Southern Asia
BD;2013-06-22 00:00:00;Bangladesh;10055.305629528619;Southern Asia
BD;2013-06-22 01:00:00;Bangladesh;10110.02789813271;Southern Asia
BD;2013-06-22 02:00:00;Bangladesh;10479.657119687256;Southern Asia
BD;2013-06-22 03:00:00;Bangladesh;11200.266106588186;Southern Asia
BD;2013-06-22 04:00:00;Bangladesh;11283.414252161681;Southern Asia
BD;2013-06-22 05:00:00;Bangladesh;11225.204721967883;Southern Asia
BD;2013-06-22 06:00:00;Bangladesh;11266.764763680456;Southern Asia
BD;2013-06-22 07:00:00;Bangladesh;11213.173615517719;Southern Asia
BD;2013-06-22 08:00:00;Bangladesh;11208.419239998479;Southern Asia
BD;2013-06-22 09:00:00;Bangladesh;11237.518608528384;Southern Asia
BD;2013-06-22 10:00:00;Bangladesh;11185.025122091658;Southern Asia
BD;2013-06-22 11:00:00;Bangladesh;11208.325339732832;Southern Asia
BD;2013-06-22 12:00:00;Bangladesh;12590.70778156991;Southern Asia
BD;2013-06-22 13:00:00;Bangladesh;12656.970069027966;Southern Asia
BD;2013-06-22 14:00:00;Bangladesh;12298.784807434946;Southern Asia
BD;2013-06-22 15:00:00;Bangladesh;11041.160201300252;Southern Asia
BD;2013-06-22 16:00:00;Bangladesh;9723.31098685725;Southern Asia
BD;2013-06-22 17:00:00;Bangladesh;8754.730286367725;Southern Asia
BD;2013-06-22 18:00:00;Bangladesh;10006.338259963937;Southern Asia
BD;2013-06-22 19:00:00;Bangladesh;9735.532052465507;Southern Asia
BD;2013-06-22 20:00:00;Bangladesh;9477.469298260079;Southern Asia
BD;2013-06-22 21:00:00;Bangladesh;9342.747241265151;Southern Asia
BD;2013-06-22 22:00:00;Bangladesh;9666.716109507217;Southern Asia
BD;2013-06-22 23:00:00;Bangladesh;9954.312116228644;Southern Asia
BD;2013-06-23 00:00:00;Bangladesh;10000.002690316276;Southern Asia
BD;2013-06-23 01:00:00;Bangladesh;10110.02789813271;Southern Asia
BD;2013-06-23 02:00:00;Bangladesh;10563.078331550509;Southern Asia
BD;2013-06-23 03:00:00;Bangladesh;11200.266106588186;Southern Asia
BD;2013-06-23 04:00:00;Bangladesh;11283.414252161681;Southern Asia
BD;2013-06-23 05:00:00;Bangladesh;11225.204721967883;Southern Asia
BD;2013-06-23 06:00:00;Bangladesh;11225.204721967883;Southern Asia
BD;2013-06-23 07:00:00;Bangladesh;11254.73365723029;Southern Asia
BD;2013-06-23 08:00:00;Bangladesh;11208.419239998479;Southern Asia
BD;2013-06-23 09:00:00;Bangladesh;11227.900846836683;Southern Asia
BD;2013-06-23 10:00:00;Bangladesh;11185.025122091658;Southern Asia
BD;2013-06-23 11:00:00;Bangladesh;11208.325339732832;Southern Asia
BD;2013-06-23 12:00:00;Bangladesh;12581.090019878207;Southern Asia
BD;2013-06-23 13:00:00;Bangladesh;12656.970069027966;Southern Asia
BD;2013-06-23 14:00:00;Bangladesh;12336.783114933329;Southern Asia
BD;2013-06-23 15:00:00;Bangladesh;11041.160201300252;Southern Asia
BD;2013-06-23 16:00:00;Bangladesh;9723.31098685725;Southern Asia
BD;2013-06-23 17:00:00;Bangladesh;8736.812604643568;Southern Asia
BD;2013-06-23 18:00:00;Bangladesh;10082.337033587502;Southern Asia
BD;2013-06-23 19:00:00;Bangladesh;9754.617551286558;Southern Asia
BD;2013-06-23 20:00:00;Bangladesh;9322.518749555366;Southern Asia
BD;2013-06-23 21:00:00;Bangladesh;9123.531134889123;Southern Asia
BD;2013-06-23 22:00:00;Bangladesh;9298.61303709778;Southern Asia
BD;2013-06-23 23:00:00;Bangladesh;9621.832861841469;Southern Asia
BD;2013-06-24 00:00:00;Bangladesh;9609.105598249442;Southern Asia
BD;2013-06-24 01:00:00;Bangladesh;9565.261729386195;Southern Asia
BD;2013-06-24 02:00:00;Bangladesh;9946.202155354282;Southern Asia
BD;2013-06-24 03:00:00;Bangladesh;11002.434436571457;Southern Asia
BD;2013-06-24 04:00:00;Bangladesh;11201.196474737466;Southern Asia
BD;2013-06-24 05:00:00;Bangladesh;11146.196822590027;Southern Asia
BD;2013-06-24 06:00:00;Bangladesh;11196.670913658652;Southern Asia
BD;2013-06-24 07:00:00;Bangladesh;10924.802661776353;Southern Asia
BD;2013-06-24 08:00:00;Bangladesh;11134.165716139865;Southern Asia
BD;2013-06-24 09:00:00;Bangladesh;11243.371725087034;Southern Asia
BD;2013-06-24 10:00:00;Bangladesh;10974.140235836632;Southern Asia
BD;2013-06-24 11:00:00;Bangladesh;10914.185455877883;Southern Asia
BD;2013-06-24 12:00:00;Bangladesh;11961.460515203076;Southern Asia
BD;2013-06-24 13:00:00;Bangladesh;11971.146273638868;Southern Asia
BD;2013-06-24 14:00:00;Bangladesh;11681.39271943436;Southern Asia
BD;2013-06-24 15:00:00;Bangladesh;10705.339392632131;Southern Asia
BD;2013-06-24 16:00:00;Bangladesh;9901.063110413152;Southern Asia
BD;2013-06-24 17:00:00;Bangladesh;8802.60700974349;Southern Asia
BD;2013-06-24 18:00:00;Bangladesh;10085.060141291258;Southern Asia
BD;2013-06-24 19:00:00;Bangladesh;9757.340658990313;Southern Asia
BD;2013-06-24 20:00:00;Bangladesh;9325.241857259121;Southern Asia
BD;2013-06-24 21:00:00;Bangladesh;9123.531134889123;Southern Asia
BD;2013-06-24 22:00:00;Bangladesh;9268.042564406074;Southern Asia
BD;2013-06-24 23:00:00;Bangladesh;9591.26346846316;Southern Asia
BD;2013-06-25 00:00:00;Bangladesh;9606.888688529458;Southern Asia
BD;2013-06-25 01:00:00;Bangladesh;9620.56466859854;Southern Asia
BD;2013-06-25 02:00:00;Bangladesh;9881.934439056171;Southern Asia
BD;2013-06-25 03:00:00;Bangladesh;10516.28901642347;Southern Asia
BD;2013-06-25 04:00:00;Bangladesh;10622.152391776295;Southern Asia
BD;2013-06-25 05:00:00;Bangladesh;10617.626830697482;Southern Asia
BD;2013-06-25 06:00:00;Bangladesh;10617.626830697482;Southern Asia
BD;2013-06-25 07:00:00;Bangladesh;10588.109767882455;Southern Asia
BD;2013-06-25 08:00:00;Bangladesh;10612.365177881069;Southern Asia
BD;2013-06-25 09:00:00;Bangladesh;10605.595724247318;Southern Asia
BD;2013-06-25 10:00:00;Bangladesh;10588.109767882455;Southern Asia
BD;2013-06-25 11:00:00;Bangladesh;10574.272970117037;Southern Asia
BD;2013-06-25 12:00:00;Bangladesh;11589.328365878015;Southern Asia
BD;2013-06-25 13:00:00;Bangladesh;11678.031737512245;Southern Asia
BD;2013-06-25 14:00:00;Bangladesh;11420.006759275755;Southern Asia
BD;2013-06-25 15:00:00;Bangladesh;10627.471248202815;Southern Asia
BD;2013-06-25 16:00:00;Bangladesh;9823.194965983836;Southern Asia
BD;2013-06-25 17:00:00;Bangladesh;8709.834626597898;Southern Asia
BD;2013-06-25 18:00:00;Bangladesh;10022.546309265283;Southern Asia
BD;2013-06-25 19:00:00;Bangladesh;9552.776231995373;Southern Asia
BD;2013-06-25 20:00:00;Bangladesh;9325.241857259121;Southern Asia
BD;2013-06-25 21:00:00;Bangladesh;9092.961741510815;Southern Asia
BD;2013-06-25 22:00:00;Bangladesh;9268.042564406074;Southern Asia
BD;2013-06-25 23:00:00;Bangladesh;9591.26346846316;Southern Asia
BD;2013-06-26 00:00:00;Bangladesh;9606.888688529458;Southern Asia
BD;2013-06-26 01:00:00;Bangladesh;9620.56466859854;Southern Asia
BD;2013-06-26 02:00:00;Bangladesh;9881.934439056171;Southern Asia
BD;2013-06-26 03:00:00;Bangladesh;10528.175494878271;Southern Asia
BD;2013-06-26 04:00:00;Bangladesh;10628.921845410046;Southern Asia
BD;2013-06-26 05:00:00;Bangladesh;10751.614954581606;Southern Asia
BD;2013-06-26 06:00:00;Bangladesh;10636.075534613572;Southern Asia
BD;2013-06-26 07:00:00;Bangladesh;10605.595724247318;Southern Asia
BD;2013-06-26 08:00:00;Bangladesh;10612.365177881069;Southern Asia
BD;2013-06-26 09:00:00;Bangladesh;10759.065454969646;Southern Asia
BD;2013-06-26 10:00:00;Bangladesh;10580.58803281013;Southern Asia
BD;2013-06-26 11:00:00;Bangladesh;10598.528380115651;Southern Asia
BD;2013-06-26 12:00:00;Bangladesh;11684.484952320314;Southern Asia
BD;2013-06-26 13:00:00;Bangladesh;11689.148665514102;Southern Asia
BD;2013-06-26 14:00:00;Bangladesh;11420.006759275755;Southern Asia
BD;2013-06-26 15:00:00;Bangladesh;10627.471248202815;Southern Asia
BD;2013-06-26 16:00:00;Bangladesh;9834.265483509567;Southern Asia
BD;2013-06-26 17:00:00;Bangladesh;8709.834626597898;Southern Asia
BD;2013-06-26 18:00:00;Bangladesh;9808.215175329682;Southern Asia
BD;2013-06-26 19:00:00;Bangladesh;9552.776231995373;Southern Asia
BD;2013-06-26 20:00:00;Bangladesh;9325.241857259121;Southern Asia
BD;2013-06-26 21:00:00;Bangladesh;9092.961741510815;Southern Asia
BD;2013-06-26 22:00:00;Bangladesh;9268.042564406074;Southern Asia
BD;2013-06-26 23:00:00;Bangladesh;9591.26346846316;Southern Asia
BD;2013-06-27 00:00:00;Bangladesh;9578.535125557733;Southern Asia
BD;2013-06-27 01:00:00;Bangladesh;9534.692336007887;Southern Asia
BD;2013-06-27 02:00:00;Bangladesh;9909.937225173468;Southern Asia
BD;2013-06-27 03:00:00;Bangladesh;10527.166336850918;Southern Asia
BD;2013-06-27 04:00:00;Bangladesh;10617.035366955246;Southern Asia
BD;2013-06-27 05:00:00;Bangladesh;10600.14087433262;Southern Asia
BD;2013-06-27 06:00:00;Bangladesh;10624.396284331233;Southern Asia
BD;2013-06-27 07:00:00;Bangladesh;10605.595724247318;Southern Asia
BD;2013-06-27 08:00:00;Bangladesh;10588.109767882455;Southern Asia
BD;2013-06-27 09:00:00;Bangladesh;10687.645128781409;Southern Asia
BD;2013-06-27 10:00:00;Bangladesh;10588.109767882455;Southern Asia
BD;2013-06-27 11:00:00;Bangladesh;10574.272970117037;Southern Asia
BD;2013-06-27 12:00:00;Bangladesh;11589.328365878015;Southern Asia
BD;2013-06-27 13:00:00;Bangladesh;11678.031737512245;Southern Asia
BD;2013-06-27 14:00:00;Bangladesh;11420.006759275755;Southern Asia
BD;2013-06-27 15:00:00;Bangladesh;10627.471248202815;Southern Asia
BD;2013-06-27 16:00:00;Bangladesh;9823.194965983836;Southern Asia
BD;2013-06-27 17:00:00;Bangladesh;8709.834626597898;Southern Asia
BD;2013-06-27 18:00:00;Bangladesh;10022.546309265283;Southern Asia
BD;2013-06-27 19:00:00;Bangladesh;9552.776231995373;Southern Asia
BD;2013-06-27 20:00:00;Bangladesh;9325.241857259121;Southern Asia
BD;2013-06-27 21:00:00;Bangladesh;9092.961741510815;Southern Asia
BD;2013-06-27 22:00:00;Bangladesh;9353.914896996725;Southern Asia
BD;2013-06-27 23:00:00;Bangladesh;9621.832861841469;Southern Asia
BD;2013-06-28 00:00:00;Bangladesh;9664.407458148386;Southern Asia
BD;2013-06-28 01:00:00;Bangladesh;9620.56466859854;Southern Asia
BD;2013-06-28 02:00:00;Bangladesh;9881.934439056171;Southern Asia
BD;2013-06-28 03:00:00;Bangladesh;10539.85474516061;Southern Asia
BD;2013-06-28 04:00:00;Bangladesh;10610.840108049359;Southern Asia
BD;2013-06-28 05:00:00;Bangladesh;10699.676235231573;Southern Asia
BD;2013-06-28 06:00:00;Bangladesh;10682.342462055862;Southern Asia
BD;2013-06-28 07:00:00;Bangladesh;10733.227771529213;Southern Asia
BD;2013-06-28 08:00:00;Bangladesh;10594.28344052038;Southern Asia
BD;2013-06-28 09:00:00;Bangladesh;10594.28344052038;Southern Asia
BD;2013-06-28 10:00:00;Bangladesh;10601.710196013659;Southern Asia
BD;2013-06-28 11:00:00;Bangladesh;10587.87339824824;Southern Asia
BD;2013-06-28 12:00:00;Bangladesh;11599.530036118165;Southern Asia
BD;2013-06-28 13:00:00;Bangladesh;11678.031737512245;Southern Asia
BD;2013-06-28 14:00:00;Bangladesh;11430.208429515906;Southern Asia
BD;2013-06-28 15:00:00;Bangladesh;10668.749589118446;Southern Asia
BD;2013-06-28 16:00:00;Bangladesh;9901.063110413152;Southern Asia
BD;2013-06-28 17:00:00;Bangladesh;8709.834626597898;Southern Asia
BD;2013-06-28 18:00:00;Bangladesh;10003.944342846642;Southern Asia
BD;2013-06-28 19:00:00;Bangladesh;9733.138135348212;Southern Asia
BD;2013-06-28 20:00:00;Bangladesh;9475.075381142784;Southern Asia
BD;2013-06-28 21:00:00;Bangladesh;9342.747241265151;Southern Asia
BD;2013-06-28 22:00:00;Bangladesh;9664.499199787237;Southern Asia
BD;2013-06-28 23:00:00;Bangladesh;9952.095206508664;Southern Asia
BD;2013-06-29 00:00:00;Bangladesh;9997.785780596294;Southern Asia
BD;2013-06-29 01:00:00;Bangladesh;10107.810988412728;Southern Asia
BD;2013-06-29 02:00:00;Bangladesh;10446.429377409084;Southern Asia
BD;2013-06-29 03:00:00;Bangladesh;11022.205299400388;Southern Asia
BD;2013-06-29 04:00:00;Bangladesh;11086.85833058167;Southern Asia
BD;2013-06-29 05:00:00;Bangladesh;11018.379133403632;Southern Asia
BD;2013-06-29 06:00:00;Bangladesh;11015.656025699876;Southern Asia
BD;2013-06-29 07:00:00;Bangladesh;11003.624919249713;Southern Asia
BD;2013-06-29 08:00:00;Bangladesh;10998.870543730472;Southern Asia
BD;2013-06-29 09:00:00;Bangladesh;11016.356500095335;Southern Asia
BD;2013-06-29 10:00:00;Bangladesh;10965.362179968759;Southern Asia
BD;2013-06-29 11:00:00;Bangladesh;10985.93821059278;Southern Asia
BD;2013-06-29 12:00:00;Bangladesh;12442.424151726116;Southern Asia
BD;2013-06-29 13:00:00;Bangladesh;12506.412325854084;Southern Asia
BD;2013-06-29 14:00:00;Bangladesh;12167.542456835938;Southern Asia
BD;2013-06-29 15:00:00;Bangladesh;10940.838020933983;Southern Asia
BD;2013-06-29 16:00:00;Bangladesh;9622.988806490983;Southern Asia
BD;2013-06-29 17:00:00;Bangladesh;8516.90411872257;Southern Asia
BD;2013-06-29 18:00:00;Bangladesh;9863.49760758746;Southern Asia
BD;2013-06-29 19:00:00;Bangladesh;9711.515170727904;Southern Asia
BD;2013-06-29 20:00:00;Bangladesh;9530.378320355128;Southern Asia
BD;2013-06-29 21:00:00;Bangladesh;8849.290552157498;Southern Asia
BD;2013-06-29 22:00:00;Bangladesh;9600.978368360704;Southern Asia
BD;2013-06-29 23:00:00;Bangladesh;9952.095206508664;Southern Asia
BD;2013-06-30 00:00:00;Bangladesh;9997.785780596294;Southern Asia
BD;2013-06-30 01:00:00;Bangladesh;9874.506604249493;Southern Asia
BD;2013-06-30 02:00:00;Bangladesh;10219.242541587066;Southern Asia
BD;2013-06-30 03:00:00;Bangladesh;11022.205299400388;Southern Asia
BD;2013-06-30 04:00:00;Bangladesh;11000.715090328062;Southern Asia
BD;2013-06-30 05:00:00;Bangladesh;10932.235893150024;Southern Asia
BD;2013-06-30 06:00:00;Bangladesh;10932.235893150024;Southern Asia
BD;2013-06-30 07:00:00;Bangladesh;10920.204786699858;Southern Asia
BD;2013-06-30 08:00:00;Bangladesh;11001.593651434228;Southern Asia
BD;2013-06-30 09:00:00;Bangladesh;10998.870543730472;Southern Asia
BD;2013-06-30 10:00:00;Bangladesh;10879.21893971515;Southern Asia
BD;2013-06-30 11:00:00;Bangladesh;10988.661318296536;Southern Asia
BD;2013-06-30 12:00:00;Bangladesh;12442.424151726116;Southern Asia
BD;2013-06-30 13:00:00;Bangladesh;12506.412325854084;Southern Asia
BD;2013-06-30 14:00:00;Bangladesh;12167.542456835938;Southern Asia
BD;2013-06-30 15:00:00;Bangladesh;10940.838020933983;Southern Asia
BD;2013-06-30 16:00:00;Bangladesh;9622.988806490983;Southern Asia
BD;2013-06-30 17:00:00;Bangladesh;8516.90411872257;Southern Asia
BD;2013-06-30 18:00:00;Bangladesh;9642.025736209112;Southern Asia
BD;2013-06-30 19:00:00;Bangladesh;9381.902572726449;Southern Asia
BD;2013-06-30 20:00:00;Bangladesh;9199.519115378707;Southern Asia
BD;2013-06-30 21:00:00;Bangladesh;8167.515261325191;Southern Asia
BD;2013-06-30 22:00:00;Bangladesh;9153.784289441748;Southern Asia
BD;2013-06-30 23:00:00;Bangladesh;9478.07479307649;Southern Asia
BD;2013-07-01 00:00:00;Bangladesh;9480.270116528507;Southern Asia
BD;2013-07-01 01:00:00;Bangladesh;9574.312851543824;Southern Asia
BD;2013-07-01 02:00:00;Bangladesh;9835.682622001455;Southern Asia
BD;2013-07-01 03:00:00;Bangladesh;10470.037199368755;Southern Asia
BD;2013-07-01 04:00:00;Bangladesh;10618.22153237991;Southern Asia
BD;2013-07-01 05:00:00;Bangladesh;10799.777156351203;Southern Asia
BD;2013-07-01 06:00:00;Bangladesh;10836.629233020658;Southern Asia
BD;2013-07-01 07:00:00;Bangladesh;10967.501379124067;Southern Asia
BD;2013-07-01 08:00:00;Bangladesh;10896.319581196842;Southern Asia
BD;2013-07-01 09:00:00;Bangladesh;11007.702565268257;Southern Asia
BD;2013-07-01 10:00:00;Bangladesh;10776.088385886664;Southern Asia
BD;2013-07-01 11:00:00;Bangladesh;10777.128844002566;Southern Asia
BD;2013-07-01 12:00:00;Bangladesh;11863.08541620723;Southern Asia
BD;2013-07-01 13:00:00;Bangladesh;11915.526016287444;Southern Asia
BD;2013-07-01 14:00:00;Bangladesh;11662.622380125593;Southern Asia
BD;2013-07-01 15:00:00;Bangladesh;10685.140042384097;Southern Asia
BD;2013-07-01 16:00:00;Bangladesh;9880.863760165117;Southern Asia
BD;2013-07-01 17:00:00;Bangladesh;8782.40981812225;Southern Asia
BD;2013-07-01 18:00:00;Bangladesh;9875.949646262938;Southern Asia
BD;2013-07-01 19:00:00;Bangladesh;9606.06085515301;Southern Asia
BD;2013-07-01 20:00:00;Bangladesh;9197.702630929472;Southern Asia
BD;2013-07-01 21:00:00;Bangladesh;9064.574719823744;Southern Asia
BD;2013-07-01 22:00:00;Bangladesh;9184.353682820058;Southern Asia
BD;2013-07-01 23:00:00;Bangladesh;9508.6441864548;Southern Asia
BD;2013-07-02 00:00:00;Bangladesh;9510.839509906815;Southern Asia
BD;2013-07-02 01:00:00;Bangladesh;9519.009912331481;Southern Asia
BD;2013-07-02 02:00:00;Bangladesh;9913.550766430772;Southern Asia
BD;2013-07-02 03:00:00;Bangladesh;10815.70350485561;Southern Asia
BD;2013-07-02 04:00:00;Bangladesh;10958.659643765697;Southern Asia
BD;2013-07-02 05:00:00;Bangladesh;11008.550905599273;Southern Asia
BD;2013-07-02 06:00:00;Bangladesh;11090.245216025345;Southern Asia
BD;2013-07-02 07:00:00;Bangladesh;10942.102976236718;Southern Asia
BD;2013-07-02 08:00:00;Bangladesh;10894.912156525537;Southern Asia
BD;2013-07-02 09:00:00;Bangladesh;10595.469605945043;Southern Asia
BD;2013-07-02 10:00:00;Bangladesh;10613.551343305733;Southern Asia
BD;2013-07-02 11:00:00;Bangladesh;10592.945091906564;Southern Asia
BD;2013-07-02 12:00:00;Bangladesh;11601.630379991137;Southern Asia
BD;2013-07-02 13:00:00;Bangladesh;11668.948235952672;Southern Asia
BD;2013-07-02 14:00:00;Bangladesh;11399.808488341121;Southern Asia
BD;2013-07-02 15:00:00;Bangladesh;10607.27189795478;Southern Asia
BD;2013-07-02 16:00:00;Bangladesh;9802.995615735801;Southern Asia
BD;2013-07-02 17:00:00;Bangladesh;8689.63743497666;Southern Asia
BD;2013-07-02 18:00:00;Bangladesh;9875.949646262938;Southern Asia
BD;2013-07-02 19:00:00;Bangladesh;9543.547023127036;Southern Asia
BD;2013-07-02 20:00:00;Bangladesh;9197.702630929472;Southern Asia
BD;2013-07-02 21:00:00;Bangladesh;8978.699688949595;Southern Asia
BD;2013-07-02 22:00:00;Bangladesh;9184.353682820058;Southern Asia
BD;2013-07-02 23:00:00;Bangladesh;9508.6441864548;Southern Asia
BD;2013-07-03 00:00:00;Bangladesh;9510.839509906815;Southern Asia
BD;2013-07-03 01:00:00;Bangladesh;9519.009912331481;Southern Asia
BD;2013-07-03 02:00:00;Bangladesh;9835.682622001455;Southern Asia
BD;2013-07-03 03:00:00;Bangladesh;10769.92010981573;Southern Asia
BD;2013-07-03 04:00:00;Bangladesh;10958.659643765697;Southern Asia
BD;2013-07-03 05:00:00;Bangladesh;10954.134082686884;Southern Asia
BD;2013-07-03 06:00:00;Bangladesh;10885.631140614083;Southern Asia
BD;2013-07-03 07:00:00;Bangladesh;10942.102976236718;Southern Asia
BD;2013-07-03 08:00:00;Bangladesh;10942.102976236718;Southern Asia
BD;2013-07-03 09:00:00;Bangladesh;10683.70995213143;Southern Asia
BD;2013-07-03 10:00:00;Bangladesh;10613.551343305733;Southern Asia
BD;2013-07-03 11:00:00;Bangladesh;10599.714545540315;Southern Asia
BD;2013-07-03 12:00:00;Bangladesh;11685.670038431579;Southern Asia
BD;2013-07-03 13:00:00;Bangladesh;11752.987894393113;Southern Asia
BD;2013-07-03 14:00:00;Bangladesh;11410.925416342978;Southern Asia
BD;2013-07-03 15:00:00;Bangladesh;10607.27189795478;Southern Asia
BD;2013-07-03 16:00:00;Bangladesh;9802.995615735801;Southern Asia
BD;2013-07-03 17:00:00;Bangladesh;8689.63743497666;Southern Asia
BD;2013-07-03 18:00:00;Bangladesh;9733.899051293973;Southern Asia
BD;2013-07-03 19:00:00;Bangladesh;9543.547023127036;Southern Asia
BD;2013-07-03 20:00:00;Bangladesh;9197.702630929472;Southern Asia
BD;2013-07-03 21:00:00;Bangladesh;9007.052712264622;Southern Asia
BD;2013-07-03 22:00:00;Bangladesh;9153.784289441748;Southern Asia
BD;2013-07-03 23:00:00;Bangladesh;9478.07479307649;Southern Asia
BD;2013-07-04 00:00:00;Bangladesh;9480.270116528507;Southern Asia
BD;2013-07-04 01:00:00;Bangladesh;9488.440518953174;Southern Asia
BD;2013-07-04 02:00:00;Bangladesh;9863.685408118754;Southern Asia
BD;2013-07-04 03:00:00;Bangladesh;10557.203628723895;Southern Asia
BD;2013-07-04 04:00:00;Bangladesh;10804.302717430017;Southern Asia
BD;2013-07-04 05:00:00;Bangladesh;10906.943262975701;Southern Asia
BD;2013-07-04 06:00:00;Bangladesh;10954.134082686884;Southern Asia
BD;2013-07-04 07:00:00;Bangladesh;11078.21410957518;Southern Asia
BD;2013-07-04 08:00:00;Bangladesh;10942.102976236718;Southern Asia
BD;2013-07-04 09:00:00;Bangladesh;10961.584583074926;Southern Asia
BD;2013-07-04 10:00:00;Bangladesh;10606.781889671982;Southern Asia
BD;2013-07-04 11:00:00;Bangladesh;10592.945091906564;Southern Asia
BD;2013-07-04 12:00:00;Bangladesh;11601.630379991137;Southern Asia
BD;2013-07-04 13:00:00;Bangladesh;11668.948235952672;Southern Asia
BD;2013-07-04 14:00:00;Bangladesh;11399.808488341121;Southern Asia
BD;2013-07-04 15:00:00;Bangladesh;10607.27189795478;Southern Asia
BD;2013-07-04 16:00:00;Bangladesh;9802.995615735801;Southern Asia
BD;2013-07-04 17:00:00;Bangladesh;8689.63743497666;Southern Asia
BD;2013-07-04 18:00:00;Bangladesh;9875.949646262938;Southern Asia
BD;2013-07-04 19:00:00;Bangladesh;9543.547023127036;Southern Asia
BD;2013-07-04 20:00:00;Bangladesh;9197.702630929472;Southern Asia
BD;2013-07-04 21:00:00;Bangladesh;8978.699688949595;Southern Asia
BD;2013-07-04 22:00:00;Bangladesh;9153.784289441748;Southern Asia
BD;2013-07-04 23:00:00;Bangladesh;9478.07479307649;Southern Asia
BD;2013-07-05 00:00:00;Bangladesh;9480.270116528507;Southern Asia
BD;2013-07-05 01:00:00;Bangladesh;9516.7930026115;Southern Asia
BD;2013-07-05 02:00:00;Bangladesh;9835.682622001455;Southern Asia
BD;2013-07-05 03:00:00;Bangladesh;10861.821487048945;Southern Asia
BD;2013-07-05 04:00:00;Bangladesh;10958.659643765697;Southern Asia
BD;2013-07-05 05:00:00;Bangladesh;11090.245216025345;Southern Asia
BD;2013-07-05 06:00:00;Bangladesh;11185.190257041588;Southern Asia
BD;2013-07-05 07:00:00;Bangladesh;11060.397883310456;Southern Asia
BD;2013-07-05 08:00:00;Bangladesh;11060.397883310456;Southern Asia
BD;2013-07-05 09:00:00;Bangladesh;11097.695716413384;Southern Asia
BD;2013-07-05 10:00:00;Bangladesh;10734.413936953879;Southern Asia
BD;2013-07-05 11:00:00;Bangladesh;10581.632808179625;Southern Asia
BD;2013-07-05 12:00:00;Bangladesh;11667.58830107089;Southern Asia
BD;2013-07-05 13:00:00;Bangladesh;11734.906157032425;Southern Asia
BD;2013-07-05 14:00:00;Bangladesh;11494.96507478342;Southern Asia
BD;2013-07-05 15:00:00;Bangladesh;10685.140042384097;Southern Asia
BD;2013-07-05 16:00:00;Bangladesh;9880.863760165117;Southern Asia
BD;2013-07-05 17:00:00;Bangladesh;8782.40981812225;Southern Asia
BD;2013-07-05 18:00:00;Bangladesh;9801.451118262923;Southern Asia
BD;2013-07-05 19:00:00;Bangladesh;9525.95961130274;Southern Asia
BD;2013-07-05 20:00:00;Bangladesh;9291.639593231763;Southern Asia
BD;2013-07-05 21:00:00;Bangladesh;9170.373336372675;Southern Asia
BD;2013-07-05 22:00:00;Bangladesh;9496.559114334723;Southern Asia
BD;2013-07-05 23:00:00;Bangladesh;9785.225799947202;Southern Asia
BD;2013-07-06 00:00:00;Bangladesh;9830.916374034834;Southern Asia
BD;2013-07-06 01:00:00;Bangladesh;9967.48945350774;Southern Asia
BD;2013-07-06 02:00:00;Bangladesh;10337.118675062286;Southern Asia
BD;2013-07-06 03:00:00;Bangladesh;11000.569383019298;Southern Asia
BD;2013-07-06 04:00:00;Bangladesh;11102.551547392059;Southern Asia
BD;2013-07-06 05:00:00;Bangladesh;11072.556348741613;Southern Asia
BD;2013-07-06 06:00:00;Bangladesh;11072.556348741613;Southern Asia
BD;2013-07-06 07:00:00;Bangladesh;11060.52524229145;Southern Asia
BD;2013-07-06 08:00:00;Bangladesh;10994.053568034135;Southern Asia
BD;2013-07-06 09:00:00;Bangladesh;11049.137406626634;Southern Asia
BD;2013-07-06 10:00:00;Bangladesh;10868.728013484271;Southern Asia
BD;2013-07-06 11:00:00;Bangladesh;10921.788139455075;Southern Asia
BD;2013-07-06 12:00:00;Bangladesh;12408.916867277801;Southern Asia
BD;2013-07-06 13:00:00;Bangladesh;12472.905041405773;Southern Asia
BD;2013-07-06 14:00:00;Bangladesh;12070.655731016263;Southern Asia
BD;2013-07-06 15:00:00;Bangladesh;10931.806326417523;Southern Asia
BD;2013-07-06 16:00:00;Bangladesh;9613.956032661124;Southern Asia
BD;2013-07-06 17:00:00;Bangladesh;8534.591906692904;Southern Asia
BD;2013-07-06 18:00:00;Bangladesh;9801.451118262923;Southern Asia
BD;2013-07-06 19:00:00;Bangladesh;9525.95961130274;Southern Asia
BD;2013-07-06 20:00:00;Bangladesh;9291.639593231763;Southern Asia
BD;2013-07-06 21:00:00;Bangladesh;9170.373336372675;Southern Asia
BD;2013-07-06 22:00:00;Bangladesh;9551.862053547065;Southern Asia
BD;2013-07-06 23:00:00;Bangladesh;9840.528739159547;Southern Asia
BD;2013-07-07 00:00:00;Bangladesh;9830.916374034834;Southern Asia
BD;2013-07-07 01:00:00;Bangladesh;9967.48945350774;Southern Asia
BD;2013-07-07 02:00:00;Bangladesh;10423.264073942692;Southern Asia
BD;2013-07-07 03:00:00;Bangladesh;11052.580416367016;Southern Asia
BD;2013-07-07 04:00:00;Bangladesh;11128.666614375838;Southern Asia
BD;2013-07-07 05:00:00;Bangladesh;11117.027298689232;Southern Asia
BD;2013-07-07 06:00:00;Bangladesh;11117.027298689232;Southern Asia
BD;2013-07-07 07:00:00;Bangladesh;11104.99619223907;Southern Asia
BD;2013-07-07 08:00:00;Bangladesh;11037.954640507485;Southern Asia
BD;2013-07-07 09:00:00;Bangladesh;11119.723423558034;Southern Asia
BD;2013-07-07 10:00:00;Bangladesh;10961.041688435611;Southern Asia
BD;2013-07-07 11:00:00;Bangladesh;10985.748251434688;Southern Asia
BD;2013-07-07 12:00:00;Bangladesh;12415.968021708495;Southern Asia
BD;2013-07-07 13:00:00;Bangladesh;12445.378232497096;Southern Asia
BD;2013-07-07 14:00:00;Bangladesh;12125.191278402457;Southern Asia
BD;2013-07-07 15:00:00;Bangladesh;10932.481976604822;Southern Asia
BD;2013-07-07 16:00:00;Bangladesh;9613.956032661124;Southern Asia
BD;2013-07-07 17:00:00;Bangladesh;8534.591906692904;Southern Asia
BD;2013-07-07 18:00:00;Bangladesh;9938.463478288912;Southern Asia
BD;2013-07-07 19:00:00;Bangladesh;9606.06085515301;Southern Asia
BD;2013-07-07 20:00:00;Bangladesh;9197.702630929472;Southern Asia
BD;2013-07-07 21:00:00;Bangladesh;9009.269082327904;Southern Asia
BD;2013-07-07 22:00:00;Bangladesh;9239.6566220324;Southern Asia
BD;2013-07-07 23:00:00;Bangladesh;9563.947125667142;Southern Asia
BD;2013-07-08 00:00:00;Bangladesh;9566.14244911916;Southern Asia
BD;2013-07-08 01:00:00;Bangladesh;9574.312851543824;Southern Asia
BD;2013-07-08 02:00:00;Bangladesh;9835.682622001455;Southern Asia
BD;2013-07-08 03:00:00;Bangladesh;10943.515797475013;Southern Asia
BD;2013-07-08 04:00:00;Bangladesh;11094.770777104159;Southern Asia
BD;2013-07-08 05:00:00;Bangladesh;11185.190257041588;Southern Asia
BD;2013-07-08 06:00:00;Bangladesh;11185.190257041588;Southern Asia
BD;2013-07-08 07:00:00;Bangladesh;11173.159150591424;Southern Asia
BD;2013-07-08 08:00:00;Bangladesh;11078.21410957518;Southern Asia
BD;2013-07-08 09:00:00;Bangladesh;11097.695716413384;Southern Asia
BD;2013-07-08 10:00:00;Bangladesh;10945.322568103666;Southern Asia
BD;2013-07-08 11:00:00;Bangladesh;10762.251588121248;Southern Asia
BD;2013-07-08 12:00:00;Bangladesh;11848.208160325908;Southern Asia
BD;2013-07-08 13:00:00;Bangladesh;11915.526016287444;Southern Asia
BD;2013-07-08 14:00:00;Bangladesh;11641.770045271625;Southern Asia
BD;2013-07-08 15:00:00;Bangladesh;10685.140042384097;Southern Asia
BD;2013-07-08 16:00:00;Bangladesh;9880.863760165117;Southern Asia
BD;2013-07-08 17:00:00;Bangladesh;8782.40981812225;Southern Asia
BD;2013-07-08 18:00:00;Bangladesh;9938.463478288912;Southern Asia
BD;2013-07-08 19:00:00;Bangladesh;9606.06085515301;Southern Asia
BD;2013-07-08 20:00:00;Bangladesh;9197.702630929472;Southern Asia
BD;2013-07-08 21:00:00;Bangladesh;9009.269082327904;Southern Asia
BD;2013-07-08 22:00:00;Bangladesh;9239.6566220324;Southern Asia
BD;2013-07-08 23:00:00;Bangladesh;9508.6441864548;Southern Asia
BD;2013-07-09 00:00:00;Bangladesh;9510.839509906815;Southern Asia
BD;2013-07-09 01:00:00;Bangladesh;9519.009912331481;Southern Asia
BD;2013-07-09 02:00:00;Bangladesh;9835.682622001455;Southern Asia
BD;2013-07-09 03:00:00;Bangladesh;10769.92010981573;Southern Asia
BD;2013-07-09 04:00:00;Bangladesh;10912.876248725817;Southern Asia
BD;2013-07-09 05:00:00;Bangladesh;10954.134082686884;Southern Asia
BD;2013-07-09 06:00:00;Bangladesh;11090.245216025345;Southern Asia
BD;2013-07-09 07:00:00;Bangladesh;10996.51979914911;Southern Asia
BD;2013-07-09 08:00:00;Bangladesh;10996.51979914911;Southern Asia
BD;2013-07-09 09:00:00;Bangladesh;11192.640757429628;Southern Asia
BD;2013-07-09 10:00:00;Bangladesh;10683.70995213143;Southern Asia
BD;2013-07-09 11:00:00;Bangladesh;10669.873154366012;Southern Asia
BD;2013-07-09 12:00:00;Bangladesh;11743.616216156208;Southern Asia
BD;2013-07-09 13:00:00;Bangladesh;11823.14758253221;Southern Asia
BD;2013-07-09 14:00:00;Bangladesh;11476.88333742273;Southern Asia
BD;2013-07-09 15:00:00;Bangladesh;10685.140042384097;Southern Asia
BD;2013-07-09 16:00:00;Bangladesh;9880.863760165117;Southern Asia
BD;2013-07-09 17:00:00;Bangladesh;8782.40981812225;Southern Asia
BD;2013-07-09 18:00:00;Bangladesh;9938.463478288912;Southern Asia
BD;2013-07-09 19:00:00;Bangladesh;9606.06085515301;Southern Asia
BD;2013-07-09 20:00:00;Bangladesh;9197.702630929472;Southern Asia
BD;2013-07-09 21:00:00;Bangladesh;9007.052712264622;Southern Asia
BD;2013-07-09 22:00:00;Bangladesh;9239.6566220324;Southern Asia
BD;2013-07-09 23:00:00;Bangladesh;9563.947125667142;Southern Asia
BD;2013-07-10 00:00:00;Bangladesh;9510.839509906815;Southern Asia
BD;2013-07-10 01:00:00;Bangladesh;9519.009912331481;Southern Asia
BD;2013-07-10 02:00:00;Bangladesh;9835.682622001455;Southern Asia
BD;2013-07-10 03:00:00;Bangladesh;10943.515797475013;Southern Asia
BD;2013-07-10 04:00:00;Bangladesh;11094.770777104159;Southern Asia
BD;2013-07-10 05:00:00;Bangladesh;11185.190257041588;Southern Asia
BD;2013-07-10 06:00:00;Bangladesh;11090.245216025345;Southern Asia
BD;2013-07-10 07:00:00;Bangladesh;10942.102976236718;Southern Asia
BD;2013-07-10 08:00:00;Bangladesh;11078.21410957518;Southern Asia
BD;2013-07-10 09:00:00;Bangladesh;10961.584583074926;Southern Asia
BD;2013-07-10 10:00:00;Bangladesh;10776.088385886664;Southern Asia
BD;2013-07-10 11:00:00;Bangladesh;10777.128844002566;Southern Asia
BD;2013-07-10 12:00:00;Bangladesh;11932.645006096904;Southern Asia
BD;2013-07-10 13:00:00;Bangladesh;11952.378092956898;Southern Asia
BD;2013-07-10 14:00:00;Bangladesh;11662.622380125593;Southern Asia
BD;2013-07-10 15:00:00;Bangladesh;10685.140042384097;Southern Asia
BD;2013-07-10 16:00:00;Bangladesh;9880.863760165117;Southern Asia
BD;2013-07-10 17:00:00;Bangladesh;8782.40981812225;Southern Asia
BD;2013-07-10 18:00:00;Bangladesh;9938.463478288912;Southern Asia
BD;2013-07-10 19:00:00;Bangladesh;9606.06085515301;Southern Asia
BD;2013-07-10 20:00:00;Bangladesh;9197.702630929472;Southern Asia
BD;2013-07-10 21:00:00;Bangladesh;9009.269082327904;Southern Asia
BD;2013-07-10 22:00:00;Bangladesh;9239.6566220324;Southern Asia
BD;2013-07-10 23:00:00;Bangladesh;9563.947125667142;Southern Asia
BD;2013-07-11 00:00:00;Bangladesh;9566.14244911916;Southern Asia
BD;2013-07-11 01:00:00;Bangladesh;9519.009912331481;Southern Asia
BD;2013-07-11 02:00:00;Bangladesh;9835.682622001455;Southern Asia
BD;2013-07-11 03:00:00;Bangladesh;10767.471147715127;Southern Asia
BD;2013-07-11 04:00:00;Bangladesh;10912.876248725817;Southern Asia
BD;2013-07-11 05:00:00;Bangladesh;11090.245216025345;Southern Asia
BD;2013-07-11 06:00:00;Bangladesh;11185.190257041588;Southern Asia
BD;2013-07-11 07:00:00;Bangladesh;10967.501379124067;Southern Asia
BD;2013-07-11 08:00:00;Bangladesh;10787.746049901038;Southern Asia
BD;2013-07-11 09:00:00;Bangladesh;10776.088385886664;Southern Asia
BD;2013-07-11 10:00:00;Bangladesh;10688.831294206071;Southern Asia
BD;2013-07-11 11:00:00;Bangladesh;10674.994496440655;Southern Asia
BD;2013-07-11 12:00:00;Bangladesh;11667.58830107089;Southern Asia
BD;2013-07-11 13:00:00;Bangladesh;11734.906157032425;Southern Asia
BD;2013-07-11 14:00:00;Bangladesh;11506.64432506576;Southern Asia
BD;2013-07-11 15:00:00;Bangladesh;10685.140042384097;Southern Asia
BD;2013-07-11 16:00:00;Bangladesh;9844.273956651434;Southern Asia
BD;2013-07-11 17:00:00;Bangladesh;8700.707952502393;Southern Asia
BD;2013-07-11 18:00:00;Bangladesh;9875.949646262938;Southern Asia
BD;2013-07-11 19:00:00;Bangladesh;9543.547023127036;Southern Asia
BD;2013-07-11 20:00:00;Bangladesh;9197.702630929472;Southern Asia
BD;2013-07-11 21:00:00;Bangladesh;8978.699688949595;Southern Asia
BD;2013-07-11 22:00:00;Bangladesh;9153.784289441748;Southern Asia
BD;2013-07-11 23:00:00;Bangladesh;9478.07479307649;Southern Asia
BD;2013-07-12 00:00:00;Bangladesh;9566.14244911916;Southern Asia
BD;2013-07-12 01:00:00;Bangladesh;9574.312851543824;Southern Asia
BD;2013-07-12 02:00:00;Bangladesh;9835.682622001455;Southern Asia
BD;2013-07-12 03:00:00;Bangladesh;10769.92010981573;Southern Asia
BD;2013-07-12 04:00:00;Bangladesh;10804.302717430017;Southern Asia
BD;2013-07-12 05:00:00;Bangladesh;10799.777156351203;Southern Asia
BD;2013-07-12 06:00:00;Bangladesh;10747.785550644658;Southern Asia
BD;2013-07-12 07:00:00;Bangladesh;10734.413936953879;Southern Asia
BD;2013-07-12 08:00:00;Bangladesh;10735.754444194492;Southern Asia
BD;2013-07-12 09:00:00;Bangladesh;10671.497521030362;Southern Asia
BD;2013-07-12 10:00:00;Bangladesh;10589.29593330712;Southern Asia
BD;2013-07-12 11:00:00;Bangladesh;10575.459135541701;Southern Asia
BD;2013-07-12 12:00:00;Bangladesh;11590.51345198928;Southern Asia
BD;2013-07-12 13:00:00;Bangladesh;11657.831307950815;Southern Asia
BD;2013-07-12 14:00:00;Bangladesh;11399.808488341121;Southern Asia
BD;2013-07-12 15:00:00;Bangladesh;10607.27189795478;Southern Asia
BD;2013-07-12 16:00:00;Bangladesh;9802.995615735801;Southern Asia
BD;2013-07-12 17:00:00;Bangladesh;8689.63743497666;Southern Asia
BD;2013-07-12 18:00:00;Bangladesh;9652.244675463637;Southern Asia
BD;2013-07-12 19:00:00;Bangladesh;9504.337725995827;Southern Asia
BD;2013-07-12 20:00:00;Bangladesh;9346.942532444105;Southern Asia
BD;2013-07-12 21:00:00;Bangladesh;8767.697697190863;Southern Asia
BD;2013-07-12 22:00:00;Bangladesh;9065.786788769965;Southern Asia
BD;2013-07-12 23:00:00;Bangladesh;9567.432228630054;Southern Asia
BD;2013-07-13 00:00:00;Bangladesh;9639.002579380647;Southern Asia
BD;2013-07-13 01:00:00;Bangladesh;9731.968159624523;Southern Asia
BD;2013-07-13 02:00:00;Bangladesh;10076.705176275495;Southern Asia
BD;2013-07-13 03:00:00;Bangladesh;10963.088066638671;Southern Asia
BD;2013-07-13 04:00:00;Bangladesh;10979.00685994929;Southern Asia
BD;2013-07-13 05:00:00;Bangladesh;10928.013619136116;Southern Asia
BD;2013-07-13 06:00:00;Bangladesh;10910.527662771254;Southern Asia
BD;2013-07-13 07:00:00;Bangladesh;10898.496556321088;Southern Asia
BD;2013-07-13 08:00:00;Bangladesh;10893.742180801846;Southern Asia
BD;2013-07-13 09:00:00;Bangladesh;10934.72047259277;Southern Asia
BD;2013-07-13 10:00:00;Bangladesh;10849.988974264055;Southern Asia
BD;2013-07-13 11:00:00;Bangladesh;10898.295804029016;Southern Asia
BD;2013-07-13 12:00:00;Bangladesh;12356.654353908298;Southern Asia
BD;2013-07-13 13:00:00;Bangladesh;12420.642528036266;Southern Asia
BD;2013-07-13 14:00:00;Bangladesh;12070.655731016263;Southern Asia
BD;2013-07-13 15:00:00;Bangladesh;10843.27672424041;Southern Asia
BD;2013-07-13 16:00:00;Bangladesh;9525.427509797408;Southern Asia
BD;2013-07-13 17:00:00;Bangladesh;8419.342282372296;Southern Asia
BD;2013-07-13 18:00:00;Bangladesh;9661.00438300374;Southern Asia
BD;2013-07-13 19:00:00;Bangladesh;9457.794494323589;Southern Asia
BD;2013-07-13 20:00:00;Bangladesh;9321.808561339325;Southern Asia
BD;2013-07-13 21:00:00;Bangladesh;8360.768483906591;Southern Asia
BD;2013-07-13 22:00:00;Bangladesh;9091.666565432928;Southern Asia
BD;2013-07-13 23:00:00;Bangladesh;9593.310925979618;Southern Asia
BD;2013-07-14 00:00:00;Bangladesh;9828.699464314852;Southern Asia
BD;2013-07-14 01:00:00;Bangladesh;9853.593827845223;Southern Asia
BD;2013-07-14 02:00:00;Bangladesh;10303.892012097513;Southern Asia
BD;2013-07-14 03:00:00;Bangladesh;11000.569383019298;Southern Asia
BD;2013-07-14 04:00:00;Bangladesh;11102.551547392059;Southern Asia
BD;2013-07-14 05:00:00;Bangladesh;11054.74012247689;Southern Asia
BD;2013-07-14 06:00:00;Bangladesh;11072.556348741613;Southern Asia
BD;2013-07-14 07:00:00;Bangladesh;11060.52524229145;Southern Asia
BD;2013-07-14 08:00:00;Bangladesh;11037.954640507485;Southern Asia
BD;2013-07-14 09:00:00;Bangladesh;11014.942599543641;Southern Asia
BD;2013-07-14 10:00:00;Bangladesh;10889.550127563089;Southern Asia
BD;2013-07-14 11:00:00;Bangladesh;10917.528089472227;Southern Asia
BD;2013-07-14 12:00:00;Bangladesh;12381.390058369128;Southern Asia
BD;2013-07-14 13:00:00;Bangladesh;12444.515861091904;Southern Asia
BD;2013-07-14 14:00:00;Bangladesh;12103.50679291845;Southern Asia
BD;2013-07-14 15:00:00;Bangladesh;10931.806326417523;Southern Asia
BD;2013-07-14 16:00:00;Bangladesh;9613.956032661124;Southern Asia
BD;2013-07-14 17:00:00;Bangladesh;8534.591906692904;Southern Asia
BD;2013-07-14 18:00:00;Bangladesh;9875.949646262938;Southern Asia
BD;2013-07-14 19:00:00;Bangladesh;9543.547023127036;Southern Asia
BD;2013-07-14 20:00:00;Bangladesh;9197.702630929472;Southern Asia
BD;2013-07-14 21:00:00;Bangladesh;9009.269082327904;Southern Asia
BD;2013-07-14 22:00:00;Bangladesh;9182.136773100076;Southern Asia
BD;2013-07-14 23:00:00;Bangladesh;9506.427276734817;Southern Asia
BD;2013-07-15 00:00:00;Bangladesh;9508.622600186834;Southern Asia
BD;2013-07-15 01:00:00;Bangladesh;9574.312851543824;Southern Asia
BD;2013-07-15 02:00:00;Bangladesh;9835.682622001455;Southern Asia
BD;2013-07-15 03:00:00;Bangladesh;10943.515797475013;Southern Asia
BD;2013-07-15 04:00:00;Bangladesh;11094.770777104159;Southern Asia
BD;2013-07-15 05:00:00;Bangladesh;11185.190257041588;Southern Asia
BD;2013-07-15 06:00:00;Bangladesh;11185.190257041588;Southern Asia
BD;2013-07-15 07:00:00;Bangladesh;11122.685059522799;Southern Asia
BD;2013-07-15 08:00:00;Bangladesh;11173.159150591424;Southern Asia
BD;2013-07-15 09:00:00;Bangladesh;11231.89106846997;Southern Asia
BD;2013-07-15 10:00:00;Bangladesh;11125.904651389747;Southern Asia
BD;2013-07-15 11:00:00;Bangladesh;11067.596903676706;Southern Asia
BD;2013-07-15 12:00:00;Bangladesh;12032.952076075597;Southern Asia
BD;2013-07-15 13:00:00;Bangladesh;12085.392676155812;Southern Asia
BD;2013-07-15 14:00:00;Bangladesh;11745.195251657831;Southern Asia
BD;2013-07-15 15:00:00;Bangladesh;10674.938372143946;Southern Asia
BD;2013-07-15 16:00:00;Bangladesh;9870.662089924966;Southern Asia
BD;2013-07-15 17:00:00;Bangladesh;8782.40981812225;Southern Asia
BD;2013-07-15 18:00:00;Bangladesh;9938.463478288912;Southern Asia
BD;2013-07-15 19:00:00;Bangladesh;9606.06085515301;Southern Asia
BD;2013-07-15 20:00:00;Bangladesh;9197.702630929472;Southern Asia
BD;2013-07-15 21:00:00;Bangladesh;9009.269082327904;Southern Asia
BD;2013-07-15 22:00:00;Bangladesh;9184.353682820058;Southern Asia
BD;2013-07-15 23:00:00;Bangladesh;9508.6441864548;Southern Asia
BD;2013-07-16 00:00:00;Bangladesh;9510.839509906815;Southern Asia
BD;2013-07-16 01:00:00;Bangladesh;9519.009912331481;Southern Asia
BD;2013-07-16 02:00:00;Bangladesh;9913.550766430772;Southern Asia
BD;2013-07-16 03:00:00;Bangladesh;10861.821487048945;Southern Asia
BD;2013-07-16 04:00:00;Bangladesh;11094.770777104159;Southern Asia
BD;2013-07-16 05:00:00;Bangladesh;11185.190257041588;Southern Asia
BD;2013-07-16 06:00:00;Bangladesh;11090.245216025345;Southern Asia
BD;2013-07-16 07:00:00;Bangladesh;10996.51979914911;Southern Asia
BD;2013-07-16 08:00:00;Bangladesh;10988.220958430053;Southern Asia
BD;2013-07-16 09:00:00;Bangladesh;10961.584583074926;Southern Asia
BD;2013-07-16 10:00:00;Bangladesh;10790.965641767985;Southern Asia
BD;2013-07-16 11:00:00;Bangladesh;10741.39925326728;Southern Asia
BD;2013-07-16 12:00:00;Bangladesh;11827.355825471941;Southern Asia
BD;2013-07-16 13:00:00;Bangladesh;11915.526016287444;Southern Asia
BD;2013-07-16 14:00:00;Bangladesh;11558.03259458269;Southern Asia
BD;2013-07-16 15:00:00;Bangladesh;10685.140042384097;Southern Asia
BD;2013-07-16 16:00:00;Bangladesh;9802.995615735801;Southern Asia
BD;2013-07-16 17:00:00;Bangladesh;8689.63743497666;Southern Asia
BD;2013-07-16 18:00:00;Bangladesh;9875.949646262938;Southern Asia
BD;2013-07-16 19:00:00;Bangladesh;9543.547023127036;Southern Asia
BD;2013-07-16 20:00:00;Bangladesh;9197.702630929472;Southern Asia
BD;2013-07-16 21:00:00;Bangladesh;8978.699688949595;Southern Asia
BD;2013-07-16 22:00:00;Bangladesh;9153.784289441748;Southern Asia
BD;2013-07-16 23:00:00;Bangladesh;9506.427276734817;Southern Asia
BD;2013-07-17 00:00:00;Bangladesh;9508.622600186834;Southern Asia
BD;2013-07-17 01:00:00;Bangladesh;9574.312851543824;Southern Asia
BD;2013-07-17 02:00:00;Bangladesh;9835.682622001455;Southern Asia
BD;2013-07-17 03:00:00;Bangladesh;10769.92010981573;Southern Asia
BD;2013-07-17 04:00:00;Bangladesh;10911.468824054517;Southern Asia
BD;2013-07-17 05:00:00;Bangladesh;10979.532485574233;Southern Asia
BD;2013-07-17 06:00:00;Bangladesh;10954.134082686884;Southern Asia
BD;2013-07-17 07:00:00;Bangladesh;10996.51979914911;Southern Asia
BD;2013-07-17 08:00:00;Bangladesh;10896.319581196842;Southern Asia
BD;2013-07-17 09:00:00;Bangladesh;11079.87949014866;Southern Asia
BD;2013-07-17 10:00:00;Bangladesh;10595.469605945043;Southern Asia
BD;2013-07-17 11:00:00;Bangladesh;10611.393795822654;Southern Asia
BD;2013-07-17 12:00:00;Bangladesh;11667.58830107089;Southern Asia
BD;2013-07-17 13:00:00;Bangladesh;11734.906157032425;Southern Asia
BD;2013-07-17 14:00:00;Bangladesh;11494.96507478342;Southern Asia
BD;2013-07-17 15:00:00;Bangladesh;10607.27189795478;Southern Asia
BD;2013-07-17 16:00:00;Bangladesh;9802.995615735801;Southern Asia
BD;2013-07-17 17:00:00;Bangladesh;8689.63743497666;Southern Asia
BD;2013-07-17 18:00:00;Bangladesh;9733.899051293973;Southern Asia
BD;2013-07-17 19:00:00;Bangladesh;9401.496428158069;Southern Asia
BD;2013-07-17 20:00:00;Bangladesh;9197.702630929472;Southern Asia
BD;2013-07-17 21:00:00;Bangladesh;8978.699688949595;Southern Asia
BD;2013-07-17 22:00:00;Bangladesh;9153.784289441748;Southern Asia
BD;2013-07-17 23:00:00;Bangladesh;9478.07479307649;Southern Asia
BD;2013-07-18 00:00:00;Bangladesh;9480.270116528507;Southern Asia
BD;2013-07-18 01:00:00;Bangladesh;9488.440518953174;Southern Asia
BD;2013-07-18 02:00:00;Bangladesh;9890.985561213798;Southern Asia
BD;2013-07-18 03:00:00;Bangladesh;10769.92010981573;Southern Asia
BD;2013-07-18 04:00:00;Bangladesh;10958.659643765697;Southern Asia
BD;2013-07-18 05:00:00;Bangladesh;11008.550905599273;Southern Asia
BD;2013-07-18 06:00:00;Bangladesh;11008.550905599273;Southern Asia
BD;2013-07-18 07:00:00;Bangladesh;11078.21410957518;Southern Asia
BD;2013-07-18 08:00:00;Bangladesh;10896.319581196842;Southern Asia
BD;2013-07-18 09:00:00;Bangladesh;10776.088385886664;Southern Asia
BD;2013-07-18 10:00:00;Bangladesh;10589.29593330712;Southern Asia
BD;2013-07-18 11:00:00;Bangladesh;10567.937400469378;Southern Asia
BD;2013-07-18 12:00:00;Bangladesh;11601.630379991137;Southern Asia
BD;2013-07-18 13:00:00;Bangladesh;11668.948235952672;Southern Asia
BD;2013-07-18 14:00:00;Bangladesh;11399.808488341121;Southern Asia
BD;2013-07-18 15:00:00;Bangladesh;10685.140042384097;Southern Asia
BD;2013-07-18 16:00:00;Bangladesh;9880.863760165117;Southern Asia
BD;2013-07-18 17:00:00;Bangladesh;8689.63743497666;Southern Asia
BD;2013-07-18 18:00:00;Bangladesh;9875.949646262938;Southern Asia
BD;2013-07-18 19:00:00;Bangladesh;9543.547023127036;Southern Asia
BD;2013-07-18 20:00:00;Bangladesh;9197.702630929472;Southern Asia
BD;2013-07-18 21:00:00;Bangladesh;8978.699688949595;Southern Asia
BD;2013-07-18 22:00:00;Bangladesh;9153.784289441748;Southern Asia
BD;2013-07-18 23:00:00;Bangladesh;9478.07479307649;Southern Asia
BD;2013-07-19 00:00:00;Bangladesh;9480.270116528507;Southern Asia
BD;2013-07-19 01:00:00;Bangladesh;9516.7930026115;Southern Asia
BD;2013-07-19 02:00:00;Bangladesh;9835.682622001455;Southern Asia
BD;2013-07-19 03:00:00;Bangladesh;10625.258655736427;Southern Asia
BD;2013-07-19 04:00:00;Bangladesh;10773.163446577439;Southern Asia
BD;2013-07-19 05:00:00;Bangladesh;11000.252064880218;Southern Asia
BD;2013-07-19 06:00:00;Bangladesh;11008.550905599273;Southern Asia
BD;2013-07-19 07:00:00;Bangladesh;10824.598126570494;Southern Asia
BD;2013-07-19 08:00:00;Bangladesh;10896.319581196842;Southern Asia
BD;2013-07-19 09:00:00;Bangladesh;10915.801188035046;Southern Asia
BD;2013-07-19 10:00:00;Bangladesh;10671.497521030362;Southern Asia
BD;2013-07-19 11:00:00;Bangladesh;10657.660723264944;Southern Asia
BD;2013-07-19 12:00:00;Bangladesh;11827.355825471941;Southern Asia
BD;2013-07-19 13:00:00;Bangladesh;11810.934072117743;Southern Asia
BD;2013-07-19 14:00:00;Bangladesh;11570.243946370361;Southern Asia
BD;2013-07-19 15:00:00;Bangladesh;10685.140042384097;Southern Asia
BD;2013-07-19 16:00:00;Bangladesh;9880.863760165117;Southern Asia
BD;2013-07-19 17:00:00;Bangladesh;8745.820014608567;Southern Asia
BD;2013-07-19 18:00:00;Bangladesh;9801.451118262923;Southern Asia
BD;2013-07-19 19:00:00;Bangladesh;9525.95961130274;Southern Asia
BD;2013-07-19 20:00:00;Bangladesh;9291.639593231763;Southern Asia
BD;2013-07-19 21:00:00;Bangladesh;9227.894264618397;Southern Asia
BD;2013-07-19 22:00:00;Bangladesh;9551.862053547065;Southern Asia
BD;2013-07-19 23:00:00;Bangladesh;9783.008890227222;Southern Asia
BD;2013-07-20 00:00:00;Bangladesh;9886.219313247177;Southern Asia
BD;2013-07-20 01:00:00;Bangladesh;10022.792392720083;Southern Asia
BD;2013-07-20 02:00:00;Bangladesh;10337.118675062286;Southern Asia
BD;2013-07-20 03:00:00;Bangladesh;11052.580416367016;Southern Asia
BD;2013-07-20 04:00:00;Bangladesh;11128.666614375838;Southern Asia
BD;2013-07-20 05:00:00;Bangladesh;11117.027298689232;Southern Asia
BD;2013-07-20 06:00:00;Bangladesh;11117.027298689232;Southern Asia
BD;2013-07-20 07:00:00;Bangladesh;11060.52524229145;Southern Asia
BD;2013-07-20 08:00:00;Bangladesh;11055.770866772209;Southern Asia
BD;2013-07-20 09:00:00;Bangladesh;11049.137406626634;Southern Asia
BD;2013-07-20 10:00:00;Bangladesh;10894.228951144452;Southern Asia
BD;2013-07-20 11:00:00;Bangladesh;10917.528089472227;Southern Asia
BD;2013-07-20 12:00:00;Bangladesh;12415.968021708495;Southern Asia
BD;2013-07-20 13:00:00;Bangladesh;12445.378232497096;Southern Asia
BD;2013-07-20 14:00:00;Bangladesh;12124.328906997265;Southern Asia
BD;2013-07-20 15:00:00;Bangladesh;10931.806326417523;Southern Asia
BD;2013-07-20 16:00:00;Bangladesh;9613.956032661124;Southern Asia
BD;2013-07-20 17:00:00;Bangladesh;8534.591906692904;Southern Asia
BD;2013-07-20 18:00:00;Bangladesh;9801.451118262923;Southern Asia
BD;2013-07-20 19:00:00;Bangladesh;9525.95961130274;Southern Asia
BD;2013-07-20 20:00:00;Bangladesh;9291.639593231763;Southern Asia
BD;2013-07-20 21:00:00;Bangladesh;9227.894264618397;Southern Asia
BD;2013-07-20 22:00:00;Bangladesh;9551.862053547065;Southern Asia
BD;2013-07-20 23:00:00;Bangladesh;9840.528739159547;Southern Asia
BD;2013-07-21 00:00:00;Bangladesh;9830.916374034834;Southern Asia
BD;2013-07-21 01:00:00;Bangladesh;9967.48945350774;Southern Asia
BD;2013-07-21 02:00:00;Bangladesh;10337.118675062286;Southern Asia
BD;2013-07-21 03:00:00;Bangladesh;11052.580416367016;Southern Asia
BD;2013-07-21 04:00:00;Bangladesh;11173.137564323459;Southern Asia
BD;2013-07-21 05:00:00;Bangladesh;11117.027298689232;Southern Asia
BD;2013-07-21 06:00:00;Bangladesh;11117.027298689232;Southern Asia
BD;2013-07-21 07:00:00;Bangladesh;11095.378430547365;Southern Asia
BD;2013-07-21 08:00:00;Bangladesh;11090.624055028124;Southern Asia
BD;2013-07-21 09:00:00;Bangladesh;11110.105661866332;Southern Asia
BD;2013-07-21 10:00:00;Bangladesh;11004.942760908962;Southern Asia
BD;2013-07-21 11:00:00;Bangladesh;11046.058125501459;Southern Asia
BD;2013-07-21 12:00:00;Bangladesh;12442.480276022825;Southern Asia
BD;2013-07-21 13:00:00;Bangladesh;12508.742563480882;Southern Asia
BD;2013-07-21 14:00:00;Bangladesh;12188.924734568443;Southern Asia
BD;2013-07-21 15:00:00;Bangladesh;10932.481976604822;Southern Asia
BD;2013-07-21 16:00:00;Bangladesh;9614.631682848421;Southern Asia
BD;2013-07-21 17:00:00;Bangladesh;8639.250768293294;Southern Asia
BD;2013-07-21 18:00:00;Bangladesh;9935.740370585156;Southern Asia
BD;2013-07-21 19:00:00;Bangladesh;9603.337747449254;Southern Asia
BD;2013-07-21 20:00:00;Bangladesh;9194.979523225717;Southern Asia
BD;2013-07-21 21:00:00;Bangladesh;9009.269082327904;Southern Asia
BD;2013-07-21 22:00:00;Bangladesh;9184.353682820058;Southern Asia
BD;2013-07-21 23:00:00;Bangladesh;9508.6441864548;Southern Asia
BD;2013-07-22 00:00:00;Bangladesh;9510.839509906815;Southern Asia
BD;2013-07-22 01:00:00;Bangladesh;9519.009912331481;Southern Asia
BD;2013-07-22 02:00:00;Bangladesh;9913.550766430772;Southern Asia
BD;2013-07-22 03:00:00;Bangladesh;10993.989888543638;Southern Asia
BD;2013-07-22 04:00:00;Bangladesh;11189.715818120403;Southern Asia
BD;2013-07-22 05:00:00;Bangladesh;11224.44056808193;Southern Asia
BD;2013-07-22 06:00:00;Bangladesh;11224.44056808193;Southern Asia
BD;2013-07-22 07:00:00;Bangladesh;11212.409461631765;Southern Asia
BD;2013-07-22 08:00:00;Bangladesh;11212.409461631765;Southern Asia
BD;2013-07-22 09:00:00;Bangladesh;11192.640757429628;Southern Asia
BD;2013-07-22 10:00:00;Bangladesh;11081.433701442125;Southern Asia
BD;2013-07-22 11:00:00;Bangladesh;11067.596903676706;Southern Asia
BD;2013-07-22 12:00:00;Bangladesh;12032.952076075597;Southern Asia
BD;2013-07-22 13:00:00;Bangladesh;12085.392676155812;Southern Asia
BD;2013-07-22 14:00:00;Bangladesh;11832.491198620759;Southern Asia
BD;2013-07-22 15:00:00;Bangladesh;10674.938372143946;Southern Asia
BD;2013-07-22 16:00:00;Bangladesh;9870.662089924966;Southern Asia
BD;2013-07-22 17:00:00;Bangladesh;8917.904663510317;Southern Asia
BD;2013-07-22 18:00:00;Bangladesh;9935.740370585156;Southern Asia
BD;2013-07-22 19:00:00;Bangladesh;9603.337747449254;Southern Asia
BD;2013-07-22 20:00:00;Bangladesh;9194.979523225717;Southern Asia
BD;2013-07-22 21:00:00;Bangladesh;9009.269082327904;Southern Asia
BD;2013-07-22 22:00:00;Bangladesh;9184.353682820058;Southern Asia
BD;2013-07-22 23:00:00;Bangladesh;9508.6441864548;Southern Asia
BD;2013-07-23 00:00:00;Bangladesh;9510.839509906815;Southern Asia
BD;2013-07-23 01:00:00;Bangladesh;9519.009912331481;Southern Asia
BD;2013-07-23 02:00:00;Bangladesh;9899.950338299568;Southern Asia
BD;2013-07-23 03:00:00;Bangladesh;11035.339464143553;Southern Asia
BD;2013-07-23 04:00:00;Bangladesh;11231.065393720319;Southern Asia
BD;2013-07-23 05:00:00;Bangladesh;11224.44056808193;Southern Asia
BD;2013-07-23 06:00:00;Bangladesh;11185.190257041588;Southern Asia
BD;2013-07-23 07:00:00;Bangladesh;11173.159150591424;Southern Asia
BD;2013-07-23 08:00:00;Bangladesh;11212.409461631765;Southern Asia
BD;2013-07-23 09:00:00;Bangladesh;11016.001405987314;Southern Asia
BD;2013-07-23 10:00:00;Bangladesh;10790.965641767985;Southern Asia
BD;2013-07-23 11:00:00;Bangladesh;10881.845988526462;Southern Asia
BD;2013-07-23 12:00:00;Bangladesh;11932.645006096904;Southern Asia
BD;2013-07-23 13:00:00;Bangladesh;11952.378092956898;Southern Asia
BD;2013-07-23 14:00:00;Bangladesh;11662.622380125593;Southern Asia
BD;2013-07-23 15:00:00;Bangladesh;10674.938372143946;Southern Asia
BD;2013-07-23 16:00:00;Bangladesh;9880.863760165117;Southern Asia
BD;2013-07-23 17:00:00;Bangladesh;8782.40981812225;Southern Asia
BD;2013-07-23 18:00:00;Bangladesh;9938.463478288912;Southern Asia
BD;2013-07-23 19:00:00;Bangladesh;9606.06085515301;Southern Asia
BD;2013-07-23 20:00:00;Bangladesh;9197.702630929472;Southern Asia
BD;2013-07-23 21:00:00;Bangladesh;9007.052712264622;Southern Asia
BD;2013-07-23 22:00:00;Bangladesh;9184.353682820058;Southern Asia
BD;2013-07-23 23:00:00;Bangladesh;9508.6441864548;Southern Asia
BD;2013-07-24 00:00:00;Bangladesh;9510.839509906815;Southern Asia
BD;2013-07-24 01:00:00;Bangladesh;9519.009912331481;Southern Asia
BD;2013-07-24 02:00:00;Bangladesh;9913.550766430772;Southern Asia
BD;2013-07-24 03:00:00;Bangladesh;10861.821487048945;Southern Asia
BD;2013-07-24 04:00:00;Bangladesh;11094.770777104159;Southern Asia
BD;2013-07-24 05:00:00;Bangladesh;11185.190257041588;Southern Asia
BD;2013-07-24 06:00:00;Bangladesh;11000.252064880218;Southern Asia
BD;2013-07-24 07:00:00;Bangladesh;10988.220958430053;Southern Asia
BD;2013-07-24 08:00:00;Bangladesh;10996.51979914911;Southern Asia
BD;2013-07-24 09:00:00;Bangladesh;10961.584583074926;Southern Asia
BD;2013-07-24 10:00:00;Bangladesh;10790.965641767985;Southern Asia
BD;2013-07-24 11:00:00;Bangladesh;10881.845988526462;Southern Asia
BD;2013-07-24 12:00:00;Bangladesh;11899.937492876683;Southern Asia
BD;2013-07-24 13:00:00;Bangladesh;11915.526016287444;Southern Asia
BD;2013-07-24 14:00:00;Bangladesh;11641.770045271625;Southern Asia
BD;2013-07-24 15:00:00;Bangladesh;10685.140042384097;Southern Asia
BD;2013-07-24 16:00:00;Bangladesh;9880.863760165117;Southern Asia
BD;2013-07-24 17:00:00;Bangladesh;8782.40981812225;Southern Asia
BD;2013-07-24 18:00:00;Bangladesh;9938.463478288912;Southern Asia
BD;2013-07-24 19:00:00;Bangladesh;9606.06085515301;Southern Asia
BD;2013-07-24 20:00:00;Bangladesh;9197.702630929472;Southern Asia
BD;2013-07-24 21:00:00;Bangladesh;9064.574719823744;Southern Asia
BD;2013-07-24 22:00:00;Bangladesh;9239.6566220324;Southern Asia
BD;2013-07-24 23:00:00;Bangladesh;9563.947125667142;Southern Asia
BD;2013-07-25 00:00:00;Bangladesh;9566.14244911916;Southern Asia
BD;2013-07-25 01:00:00;Bangladesh;9519.009912331481;Southern Asia
BD;2013-07-25 02:00:00;Bangladesh;9835.682622001455;Southern Asia
BD;2013-07-25 03:00:00;Bangladesh;10557.203628723895;Southern Asia
BD;2013-07-25 04:00:00;Bangladesh;10750.970604482858;Southern Asia
BD;2013-07-25 05:00:00;Bangladesh;10954.134082686884;Southern Asia
BD;2013-07-25 06:00:00;Bangladesh;11090.245216025345;Southern Asia
BD;2013-07-25 07:00:00;Bangladesh;11173.159150591424;Southern Asia
BD;2013-07-25 08:00:00;Bangladesh;11078.21410957518;Southern Asia
BD;2013-07-25 09:00:00;Bangladesh;10915.801188035046;Southern Asia
BD;2013-07-25 10:00:00;Bangladesh;10613.551343305733;Southern Asia
BD;2013-07-25 11:00:00;Bangladesh;10611.393795822654;Southern Asia
BD;2013-07-25 12:00:00;Bangladesh;11685.670038431579;Southern Asia
BD;2013-07-25 13:00:00;Bangladesh;11668.948235952672;Southern Asia
BD;2013-07-25 14:00:00;Bangladesh;11410.925416342978;Southern Asia
BD;2013-07-25 15:00:00;Bangladesh;10607.27189795478;Southern Asia
BD;2013-07-25 16:00:00;Bangladesh;9802.995615735801;Southern Asia
BD;2013-07-25 17:00:00;Bangladesh;8689.63743497666;Southern Asia
BD;2013-07-25 18:00:00;Bangladesh;9875.949646262938;Southern Asia
BD;2013-07-25 19:00:00;Bangladesh;9543.547023127036;Southern Asia
BD;2013-07-25 20:00:00;Bangladesh;9197.702630929472;Southern Asia
BD;2013-07-25 21:00:00;Bangladesh;8978.699688949595;Southern Asia
BD;2013-07-25 22:00:00;Bangladesh;9153.784289441748;Southern Asia
BD;2013-07-25 23:00:00;Bangladesh;9478.07479307649;Southern Asia
BD;2013-07-26 00:00:00;Bangladesh;9480.270116528507;Southern Asia
BD;2013-07-26 01:00:00;Bangladesh;9488.440518953174;Southern Asia
BD;2013-07-26 02:00:00;Bangladesh;9863.685408118754;Southern Asia
BD;2013-07-26 03:00:00;Bangladesh;10470.037199368755;Southern Asia
BD;2013-07-26 04:00:00;Bangladesh;10618.22153237991;Southern Asia
BD;2013-07-26 05:00:00;Bangladesh;10618.812996122146;Southern Asia
BD;2013-07-26 06:00:00;Bangladesh;10601.327039757283;Southern Asia
BD;2013-07-26 07:00:00;Bangladesh;10602.896361438323;Southern Asia
BD;2013-07-26 08:00:00;Bangladesh;10589.29593330712;Southern Asia
BD;2013-07-26 09:00:00;Bangladesh;10595.469605945043;Southern Asia
BD;2013-07-26 10:00:00;Bangladesh;10566.30655792464;Southern Asia
BD;2013-07-26 11:00:00;Bangladesh;10589.059563672905;Southern Asia
BD;2013-07-26 12:00:00;Bangladesh;11600.71512222943;Southern Asia
BD;2013-07-26 13:00:00;Bangladesh;11668.032978190966;Southern Asia
BD;2013-07-26 14:00:00;Bangladesh;11410.01015858127;Southern Asia
BD;2013-07-26 15:00:00;Bangladesh;10607.27189795478;Southern Asia
BD;2013-07-26 16:00:00;Bangladesh;9802.995615735801;Southern Asia
BD;2013-07-26 17:00:00;Bangladesh;8662.91687317647;Southern Asia
BD;2013-07-26 18:00:00;Bangladesh;9682.413643571199;Southern Asia
BD;2013-07-26 19:00:00;Bangladesh;9504.337725995827;Southern Asia
BD;2013-07-26 20:00:00;Bangladesh;9321.808561339325;Southern Asia
BD;2013-07-26 21:00:00;Bangladesh;9106.853584259543;Southern Asia
BD;2013-07-26 22:00:00;Bangladesh;9091.666565432928;Southern Asia
BD;2013-07-26 23:00:00;Bangladesh;9593.310925979618;Southern Asia
BD;2013-07-27 00:00:00;Bangladesh;9707.071637467356;Southern Asia
BD;2013-07-27 01:00:00;Bangladesh;9853.593827845223;Southern Asia
BD;2013-07-27 02:00:00;Bangladesh;10076.705176275495;Southern Asia
BD;2013-07-27 03:00:00;Bangladesh;10879.666854775418;Southern Asia
BD;2013-07-27 04:00:00;Bangladesh;10895.585648086038;Southern Asia
BD;2013-07-27 05:00:00;Bangladesh;10827.106450908;Southern Asia
BD;2013-07-27 06:00:00;Bangladesh;10827.106450908;Southern Asia
BD;2013-07-27 07:00:00;Bangladesh;10726.54574228072;Southern Asia
BD;2013-07-27 08:00:00;Bangladesh;10810.320968938597;Southern Asia
BD;2013-07-27 09:00:00;Bangladesh;10810.320968938597;Southern Asia
BD;2013-07-27 10:00:00;Bangladesh;10501.814344439694;Southern Asia
BD;2013-07-27 11:00:00;Bangladesh;10795.004432504193;Southern Asia
BD;2013-07-27 12:00:00;Bangladesh;12256.332173542029;Southern Asia
BD;2013-07-27 13:00:00;Bangladesh;12320.320347669998;Southern Asia
BD;2013-07-27 14:00:00;Bangladesh;11981.45047865185;Southern Asia
BD;2013-07-27 15:00:00;Bangladesh;10713.652264425362;Southern Asia
BD;2013-07-27 16:00:00;Bangladesh;9233.341559339307;Southern Asia
BD;2013-07-27 17:00:00;Bangladesh;8081.777842909319;Southern Asia
BD;2013-07-27 18:00:00;Bangladesh;9661.00438300374;Southern Asia
BD;2013-07-27 19:00:00;Bangladesh;9457.794494323589;Southern Asia
BD;2013-07-27 20:00:00;Bangladesh;9321.808561339325;Southern Asia
BD;2013-07-27 21:00:00;Bangladesh;9170.373336372675;Southern Asia
BD;2013-07-27 22:00:00;Bangladesh;9494.34220461474;Southern Asia
BD;2013-07-27 23:00:00;Bangladesh;9783.008890227222;Southern Asia
BD;2013-07-28 00:00:00;Bangladesh;9828.699464314852;Southern Asia
BD;2013-07-28 01:00:00;Bangladesh;9853.593827845223;Southern Asia
BD;2013-07-28 02:00:00;Bangladesh;10120.148619867992;Southern Asia
BD;2013-07-28 03:00:00;Bangladesh;10879.666854775418;Southern Asia
BD;2013-07-28 04:00:00;Bangladesh;10895.585648086038;Southern Asia
BD;2013-07-28 05:00:00;Bangladesh;10827.106450908;Southern Asia
BD;2013-07-28 06:00:00;Bangladesh;10827.106450908;Southern Asia
BD;2013-07-28 07:00:00;Bangladesh;10815.075344457835;Southern Asia
BD;2013-07-28 08:00:00;Bangladesh;10810.320968938597;Southern Asia
BD;2013-07-28 09:00:00;Bangladesh;10810.320968938597;Southern Asia
BD;2013-07-28 10:00:00;Bangladesh;10501.814344439694;Southern Asia
BD;2013-07-28 11:00:00;Bangladesh;10665.379972689147;Southern Asia
BD;2013-07-28 12:00:00;Bangladesh;12126.708793040381;Southern Asia
BD;2013-07-28 13:00:00;Bangladesh;12320.320347669998;Southern Asia
BD;2013-07-28 14:00:00;Bangladesh;11808.383654557705;Southern Asia
BD;2013-07-28 15:00:00;Bangladesh;10670.208820832866;Southern Asia
BD;2013-07-28 16:00:00;Bangladesh;9189.89811574681;Southern Asia
BD;2013-07-28 17:00:00;Bangladesh;8069.072705241954;Southern Asia
BD;2013-07-28 18:00:00;Bangladesh;8940.86759571454;Southern Asia
BD;2013-07-28 19:00:00;Bangladesh;8518.2948140362;Southern Asia
BD;2013-07-28 20:00:00;Bangladesh;8396.238499769603;Southern Asia
BD;2013-07-28 21:00:00;Bangladesh;8169.09645545361;Southern Asia
BD;2013-07-28 22:00:00;Bangladesh;8233.37172694551;Southern Asia
BD;2013-07-28 23:00:00;Bangladesh;8834.196354283133;Southern Asia
BD;2013-07-29 00:00:00;Bangladesh;8836.393836361945;Southern Asia
BD;2013-07-29 01:00:00;Bangladesh;9042.297151627401;Southern Asia
BD;2013-07-29 02:00:00;Bangladesh;9627.717278488666;Southern Asia
BD;2013-07-29 03:00:00;Bangladesh;10481.923677823555;Southern Asia
BD;2013-07-29 04:00:00;Bangladesh;10598.330865763774;Southern Asia
BD;2013-07-29 05:00:00;Bangladesh;10607.500712395207;Southern Asia
BD;2013-07-29 06:00:00;Bangladesh;10700.862400656237;Southern Asia
BD;2013-07-29 07:00:00;Bangladesh;10595.469605945043;Southern Asia
BD;2013-07-29 08:00:00;Bangladesh;10595.469605945043;Southern Asia
BD;2013-07-29 09:00:00;Bangladesh;10595.469605945043;Southern Asia
BD;2013-07-29 10:00:00;Bangladesh;10602.896361438323;Southern Asia
BD;2013-07-29 11:00:00;Bangladesh;10589.059563672905;Southern Asia
BD;2013-07-29 12:00:00;Bangladesh;11590.51345198928;Southern Asia
BD;2013-07-29 13:00:00;Bangladesh;11657.831307950815;Southern Asia
BD;2013-07-29 14:00:00;Bangladesh;11410.01015858127;Southern Asia
BD;2013-07-29 15:00:00;Bangladesh;10607.27189795478;Southern Asia
BD;2013-07-29 16:00:00;Bangladesh;9802.995615735801;Southern Asia
BD;2013-07-29 17:00:00;Bangladesh;8499.032847474537;Southern Asia
BD;2013-07-29 18:00:00;Bangladesh;9642.025736209112;Southern Asia
BD;2013-07-29 19:00:00;Bangladesh;9381.902572726449;Southern Asia
BD;2013-07-29 20:00:00;Bangladesh;9199.519115378707;Southern Asia
BD;2013-07-29 21:00:00;Bangladesh;8169.09645545361;Southern Asia
BD;2013-07-29 22:00:00;Bangladesh;8751.109189916635;Southern Asia
BD;2013-07-29 23:00:00;Bangladesh;9356.44912485579;Southern Asia
BD;2013-07-30 00:00:00;Bangladesh;9480.270116528507;Southern Asia
BD;2013-07-30 01:00:00;Bangladesh;9488.440518953174;Southern Asia
BD;2013-07-30 02:00:00;Bangladesh;9835.682622001455;Southern Asia
BD;2013-07-30 03:00:00;Bangladesh;10714.102338112429;Southern Asia
BD;2013-07-30 04:00:00;Bangladesh;10890.1567016929;Southern Asia
BD;2013-07-30 05:00:00;Bangladesh;10979.532485574233;Southern Asia
BD;2013-07-30 06:00:00;Bangladesh;10979.532485574233;Southern Asia
BD;2013-07-30 07:00:00;Bangladesh;10942.102976236718;Southern Asia
BD;2013-07-30 08:00:00;Bangladesh;10896.319581196842;Southern Asia
BD;2013-07-30 09:00:00;Bangladesh;10961.584583074926;Southern Asia
BD;2013-07-30 10:00:00;Bangladesh;10606.781889671982;Southern Asia
BD;2013-07-30 11:00:00;Bangladesh;10599.714545540315;Southern Asia
BD;2013-07-30 12:00:00;Bangladesh;11685.670038431579;Southern Asia
BD;2013-07-30 13:00:00;Bangladesh;11752.987894393113;Southern Asia
BD;2013-07-30 14:00:00;Bangladesh;11410.925416342978;Southern Asia
BD;2013-07-30 15:00:00;Bangladesh;10607.27189795478;Southern Asia
BD;2013-07-30 16:00:00;Bangladesh;9802.995615735801;Southern Asia
BD;2013-07-30 17:00:00;Bangladesh;8662.91687317647;Southern Asia
BD;2013-07-30 18:00:00;Bangladesh;9716.92145153968;Southern Asia
BD;2013-07-30 19:00:00;Bangladesh;9456.798288057014;Southern Asia
BD;2013-07-30 20:00:00;Bangladesh;9253.006649455212;Southern Asia
BD;2013-07-30 21:00:00;Bangladesh;8167.515261325191;Southern Asia
BD;2013-07-30 22:00:00;Bangladesh;8751.109189916635;Southern Asia
BD;2013-07-30 23:00:00;Bangladesh;9288.380066769081;Southern Asia
BD;2013-07-31 00:00:00;Bangladesh;9480.270116528507;Southern Asia
BD;2013-07-31 01:00:00;Bangladesh;9488.440518953174;Southern Asia
BD;2013-07-31 02:00:00;Bangladesh;9863.685408118754;Southern Asia
BD;2013-07-31 03:00:00;Bangladesh;10475.154224189804;Southern Asia
BD;2013-07-31 04:00:00;Bangladesh;10623.33855720096;Southern Asia
BD;2013-07-31 05:00:00;Bangladesh;10625.582449755897;Southern Asia
BD;2013-07-31 06:00:00;Bangladesh;10700.862400656237;Southern Asia
BD;2013-07-31 07:00:00;Bangladesh;10613.551343305733;Southern Asia
BD;2013-07-31 08:00:00;Bangladesh;10613.551343305733;Southern Asia
BD;2013-07-31 09:00:00;Bangladesh;10688.831294206071;Southern Asia
BD;2013-07-31 10:00:00;Bangladesh;10602.896361438323;Southern Asia
BD;2013-07-31 11:00:00;Bangladesh;10589.059563672905;Southern Asia
BD;2013-07-31 12:00:00;Bangladesh;11600.71512222943;Southern Asia
BD;2013-07-31 13:00:00;Bangladesh;11668.032978190966;Southern Asia
BD;2013-07-31 14:00:00;Bangladesh;11410.01015858127;Southern Asia
BD;2013-07-31 15:00:00;Bangladesh;10608.324228518064;Southern Asia
BD;2013-07-31 16:00:00;Bangladesh;9675.561082805782;Southern Asia
BD;2013-07-31 17:00:00;Bangladesh;8481.884716203323;Southern Asia
BD;2013-07-31 18:00:00;Bangladesh;7966.772143416714;Southern Asia
BD;2013-07-31 19:00:00;Bangladesh;7431.820711057082;Southern Asia
BD;2013-07-31 20:00:00;Bangladesh;7156.698868935795;Southern Asia
BD;2013-07-31 21:00:00;Bangladesh;6753.341643342996;Southern Asia
BD;2013-07-31 22:00:00;Bangladesh;7176.917646824997;Southern Asia
BD;2013-07-31 23:00:00;Bangladesh;7950.992041877767;Southern Asia
BD;2013-08-01 00:00:00;Bangladesh;7981.803741113982;Southern Asia
BD;2013-08-01 01:00:00;Bangladesh;8640.474709686896;Southern Asia
BD;2013-08-01 02:00:00;Bangladesh;9677.98306207143;Southern Asia
BD;2013-08-01 03:00:00;Bangladesh;10380.769346827246;Southern Asia
BD;2013-08-01 04:00:00;Bangladesh;10618.936037849544;Southern Asia
BD;2013-08-01 05:00:00;Bangladesh;10648.688390985388;Southern Asia
BD;2013-08-01 06:00:00;Bangladesh;10679.835217031754;Southern Asia
BD;2013-08-01 07:00:00;Bangladesh;10659.376831568143;Southern Asia
BD;2013-08-01 08:00:00;Bangladesh;10659.376831568143;Southern Asia
BD;2013-08-01 09:00:00;Bangladesh;10656.138891373428;Southern Asia
BD;2013-08-01 10:00:00;Bangladesh;10543.232996097096;Southern Asia
BD;2013-08-01 11:00:00;Bangladesh;10540.809937518052;Southern Asia
BD;2013-08-01 12:00:00;Bangladesh;11592.433550524745;Southern Asia
BD;2013-08-01 13:00:00;Bangladesh;11627.97426141534;Southern Asia
BD;2013-08-01 14:00:00;Bangladesh;11317.688928436142;Southern Asia
BD;2013-08-01 15:00:00;Bangladesh;10530.165748784622;Southern Asia
BD;2013-08-01 16:00:00;Bangladesh;9690.580808055669;Southern Asia
BD;2013-08-01 17:00:00;Bangladesh;8577.224785923323;Southern Asia
BD;2013-08-01 18:00:00;Bangladesh;8057.520274283908;Southern Asia
BD;2013-08-01 19:00:00;Bangladesh;7522.568841924277;Southern Asia
BD;2013-08-01 20:00:00;Bangladesh;7129.748953038479;Southern Asia
BD;2013-08-01 21:00:00;Bangladesh;6831.863312034944;Southern Asia
BD;2013-08-01 22:00:00;Bangladesh;7703.724040624823;Southern Asia
BD;2013-08-01 23:00:00;Bangladesh;8291.881845920718;Southern Asia
BD;2013-08-02 00:00:00;Bangladesh;8294.079327999532;Southern Asia
BD;2013-08-02 01:00:00;Bangladesh;8786.406515635928;Southern Asia
BD;2013-08-02 02:00:00;Bangladesh;9810.791496411279;Southern Asia
BD;2013-08-02 03:00:00;Bangladesh;10643.210875489327;Southern Asia
BD;2013-08-02 04:00:00;Bangladesh;10820.471911449027;Southern Asia
BD;2013-08-02 05:00:00;Bangladesh;10960.287248370241;Southern Asia
BD;2013-08-02 06:00:00;Bangladesh;10960.287248370241;Southern Asia
BD;2013-08-02 07:00:00;Bangladesh;10948.256141920077;Southern Asia
BD;2013-08-02 08:00:00;Bangladesh;10948.256141920077;Southern Asia
BD;2013-08-02 09:00:00;Bangladesh;11083.192982281253;Southern Asia
BD;2013-08-02 10:00:00;Bangladesh;10671.023702448534;Southern Asia
BD;2013-08-02 11:00:00;Bangladesh;10660.173364856044;Southern Asia
BD;2013-08-02 12:00:00;Bangladesh;11697.383826742664;Southern Asia
BD;2013-08-02 13:00:00;Bangladesh;11738.236918179387;Southern Asia
BD;2013-08-02 14:00:00;Bangladesh;11476.099755895608;Southern Asia
BD;2013-08-02 15:00:00;Bangladesh;10608.033893213938;Southern Asia
BD;2013-08-02 16:00:00;Bangladesh;9768.450031798382;Southern Asia
BD;2013-08-02 17:00:00;Bangladesh;8669.997169068914;Southern Asia
BD;2013-08-02 18:00:00;Bangladesh;8238.559446794143;Southern Asia
BD;2013-08-02 19:00:00;Bangladesh;7688.239670956994;Southern Asia
BD;2013-08-02 20:00:00;Bangladesh;7264.889783631923;Southern Asia
BD;2013-08-02 21:00:00;Bangladesh;7394.185052860506;Southern Asia
BD;2013-08-02 22:00:00;Bangladesh;8047.370411086874;Southern Asia
BD;2013-08-02 23:00:00;Bangladesh;8530.795421814599;Southern Asia
BD;2013-08-03 00:00:00;Bangladesh;8614.56039499519;Southern Asia
BD;2013-08-03 01:00:00;Bangladesh;9157.200316347173;Southern Asia
BD;2013-08-03 02:00:00;Bangladesh;10323.922989455423;Southern Asia
BD;2013-08-03 03:00:00;Bangladesh;10826.62939438598;Southern Asia
BD;2013-08-03 04:00:00;Bangladesh;10957.602995948824;Southern Asia
BD;2013-08-03 05:00:00;Bangladesh;10910.119682306718;Southern Asia
BD;2013-08-03 06:00:00;Bangladesh;10910.119682306718;Southern Asia
BD;2013-08-03 07:00:00;Bangladesh;10898.088575856555;Southern Asia
BD;2013-08-03 08:00:00;Bangladesh;10893.334200337315;Southern Asia
BD;2013-08-03 09:00:00;Bangladesh;10922.433568867222;Southern Asia
BD;2013-08-03 10:00:00;Bangladesh;10799.354065499094;Southern Asia
BD;2013-08-03 11:00:00;Bangladesh;10830.950965232525;Southern Asia
BD;2013-08-03 12:00:00;Bangladesh;12245.188262705216;Southern Asia
BD;2013-08-03 13:00:00;Bangladesh;12311.450550163272;Southern Asia
BD;2013-08-03 14:00:00;Bangladesh;11991.632721250831;Southern Asia
BD;2013-08-03 15:00:00;Bangladesh;10841.631850621494;Southern Asia
BD;2013-08-03 16:00:00;Bangladesh;9397.257964443188;Southern Asia
BD;2013-08-03 17:00:00;Bangladesh;8421.877049888059;Southern Asia
BD;2013-08-03 18:00:00;Bangladesh;8235.835799433687;Southern Asia
BD;2013-08-03 19:00:00;Bangladesh;7685.516023596539;Southern Asia
BD;2013-08-03 20:00:00;Bangladesh;7264.889783631923;Southern Asia
BD;2013-08-03 21:00:00;Bangladesh;7394.185052860506;Southern Asia
BD;2013-08-03 22:00:00;Bangladesh;7992.067471874531;Southern Asia
BD;2013-08-03 23:00:00;Bangladesh;8475.492482602256;Southern Asia
BD;2013-08-04 00:00:00;Bangladesh;8559.257455782848;Southern Asia
BD;2013-08-04 01:00:00;Bangladesh;9101.895218508034;Southern Asia
BD;2013-08-04 02:00:00;Bangladesh;10323.922989455423;Southern Asia
BD;2013-08-04 03:00:00;Bangladesh;10826.62939438598;Southern Asia
BD;2013-08-04 04:00:00;Bangladesh;10920.650543133332;Southern Asia
BD;2013-08-04 05:00:00;Bangladesh;10919.73744399842;Southern Asia
BD;2013-08-04 06:00:00;Bangladesh;10910.119682306718;Southern Asia
BD;2013-08-04 07:00:00;Bangladesh;10898.088575856555;Southern Asia
BD;2013-08-04 08:00:00;Bangladesh;10835.527254041055;Southern Asia
BD;2013-08-04 09:00:00;Bangladesh;10851.84755193582;Southern Asia
BD;2013-08-04 10:00:00;Bangladesh;10822.9403011908;Southern Asia
BD;2013-08-04 11:00:00;Bangladesh;10830.931537591357;Southern Asia
BD;2013-08-04 12:00:00;Bangladesh;12292.518313844772;Southern Asia
BD;2013-08-04 13:00:00;Bangladesh;12368.15983473352;Southern Asia
BD;2013-08-04 14:00:00;Bangladesh;12047.110509233691;Southern Asia
BD;2013-08-04 15:00:00;Bangladesh;10840.956200434197;Southern Asia
BD;2013-08-04 16:00:00;Bangladesh;9396.58231425589;Southern Asia
BD;2013-08-04 17:00:00;Bangladesh;8317.218188287668;Southern Asia
BD;2013-08-04 18:00:00;Bangladesh;8334.366859215581;Southern Asia
BD;2013-08-04 19:00:00;Bangladesh;7727.134887889315;Southern Asia
BD;2013-08-04 20:00:00;Bangladesh;7129.748953038479;Southern Asia
BD;2013-08-04 21:00:00;Bangladesh;7159.198019109417;Southern Asia
BD;2013-08-04 22:00:00;Bangladesh;7732.077063939849;Southern Asia
BD;2013-08-04 23:00:00;Bangladesh;8320.234869235745;Southern Asia
BD;2013-08-05 00:00:00;Bangladesh;8322.431811657858;Southern Asia
BD;2013-08-05 01:00:00;Bangladesh;8759.45713939531;Southern Asia
BD;2013-08-05 02:00:00;Bangladesh;9755.488557198936;Southern Asia
BD;2013-08-05 03:00:00;Bangladesh;10506.971303856477;Southern Asia
BD;2013-08-05 04:00:00;Bangladesh;10675.933499097122;Southern Asia
BD;2013-08-05 05:00:00;Bangladesh;10734.252039944144;Southern Asia
BD;2013-08-05 06:00:00;Bangladesh;10815.946350370214;Southern Asia
BD;2013-08-05 07:00:00;Bangladesh;10722.220933493978;Southern Asia
BD;2013-08-05 08:00:00;Bangladesh;10722.220933493978;Southern Asia
BD;2013-08-05 09:00:00;Bangladesh;10678.858438406349;Southern Asia
BD;2013-08-05 10:00:00;Bangladesh;10534.604964791577;Southern Asia
BD;2013-08-05 11:00:00;Bangladesh;10532.181906212532;Southern Asia
BD;2013-08-05 12:00:00;Bangladesh;11583.805519219228;Southern Asia
BD;2013-08-05 13:00:00;Bangladesh;11659.75140648628;Southern Asia
BD;2013-08-05 14:00:00;Bangladesh;11369.95144180565;Southern Asia
BD;2013-08-05 15:00:00;Bangladesh;10530.165748784622;Southern Asia
BD;2013-08-05 16:00:00;Bangladesh;9690.580808055669;Southern Asia
BD;2013-08-05 17:00:00;Bangladesh;8577.224785923323;Southern Asia
BD;2013-08-05 18:00:00;Bangladesh;8057.520274283908;Southern Asia
BD;2013-08-05 19:00:00;Bangladesh;7577.87178113662;Southern Asia
BD;2013-08-05 20:00:00;Bangladesh;7185.051892250822;Southern Asia
BD;2013-08-05 21:00:00;Bangladesh;7186.147935006734;Southern Asia
BD;2013-08-05 22:00:00;Bangladesh;7703.724040624823;Southern Asia
BD;2013-08-05 23:00:00;Bangladesh;8291.881845920718;Southern Asia
BD;2013-08-06 00:00:00;Bangladesh;8294.079327999532;Southern Asia
BD;2013-08-06 01:00:00;Bangladesh;8786.406515635928;Southern Asia
BD;2013-08-06 02:00:00;Bangladesh;9783.491343316235;Southern Asia
BD;2013-08-06 03:00:00;Bangladesh;10403.443562697441;Southern Asia
BD;2013-08-06 04:00:00;Bangladesh;10577.633952039152;Southern Asia
BD;2013-08-06 05:00:00;Bangladesh;10546.636071241743;Southern Asia
BD;2013-08-06 06:00:00;Bangladesh;10546.636071241743;Southern Asia
BD;2013-08-06 07:00:00;Bangladesh;10511.455851026158;Southern Asia
BD;2013-08-06 08:00:00;Bangladesh;10535.107924835156;Southern Asia
BD;2013-08-06 09:00:00;Bangladesh;10535.107924835156;Southern Asia
BD;2013-08-06 10:00:00;Bangladesh;10470.840208537045;Southern Asia
BD;2013-08-06 11:00:00;Bangladesh;10468.417149957999;Southern Asia
BD;2013-08-06 12:00:00;Bangladesh;11487.020248858988;Southern Asia
BD;2013-08-06 13:00:00;Bangladesh;11513.05868459149;Southern Asia
BD;2013-08-06 14:00:00;Bangladesh;11255.035864981795;Southern Asia
BD;2013-08-06 15:00:00;Bangladesh;10531.218079347906;Southern Asia
BD;2013-08-06 16:00:00;Bangladesh;9563.147354439046;Southern Asia
BD;2013-08-06 17:00:00;Bangladesh;8386.6201984212;Southern Asia
BD;2013-08-06 18:00:00;Bangladesh;8005.230238422748;Southern Asia
BD;2013-08-06 19:00:00;Bangladesh;7470.2788060631165;Southern Asia
BD;2013-08-06 20:00:00;Bangladesh;7156.698868935795;Southern Asia
BD;2013-08-06 21:00:00;Bangladesh;6831.863312034944;Southern Asia
BD;2013-08-06 22:00:00;Bangladesh;7703.724040624823;Southern Asia
BD;2013-08-06 23:00:00;Bangladesh;8256.497095816167;Southern Asia
BD;2013-08-07 00:00:00;Bangladesh;8294.079327999532;Southern Asia
BD;2013-08-07 01:00:00;Bangladesh;8786.406515635928;Southern Asia
BD;2013-08-07 02:00:00;Bangladesh;9810.791496411279;Southern Asia
BD;2013-08-07 03:00:00;Bangladesh;10376.971242978845;Southern Asia
BD;2013-08-07 04:00:00;Bangladesh;10551.161632320556;Southern Asia
BD;2013-08-07 05:00:00;Bangladesh;10546.636071241743;Southern Asia
BD;2013-08-07 06:00:00;Bangladesh;10546.636071241743;Southern Asia
BD;2013-08-07 07:00:00;Bangladesh;10534.604964791577;Southern Asia
BD;2013-08-07 08:00:00;Bangladesh;10517.271191615866;Southern Asia
BD;2013-08-07 09:00:00;Bangladesh;10534.604964791577;Southern Asia
BD;2013-08-07 10:00:00;Bangladesh;10543.232996097096;Southern Asia
BD;2013-08-07 11:00:00;Bangladesh;10534.040483884299;Southern Asia
BD;2013-08-07 12:00:00;Bangladesh;11513.407302819121;Southern Asia
BD;2013-08-07 13:00:00;Bangladesh;11580.725158780653;Southern Asia
BD;2013-08-07 14:00:00;Bangladesh;11322.702339170963;Southern Asia
BD;2013-08-07 15:00:00;Bangladesh;10608.033893213938;Southern Asia
BD;2013-08-07 16:00:00;Bangladesh;9690.580808055669;Southern Asia
BD;2013-08-07 17:00:00;Bangladesh;8577.224785923323;Southern Asia
BD;2013-08-07 18:00:00;Bangladesh;8271.851947876208;Southern Asia
BD;2013-08-07 19:00:00;Bangladesh;7664.619976549942;Southern Asia
BD;2013-08-07 20:00:00;Bangladesh;7129.748953038479;Southern Asia
BD;2013-08-07 21:00:00;Bangladesh;7186.147935006734;Southern Asia
BD;2013-08-07 22:00:00;Bangladesh;7703.724040624823;Southern Asia
BD;2013-08-07 23:00:00;Bangladesh;8291.881845920718;Southern Asia
BD;2013-08-08 00:00:00;Bangladesh;8294.079327999532;Southern Asia
BD;2013-08-08 01:00:00;Bangladesh;8814.760078607655;Southern Asia
BD;2013-08-08 02:00:00;Bangladesh;9755.488557198936;Southern Asia
BD;2013-08-08 03:00:00;Bangladesh;10380.769346827246;Southern Asia
BD;2013-08-08 04:00:00;Bangladesh;10650.075308702124;Southern Asia
BD;2013-08-08 05:00:00;Bangladesh;10546.636071241743;Southern Asia
BD;2013-08-08 06:00:00;Bangladesh;10645.54974762331;Southern Asia
BD;2013-08-08 07:00:00;Bangladesh;10602.379370320567;Southern Asia
BD;2013-08-08 08:00:00;Bangladesh;10534.604964791577;Southern Asia
BD;2013-08-08 09:00:00;Bangladesh;10535.107924835156;Southern Asia
BD;2013-08-08 10:00:00;Bangladesh;10535.107924835156;Southern Asia
BD;2013-08-08 11:00:00;Bangladesh;10532.684866256111;Southern Asia
BD;2013-08-08 12:00:00;Bangladesh;11513.407302819121;Southern Asia
BD;2013-08-08 13:00:00;Bangladesh;11580.725158780653;Southern Asia
BD;2013-08-08 14:00:00;Bangladesh;11322.702339170963;Southern Asia
BD;2013-08-08 15:00:00;Bangladesh;10530.165748784622;Southern Asia
BD;2013-08-08 16:00:00;Bangladesh;9690.580808055669;Southern Asia
BD;2013-08-08 17:00:00;Bangladesh;8577.224785923323;Southern Asia
BD;2013-08-08 18:00:00;Bangladesh;8057.520274283908;Southern Asia
BD;2013-08-08 19:00:00;Bangladesh;7522.568841924277;Southern Asia
BD;2013-08-08 20:00:00;Bangladesh;7129.748953038479;Southern Asia
BD;2013-08-08 21:00:00;Bangladesh;7186.147935006734;Southern Asia
BD;2013-08-08 22:00:00;Bangladesh;7703.724040624823;Southern Asia
BD;2013-08-08 23:00:00;Bangladesh;8291.881845920718;Southern Asia
BD;2013-08-09 00:00:00;Bangladesh;8267.128872445515;Southern Asia
BD;2013-08-09 01:00:00;Bangladesh;8759.45713939531;Southern Asia
BD;2013-08-09 02:00:00;Bangladesh;9808.742959581423;Southern Asia
BD;2013-08-09 03:00:00;Bangladesh;10376.971242978845;Southern Asia
BD;2013-08-09 04:00:00;Bangladesh;10598.083702995576;Southern Asia
BD;2013-08-09 05:00:00;Bangladesh;10645.54974762331;Southern Asia
BD;2013-08-09 06:00:00;Bangladesh;10734.252039944144;Southern Asia
BD;2013-08-09 07:00:00;Bangladesh;10667.80411058159;Southern Asia
BD;2013-08-09 08:00:00;Bangladesh;10633.518641173147;Southern Asia
BD;2013-08-09 09:00:00;Bangladesh;10653.00024801135;Southern Asia
BD;2013-08-09 10:00:00;Bangladesh;10601.008642304803;Southern Asia
BD;2013-08-09 11:00:00;Bangladesh;10619.437918579726;Southern Asia
BD;2013-08-09 12:00:00;Bangladesh;11650.210276045853;Southern Asia
BD;2013-08-09 13:00:00;Bangladesh;11633.790681318449;Southern Asia
BD;2013-08-09 14:00:00;Bangladesh;11393.100555571069;Southern Asia
BD;2013-08-09 15:00:00;Bangladesh;10608.033893213938;Southern Asia
BD;2013-08-09 16:00:00;Bangladesh;9768.450031798382;Southern Asia
BD;2013-08-09 17:00:00;Bangladesh;8669.997169068914;Southern Asia
BD;2013-08-09 18:00:00;Bangladesh;8238.559446794143;Southern Asia
BD;2013-08-09 19:00:00;Bangladesh;7688.239670956994;Southern Asia
BD;2013-08-09 20:00:00;Bangladesh;7264.889783631923;Southern Asia
BD;2013-08-09 21:00:00;Bangladesh;7394.185052860506;Southern Asia
BD;2013-08-09 22:00:00;Bangladesh;8047.370411086874;Southern Asia
BD;2013-08-09 23:00:00;Bangladesh;8530.795421814599;Southern Asia
BD;2013-08-10 00:00:00;Bangladesh;8614.56039499519;Southern Asia
BD;2013-08-10 01:00:00;Bangladesh;9157.200316347173;Southern Asia
BD;2013-08-10 02:00:00;Bangladesh;10323.922989455423;Southern Asia
BD;2013-08-10 03:00:00;Bangladesh;10832.564538762892;Southern Asia
BD;2013-08-10 04:00:00;Bangladesh;10841.410591374854;Southern Asia
BD;2013-08-10 05:00:00;Bangladesh;10844.526569155569;Southern Asia
BD;2013-08-10 06:00:00;Bangladesh;10844.526569155569;Southern Asia
BD;2013-08-10 07:00:00;Bangladesh;10783.995435842158;Southern Asia
BD;2013-08-10 08:00:00;Bangladesh;10779.241060322918;Southern Asia
BD;2013-08-10 09:00:00;Bangladesh;10804.248751760104;Southern Asia
BD;2013-08-10 10:00:00;Bangladesh;10769.384770370205;Southern Asia
BD;2013-08-10 11:00:00;Bangladesh;10792.683908697978;Southern Asia
BD;2013-08-10 12:00:00;Bangladesh;12254.012729049215;Southern Asia
BD;2013-08-10 13:00:00;Bangladesh;12318.000903177182;Southern Asia
BD;2013-08-10 14:00:00;Bangladesh;11979.131034159036;Southern Asia
BD;2013-08-10 15:00:00;Bangladesh;10752.426598257081;Southern Asia
BD;2013-08-10 16:00:00;Bangladesh;9308.052712078774;Southern Asia
BD;2013-08-10 17:00:00;Bangladesh;8201.96856396706;Southern Asia
BD;2013-08-10 18:00:00;Bangladesh;8065.414912135324;Southern Asia
BD;2013-08-10 19:00:00;Bangladesh;7587.375675264809;Southern Asia
BD;2013-08-10 20:00:00;Bangladesh;7320.1927228442655;Southern Asia
BD;2013-08-10 21:00:00;Bangladesh;6984.4463868006205;Southern Asia
BD;2013-08-10 22:00:00;Bangladesh;7602.57078894191;Southern Asia
BD;2013-08-10 23:00:00;Bangladesh;8271.91238942651;Southern Asia
BD;2013-08-11 00:00:00;Bangladesh;8446.192361780275;Southern Asia
BD;2013-08-11 01:00:00;Bangladesh;8923.893773557142;Southern Asia
BD;2013-08-11 02:00:00;Bangladesh;10063.50949066863;Southern Asia
BD;2013-08-11 03:00:00;Bangladesh;10843.577852678518;Southern Asia
BD;2013-08-11 04:00:00;Bangladesh;10877.431596727667;Southern Asia
BD;2013-08-11 05:00:00;Bangladesh;10821.034233729511;Southern Asia
BD;2013-08-11 06:00:00;Bangladesh;10821.034233729511;Southern Asia
BD;2013-08-11 07:00:00;Bangladesh;10807.647509651159;Southern Asia
BD;2013-08-11 08:00:00;Bangladesh;10805.616241835674;Southern Asia
BD;2013-08-11 09:00:00;Bangladesh;10802.893134131918;Southern Asia
BD;2013-08-11 10:00:00;Bangladesh;10683.240450803196;Southern Asia
BD;2013-08-11 11:00:00;Bangladesh;10792.683908697978;Southern Asia
BD;2013-08-11 12:00:00;Bangladesh;12254.012729049215;Southern Asia
BD;2013-08-11 13:00:00;Bangladesh;12318.000903177182;Southern Asia
BD;2013-08-11 14:00:00;Bangladesh;11979.131034159036;Southern Asia
BD;2013-08-11 15:00:00;Bangladesh;10752.426598257081;Southern Asia
BD;2013-08-11 16:00:00;Bangladesh;9308.052712078774;Southern Asia
BD;2013-08-11 17:00:00;Bangladesh;8201.96856396706;Southern Asia
BD;2013-08-11 18:00:00;Bangladesh;8005.230238422748;Southern Asia
BD;2013-08-11 19:00:00;Bangladesh;7470.2788060631165;Southern Asia
BD;2013-08-11 20:00:00;Bangladesh;7156.698868935795;Southern Asia
BD;2013-08-11 21:00:00;Bangladesh;6770.686209652688;Southern Asia
BD;2013-08-11 22:00:00;Bangladesh;7349.439417653033;Southern Asia
BD;2013-08-11 23:00:00;Bangladesh;8032.998813532628;Southern Asia
BD;2013-08-12 00:00:00;Bangladesh;8125.710755127918;Southern Asia
BD;2013-08-12 01:00:00;Bangladesh;8664.780847415228;Southern Asia
BD;2013-08-12 02:00:00;Bangladesh;9783.491343316235;Southern Asia
BD;2013-08-12 03:00:00;Bangladesh;10385.599274284363;Southern Asia
BD;2013-08-12 04:00:00;Bangladesh;10551.161632320556;Southern Asia
BD;2013-08-12 05:00:00;Bangladesh;10546.636071241743;Southern Asia
BD;2013-08-12 06:00:00;Bangladesh;10546.636071241743;Southern Asia
BD;2013-08-12 07:00:00;Bangladesh;10529.483622716936;Southern Asia
BD;2013-08-12 08:00:00;Bangladesh;10534.604964791577;Southern Asia
BD;2013-08-12 09:00:00;Bangladesh;10639.845576313619;Southern Asia
BD;2013-08-12 10:00:00;Bangladesh;10534.604964791577;Southern Asia
BD;2013-08-12 11:00:00;Bangladesh;10532.181906212532;Southern Asia
BD;2013-08-12 12:00:00;Bangladesh;11583.805519219228;Southern Asia
BD;2013-08-12 13:00:00;Bangladesh;11651.123375180761;Southern Asia
BD;2013-08-12 14:00:00;Bangladesh;11401.728586876587;Southern Asia
BD;2013-08-12 15:00:00;Bangladesh;10530.165748784622;Southern Asia
BD;2013-08-12 16:00:00;Bangladesh;9690.580808055669;Southern Asia
BD;2013-08-12 17:00:00;Bangladesh;8577.224785923323;Southern Asia
BD;2013-08-12 18:00:00;Bangladesh;8057.520274283908;Southern Asia
BD;2013-08-12 19:00:00;Bangladesh;7522.568841924277;Southern Asia
BD;2013-08-12 20:00:00;Bangladesh;7129.748953038479;Southern Asia
BD;2013-08-12 21:00:00;Bangladesh;6831.863312034944;Southern Asia
BD;2013-08-12 22:00:00;Bangladesh;7703.724040624823;Southern Asia
BD;2013-08-12 23:00:00;Bangladesh;8291.881845920718;Southern Asia
BD;2013-08-13 00:00:00;Bangladesh;8294.079327999532;Southern Asia
BD;2013-08-13 01:00:00;Bangladesh;8814.760078607655;Southern Asia
BD;2013-08-13 02:00:00;Bangladesh;9755.488557198936;Southern Asia
BD;2013-08-13 03:00:00;Bangladesh;10561.516565063255;Southern Asia
BD;2013-08-13 04:00:00;Bangladesh;10820.471911449027;Southern Asia
BD;2013-08-13 05:00:00;Bangladesh;10815.946350370214;Southern Asia
BD;2013-08-13 06:00:00;Bangladesh;10815.946350370214;Southern Asia
BD;2013-08-13 07:00:00;Bangladesh;10803.91524392005;Southern Asia
BD;2013-08-13 08:00:00;Bangladesh;10722.220933493978;Southern Asia
BD;2013-08-13 09:00:00;Bangladesh;10529.483622716936;Southern Asia
BD;2013-08-13 10:00:00;Bangladesh;10534.604964791577;Southern Asia
BD;2013-08-13 11:00:00;Bangladesh;10532.181906212532;Southern Asia
BD;2013-08-13 12:00:00;Bangladesh;11583.805519219228;Southern Asia
BD;2013-08-13 13:00:00;Bangladesh;11651.123375180761;Southern Asia
BD;2013-08-13 14:00:00;Bangladesh;11393.100555571069;Southern Asia
BD;2013-08-13 15:00:00;Bangladesh;10608.033893213938;Southern Asia
BD;2013-08-13 16:00:00;Bangladesh;9690.580808055669;Southern Asia
BD;2013-08-13 17:00:00;Bangladesh;8577.224785923323;Southern Asia
BD;2013-08-13 18:00:00;Bangladesh;8271.851947876208;Southern Asia
BD;2013-08-13 19:00:00;Bangladesh;7522.568841924277;Southern Asia
BD;2013-08-13 20:00:00;Bangladesh;7185.051892250822;Southern Asia
BD;2013-08-13 21:00:00;Bangladesh;7186.147935006734;Southern Asia
BD;2013-08-13 22:00:00;Bangladesh;7703.724040624823;Southern Asia
BD;2013-08-13 23:00:00;Bangladesh;8291.881845920718;Southern Asia
BD;2013-08-14 00:00:00;Bangladesh;8322.431811657858;Southern Asia
BD;2013-08-14 01:00:00;Bangladesh;8814.760078607655;Southern Asia
BD;2013-08-14 02:00:00;Bangladesh;9810.791496411279;Southern Asia
BD;2013-08-14 03:00:00;Bangladesh;10389.843134566237;Southern Asia
BD;2013-08-14 04:00:00;Bangladesh;10553.020209992323;Southern Asia
BD;2013-08-14 05:00:00;Bangladesh;10648.688390985388;Southern Asia
BD;2013-08-14 06:00:00;Bangladesh;10734.252039944144;Southern Asia
BD;2013-08-14 07:00:00;Bangladesh;10713.922092774923;Southern Asia
BD;2013-08-14 08:00:00;Bangladesh;11063.711375443048;Southern Asia
BD;2013-08-14 09:00:00;Bangladesh;10967.737748758282;Southern Asia
BD;2013-08-14 10:00:00;Bangladesh;10517.271191615866;Southern Asia
BD;2013-08-14 11:00:00;Bangladesh;10532.181906212532;Southern Asia
BD;2013-08-14 12:00:00;Bangladesh;11592.433550524745;Southern Asia
BD;2013-08-14 13:00:00;Bangladesh;11651.123375180761;Southern Asia
BD;2013-08-14 14:00:00;Bangladesh;11401.728586876587;Southern Asia
BD;2013-08-14 15:00:00;Bangladesh;10530.165748784622;Southern Asia
BD;2013-08-14 16:00:00;Bangladesh;9690.580808055669;Southern Asia
BD;2013-08-14 17:00:00;Bangladesh;8577.224785923323;Southern Asia
BD;2013-08-14 18:00:00;Bangladesh;8271.851947876208;Southern Asia
BD;2013-08-14 19:00:00;Bangladesh;7664.619976549942;Southern Asia
BD;2013-08-14 20:00:00;Bangladesh;7129.748953038479;Southern Asia
BD;2013-08-14 21:00:00;Bangladesh;7214.50095832176;Southern Asia
BD;2013-08-14 22:00:00;Bangladesh;7732.077063939849;Southern Asia
BD;2013-08-14 23:00:00;Bangladesh;8291.881845920718;Southern Asia
BD;2013-08-15 00:00:00;Bangladesh;8294.079327999532;Southern Asia
BD;2013-08-15 01:00:00;Bangladesh;8786.406515635928;Southern Asia
BD;2013-08-15 02:00:00;Bangladesh;9783.491343316235;Southern Asia
BD;2013-08-15 03:00:00;Bangladesh;10385.599274284363;Southern Asia
BD;2013-08-15 04:00:00;Bangladesh;10551.161632320556;Southern Asia
BD;2013-08-15 05:00:00;Bangladesh;10546.636071241743;Southern Asia
BD;2013-08-15 06:00:00;Bangladesh;10614.41047677073;Southern Asia
BD;2013-08-15 07:00:00;Bangladesh;10529.483622716936;Southern Asia
BD;2013-08-15 08:00:00;Bangladesh;10602.379370320567;Southern Asia
BD;2013-08-15 09:00:00;Bangladesh;10687.285717419794;Southern Asia
BD;2013-08-15 10:00:00;Bangladesh;10536.463542463345;Southern Asia
BD;2013-08-15 11:00:00;Bangladesh;10532.684866256111;Southern Asia
BD;2013-08-15 12:00:00;Bangladesh;11513.407302819121;Southern Asia
BD;2013-08-15 13:00:00;Bangladesh;11580.725158780653;Southern Asia
BD;2013-08-15 14:00:00;Bangladesh;11332.904009411111;Southern Asia
BD;2013-08-15 15:00:00;Bangladesh;10530.165748784622;Southern Asia
BD;2013-08-15 16:00:00;Bangladesh;9690.580808055669;Southern Asia
BD;2013-08-15 17:00:00;Bangladesh;8577.224785923323;Southern Asia
BD;2013-08-15 18:00:00;Bangladesh;8112.823213496251;Southern Asia
BD;2013-08-15 19:00:00;Bangladesh;7577.87178113662;Southern Asia
BD;2013-08-15 20:00:00;Bangladesh;7185.051892250822;Southern Asia
BD;2013-08-15 21:00:00;Bangladesh;6741.34831286177;Southern Asia
BD;2013-08-15 22:00:00;Bangladesh;7349.439417653033;Southern Asia
BD;2013-08-15 23:00:00;Bangladesh;8123.5138127058035;Southern Asia
BD;2013-08-16 00:00:00;Bangladesh;8125.710755127918;Southern Asia
BD;2013-08-16 01:00:00;Bangladesh;8751.022305188077;Southern Asia
BD;2013-08-16 02:00:00;Bangladesh;9783.491343316235;Southern Asia
BD;2013-08-16 03:00:00;Bangladesh;10389.843134566237;Southern Asia
BD;2013-08-16 04:00:00;Bangladesh;10553.020209992323;Southern Asia
BD;2013-08-16 05:00:00;Bangladesh;10546.636071241743;Southern Asia
BD;2013-08-16 06:00:00;Bangladesh;10555.26410254726;Southern Asia
BD;2013-08-16 07:00:00;Bangladesh;10536.463542463345;Southern Asia
BD;2013-08-16 08:00:00;Bangladesh;10536.463542463345;Southern Asia
BD;2013-08-16 09:00:00;Bangladesh;10653.00024801135;Southern Asia
BD;2013-08-16 10:00:00;Bangladesh;10536.463542463345;Southern Asia
BD;2013-08-16 11:00:00;Bangladesh;10532.684866256111;Southern Asia
BD;2013-08-16 12:00:00;Bangladesh;11513.407302819121;Southern Asia
BD;2013-08-16 13:00:00;Bangladesh;11580.725158780653;Southern Asia
BD;2013-08-16 14:00:00;Bangladesh;11322.702339170963;Southern Asia
BD;2013-08-16 15:00:00;Bangladesh;10530.165748784622;Southern Asia
BD;2013-08-16 16:00:00;Bangladesh;9690.580808055669;Southern Asia
BD;2013-08-16 17:00:00;Bangladesh;8550.504224123133;Southern Asia
BD;2013-08-16 18:00:00;Bangladesh;8144.6548638938;Southern Asia
BD;2013-08-16 19:00:00;Bangladesh;7666.615627023285;Southern Asia
BD;2013-08-16 20:00:00;Bangladesh;7320.1927228442655;Southern Asia
BD;2013-08-16 21:00:00;Bangladesh;7394.185052860506;Southern Asia
BD;2013-08-16 22:00:00;Bangladesh;7693.085788115084;Southern Asia
BD;2013-08-16 23:00:00;Bangladesh;8362.427388599684;Southern Asia
BD;2013-08-17 00:00:00;Bangladesh;8446.192361780275;Southern Asia
BD;2013-08-17 01:00:00;Bangladesh;8923.893773557142;Southern Asia
BD;2013-08-17 02:00:00;Bangladesh;10261.939100307984;Southern Asia
BD;2013-08-17 03:00:00;Bangladesh;10825.799402382732;Southern Asia
BD;2013-08-17 04:00:00;Bangladesh;10891.251125478711;Southern Asia
BD;2013-08-17 05:00:00;Bangladesh;10845.867076396182;Southern Asia
BD;2013-08-17 06:00:00;Bangladesh;10844.526569155569;Southern Asia
BD;2013-08-17 07:00:00;Bangladesh;10832.495462705405;Southern Asia
BD;2013-08-17 08:00:00;Bangladesh;10827.741087186165;Southern Asia
BD;2013-08-17 09:00:00;Bangladesh;10827.741087186165;Southern Asia
BD;2013-08-17 10:00:00;Bangladesh;10743.00958885745;Southern Asia
BD;2013-08-17 11:00:00;Bangladesh;10766.308727185226;Southern Asia
BD;2013-08-17 12:00:00;Bangladesh;12301.9374818712;Southern Asia
BD;2013-08-17 13:00:00;Bangladesh;12313.66314262966;Southern Asia
BD;2013-08-17 14:00:00;Bangladesh;11974.793273611514;Southern Asia
BD;2013-08-17 15:00:00;Bangladesh;10795.593737619629;Southern Asia
BD;2013-08-17 16:00:00;Bangladesh;9351.218772127926;Southern Asia
BD;2013-08-17 17:00:00;Bangladesh;8271.855185816403;Southern Asia
BD;2013-08-17 18:00:00;Bangladesh;8089.351924681458;Southern Asia
BD;2013-08-17 19:00:00;Bangladesh;7666.615627023285;Southern Asia
BD;2013-08-17 20:00:00;Bangladesh;7320.1927228442655;Southern Asia
BD;2013-08-17 21:00:00;Bangladesh;7039.900429888717;Southern Asia
BD;2013-08-17 22:00:00;Bangladesh;7602.57078894191;Southern Asia
BD;2013-08-17 23:00:00;Bangladesh;8271.91238942651;Southern Asia
BD;2013-08-18 00:00:00;Bangladesh;8446.192361780275;Southern Asia
BD;2013-08-18 01:00:00;Bangladesh;8909.653852237481;Southern Asia
BD;2013-08-18 02:00:00;Bangladesh;10063.50949066863;Southern Asia
BD;2013-08-18 03:00:00;Bangladesh;10843.577852678518;Southern Asia
BD;2013-08-18 04:00:00;Bangladesh;10794.010384864414;Southern Asia
BD;2013-08-18 05:00:00;Bangladesh;10736.257404238071;Southern Asia
BD;2013-08-18 06:00:00;Bangladesh;10736.257404238071;Southern Asia
BD;2013-08-18 07:00:00;Bangladesh;10810.370617354914;Southern Asia
BD;2013-08-18 08:00:00;Bangladesh;10802.893134131918;Southern Asia
BD;2013-08-18 09:00:00;Bangladesh;10804.248751760104;Southern Asia
BD;2013-08-18 10:00:00;Bangladesh;10769.384770370205;Southern Asia
BD;2013-08-18 11:00:00;Bangladesh;10792.683908697978;Southern Asia
BD;2013-08-18 12:00:00;Bangladesh;12254.012729049215;Southern Asia
BD;2013-08-18 13:00:00;Bangladesh;12318.000903177182;Southern Asia
BD;2013-08-18 14:00:00;Bangladesh;11979.131034159036;Southern Asia
BD;2013-08-18 15:00:00;Bangladesh;10579.358694849538;Southern Asia
BD;2013-08-18 16:00:00;Bangladesh;8972.523857684875;Southern Asia
BD;2013-08-18 17:00:00;Bangladesh;7820.960680911586;Southern Asia
BD;2013-08-18 18:00:00;Bangladesh;7644.974853731905;Southern Asia
BD;2013-08-18 19:00:00;Bangladesh;7044.094102097572;Southern Asia
BD;2013-08-18 20:00:00;Bangladesh;6790.840228737997;Southern Asia
BD;2013-08-18 21:00:00;Bangladesh;6775.852882890057;Southern Asia
BD;2013-08-18 22:00:00;Bangladesh;7171.750973587629;Southern Asia
BD;2013-08-18 23:00:00;Bangladesh;7969.370050766273;Southern Asia
BD;2013-08-19 00:00:00;Bangladesh;7971.567532845088;Southern Asia
BD;2013-08-19 01:00:00;Bangladesh;8630.238501418002;Southern Asia
BD;2013-08-19 02:00:00;Bangladesh;9451.572252582742;Southern Asia
BD;2013-08-19 03:00:00;Bangladesh;10403.443562697441;Southern Asia
BD;2013-08-19 04:00:00;Bangladesh;10577.633952039152;Southern Asia
BD;2013-08-19 05:00:00;Bangladesh;10560.739459416525;Southern Asia
BD;2013-08-19 06:00:00;Bangladesh;10547.139031285322;Southern Asia
BD;2013-08-19 07:00:00;Bangladesh;10535.107924835156;Southern Asia
BD;2013-08-19 08:00:00;Bangladesh;10548.70835296636;Southern Asia
BD;2013-08-19 09:00:00;Bangladesh;10470.840208537045;Southern Asia
BD;2013-08-19 10:00:00;Bangladesh;10470.840208537045;Southern Asia
BD;2013-08-19 11:00:00;Bangladesh;10468.417149957999;Southern Asia
BD;2013-08-19 12:00:00;Bangladesh;11445.740828629958;Southern Asia
BD;2013-08-19 13:00:00;Bangladesh;11513.05868459149;Southern Asia
BD;2013-08-19 14:00:00;Bangladesh;11255.035864981795;Southern Asia
BD;2013-08-19 15:00:00;Bangladesh;10531.218079347906;Southern Asia
BD;2013-08-19 16:00:00;Bangladesh;9563.147354439046;Southern Asia
BD;2013-08-19 17:00:00;Bangladesh;8369.472067149987;Southern Asia
BD;2013-08-19 18:00:00;Bangladesh;7966.772143416714;Southern Asia
BD;2013-08-19 19:00:00;Bangladesh;7431.820711057082;Southern Asia
BD;2013-08-19 20:00:00;Bangladesh;6790.840228737997;Southern Asia
BD;2013-08-19 21:00:00;Bangladesh;6770.686209652688;Southern Asia
BD;2013-08-19 22:00:00;Bangladesh;7171.750973587629;Southern Asia
BD;2013-08-19 23:00:00;Bangladesh;7969.370050766273;Southern Asia
BD;2013-08-20 00:00:00;Bangladesh;7971.567532845088;Southern Asia
BD;2013-08-20 01:00:00;Bangladesh;8630.238501418002;Southern Asia
BD;2013-08-20 02:00:00;Bangladesh;9520.15614316041;Southern Asia
BD;2013-08-20 03:00:00;Bangladesh;10366.852679870357;Southern Asia
BD;2013-08-20 04:00:00;Bangladesh;10541.044148525469;Southern Asia
BD;2013-08-20 05:00:00;Bangladesh;10482.87131498721;Southern Asia
BD;2013-08-20 06:00:00;Bangladesh;10482.87131498721;Southern Asia
BD;2013-08-20 07:00:00;Bangladesh;10548.70835296636;Southern Asia
BD;2013-08-20 08:00:00;Bangladesh;10548.70835296636;Southern Asia
BD;2013-08-20 09:00:00;Bangladesh;10470.840208537045;Southern Asia
BD;2013-08-20 10:00:00;Bangladesh;10470.840208537045;Southern Asia
BD;2013-08-20 11:00:00;Bangladesh;10468.417149957999;Southern Asia
BD;2013-08-20 12:00:00;Bangladesh;11445.740828629958;Southern Asia
BD;2013-08-20 13:00:00;Bangladesh;11513.05868459149;Southern Asia
BD;2013-08-20 14:00:00;Bangladesh;11256.087116231682;Southern Asia
BD;2013-08-20 15:00:00;Bangladesh;10425.7097981031;Southern Asia
BD;2013-08-20 16:00:00;Bangladesh;9563.147354439046;Southern Asia
BD;2013-08-20 17:00:00;Bangladesh;8263.963785905182;Southern Asia
BD;2013-08-20 18:00:00;Bangladesh;7644.974853731905;Southern Asia
BD;2013-08-20 19:00:00;Bangladesh;7044.094102097572;Southern Asia
BD;2013-08-20 20:00:00;Bangladesh;6790.840228737997;Southern Asia
BD;2013-08-20 21:00:00;Bangladesh;6742.929506990188;Southern Asia
BD;2013-08-20 22:00:00;Bangladesh;7171.750973587629;Southern Asia
BD;2013-08-20 23:00:00;Bangladesh;7969.370050766273;Southern Asia
BD;2013-08-21 00:00:00;Bangladesh;7953.188984299883;Southern Asia
BD;2013-08-21 01:00:00;Bangladesh;8630.238501418002;Southern Asia
BD;2013-08-21 02:00:00;Bangladesh;9451.572252582742;Southern Asia
BD;2013-08-21 03:00:00;Bangladesh;10389.843134566237;Southern Asia
BD;2013-08-21 04:00:00;Bangladesh;10564.033523907949;Southern Asia
BD;2013-08-21 05:00:00;Bangladesh;10523.486957476323;Southern Asia
BD;2013-08-21 06:00:00;Bangladesh;10546.636071241743;Southern Asia
BD;2013-08-21 07:00:00;Bangladesh;10534.604964791577;Southern Asia
BD;2013-08-21 08:00:00;Bangladesh;10534.604964791577;Southern Asia
BD;2013-08-21 09:00:00;Bangladesh;10601.008642304803;Southern Asia
BD;2013-08-21 10:00:00;Bangladesh;10536.463542463345;Southern Asia
BD;2013-08-21 11:00:00;Bangladesh;10534.040483884299;Southern Asia
BD;2013-08-21 12:00:00;Bangladesh;11513.407302819121;Southern Asia
BD;2013-08-21 13:00:00;Bangladesh;11580.725158780653;Southern Asia
BD;2013-08-21 14:00:00;Bangladesh;11322.702339170963;Southern Asia
BD;2013-08-21 15:00:00;Bangladesh;10530.165748784622;Southern Asia
BD;2013-08-21 16:00:00;Bangladesh;9690.580808055669;Southern Asia
BD;2013-08-21 17:00:00;Bangladesh;8550.504224123133;Southern Asia
BD;2013-08-21 18:00:00;Bangladesh;8063.061469270466;Southern Asia
BD;2013-08-21 19:00:00;Bangladesh;7470.2788060631165;Southern Asia
BD;2013-08-21 20:00:00;Bangladesh;7156.698868935795;Southern Asia
BD;2013-08-21 21:00:00;Bangladesh;6742.929506990188;Southern Asia
BD;2013-08-21 22:00:00;Bangladesh;7258.924418479859;Southern Asia
BD;2013-08-21 23:00:00;Bangladesh;8032.998813532628;Southern Asia
BD;2013-08-22 00:00:00;Bangladesh;8125.710755127918;Southern Asia
BD;2013-08-22 01:00:00;Bangladesh;8664.780847415228;Southern Asia
BD;2013-08-22 02:00:00;Bangladesh;9783.491343316235;Southern Asia
BD;2013-08-22 03:00:00;Bangladesh;10483.862124686793;Southern Asia
BD;2013-08-22 04:00:00;Bangladesh;10674.52607442582;Southern Asia
BD;2013-08-22 05:00:00;Bangladesh;10679.835217031754;Southern Asia
BD;2013-08-22 06:00:00;Bangladesh;10798.13012410549;Southern Asia
BD;2013-08-22 07:00:00;Bangladesh;10803.91524392005;Southern Asia
BD;2013-08-22 08:00:00;Bangladesh;10803.91524392005;Southern Asia
BD;2013-08-22 09:00:00;Bangladesh;10967.737748758282;Southern Asia
BD;2013-08-22 10:00:00;Bangladesh;10601.008642304803;Southern Asia
BD;2013-08-22 11:00:00;Bangladesh;10619.437918579726;Southern Asia
BD;2013-08-22 12:00:00;Bangladesh;11650.210276045853;Southern Asia
BD;2013-08-22 13:00:00;Bangladesh;11717.528132007385;Southern Asia
BD;2013-08-22 14:00:00;Bangladesh;11393.100555571069;Southern Asia
BD;2013-08-22 15:00:00;Bangladesh;10530.165748784622;Southern Asia
BD;2013-08-22 16:00:00;Bangladesh;9690.580808055669;Southern Asia
BD;2013-08-22 17:00:00;Bangladesh;8577.224785923323;Southern Asia
BD;2013-08-22 18:00:00;Bangladesh;8112.823213496251;Southern Asia
BD;2013-08-22 19:00:00;Bangladesh;7577.87178113662;Southern Asia
BD;2013-08-22 20:00:00;Bangladesh;7185.051892250822;Southern Asia
BD;2013-08-22 21:00:00;Bangladesh;6831.863312034944;Southern Asia
BD;2013-08-22 22:00:00;Bangladesh;7703.724040624823;Southern Asia
BD;2013-08-22 23:00:00;Bangladesh;8291.881845920718;Southern Asia
BD;2013-08-23 00:00:00;Bangladesh;8294.079327999532;Southern Asia
BD;2013-08-23 01:00:00;Bangladesh;8786.406515635928;Southern Asia
BD;2013-08-23 02:00:00;Bangladesh;9810.791496411279;Southern Asia
BD;2013-08-23 03:00:00;Bangladesh;10643.210875489327;Southern Asia
BD;2013-08-23 04:00:00;Bangladesh;10820.471911449027;Southern Asia
;Southern Asia
BD;2013-08-23 05:00:00;Bangladesh;10960.287248370241;Southern Asia
BD;2013-08-23 06:00:00;Bangladesh;10960.287248370241;Southern Asia
BD;2013-08-23 07:00:00;Bangladesh;10948.256141920077;Southern Asia
BD;2013-08-23 08:00:00;Bangladesh;10948.256141920077;Southern Asia
BD;2013-08-23 09:00:00;Bangladesh;11083.192982281253;Southern Asia
BD;2013-08-23 10:00:00;Bangladesh;10674.185011391975;Southern Asia
BD;2013-08-23 11:00:00;Bangladesh;10671.76195281293;Southern Asia
BD;2013-08-23 12:00:00;Bangladesh;11685.796318099174;Southern Asia
BD;2013-08-23 13:00:00;Bangladesh;11733.984423390328;Southern Asia
BD;2013-08-23 14:00:00;Bangladesh;11483.925857346236;Southern Asia
BD;2013-08-23 15:00:00;Bangladesh;10597.832222973788;Southern Asia
BD;2013-08-23 16:00:00;Bangladesh;9758.247282244834;Southern Asia
BD;2013-08-23 17:00:00;Bangladesh;8669.997169068914;Southern Asia
BD;2013-08-23 18:00:00;Bangladesh;8238.559446794143;Southern Asia
BD;2013-08-23 19:00:00;Bangladesh;7688.239670956994;Southern Asia
BD;2013-08-23 20:00:00;Bangladesh;7264.889783631923;Southern Asia
BD;2013-08-23 21:00:00;Bangladesh;7039.900429888717;Southern Asia
BD;2013-08-23 22:00:00;Bangladesh;8047.370411086874;Southern Asia
BD;2013-08-23 23:00:00;Bangladesh;8530.795421814599;Southern Asia
BD;2013-08-24 00:00:00;Bangladesh;8614.56039499519;Southern Asia
BD;2013-08-24 01:00:00;Bangladesh;9157.200316347173;Southern Asia
BD;2013-08-24 02:00:00;Bangladesh;10323.922989455423;Southern Asia
BD;2013-08-24 03:00:00;Bangladesh;10826.62939438598;Southern Asia
BD;2013-08-24 04:00:00;Bangladesh;10920.650543133332;Southern Asia
BD;2013-08-24 05:00:00;Bangladesh;10919.73744399842;Southern Asia
BD;2013-08-24 06:00:00;Bangladesh;10919.73744399842;Southern Asia
BD;2013-08-24 07:00:00;Bangladesh;10907.706337548258;Southern Asia
BD;2013-08-24 08:00:00;Bangladesh;10902.951962029016;Southern Asia
BD;2013-08-24 09:00:00;Bangladesh;10912.815807175519;Southern Asia
BD;2013-08-24 10:00:00;Bangladesh;10825.469132482871;Southern Asia
BD;2013-08-24 11:00:00;Bangladesh;10848.767191497249;Southern Asia
BD;2013-08-24 12:00:00;Bangladesh;12245.188262705216;Southern Asia
BD;2013-08-24 13:00:00;Bangladesh;12311.450550163272;Southern Asia
BD;2013-08-24 14:00:00;Bangladesh;11991.263596068635;Southern Asia
BD;2013-08-24 15:00:00;Bangladesh;10841.631850621494;Southern Asia
BD;2013-08-24 16:00:00;Bangladesh;9397.257964443188;Southern Asia
BD;2013-08-24 17:00:00;Bangladesh;8421.877049888059;Southern Asia
BD;2013-08-24 18:00:00;Bangladesh;8235.835799433687;Southern Asia
BD;2013-08-24 19:00:00;Bangladesh;7685.516023596539;Southern Asia
BD;2013-08-24 20:00:00;Bangladesh;7264.889783631923;Southern Asia
BD;2013-08-24 21:00:00;Bangladesh;7338.882113648163;Southern Asia
BD;2013-08-24 22:00:00;Bangladesh;7992.067471874531;Southern Asia
BD;2013-08-24 23:00:00;Bangladesh;8475.492482602256;Southern Asia
BD;2013-08-25 00:00:00;Bangladesh;8559.257455782848;Southern Asia
BD;2013-08-25 01:00:00;Bangladesh;9101.895218508034;Southern Asia
BD;2013-08-25 02:00:00;Bangladesh;10323.922989455423;Southern Asia
BD;2013-08-25 03:00:00;Bangladesh;10826.62939438598;Southern Asia
BD;2013-08-25 04:00:00;Bangladesh;10965.121493080951;Southern Asia
BD;2013-08-25 05:00:00;Bangladesh;10910.119682306718;Southern Asia
BD;2013-08-25 06:00:00;Bangladesh;10910.119682306718;Southern Asia
BD;2013-08-25 07:00:00;Bangladesh;10898.088575856555;Southern Asia
BD;2013-08-25 08:00:00;Bangladesh;10893.334200337315;Southern Asia
BD;2013-08-25 09:00:00;Bangladesh;10912.815807175519;Southern Asia
BD;2013-08-25 10:00:00;Bangladesh;10807.652906218149;Southern Asia
BD;2013-08-25 11:00:00;Bangladesh;10822.652124513468;Southern Asia
BD;2013-08-25 12:00:00;Bangladesh;12261.39847063336;Southern Asia
BD;2013-08-25 13:00:00;Bangladesh;12358.780601302828;Southern Asia
BD;2013-08-25 14:00:00;Bangladesh;12026.288395154874;Southern Asia
BD;2013-08-25 15:00:00;Bangladesh;10921.176168758273;Southern Asia
BD;2013-08-25 16:00:00;Bangladesh;9392.24455370837;Southern Asia
BD;2013-08-25 17:00:00;Bangladesh;8423.664392875542;Southern Asia
BD;2013-08-25 18:00:00;Bangladesh;8331.643211855126;Southern Asia
BD;2013-08-25 19:00:00;Bangladesh;7724.41124052886;Southern Asia
BD;2013-08-25 20:00:00;Bangladesh;7127.025305678025;Southern Asia
BD;2013-08-25 21:00:00;Bangladesh;7159.198019109417;Southern Asia
BD;2013-08-25 22:00:00;Bangladesh;7676.774124727505;Southern Asia
BD;2013-08-25 23:00:00;Bangladesh;8264.931930023402;Southern Asia
BD;2013-08-26 00:00:00;Bangladesh;8267.128872445515;Southern Asia
BD;2013-08-26 01:00:00;Bangladesh;8759.45713939531;Southern Asia
BD;2013-08-26 02:00:00;Bangladesh;9833.35778094165;Southern Asia
BD;2013-08-26 03:00:00;Bangladesh;10743.080823541735;Southern Asia
BD;2013-08-26 04:00:00;Bangladesh;10864.94286139665;Southern Asia
BD;2013-08-26 05:00:00;Bangladesh;10960.287248370241;Southern Asia
BD;2013-08-26 06:00:00;Bangladesh;11075.742481893212;Southern Asia
BD;2013-08-26 07:00:00;Bangladesh;11077.64315278751;Southern Asia
BD;2013-08-26 08:00:00;Bangladesh;11063.711375443048;Southern Asia
BD;2013-08-26 09:00:00;Bangladesh;10677.451013735046;Southern Asia
BD;2013-08-26 10:00:00;Bangladesh;10548.70835296636;Southern Asia
BD;2013-08-26 11:00:00;Bangladesh;10532.684866256111;Southern Asia
BD;2013-08-26 12:00:00;Bangladesh;11513.407302819121;Southern Asia
BD;2013-08-26 13:00:00;Bangladesh;11580.725158780653;Southern Asia
BD;2013-08-26 14:00:00;Bangladesh;11332.904009411111;Southern Asia
BD;2013-08-26 15:00:00;Bangladesh;10530.165748784622;Southern Asia
BD;2013-08-26 16:00:00;Bangladesh;9690.580808055669;Southern Asia
BD;2013-08-26 17:00:00;Bangladesh;8577.224785923323;Southern Asia
BD;2013-08-26 18:00:00;Bangladesh;8112.823213496251;Southern Asia
BD;2013-08-26 19:00:00;Bangladesh;7522.568841924277;Southern Asia
BD;2013-08-26 20:00:00;Bangladesh;7185.051892250822;Southern Asia
BD;2013-08-26 21:00:00;Bangladesh;7186.147935006734;Southern Asia
BD;2013-08-26 22:00:00;Bangladesh;7703.724040624823;Southern Asia
BD;2013-08-26 23:00:00;Bangladesh;8291.881845920718;Southern Asia
BD;2013-08-27 00:00:00;Bangladesh;8294.079327999532;Southern Asia
BD;2013-08-27 01:00:00;Bangladesh;8786.406515635928;Southern Asia
BD;2013-08-27 02:00:00;Bangladesh;9783.491343316235;Southern Asia
BD;2013-08-27 03:00:00;Bangladesh;10385.599274284363;Southern Asia
BD;2013-08-27 04:00:00;Bangladesh;10551.161632320556;Southern Asia
BD;2013-08-27 05:00:00;Bangladesh;10546.636071241743;Southern Asia
BD;2013-08-27 06:00:00;Bangladesh;10555.26410254726;Southern Asia
BD;2013-08-27 07:00:00;Bangladesh;10543.232996097096;Southern Asia
BD;2013-08-27 08:00:00;Bangladesh;10543.232996097096;Southern Asia
BD;2013-08-27 09:00:00;Bangladesh;10470.840208537045;Southern Asia
BD;2013-08-27 10:00:00;Bangladesh;10470.840208537045;Southern Asia
BD;2013-08-27 11:00:00;Bangladesh;10468.417149957999;Southern Asia
BD;2013-08-27 12:00:00;Bangladesh;11445.740828629958;Southern Asia
BD;2013-08-27 13:00:00;Bangladesh;11513.05868459149;Southern Asia
BD;2013-08-27 14:00:00;Bangladesh;11255.035864981795;Southern Asia
BD;2013-08-27 15:00:00;Bangladesh;10531.218079347906;Southern Asia
BD;2013-08-27 16:00:00;Bangladesh;9563.147354439046;Southern Asia
BD;2013-08-27 17:00:00;Bangladesh;8369.472067149987;Southern Asia
BD;2013-08-27 18:00:00;Bangladesh;7644.974853731905;Southern Asia
BD;2013-08-27 19:00:00;Bangladesh;7044.094102097572;Southern Asia
BD;2013-08-27 20:00:00;Bangladesh;6790.840228737997;Southern Asia
BD;2013-08-27 21:00:00;Bangladesh;6742.929506990188;Southern Asia
BD;2013-08-27 22:00:00;Bangladesh;7260.505612608278;Southern Asia
BD;2013-08-27 23:00:00;Bangladesh;7969.370050766273;Southern Asia
BD;2013-08-28 00:00:00;Bangladesh;7953.745910013374;Southern Asia
BD;2013-08-28 01:00:00;Bangladesh;8614.688833289581;Southern Asia
BD;2013-08-28 02:00:00;Bangladesh;9571.829351414477;Southern Asia
BD;2013-08-28 03:00:00;Bangladesh;10389.843134566237;Southern Asia
BD;2013-08-28 04:00:00;Bangladesh;10564.033523907949;Southern Asia
BD;2013-08-28 05:00:00;Bangladesh;10548.494648913509;Southern Asia
BD;2013-08-28 06:00:00;Bangladesh;10555.26410254726;Southern Asia
BD;2013-08-28 07:00:00;Bangladesh;10536.463542463345;Southern Asia
BD;2013-08-28 08:00:00;Bangladesh;10535.107924835156;Southern Asia
BD;2013-08-28 09:00:00;Bangladesh;10535.107924835156;Southern Asia
BD;2013-08-28 10:00:00;Bangladesh;10470.840208537045;Southern Asia
BD;2013-08-28 11:00:00;Bangladesh;10468.417149957999;Southern Asia
BD;2013-08-28 12:00:00;Bangladesh;11445.740828629958;Southern Asia
BD;2013-08-28 13:00:00;Bangladesh;11513.05868459149;Southern Asia
BD;2013-08-28 14:00:00;Bangladesh;11255.035864981795;Southern Asia
BD;2013-08-28 15:00:00;Bangladesh;10531.218079347906;Southern Asia
BD;2013-08-28 16:00:00;Bangladesh;9563.147354439046;Southern Asia
BD;2013-08-28 17:00:00;Bangladesh;8263.963785905182;Southern Asia
BD;2013-08-28 18:00:00;Bangladesh;7644.974853731905;Southern Asia
BD;2013-08-28 19:00:00;Bangladesh;7044.094102097572;Southern Asia
BD;2013-08-28 20:00:00;Bangladesh;6700.325229564822;Southern Asia
BD;2013-08-28 21:00:00;Bangladesh;6770.686209652688;Southern Asia
BD;2013-08-28 22:00:00;Bangladesh;7349.439417653033;Southern Asia
BD;2013-08-28 23:00:00;Bangladesh;8123.5138127058035;Southern Asia
BD;2013-08-29 00:00:00;Bangladesh;8125.710755127918;Southern Asia
BD;2013-08-29 01:00:00;Bangladesh;8664.780847415228;Southern Asia
BD;2013-08-29 02:00:00;Bangladesh;9783.491343316235;Southern Asia
BD;2013-08-29 03:00:00;Bangladesh;10385.599274284363;Southern Asia
BD;2013-08-29 04:00:00;Bangladesh;10551.161632320556;Southern Asia
BD;2013-08-29 05:00:00;Bangladesh;10546.636071241743;Southern Asia
BD;2013-08-29 06:00:00;Bangladesh;10546.636071241743;Southern Asia
BD;2013-08-29 07:00:00;Bangladesh;10534.604964791577;Southern Asia
BD;2013-08-29 08:00:00;Bangladesh;10534.604964791577;Southern Asia
BD;2013-08-29 09:00:00;Bangladesh;10534.604964791577;Southern Asia
BD;2013-08-29 10:00:00;Bangladesh;10536.463542463345;Southern Asia
BD;2013-08-29 11:00:00;Bangladesh;10534.040483884299;Southern Asia
BD;2013-08-29 12:00:00;Bangladesh;11508.393892084305;Southern Asia
BD;2013-08-29 13:00:00;Bangladesh;11575.711748045836;Southern Asia
BD;2013-08-29 14:00:00;Bangladesh;11322.702339170963;Southern Asia
BD;2013-08-29 15:00:00;Bangladesh;10530.165748784622;Southern Asia
BD;2013-08-29 16:00:00;Bangladesh;9690.580808055669;Southern Asia
BD;2013-08-29 17:00:00;Bangladesh;8577.224785923323;Southern Asia
BD;2013-08-29 18:00:00;Bangladesh;8112.823213496251;Southern Asia
BD;2013-08-29 19:00:00;Bangladesh;7556.46306022586;Southern Asia
BD;2013-08-29 20:00:00;Bangladesh;7156.698868935795;Southern Asia
BD;2013-08-29 21:00:00;Bangladesh;6831.863312034944;Southern Asia
BD;2013-08-29 22:00:00;Bangladesh;7703.724040624823;Southern Asia
BD;2013-08-29 23:00:00;Bangladesh;8291.881845920718;Southern Asia
BD;2013-08-30 00:00:00;Bangladesh;8294.079327999532;Southern Asia
BD;2013-08-30 01:00:00;Bangladesh;8786.406515635928;Southern Asia
BD;2013-08-30 02:00:00;Bangladesh;9810.791496411279;Southern Asia
BD;2013-08-30 03:00:00;Bangladesh;10445.025190677976;Southern Asia
BD;2013-08-30 04:00:00;Bangladesh;10598.083702995576;Southern Asia
BD;2013-08-30 05:00:00;Bangladesh;10682.996525975195;Southern Asia
BD;2013-08-30 06:00:00;Bangladesh;10636.171593506017;Southern Asia
BD;2013-08-30 07:00:00;Bangladesh;10534.604964791577;Southern Asia
BD;2013-08-30 08:00:00;Bangladesh;10529.483622716936;Southern Asia
BD;2013-08-30 09:00:00;Bangladesh;10678.858438406349;Southern Asia
BD;2013-08-30 10:00:00;Bangladesh;10534.604964791577;Southern Asia
BD;2013-08-30 11:00:00;Bangladesh;10532.181906212532;Southern Asia
BD;2013-08-30 12:00:00;Bangladesh;11583.805519219228;Southern Asia
BD;2013-08-30 13:00:00;Bangladesh;11659.75140648628;Southern Asia
BD;2013-08-30 14:00:00;Bangladesh;11401.728586876587;Southern Asia
BD;2013-08-30 15:00:00;Bangladesh;10608.033893213938;Southern Asia
BD;2013-08-30 16:00:00;Bangladesh;9768.450031798382;Southern Asia
BD;2013-08-30 17:00:00;Bangladesh;8577.224785923323;Southern Asia
BD;2013-08-30 18:00:00;Bangladesh;8238.559446794143;Southern Asia
BD;2013-08-30 19:00:00;Bangladesh;7688.239670956994;Southern Asia
BD;2013-08-30 20:00:00;Bangladesh;7264.889783631923;Southern Asia
BD;2013-08-30 21:00:00;Bangladesh;7394.185052860506;Southern Asia
BD;2013-08-30 22:00:00;Bangladesh;8047.370411086874;Southern Asia
BD;2013-08-30 23:00:00;Bangladesh;8530.795421814599;Southern Asia
BD;2013-08-31 00:00:00;Bangladesh;8614.56039499519;Southern Asia
BD;2013-08-31 01:00:00;Bangladesh;9101.895218508034;Southern Asia
BD;2013-08-31 02:00:00;Bangladesh;10323.922989455423;Southern Asia
BD;2013-08-31 03:00:00;Bangladesh;10808.813168121256;Southern Asia
BD;2013-08-31 04:00:00;Bangladesh;10894.535476149551;Southern Asia
BD;2013-08-31 05:00:00;Bangladesh;10875.2664940508;Southern Asia
BD;2013-08-31 06:00:00;Bangladesh;10919.73744399842;Southern Asia
BD;2013-08-31 07:00:00;Bangladesh;10907.706337548258;Southern Asia
BD;2013-08-31 08:00:00;Bangladesh;10858.481012081396;Southern Asia
BD;2013-08-31 09:00:00;Bangladesh;10894.29694788854;Southern Asia
BD;2013-08-31 10:00:00;Bangladesh;10768.017280294636;Southern Asia
BD;2013-08-31 11:00:00;Bangladesh;10766.308727185226;Southern Asia
BD;2013-08-31 12:00:00;Bangladesh;12301.9374818712;Southern Asia
BD;2013-08-31 13:00:00;Bangladesh;12365.925655999168;Southern Asia
BD;2013-08-31 14:00:00;Bangladesh;11974.793273611514;Southern Asia
BD;2013-08-31 15:00:00;Bangladesh;10840.956200434197;Southern Asia
BD;2013-08-31 16:00:00;Bangladesh;9396.58231425589;Southern Asia
BD;2013-08-31 17:00:00;Bangladesh;8317.218188287668;Southern Asia
BD;2013-08-31 18:00:00;Bangladesh;8504.781270633555;Southern Asia
BD;2013-08-31 19:00:00;Bangladesh;7936.21732076928;Southern Asia
BD;2013-08-31 20:00:00;Bangladesh;7512.867433444209;Southern Asia
BD;2013-08-31 21:00:00;Bangladesh;7556.135488609495;Southern Asia
BD;2013-08-31 22:00:00;Bangladesh;8209.320846835863;Southern Asia
BD;2013-08-31 23:00:00;Bangladesh;8665.684232729553;Southern Asia
BD;2013-09-01 00:00:00;Bangladesh;8749.449205910145;Southern Asia
BD;2013-09-01 01:00:00;Bangladesh;9274.196809402829;Southern Asia
BD;2013-09-01 02:00:00;Bangladesh;10326.39245851059;Southern Asia
BD;2013-09-01 03:00:00;Bangladesh;10941.893589437463;Southern Asia
BD;2013-09-01 04:00:00;Bangladesh;10969.331894647481;Southern Asia
BD;2013-09-01 05:00:00;Bangladesh;11046.441281757836;Southern Asia
BD;2013-09-01 06:00:00;Bangladesh;11012.246474674841;Southern Asia
BD;2013-09-01 07:00:00;Bangladesh;10931.995206262214;Southern Asia
BD;2013-09-01 08:00:00;Bangladesh;10904.959484949739;Southern Asia
BD;2013-09-01 09:00:00;Bangladesh;10904.959484949739;Southern Asia
BD;2013-09-01 10:00:00;Bangladesh;10874.996665701241;Southern Asia
BD;2013-09-01 11:00:00;Bangladesh;10898.295804029016;Southern Asia
BD;2013-09-01 12:00:00;Bangladesh;12356.654353908298;Southern Asia
BD;2013-09-01 13:00:00;Bangladesh;12420.642528036266;Southern Asia
BD;2013-09-01 14:00:00;Bangladesh;12070.655731016263;Southern Asia
BD;2013-09-01 15:00:00;Bangladesh;10931.806326417523;Southern Asia
BD;2013-09-01 16:00:00;Bangladesh;9613.956032661124;Southern Asia
BD;2013-09-01 17:00:00;Bangladesh;8534.591906692904;Southern Asia
BD;2013-09-01 18:00:00;Bangladesh;8630.383129413367;Southern Asia
BD;2013-09-01 19:00:00;Bangladesh;7942.392072720603;Southern Asia
BD;2013-09-01 20:00:00;Bangladesh;7407.521049209141;Southern Asia
BD;2013-09-01 21:00:00;Bangladesh;7408.352120525785;Southern Asia
BD;2013-09-01 22:00:00;Bangladesh;7912.653211002239;Southern Asia
BD;2013-09-01 23:00:00;Bangladesh;8263.745764598738;Southern Asia
BD;2013-09-02 00:00:00;Bangladesh;8265.942707020853;Southern Asia
BD;2013-09-02 01:00:00;Bangladesh;8912.140050650325;Southern Asia
BD;2013-09-02 02:00:00;Bangladesh;9739.392756491006;Southern Asia
BD;2013-09-02 03:00:00;Bangladesh;10350.861572562057;Southern Asia
BD;2013-09-02 04:00:00;Bangladesh;10499.045905573212;Southern Asia
BD;2013-09-02 05:00:00;Bangladesh;10512.969048410489;Southern Asia
BD;2013-09-02 06:00:00;Bangladesh;10469.512653057212;Southern Asia
BD;2013-09-02 07:00:00;Bangladesh;10465.003281679372;Southern Asia
BD;2013-09-02 08:00:00;Bangladesh;10482.489238044232;Southern Asia
BD;2013-09-02 09:00:00;Bangladesh;10489.258691677986;Southern Asia
BD;2013-09-02 10:00:00;Bangladesh;10478.603709810573;Southern Asia
BD;2013-09-02 11:00:00;Bangladesh;10476.180651231529;Southern Asia
BD;2013-09-02 12:00:00;Bangladesh;11487.836209788056;Southern Asia
BD;2013-09-02 13:00:00;Bangladesh;11555.154065749588;Southern Asia
BD;2013-09-02 14:00:00;Bangladesh;11297.131246139894;Southern Asia
BD;2013-09-02 15:00:00;Bangladesh;10495.445316076688;Southern Asia
BD;2013-09-02 16:00:00;Bangladesh;9527.37459116783;Southern Asia
BD;2013-09-02 17:00:00;Bangladesh;8350.846355836586;Southern Asia
BD;2013-09-02 18:00:00;Bangladesh;8301.246508620534;Southern Asia
BD;2013-09-02 19:00:00;Bangladesh;7709.592807227744;Southern Asia
BD;2013-09-02 20:00:00;Bangladesh;7434.470965106457;Southern Asia
BD;2013-09-02 21:00:00;Bangladesh;6916.744834926013;Southern Asia
BD;2013-09-02 22:00:00;Bangladesh;7509.979730447223;Southern Asia
BD;2013-09-02 23:00:00;Bangladesh;8174.811959553983;Southern Asia
BD;2013-09-03 00:00:00;Bangladesh;8175.4282475043765;Southern Asia
BD;2013-09-03 01:00:00;Bangladesh;8790.514382429625;Southern Asia
BD;2013-09-03 02:00:00;Bangladesh;9739.392756491006;Southern Asia
BD;2013-09-03 03:00:00;Bangladesh;10339.549288835118;Southern Asia
BD;2013-09-03 04:00:00;Bangladesh;10482.612279771633;Southern Asia
BD;2013-09-03 05:00:00;Bangladesh;10667.976800725308;Southern Asia
BD;2013-09-03 06:00:00;Bangladesh;10690.696347758229;Southern Asia
BD;2013-09-03 07:00:00;Bangladesh;10516.758517751705;Southern Asia
BD;2013-09-03 08:00:00;Bangladesh;10466.055612242653;Southern Asia
BD;2013-09-03 09:00:00;Bangladesh;10471.176954317296;Southern Asia
BD;2013-09-03 10:00:00;Bangladesh;10465.003281679372;Southern Asia
BD;2013-09-03 11:00:00;Bangladesh;10462.580223100325;Southern Asia
BD;2013-09-03 12:00:00;Bangladesh;11477.634539547906;Southern Asia
BD;2013-09-03 13:00:00;Bangladesh;11544.952395509437;Southern Asia
BD;2013-09-03 14:00:00;Bangladesh;11286.929575899743;Southern Asia
BD;2013-09-03 15:00:00;Bangladesh;10494.392985513407;Southern Asia
BD;2013-09-03 16:00:00;Bangladesh;9654.808044784451;Southern Asia
BD;2013-09-03 17:00:00;Bangladesh;8541.450943338708;Southern Asia
BD;2013-09-03 18:00:00;Bangladesh;8408.839483694037;Southern Asia
BD;2013-09-03 19:00:00;Bangladesh;7855.6438773072805;Southern Asia
BD;2013-09-03 20:00:00;Bangladesh;7462.8239884214845;Southern Asia
BD;2013-09-03 21:00:00;Bangladesh;6916.744834926013;Southern Asia
BD;2013-09-03 22:00:00;Bangladesh;7509.979730447223;Southern Asia
BD;2013-09-03 23:00:00;Bangladesh;8263.745764598738;Southern Asia
BD;2013-09-04 00:00:00;Bangladesh;8265.942707020853;Southern Asia
BD;2013-09-04 01:00:00;Bangladesh;8790.514382429625;Southern Asia
BD;2013-09-04 02:00:00;Bangladesh;9739.392756491006;Southern Asia
BD;2013-09-04 03:00:00;Bangladesh;10281.475752129498;Southern Asia
BD;2013-09-04 04:00:00;Bangladesh;10507.529308883366;Southern Asia
BD;2013-09-04 05:00:00;Bangladesh;10465.874287591749;Southern Asia
BD;2013-09-04 06:00:00;Bangladesh;10667.976800725308;Southern Asia
BD;2013-09-04 07:00:00;Bangladesh;10655.945694275142;Southern Asia
BD;2013-09-04 08:00:00;Bangladesh;10749.84703923529;Southern Asia
BD;2013-09-04 09:00:00;Bangladesh;10790.04822537948;Southern Asia
BD;2013-09-04 10:00:00;Bangladesh;10465.003281679372;Southern Asia
BD;2013-09-04 11:00:00;Bangladesh;10462.580223100325;Southern Asia
BD;2013-09-04 12:00:00;Bangladesh;11477.634539547906;Southern Asia
BD;2013-09-04 13:00:00;Bangladesh;11544.952395509437;Southern Asia
BD;2013-09-04 14:00:00;Bangladesh;11286.929575899743;Southern Asia
BD;2013-09-04 15:00:00;Bangladesh;10494.392985513407;Southern Asia
BD;2013-09-04 16:00:00;Bangladesh;9654.808044784451;Southern Asia
BD;2013-09-04 17:00:00;Bangladesh;8541.450943338708;Southern Asia
BD;2013-09-04 18:00:00;Bangladesh;8408.839483694037;Southern Asia
BD;2013-09-04 19:00:00;Bangladesh;7855.6438773072805;Southern Asia
BD;2013-09-04 20:00:00;Bangladesh;7462.8239884214845;Southern Asia
BD;2013-09-04 21:00:00;Bangladesh;7436.705143840811;Southern Asia
BD;2013-09-04 22:00:00;Bangladesh;7912.653211002239;Southern Asia
BD;2013-09-04 23:00:00;Bangladesh;8481.794053877871;Southern Asia
BD;2013-09-05 00:00:00;Bangladesh;8483.990996299986;Southern Asia
BD;2013-09-05 01:00:00;Bangladesh;8940.493613622051;Southern Asia
BD;2013-09-05 02:00:00;Bangladesh;9711.389970373708;Southern Asia
BD;2013-09-05 03:00:00;Bangladesh;10357.631026195808;Southern Asia
BD;2013-09-05 04:00:00;Bangladesh;10470.399848670564;Southern Asia
BD;2013-09-05 05:00:00;Bangladesh;10667.976800725308;Southern Asia
BD;2013-09-05 06:00:00;Bangladesh;10790.896565710498;Southern Asia
BD;2013-09-05 07:00:00;Bangladesh;10860.559769686402;Southern Asia
BD;2013-09-05 08:00:00;Bangladesh;10860.559769686402;Southern Asia
BD;2013-09-05 09:00:00;Bangladesh;10924.51232647223;Southern Asia
BD;2013-09-05 10:00:00;Bangladesh;10465.003281679372;Southern Asia
BD;2013-09-05 11:00:00;Bangladesh;10462.580223100325;Southern Asia
BD;2013-09-05 12:00:00;Bangladesh;11477.634539547906;Southern Asia
BD;2013-09-05 13:00:00;Bangladesh;11544.952395509437;Southern Asia
BD;2013-09-05 14:00:00;Bangladesh;11286.929575899743;Southern Asia
BD;2013-09-05 15:00:00;Bangladesh;10494.392985513407;Southern Asia
BD;2013-09-05 16:00:00;Bangladesh;9654.808044784451;Southern Asia
BD;2013-09-05 17:00:00;Bangladesh;8541.450943338708;Southern Asia
BD;2013-09-05 18:00:00;Bangladesh;8425.81708344833;Southern Asia
BD;2013-09-05 19:00:00;Bangladesh;7800.340938094939;Southern Asia
BD;2013-09-05 20:00:00;Bangladesh;7407.521049209141;Southern Asia
BD;2013-09-05 21:00:00;Bangladesh;7436.705143840811;Southern Asia
BD;2013-09-05 22:00:00;Bangladesh;7941.006234317265;Southern Asia
BD;2013-09-05 23:00:00;Bangladesh;8481.794053877871;Southern Asia
BD;2013-09-06 00:00:00;Bangladesh;8483.990996299986;Southern Asia
BD;2013-09-06 01:00:00;Bangladesh;8885.190674409707;Southern Asia
BD;2013-09-06 02:00:00;Bangladesh;9752.669390602738;Southern Asia
BD;2013-09-06 03:00:00;Bangladesh;10725.860378272839;Southern Asia
BD;2013-09-06 04:00:00;Bangladesh;10877.11643721538;Southern Asia
BD;2013-09-06 05:00:00;Bangladesh;11016.931774136594;Southern Asia
BD;2013-09-06 06:00:00;Bangladesh;11016.931774136594;Southern Asia
BD;2013-09-06 07:00:00;Bangladesh;10905.030719634025;Southern Asia
BD;2013-09-06 08:00:00;Bangladesh;11004.900667686432;Southern Asia
BD;2013-09-06 09:00:00;Bangladesh;10924.51232647223;Southern Asia
BD;2013-09-06 10:00:00;Bangladesh;10466.055612242653;Southern Asia
BD;2013-09-06 11:00:00;Bangladesh;10451.42012256254;Southern Asia
BD;2013-09-06 12:00:00;Bangladesh;11549.588046554873;Southern Asia
BD;2013-09-06 13:00:00;Bangladesh;11622.027244591047;Southern Asia
BD;2013-09-06 14:00:00;Bangladesh;11364.004424981356;Southern Asia
BD;2013-09-06 15:00:00;Bangladesh;10572.26112994272;Southern Asia
BD;2013-09-06 16:00:00;Bangladesh;9732.677268527164;Southern Asia
BD;2013-09-06 17:00:00;Bangladesh;8541.450943338708;Southern Asia
BD;2013-09-06 18:00:00;Bangladesh;8504.781270633555;Southern Asia
BD;2013-09-06 19:00:00;Bangladesh;7936.21732076928;Southern Asia
BD;2013-09-06 20:00:00;Bangladesh;7512.867433444209;Southern Asia
BD;2013-09-06 21:00:00;Bangladesh;7611.438427821838;Southern Asia
BD;2013-09-06 22:00:00;Bangladesh;8264.623786048205;Southern Asia
BD;2013-09-06 23:00:00;Bangladesh;8720.987171941897;Southern Asia
BD;2013-09-07 00:00:00;Bangladesh;8804.752145122487;Southern Asia
BD;2013-09-07 01:00:00;Bangladesh;9329.498669301773;Southern Asia
BD;2013-09-07 02:00:00;Bangladesh;10293.165795545818;Southern Asia
BD;2013-09-07 03:00:00;Bangladesh;10989.843166467605;Southern Asia
BD;2013-09-07 04:00:00;Bangladesh;11056.22309908607;Southern Asia
BD;2013-09-07 05:00:00;Bangladesh;11072.556348741613;Southern Asia
BD;2013-09-07 06:00:00;Bangladesh;11072.556348741613;Southern Asia
BD;2013-09-07 07:00:00;Bangladesh;11060.52524229145;Southern Asia
BD;2013-09-07 08:00:00;Bangladesh;10994.053568034135;Southern Asia
BD;2013-09-07 09:00:00;Bangladesh;10911.228137166709;Southern Asia
BD;2013-09-07 10:00:00;Bangladesh;10857.510709336379;Southern Asia
BD;2013-09-07 11:00:00;Bangladesh;10898.295804029016;Southern Asia
BD;2013-09-07 12:00:00;Bangladesh;12356.654353908298;Southern Asia
BD;2013-09-07 13:00:00;Bangladesh;12420.642528036266;Southern Asia
BD;2013-09-07 14:00:00;Bangladesh;12070.655731016263;Southern Asia
BD;2013-09-07 15:00:00;Bangladesh;10886.44278428956;Southern Asia
BD;2013-09-07 16:00:00;Bangladesh;9525.427509797408;Southern Asia
BD;2013-09-07 17:00:00;Bangladesh;8446.062304515788;Southern Asia
BD;2013-09-07 18:00:00;Bangladesh;8410.876687733213;Southern Asia
BD;2013-09-07 19:00:00;Bangladesh;7914.593276835572;Southern Asia
BD;2013-09-07 20:00:00;Bangladesh;7568.170372656553;Southern Asia
BD;2013-09-07 21:00:00;Bangladesh;7208.764947266821;Southern Asia
BD;2013-09-07 22:00:00;Bangladesh;7861.950305493188;Southern Asia
BD;2013-09-07 23:00:00;Bangladesh;8531.291905977789;Southern Asia
BD;2013-09-08 00:00:00;Bangladesh;8615.05687915838;Southern Asia
BD;2013-09-08 01:00:00;Bangladesh;9096.19428513854;Southern Asia
BD;2013-09-08 02:00:00;Bangladesh;10065.9789597238;Southern Asia
BD;2013-09-08 03:00:00;Bangladesh;10955.084957790734;Southern Asia
BD;2013-09-08 04:00:00;Bangladesh;10968.280643397597;Southern Asia
BD;2013-09-08 05:00:00;Bangladesh;10910.527662771254;Southern Asia
BD;2013-09-08 06:00:00;Bangladesh;10928.013619136116;Southern Asia
BD;2013-09-08 07:00:00;Bangladesh;10915.98251268595;Southern Asia
BD;2013-09-08 08:00:00;Bangladesh;10911.228137166709;Southern Asia
BD;2013-09-08 09:00:00;Bangladesh;10925.781599028556;Southern Asia
BD;2013-09-08 10:00:00;Bangladesh;10774.089497473127;Southern Asia
BD;2013-09-08 11:00:00;Bangladesh;10838.170492553343;Southern Asia
BD;2013-09-08 12:00:00;Bangladesh;12299.499312904578;Southern Asia
BD;2013-09-08 13:00:00;Bangladesh;12408.849949847114;Southern Asia
BD;2013-09-08 14:00:00;Bangladesh;12024.6176180144;Southern Asia
BD;2013-09-08 15:00:00;Bangladesh;10670.208820832866;Southern Asia
BD;2013-09-08 16:00:00;Bangladesh;9189.89811574681;Southern Asia
BD;2013-09-08 17:00:00;Bangladesh;8038.334399316821;Southern Asia
BD;2013-09-08 18:00:00;Bangladesh;7861.877991495507;Southern Asia
BD;2013-09-08 19:00:00;Bangladesh;7242.753065834051;Southern Asia
BD;2013-09-08 20:00:00;Bangladesh;6989.4991924744745;Southern Asia
BD;2013-09-08 21:00:00;Bangladesh;6918.494941601257;Southern Asia
BD;2013-09-08 22:00:00;Bangladesh;7306.284690394564;Southern Asia
BD;2013-09-08 23:00:00;Bangladesh;8083.595406671953;Southern Asia
BD;2013-09-09 00:00:00;Bangladesh;8085.7923490940675;Southern Asia
BD;2013-09-09 01:00:00;Bangladesh;8729.964900788444;Southern Asia
BD;2013-09-09 02:00:00;Bangladesh;9381.467609426958;Southern Asia
BD;2013-09-09 03:00:00;Bangladesh;10359.34497587221;Southern Asia
BD;2013-09-09 04:00:00;Bangladesh;10507.529308883366;Southern Asia
BD;2013-09-09 05:00:00;Bangladesh;10477.034388129536;Southern Asia
BD;2013-09-09 06:00:00;Bangladesh;10477.034388129536;Southern Asia
BD;2013-09-09 07:00:00;Bangladesh;10465.003281679372;Southern Asia
BD;2013-09-09 08:00:00;Bangladesh;10465.003281679372;Southern Asia
BD;2013-09-09 09:00:00;Bangladesh;10482.489238044232;Southern Asia
BD;2013-09-09 10:00:00;Bangladesh;10400.73556538126;Southern Asia
BD;2013-09-09 11:00:00;Bangladesh;10476.180651231529;Southern Asia
BD;2013-09-09 12:00:00;Bangladesh;11487.836209788056;Southern Asia
BD;2013-09-09 13:00:00;Bangladesh;11488.357518159402;Southern Asia
BD;2013-09-09 14:00:00;Bangladesh;11219.26310171058;Southern Asia
BD;2013-09-09 15:00:00;Bangladesh;10495.445316076688;Southern Asia
BD;2013-09-09 16:00:00;Bangladesh;9527.37459116783;Southern Asia
BD;2013-09-09 17:00:00;Bangladesh;8333.69822456537;Southern Asia
BD;2013-09-09 18:00:00;Bangladesh;7861.877991495507;Southern Asia
BD;2013-09-09 19:00:00;Bangladesh;7242.753065834051;Southern Asia
BD;2013-09-09 20:00:00;Bangladesh;6989.4991924744745;Southern Asia
BD;2013-09-09 21:00:00;Bangladesh;6918.494941601257;Southern Asia
BD;2013-09-09 22:00:00;Bangladesh;7421.045925402467;Southern Asia
BD;2013-09-09 23:00:00;Bangladesh;8174.811959553983;Southern Asia
BD;2013-09-10 00:00:00;Bangladesh;8177.009441632797;Southern Asia
BD;2013-09-10 01:00:00;Bangladesh;8790.514382429625;Southern Asia
BD;2013-09-10 02:00:00;Bangladesh;9527.730764589249;Southern Asia
BD;2013-09-10 03:00:00;Bangladesh;10345.744547741007;Southern Asia
BD;2013-09-10 04:00:00;Bangladesh;10499.045905573212;Southern Asia
BD;2013-09-10 05:00:00;Bangladesh;10494.520344494398;Southern Asia
BD;2013-09-10 06:00:00;Bangladesh;10501.28979812815;Southern Asia
BD;2013-09-10 07:00:00;Bangladesh;10482.489238044232;Southern Asia
BD;2013-09-10 08:00:00;Bangladesh;10489.258691677986;Southern Asia
BD;2013-09-10 09:00:00;Bangladesh;10466.055612242653;Southern Asia
BD;2013-09-10 10:00:00;Bangladesh;10478.603709810573;Southern Asia
BD;2013-09-10 11:00:00;Bangladesh;10476.180651231529;Southern Asia
BD;2013-09-10 12:00:00;Bangladesh;11487.836209788056;Southern Asia
BD;2013-09-10 13:00:00;Bangladesh;11555.154065749588;Southern Asia
BD;2013-09-10 14:00:00;Bangladesh;11297.131246139894;Southern Asia
BD;2013-09-10 15:00:00;Bangladesh;10495.445316076688;Southern Asia
BD;2013-09-10 16:00:00;Bangladesh;9527.37459116783;Southern Asia
BD;2013-09-10 17:00:00;Bangladesh;8350.846355836586;Southern Asia
BD;2013-09-10 18:00:00;Bangladesh;8301.246508620534;Southern Asia
BD;2013-09-10 19:00:00;Bangladesh;7748.050902233779;Southern Asia
BD;2013-09-10 20:00:00;Bangladesh;7434.470965106457;Southern Asia
BD;2013-09-10 21:00:00;Bangladesh;6918.494941601257;Southern Asia
BD;2013-09-10 22:00:00;Bangladesh;7306.284690394564;Southern Asia
BD;2013-09-10 23:00:00;Bangladesh;8083.595406671953;Southern Asia
BD;2013-09-11 00:00:00;Bangladesh;8085.7923490940675;Southern Asia
BD;2013-09-11 01:00:00;Bangladesh;8729.964900788444;Southern Asia
BD;2013-09-11 02:00:00;Bangladesh;9477.638750463602;Southern Asia
BD;2013-09-11 03:00:00;Bangladesh;10350.861572562057;Southern Asia
BD;2013-09-11 04:00:00;Bangladesh;10499.045905573212;Southern Asia
BD;2013-09-11 05:00:00;Bangladesh;10469.512653057212;Southern Asia
BD;2013-09-11 06:00:00;Bangladesh;10501.28979812815;Southern Asia
BD;2013-09-11 07:00:00;Bangladesh;10471.176954317296;Southern Asia
BD;2013-09-11 08:00:00;Bangladesh;10466.055612242653;Southern Asia
BD;2013-09-11 09:00:00;Bangladesh;10589.572237537068;Southern Asia
BD;2013-09-11 10:00:00;Bangladesh;10489.258691677986;Southern Asia
BD;2013-09-11 11:00:00;Bangladesh;10486.835633098939;Southern Asia
BD;2013-09-11 12:00:00;Bangladesh;11488.751467549762;Southern Asia
BD;2013-09-11 13:00:00;Bangladesh;11556.069323511294;Southern Asia
BD;2013-09-11 14:00:00;Bangladesh;11350.309017271107;Southern Asia
BD;2013-09-11 15:00:00;Bangladesh;10494.392985513407;Southern Asia
BD;2013-09-11 16:00:00;Bangladesh;9654.808044784451;Southern Asia
BD;2013-09-11 17:00:00;Bangladesh;8541.450943338708;Southern Asia
BD;2013-09-11 18:00:00;Bangladesh;8408.839483694037;Southern Asia
BD;2013-09-11 19:00:00;Bangladesh;7834.235156396522;Southern Asia
BD;2013-09-11 20:00:00;Bangladesh;7434.470965106457;Southern Asia
BD;2013-09-11 21:00:00;Bangladesh;6916.744834926013;Southern Asia
BD;2013-09-11 22:00:00;Bangladesh;7509.979730447223;Southern Asia
BD;2013-09-11 23:00:00;Bangladesh;8263.745764598738;Southern Asia
BD;2013-09-12 00:00:00;Bangladesh;8265.942707020853;Southern Asia
BD;2013-09-12 01:00:00;Bangladesh;8790.514382429625;Southern Asia
BD;2013-09-12 02:00:00;Bangladesh;9739.392756491006;Southern Asia
BD;2013-09-12 03:00:00;Bangladesh;10825.730326325245;Southern Asia
BD;2013-09-12 04:00:00;Bangladesh;11021.457335215408;Southern Asia
BD;2013-09-12 05:00:00;Bangladesh;11132.387007659567;Southern Asia
BD;2013-09-12 06:00:00;Bangladesh;11132.387007659567;Southern Asia
BD;2013-09-12 07:00:00;Bangladesh;11120.355901209403;Southern Asia
BD;2013-09-12 08:00:00;Bangladesh;11120.355901209403;Southern Asia
BD;2013-09-12 09:00:00;Bangladesh;11139.837508047607;Southern Asia
BD;2013-09-12 10:00:00;Bangladesh;10863.779361553348;Southern Asia
BD;2013-09-12 11:00:00;Bangladesh;10861.356302974302;Southern Asia
BD;2013-09-12 12:00:00;Bangladesh;11826.712554686592;Southern Asia
BD;2013-09-12 13:00:00;Bangladesh;11843.392263942967;Southern Asia
BD;2013-09-12 14:00:00;Bangladesh;11590.857752963317;Southern Asia
BD;2013-09-12 15:00:00;Bangladesh;10562.05945970257;Southern Asia
BD;2013-09-12 16:00:00;Bangladesh;9722.474518973617;Southern Asia
BD;2013-09-12 17:00:00;Bangladesh;8769.718171872364;Southern Asia
BD;2013-09-12 18:00:00;Bangladesh;8630.383129413367;Southern Asia
BD;2013-09-12 19:00:00;Bangladesh;8004.906984059977;Southern Asia
BD;2013-09-12 20:00:00;Bangladesh;7407.521049209141;Southern Asia
BD;2013-09-12 21:00:00;Bangladesh;7381.402204628468;Southern Asia
BD;2013-09-12 22:00:00;Bangladesh;7885.703295104923;Southern Asia
BD;2013-09-12 23:00:00;Bangladesh;8426.491114665529;Southern Asia
BD;2013-09-13 00:00:00;Bangladesh;8428.688057087644;Southern Asia
BD;2013-09-13 01:00:00;Bangladesh;8885.190674409707;Southern Asia
BD;2013-09-13 02:00:00;Bangladesh;9789.259194116421;Southern Asia
BD;2013-09-13 03:00:00;Bangladesh;11183.30901378846;Southern Asia
BD;2013-09-13 04:00:00;Bangladesh;11460.019065575254;Southern Asia
BD;2013-09-13 05:00:00;Bangladesh;11525.01855635737;Southern Asia
BD;2013-09-13 06:00:00;Bangladesh;11498.326056705535;Southern Asia
BD;2013-09-13 07:00:00;Bangladesh;11486.29495025537;Southern Asia
BD;2013-09-13 08:00:00;Bangladesh;11486.29495025537;Southern Asia
BD;2013-09-13 09:00:00;Bangladesh;11407.042046736116;Southern Asia
BD;2013-09-13 10:00:00;Bangladesh;10782.085051127278;Southern Asia
BD;2013-09-13 11:00:00;Bangladesh;10779.661992548232;Southern Asia
BD;2013-09-13 12:00:00;Bangladesh;11826.712554686592;Southern Asia
BD;2013-09-13 13:00:00;Bangladesh;11879.153154766806;Southern Asia
BD;2013-09-13 14:00:00;Bangladesh;11597.456675080148;Southern Asia
BD;2013-09-13 15:00:00;Bangladesh;10562.05945970257;Southern Asia
BD;2013-09-13 16:00:00;Bangladesh;9722.474518973617;Southern Asia
BD;2013-09-13 17:00:00;Bangladesh;8769.718171872364;Southern Asia
BD;2013-09-13 18:00:00;Bangladesh;8504.781270633555;Southern Asia
BD;2013-09-13 19:00:00;Bangladesh;7936.21732076928;Southern Asia
BD;2013-09-13 20:00:00;Bangladesh;7512.867433444209;Southern Asia
BD;2013-09-13 21:00:00;Bangladesh;7556.135488609495;Southern Asia
BD;2013-09-13 22:00:00;Bangladesh;8264.623786048205;Southern Asia
BD;2013-09-13 23:00:00;Bangladesh;8720.987171941897;Southern Asia
BD;2013-09-14 00:00:00;Bangladesh;8804.752145122487;Southern Asia
BD;2013-09-14 01:00:00;Bangladesh;9329.498669301773;Southern Asia
BD;2013-09-14 02:00:00;Bangladesh;10293.165795545818;Southern Asia
BD;2013-09-14 03:00:00;Bangladesh;10868.940638223725;Southern Asia
BD;2013-09-14 04:00:00;Bangladesh;10884.859431534345;Southern Asia
BD;2013-09-14 05:00:00;Bangladesh;10910.527662771254;Southern Asia
BD;2013-09-14 06:00:00;Bangladesh;10910.527662771254;Southern Asia
BD;2013-09-14 07:00:00;Bangladesh;10815.075344457835;Southern Asia
BD;2013-09-14 08:00:00;Bangladesh;10896.465288505602;Southern Asia
BD;2013-09-14 09:00:00;Bangladesh;10934.72047259277;Southern Asia
BD;2013-09-14 10:00:00;Bangladesh;10857.510709336379;Southern Asia
BD;2013-09-14 11:00:00;Bangladesh;10880.809847664153;Southern Asia
BD;2013-09-14 12:00:00;Bangladesh;12344.861775719146;Southern Asia
BD;2013-09-14 13:00:00;Bangladesh;12408.849949847114;Southern Asia
BD;2013-09-14 14:00:00;Bangladesh;12069.980080828966;Southern Asia
BD;2013-09-14 15:00:00;Bangladesh;10843.27672424041;Southern Asia
BD;2013-09-14 16:00:00;Bangladesh;9525.427509797408;Southern Asia
BD;2013-09-14 17:00:00;Bangladesh;8419.342282372296;Southern Asia
BD;2013-09-14 18:00:00;Bangladesh;8410.876687733213;Southern Asia
BD;2013-09-14 19:00:00;Bangladesh;7893.184555924813;Southern Asia
BD;2013-09-14 20:00:00;Bangladesh;7568.170372656553;Southern Asia
BD;2013-09-14 21:00:00;Bangladesh;7153.310904178725;Southern Asia
BD;2013-09-14 22:00:00;Bangladesh;7689.984920721945;Southern Asia
BD;2013-09-14 23:00:00;Bangladesh;8359.326521206545;Southern Asia
BD;2013-09-15 00:00:00;Bangladesh;8443.091494387138;Southern Asia
BD;2013-09-15 01:00:00;Bangladesh;9019.243017441027;Southern Asia
BD;2013-09-15 02:00:00;Bangladesh;10051.73849874744;Southern Asia
BD;2013-09-15 03:00:00;Bangladesh;11024.037973550596;Southern Asia
BD;2013-09-15 04:00:00;Bangladesh;11100.12417155942;Southern Asia
BD;2013-09-15 05:00:00;Bangladesh;11072.556348741613;Southern Asia
BD;2013-09-15 06:00:00;Bangladesh;11117.027298689232;Southern Asia
BD;2013-09-15 07:00:00;Bangladesh;11104.99619223907;Southern Asia
BD;2013-09-15 08:00:00;Bangladesh;11100.241816719828;Southern Asia
BD;2013-09-15 09:00:00;Bangladesh;11057.43624734569;Southern Asia
BD;2013-09-15 10:00:00;Bangladesh;10894.228951144452;Southern Asia
BD;2013-09-15 11:00:00;Bangladesh;10917.528089472227;Southern Asia
BD;2013-09-15 12:00:00;Bangladesh;12381.390058369128;Southern Asia
BD;2013-09-15 13:00:00;Bangladesh;12444.515861091904;Southern Asia
BD;2013-09-15 14:00:00;Bangladesh;12103.50679291845;Southern Asia
BD;2013-09-15 15:00:00;Bangladesh;10886.44278428956;Southern Asia
BD;2013-09-15 16:00:00;Bangladesh;9568.593569846558;Southern Asia
BD;2013-09-15 17:00:00;Bangladesh;8446.062304515788;Southern Asia
BD;2013-09-15 18:00:00;Bangladesh;8408.839483694037;Southern Asia
BD;2013-09-15 19:00:00;Bangladesh;7855.6438773072805;Southern Asia
BD;2013-09-15 20:00:00;Bangladesh;7434.470965106457;Southern Asia
BD;2013-09-15 21:00:00;Bangladesh;7005.678639970768;Southern Asia
BD;2013-09-15 22:00:00;Bangladesh;7419.464731274048;Southern Asia
BD;2013-09-15 23:00:00;Bangladesh;8174.811959553983;Southern Asia
BD;2013-09-16 00:00:00;Bangladesh;8265.942707020853;Southern Asia
BD;2013-09-16 01:00:00;Bangladesh;8790.514382429625;Southern Asia
BD;2013-09-16 02:00:00;Bangladesh;9739.392756491006;Southern Asia
BD;2013-09-16 03:00:00;Bangladesh;10725.860378272839;Southern Asia
BD;2013-09-16 04:00:00;Bangladesh;10877.11643721538;Southern Asia
BD;2013-09-16 05:00:00;Bangladesh;10872.590876136568;Southern Asia
BD;2013-09-16 06:00:00;Bangladesh;11016.931774136594;Southern Asia
BD;2013-09-16 07:00:00;Bangladesh;11004.900667686432;Southern Asia
BD;2013-09-16 08:00:00;Bangladesh;11004.900667686432;Southern Asia
BD;2013-09-16 09:00:00;Bangladesh;10880.041376524607;Southern Asia
BD;2013-09-16 10:00:00;Bangladesh;10471.176954317296;Southern Asia
BD;2013-09-16 11:00:00;Bangladesh;10451.42012256254;Southern Asia
BD;2013-09-16 12:00:00;Bangladesh;11554.709388629515;Southern Asia
BD;2013-09-16 13:00:00;Bangladesh;11622.027244591047;Southern Asia
BD;2013-09-16 14:00:00;Bangladesh;11393.765412624383;Southern Asia
BD;2013-09-16 15:00:00;Bangladesh;10494.392985513407;Southern Asia
BD;2013-09-16 16:00:00;Bangladesh;9654.808044784451;Southern Asia
BD;2013-09-16 17:00:00;Bangladesh;8541.450943338708;Southern Asia
BD;2013-09-16 18:00:00;Bangladesh;8567.868218073994;Southern Asia
BD;2013-09-16 19:00:00;Bangladesh;7942.392072720603;Southern Asia
BD;2013-09-16 20:00:00;Bangladesh;7407.521049209141;Southern Asia
BD;2013-09-16 21:00:00;Bangladesh;7436.705143840811;Southern Asia
BD;2013-09-16 22:00:00;Bangladesh;7912.653211002239;Southern Asia
BD;2013-09-16 23:00:00;Bangladesh;8453.441030562844;Southern Asia
BD;2013-09-17 00:00:00;Bangladesh;8455.638512641659;Southern Asia
BD;2013-09-17 01:00:00;Bangladesh;8912.140050650325;Southern Asia
BD;2013-09-17 02:00:00;Bangladesh;9766.692909586049;Southern Asia
BD;2013-09-17 03:00:00;Bangladesh;10552.264690613556;Southern Asia
BD;2013-09-17 04:00:00;Bangladesh;10741.005303876922;Southern Asia
BD;2013-09-17 05:00:00;Bangladesh;10872.590876136568;Southern Asia
BD;2013-09-17 06:00:00;Bangladesh;10917.061826084187;Southern Asia
BD;2013-09-17 07:00:00;Bangladesh;10860.559769686402;Southern Asia
BD;2013-09-17 08:00:00;Bangladesh;10860.559769686402;Southern Asia
BD;2013-09-17 09:00:00;Bangladesh;11024.382274524636;Southern Asia
BD;2013-09-17 10:00:00;Bangladesh;10489.258691677986;Southern Asia
BD;2013-09-17 11:00:00;Bangladesh;10480.066179465188;Southern Asia
BD;2013-09-17 12:00:00;Bangladesh;11477.634539547906;Southern Asia
BD;2013-09-17 13:00:00;Bangladesh;11544.952395509437;Southern Asia
BD;2013-09-17 14:00:00;Bangladesh;11286.929575899743;Southern Asia
BD;2013-09-17 15:00:00;Bangladesh;10494.392985513407;Southern Asia
BD;2013-09-17 16:00:00;Bangladesh;9654.808044784451;Southern Asia
BD;2013-09-17 17:00:00;Bangladesh;8541.450943338708;Southern Asia
BD;2013-09-17 18:00:00;Bangladesh;8567.868218073994;Southern Asia
BD;2013-09-17 19:00:00;Bangladesh;7800.340938094939;Southern Asia
BD;2013-09-17 20:00:00;Bangladesh;7407.521049209141;Southern Asia
BD;2013-09-17 21:00:00;Bangladesh;7005.678639970768;Southern Asia
BD;2013-09-17 22:00:00;Bangladesh;7912.653211002239;Southern Asia
BD;2013-09-17 23:00:00;Bangladesh;8453.441030562844;Southern Asia
BD;2013-09-18 00:00:00;Bangladesh;8334.01176510756;Southern Asia
BD;2013-09-18 01:00:00;Bangladesh;8790.514382429625;Southern Asia
BD;2013-09-18 02:00:00;Bangladesh;9739.392756491006;Southern Asia
BD;2013-09-18 03:00:00;Bangladesh;10407.60323653425;Southern Asia
BD;2013-09-18 04:00:00;Bangladesh;10534.655692521295;Southern Asia
BD;2013-09-18 05:00:00;Bangladesh;10530.13013144248;Southern Asia
BD;2013-09-18 06:00:00;Bangladesh;10530.13013144248;Southern Asia
BD;2013-09-18 07:00:00;Bangladesh;10538.951359846284;Southern Asia
BD;2013-09-18 08:00:00;Bangladesh;10518.099024992316;Southern Asia
BD;2013-09-18 09:00:00;Bangladesh;10489.258691677986;Southern Asia
BD;2013-09-18 10:00:00;Bangladesh;10500.937941960323;Southern Asia
BD;2013-09-18 11:00:00;Bangladesh;10486.835633098939;Southern Asia
BD;2013-09-18 12:00:00;Bangladesh;11572.791125990203;Southern Asia
BD;2013-09-18 13:00:00;Bangladesh;11556.069323511294;Southern Asia
BD;2013-09-18 14:00:00;Bangladesh;11298.0465039016;Southern Asia
BD;2013-09-18 15:00:00;Bangladesh;10494.392985513407;Southern Asia
BD;2013-09-18 16:00:00;Bangladesh;9654.808044784451;Southern Asia
BD;2013-09-18 17:00:00;Bangladesh;8541.450943338708;Southern Asia
BD;2013-09-18 18:00:00;Bangladesh;8408.839483694037;Southern Asia
BD;2013-09-18 19:00:00;Bangladesh;7855.6438773072805;Southern Asia
BD;2013-09-18 20:00:00;Bangladesh;7462.8239884214845;Southern Asia
BD;2013-09-18 21:00:00;Bangladesh;7005.678639970768;Southern Asia
BD;2013-09-18 22:00:00;Bangladesh;7912.653211002239;Southern Asia
BD;2013-09-18 23:00:00;Bangladesh;8453.441030562844;Southern Asia
BD;2013-09-19 00:00:00;Bangladesh;8455.638512641659;Southern Asia
BD;2013-09-19 01:00:00;Bangladesh;8912.140050650325;Southern Asia
BD;2013-09-19 02:00:00;Bangladesh;9766.692909586049;Southern Asia
BD;2013-09-19 03:00:00;Bangladesh;10552.264690613556;Southern Asia
BD;2013-09-19 04:00:00;Bangladesh;10741.005303876922;Southern Asia
BD;2013-09-19 05:00:00;Bangladesh;10854.774649871844;Southern Asia
BD;2013-09-19 06:00:00;Bangladesh;10872.590876136568;Southern Asia
BD;2013-09-19 07:00:00;Bangladesh;10778.865459260332;Southern Asia
BD;2013-09-19 08:00:00;Bangladesh;10724.448636347943;Southern Asia
BD;2013-09-19 09:00:00;Bangladesh;10696.739423474964;Southern Asia
BD;2013-09-19 10:00:00;Bangladesh;10482.489238044232;Southern Asia
BD;2013-09-19 11:00:00;Bangladesh;10480.066179465188;Southern Asia
BD;2013-09-19 12:00:00;Bangladesh;11541.013980919266;Southern Asia
BD;2013-09-19 13:00:00;Bangladesh;11608.331836880798;Southern Asia
BD;2013-09-19 14:00:00;Bangladesh;11298.0465039016;Southern Asia
BD;2013-09-19 15:00:00;Bangladesh;10494.392985513407;Southern Asia
BD;2013-09-19 16:00:00;Bangladesh;9654.808044784451;Southern Asia
BD;2013-09-19 17:00:00;Bangladesh;8541.450943338708;Southern Asia
BD;2013-09-19 18:00:00;Bangladesh;8353.536544481694;Southern Asia
BD;2013-09-19 19:00:00;Bangladesh;7800.340938094939;Southern Asia
BD;2013-09-19 20:00:00;Bangladesh;7462.8239884214845;Southern Asia
BD;2013-09-19 21:00:00;Bangladesh;7408.352120525785;Southern Asia
BD;2013-09-19 22:00:00;Bangladesh;7509.979730447223;Southern Asia
BD;2013-09-19 23:00:00;Bangladesh;8173.230765425563;Southern Asia
BD;2013-09-20 00:00:00;Bangladesh;8455.638512641659;Southern Asia
BD;2013-09-20 01:00:00;Bangladesh;8940.493613622051;Southern Asia
BD;2013-09-20 02:00:00;Bangladesh;9775.657686671819;Southern Asia
BD;2013-09-20 03:00:00;Bangladesh;10369.310276478147;Southern Asia
BD;2013-09-20 04:00:00;Bangladesh;10555.508027375263;Southern Asia
BD;2013-09-20 05:00:00;Bangladesh;10872.590876136568;Southern Asia
BD;2013-09-20 06:00:00;Bangladesh;11016.931774136594;Southern Asia
BD;2013-09-20 07:00:00;Bangladesh;10770.566618541276;Southern Asia
BD;2013-09-20 08:00:00;Bangladesh;10570.090630698864;Southern Asia
BD;2013-09-20 09:00:00;Bangladesh;10696.739423474964;Southern Asia
BD;2013-09-20 10:00:00;Bangladesh;10453.843181141585;Southern Asia
BD;2013-09-20 11:00:00;Bangladesh;10463.632553663609;Southern Asia
BD;2013-09-20 12:00:00;Bangladesh;11554.709388629515;Southern Asia
BD;2013-09-20 13:00:00;Bangladesh;11622.027244591047;Southern Asia
BD;2013-09-20 14:00:00;Bangladesh;11364.004424981356;Southern Asia
BD;2013-09-20 15:00:00;Bangladesh;10494.392985513407;Southern Asia
BD;2013-09-20 16:00:00;Bangladesh;9654.808044784451;Southern Asia
BD;2013-09-20 17:00:00;Bangladesh;8541.450943338708;Southern Asia
BD;2013-09-20 18:00:00;Bangladesh;8504.781270633555;Southern Asia
BD;2013-09-20 19:00:00;Bangladesh;7859.290337623231;Southern Asia
BD;2013-09-20 20:00:00;Bangladesh;7512.867433444209;Southern Asia
BD;2013-09-20 21:00:00;Bangladesh;7118.249948093647;Southern Asia
BD;2013-09-20 22:00:00;Bangladesh;8264.623786048205;Southern Asia
BD;2013-09-20 23:00:00;Bangladesh;8720.987171941897;Southern Asia
BD;2013-09-21 00:00:00;Bangladesh;8804.752145122487;Southern Asia
BD;2013-09-21 01:00:00;Bangladesh;9329.498669301773;Southern Asia
BD;2013-09-21 02:00:00;Bangladesh;10293.165795545818;Southern Asia
BD;2013-09-21 03:00:00;Bangladesh;11034.33570268319;Southern Asia
BD;2013-09-21 04:00:00;Bangladesh;11154.892850639637;Southern Asia
BD;2013-09-21 05:00:00;Bangladesh;11107.409536997531;Southern Asia
BD;2013-09-21 06:00:00;Bangladesh;11117.027298689232;Southern Asia
BD;2013-09-21 07:00:00;Bangladesh;11104.99619223907;Southern Asia
BD;2013-09-21 08:00:00;Bangladesh;11090.624055028124;Southern Asia
BD;2013-09-21 09:00:00;Bangladesh;11110.105661866332;Southern Asia
BD;2013-09-21 10:00:00;Bangladesh;10996.643920189907;Southern Asia
BD;2013-09-21 11:00:00;Bangladesh;10985.748251434688;Southern Asia
BD;2013-09-21 12:00:00;Bangladesh;12460.622454933819;Southern Asia
BD;2013-09-21 13:00:00;Bangladesh;12534.023321207822;Southern Asia
BD;2013-09-21 14:00:00;Bangladesh;12125.191278402457;Southern Asia
BD;2013-09-21 15:00:00;Bangladesh;10931.806326417523;Southern Asia
BD;2013-09-21 16:00:00;Bangladesh;9613.956032661124;Southern Asia
BD;2013-09-21 17:00:00;Bangladesh;8534.591906692904;Southern Asia
BD;2013-09-21 18:00:00;Bangladesh;8504.781270633555;Southern Asia
BD;2013-09-21 19:00:00;Bangladesh;7936.21732076928;Southern Asia
BD;2013-09-21 20:00:00;Bangladesh;7512.867433444209;Southern Asia
BD;2013-09-21 21:00:00;Bangladesh;7611.438427821838;Southern Asia
BD;2013-09-21 22:00:00;Bangladesh;8264.623786048205;Southern Asia
BD;2013-09-21 23:00:00;Bangladesh;8720.987171941897;Southern Asia
BD;2013-09-22 00:00:00;Bangladesh;8804.752145122487;Southern Asia
BD;2013-09-22 01:00:00;Bangladesh;9329.498669301773;Southern Asia
BD;2013-09-22 02:00:00;Bangladesh;10281.028916382627;Southern Asia
BD;2013-09-22 03:00:00;Bangladesh;11041.85419981532;Southern Asia
BD;2013-09-22 04:00:00;Bangladesh;11162.411347771766;Southern Asia
BD;2013-09-22 05:00:00;Bangladesh;11107.409536997531;Southern Asia
BD;2013-09-22 06:00:00;Bangladesh;11107.409536997531;Southern Asia
BD;2013-09-22 07:00:00;Bangladesh;11095.378430547365;Southern Asia
BD;2013-09-22 08:00:00;Bangladesh;11090.624055028124;Southern Asia
BD;2013-09-22 09:00:00;Bangladesh;11110.105661866332;Southern Asia
BD;2013-09-22 10:00:00;Bangladesh;11004.942760908962;Southern Asia
BD;2013-09-22 11:00:00;Bangladesh;11019.94305851768;Southern Asia
BD;2013-09-22 12:00:00;Bangladesh;12442.849401205025;Southern Asia
BD;2013-09-22 13:00:00;Bangladesh;12509.11168866308;Southern Asia
BD;2013-09-22 14:00:00;Bangladesh;12167.409701287956;Southern Asia
BD;2013-09-22 15:00:00;Bangladesh;10943.598904606679;Southern Asia
BD;2013-09-22 16:00:00;Bangladesh;9614.631682848421;Southern Asia
BD;2013-09-22 17:00:00;Bangladesh;8639.250768293294;Southern Asia
BD;2013-09-22 18:00:00;Bangladesh;8627.659482052912;Southern Asia
BD;2013-09-22 19:00:00;Bangladesh;8002.183336699521;Southern Asia
BD;2013-09-22 20:00:00;Bangladesh;7407.521049209141;Southern Asia
BD;2013-09-22 21:00:00;Bangladesh;7381.402204628468;Southern Asia
BD;2013-09-22 22:00:00;Bangladesh;7885.703295104923;Southern Asia
BD;2013-09-22 23:00:00;Bangladesh;8426.491114665529;Southern Asia
BD;2013-09-23 00:00:00;Bangladesh;8428.688057087644;Southern Asia
BD;2013-09-23 01:00:00;Bangladesh;8885.190674409707;Southern Asia
BD;2013-09-23 02:00:00;Bangladesh;9789.259194116421;Southern Asia
BD;2013-09-23 03:00:00;Bangladesh;10943.28482440779;Southern Asia
BD;2013-09-23 04:00:00;Bangladesh;11139.011833297955;Southern Asia
BD;2013-09-23 05:00:00;Bangladesh;11146.31878500403;Southern Asia
BD;2013-09-23 06:00:00;Bangladesh;11372.411197040235;Southern Asia
BD;2013-09-23 07:00:00;Bangladesh;11360.38009059007;Southern Asia
BD;2013-09-23 08:00:00;Bangladesh;11134.287678553865;Southern Asia
BD;2013-09-23 09:00:00;Bangladesh;11236.695092405529;Southern Asia
BD;2013-09-23 10:00:00;Bangladesh;10863.779361553348;Southern Asia
BD;2013-09-23 11:00:00;Bangladesh;10905.827252921923;Southern Asia
BD;2013-09-23 12:00:00;Bangladesh;11826.712554686592;Southern Asia
BD;2013-09-23 13:00:00;Bangladesh;11879.153154766806;Southern Asia
BD;2013-09-23 14:00:00;Bangladesh;11590.48862778112;Southern Asia
BD;2013-09-23 15:00:00;Bangladesh;10573.176387704427;Southern Asia
BD;2013-09-23 16:00:00;Bangladesh;9733.591446975473;Southern Asia
BD;2013-09-23 17:00:00;Bangladesh;8769.718171872364;Southern Asia
BD;2013-09-23 18:00:00;Bangladesh;8627.659482052912;Southern Asia
BD;2013-09-23 19:00:00;Bangladesh;8002.183336699521;Southern Asia
BD;2013-09-23 20:00:00;Bangladesh;7404.797401848687;Southern Asia
BD;2013-09-23 21:00:00;Bangladesh;7381.402204628468;Southern Asia
BD;2013-09-23 22:00:00;Bangladesh;7941.006234317265;Southern Asia
BD;2013-09-23 23:00:00;Bangladesh;8481.794053877871;Southern Asia
BD;2013-09-24 00:00:00;Bangladesh;8428.688057087644;Southern Asia
BD;2013-09-24 01:00:00;Bangladesh;8885.190674409707;Southern Asia
BD;2013-09-24 02:00:00;Bangladesh;9789.259194116421;Southern Asia
BD;2013-09-24 03:00:00;Bangladesh;10825.730326325245;Southern Asia
BD;2013-09-24 04:00:00;Bangladesh;11021.457335215408;Southern Asia
BD;2013-09-24 05:00:00;Bangladesh;11132.387007659567;Southern Asia
BD;2013-09-24 06:00:00;Bangladesh;11229.24459201749;Southern Asia
BD;2013-09-24 07:00:00;Bangladesh;11360.38009059007;Southern Asia
BD;2013-09-24 08:00:00;Bangladesh;11387.56043989791;Southern Asia
BD;2013-09-24 09:00:00;Bangladesh;11486.29495025537;Southern Asia
BD;2013-09-24 10:00:00;Bangladesh;10863.779361553348;Southern Asia
BD;2013-09-24 11:00:00;Bangladesh;10771.363151829177;Southern Asia
BD;2013-09-24 12:00:00;Bangladesh;11739.416607723664;Southern Asia
BD;2013-09-24 13:00:00;Bangladesh;11791.857207803878;Southern Asia
BD;2013-09-24 14:00:00;Bangladesh;11364.004424981356;Southern Asia
BD;2013-09-24 15:00:00;Bangladesh;10562.05945970257;Southern Asia
BD;2013-09-24 16:00:00;Bangladesh;9722.474518973617;Southern Asia
BD;2013-09-24 17:00:00;Bangladesh;8769.718171872364;Southern Asia
BD;2013-09-24 18:00:00;Bangladesh;8627.659482052912;Southern Asia
BD;2013-09-24 19:00:00;Bangladesh;8002.183336699521;Southern Asia
BD;2013-09-24 20:00:00;Bangladesh;7404.797401848687;Southern Asia
BD;2013-09-24 21:00:00;Bangladesh;7381.402204628468;Southern Asia
BD;2013-09-24 22:00:00;Bangladesh;7885.703295104923;Southern Asia
BD;2013-09-24 23:00:00;Bangladesh;8426.491114665529;Southern Asia
BD;2013-09-25 00:00:00;Bangladesh;8428.688057087644;Southern Asia
BD;2013-09-25 01:00:00;Bangladesh;8885.190674409707;Southern Asia
BD;2013-09-25 02:00:00;Bangladesh;9789.259194116421;Southern Asia
BD;2013-09-25 03:00:00;Bangladesh;10598.048085653436;Southern Asia
BD;2013-09-25 04:00:00;Bangladesh;10741.005303876922;Southern Asia
BD;2013-09-25 05:00:00;Bangladesh;10736.479742798107;Southern Asia
BD;2013-09-25 06:00:00;Bangladesh;10872.590876136568;Southern Asia
BD;2013-09-25 07:00:00;Bangladesh;10905.030719634025;Southern Asia
BD;2013-09-25 08:00:00;Bangladesh;10905.030719634025;Southern Asia
BD;2013-09-25 09:00:00;Bangladesh;11024.382274524636;Southern Asia
BD;2013-09-25 10:00:00;Bangladesh;10478.603709810573;Southern Asia
BD;2013-09-25 11:00:00;Bangladesh;10462.580223100325;Southern Asia
BD;2013-09-25 12:00:00;Bangladesh;11477.634539547906;Southern Asia
BD;2013-09-25 13:00:00;Bangladesh;11544.952395509437;Southern Asia
BD;2013-09-25 14:00:00;Bangladesh;11286.929575899743;Southern Asia
BD;2013-09-25 15:00:00;Bangladesh;10494.392985513407;Southern Asia
BD;2013-09-25 16:00:00;Bangladesh;9654.808044784451;Southern Asia
BD;2013-09-25 17:00:00;Bangladesh;8541.450943338708;Southern Asia
BD;2013-09-25 18:00:00;Bangladesh;8353.536544481694;Southern Asia
BD;2013-09-25 19:00:00;Bangladesh;7855.6438773072805;Southern Asia
BD;2013-09-25 20:00:00;Bangladesh;7462.8239884214845;Southern Asia
BD;2013-09-25 21:00:00;Bangladesh;7408.352120525785;Southern Asia
BD;2013-09-25 22:00:00;Bangladesh;7912.653211002239;Southern Asia
BD;2013-09-25 23:00:00;Bangladesh;8263.745764598738;Southern Asia
BD;2013-09-26 00:00:00;Bangladesh;8455.638512641659;Southern Asia
BD;2013-09-26 01:00:00;Bangladesh;8912.140050650325;Southern Asia
BD;2013-09-26 02:00:00;Bangladesh;9739.392756491006;Southern Asia
BD;2013-09-26 03:00:00;Bangladesh;10552.264690613556;Southern Asia
BD;2013-09-26 04:00:00;Bangladesh;10706.810496793929;Southern Asia
BD;2013-09-26 05:00:00;Bangladesh;10854.774649871844;Southern Asia
BD;2013-09-26 06:00:00;Bangladesh;10872.590876136568;Southern Asia
BD;2013-09-26 07:00:00;Bangladesh;10905.030719634025;Southern Asia
BD;2013-09-26 08:00:00;Bangladesh;10905.030719634025;Southern Asia
BD;2013-09-26 09:00:00;Bangladesh;10880.041376524607;Southern Asia
BD;2013-09-26 10:00:00;Bangladesh;10489.258691677986;Southern Asia
BD;2013-09-26 11:00:00;Bangladesh;10486.835633098939;Southern Asia
BD;2013-09-26 12:00:00;Bangladesh;11572.791125990203;Southern Asia
BD;2013-09-26 13:00:00;Bangladesh;11556.069323511294;Southern Asia
BD;2013-09-26 14:00:00;Bangladesh;11298.0465039016;Southern Asia
BD;2013-09-26 15:00:00;Bangladesh;10494.392985513407;Southern Asia
BD;2013-09-26 16:00:00;Bangladesh;9654.808044784451;Southern Asia
BD;2013-09-26 17:00:00;Bangladesh;8541.450943338708;Southern Asia
BD;2013-09-26 18:00:00;Bangladesh;8483.101642059837;Southern Asia
BD;2013-09-26 19:00:00;Bangladesh;7800.340938094939;Southern Asia
BD;2013-09-26 20:00:00;Bangladesh;7407.521049209141;Southern Asia
BD;2013-09-26 21:00:00;Bangladesh;7344.831828755952;Southern Asia
BD;2013-09-26 22:00:00;Bangladesh;7912.653211002239;Southern Asia
BD;2013-09-26 23:00:00;Bangladesh;8453.441030562844;Southern Asia
BD;2013-09-27 00:00:00;Bangladesh;8455.638512641659;Southern Asia
BD;2013-09-27 01:00:00;Bangladesh;8912.140050650325;Southern Asia
BD;2013-09-27 02:00:00;Bangladesh;9739.392756491006;Southern Asia
BD;2013-09-27 03:00:00;Bangladesh;10549.815728512953;Southern Asia
BD;2013-09-27 04:00:00;Bangladesh;10741.005303876922;Southern Asia
BD;2013-09-27 05:00:00;Bangladesh;10872.590876136568;Southern Asia
BD;2013-09-27 06:00:00;Bangladesh;10872.590876136568;Southern Asia
BD;2013-09-27 07:00:00;Bangladesh;10860.559769686402;Southern Asia
BD;2013-09-27 08:00:00;Bangladesh;10778.865459260332;Southern Asia
BD;2013-09-27 09:00:00;Bangladesh;10880.041376524607;Southern Asia
BD;2013-09-27 10:00:00;Bangladesh;10465.003281679372;Southern Asia
BD;2013-09-27 11:00:00;Bangladesh;10476.180651231529;Southern Asia
BD;2013-09-27 12:00:00;Bangladesh;11487.836209788056;Southern Asia
BD;2013-09-27 13:00:00;Bangladesh;11555.154065749588;Southern Asia
BD;2013-09-27 14:00:00;Bangladesh;11297.131246139894;Southern Asia
BD;2013-09-27 15:00:00;Bangladesh;10495.445316076688;Southern Asia
BD;2013-09-27 16:00:00;Bangladesh;9527.37459116783;Southern Asia
BD;2013-09-27 17:00:00;Bangladesh;8367.358771516236;Southern Asia
BD;2013-09-27 18:00:00;Bangladesh;8331.636735974736;Southern Asia
BD;2013-09-27 19:00:00;Bangladesh;7835.353325077096;Southern Asia
BD;2013-09-27 20:00:00;Bangladesh;7568.170372656553;Southern Asia
BD;2013-09-27 21:00:00;Bangladesh;7208.764947266821;Southern Asia
BD;2013-09-27 22:00:00;Bangladesh;7861.950305493188;Southern Asia
BD;2013-09-27 23:00:00;Bangladesh;8531.291905977789;Southern Asia
BD;2013-09-28 00:00:00;Bangladesh;8615.05687915838;Southern Asia
BD;2013-09-28 01:00:00;Bangladesh;9080.37370934716;Southern Asia
BD;2013-09-28 02:00:00;Bangladesh;10065.9789597238;Southern Asia
BD;2013-09-28 03:00:00;Bangladesh;10957.478874908025;Southern Asia
BD;2013-09-28 04:00:00;Bangladesh;10973.397668218644;Southern Asia
BD;2013-09-28 05:00:00;Bangladesh;10928.013619136116;Southern Asia
BD;2013-09-28 06:00:00;Bangladesh;10903.005927698929;Southern Asia
BD;2013-09-28 07:00:00;Bangladesh;10939.47484811201;Southern Asia
BD;2013-09-28 08:00:00;Bangladesh;10904.959484949739;Southern Asia
BD;2013-09-28 09:00:00;Bangladesh;10886.220445729523;Southern Asia
BD;2013-09-28 10:00:00;Bangladesh;10774.089497473127;Southern Asia
BD;2013-09-28 11:00:00;Bangladesh;10838.170492553343;Southern Asia
BD;2013-09-28 12:00:00;Bangladesh;12299.499312904578;Southern Asia
BD;2013-09-28 13:00:00;Bangladesh;12408.849949847114;Southern Asia
BD;2013-09-28 14:00:00;Bangladesh;12024.6176180144;Southern Asia
BD;2013-09-28 15:00:00;Bangladesh;10670.208820832866;Southern Asia
BD;2013-09-28 16:00:00;Bangladesh;9189.89811574681;Southern Asia
BD;2013-09-28 17:00:00;Bangladesh;8038.334399316821;Southern Asia
BD;2013-09-28 18:00:00;Bangladesh;8331.636735974736;Southern Asia
BD;2013-09-28 19:00:00;Bangladesh;7835.353325077096;Southern Asia
BD;2013-09-28 20:00:00;Bangladesh;7568.170372656553;Southern Asia
BD;2013-09-28 21:00:00;Bangladesh;7153.310904178725;Southern Asia
BD;2013-09-28 22:00:00;Bangladesh;7689.984920721945;Southern Asia
BD;2013-09-28 23:00:00;Bangladesh;8359.326521206545;Southern Asia
BD;2013-09-29 00:00:00;Bangladesh;8471.149325487744;Southern Asia
BD;2013-09-29 01:00:00;Bangladesh;9047.300848541636;Southern Asia
BD;2013-09-29 02:00:00;Bangladesh;10065.9789597238;Southern Asia
BD;2013-09-29 03:00:00;Bangladesh;10955.084957790734;Southern Asia
BD;2013-09-29 04:00:00;Bangladesh;10971.003751101352;Southern Asia
BD;2013-09-29 05:00:00;Bangladesh;10913.25077047501;Southern Asia
BD;2013-09-29 06:00:00;Bangladesh;10910.527662771254;Southern Asia
BD;2013-09-29 07:00:00;Bangladesh;10898.496556321088;Southern Asia
BD;2013-09-29 08:00:00;Bangladesh;10893.742180801846;Southern Asia
BD;2013-09-29 09:00:00;Bangladesh;10810.320968938597;Southern Asia
BD;2013-09-29 10:00:00;Bangladesh;10685.559895296012;Southern Asia
BD;2013-09-29 11:00:00;Bangladesh;10766.247206321525;Southern Asia
BD;2013-09-29 12:00:00;Bangladesh;12126.708793040381;Southern Asia
BD;2013-09-29 13:00:00;Bangladesh;12320.320347669998;Southern Asia
BD;2013-09-29 14:00:00;Bangladesh;11981.45047865185;Southern Asia
BD;2013-09-29 15:00:00;Bangladesh;10670.208820832866;Southern Asia
BD;2013-09-29 16:00:00;Bangladesh;9189.89811574681;Southern Asia
BD;2013-09-29 17:00:00;Bangladesh;8069.072705241954;Southern Asia
BD;2013-09-29 18:00:00;Bangladesh;7784.429699978106;Southern Asia
BD;2013-09-29 19:00:00;Bangladesh;7165.30477431665;Southern Asia
BD;2013-09-29 20:00:00;Bangladesh;6902.07804515735;Southern Asia
BD;2013-09-29 21:00:00;Bangladesh;6918.494941601257;Southern Asia
BD;2013-09-29 22:00:00;Bangladesh;7306.284690394564;Southern Asia
BD;2013-09-29 23:00:00;Bangladesh;8083.595406671953;Southern Asia
BD;2013-09-30 00:00:00;Bangladesh;8085.7923490940675;Southern Asia
BD;2013-09-30 01:00:00;Bangladesh;8729.964900788444;Southern Asia
BD;2013-09-30 02:00:00;Bangladesh;9381.467609426958;Southern Asia
BD;2013-09-30 03:00:00;Bangladesh;10281.475752129498;Southern Asia
BD;2013-09-30 04:00:00;Bangladesh;10507.529308883366;Southern Asia
BD;2013-09-30 05:00:00;Bangladesh;10490.63481626074;Southern Asia
BD;2013-09-30 06:00:00;Bangladesh;10477.034388129536;Southern Asia
BD;2013-09-30 07:00:00;Bangladesh;10482.489238044232;Southern Asia
BD;2013-09-30 08:00:00;Bangladesh;10465.003281679372;Southern Asia
BD;2013-09-30 09:00:00;Bangladesh;10478.603709810573;Southern Asia
BD;2013-09-30 10:00:00;Bangladesh;10478.603709810573;Southern Asia
BD;2013-09-30 11:00:00;Bangladesh;10398.312506802215;Southern Asia
BD;2013-09-30 12:00:00;Bangladesh;11409.968065358738;Southern Asia
BD;2013-09-30 13:00:00;Bangladesh;11477.285921320274;Southern Asia
BD;2013-09-30 14:00:00;Bangladesh;11219.26310171058;Southern Asia
BD;2013-09-30 15:00:00;Bangladesh;10495.445316076688;Southern Asia
BD;2013-09-30 16:00:00;Bangladesh;9527.37459116783;Southern Asia
BD;2013-09-30 17:00:00;Bangladesh;8228.189943320567;Southern Asia
BD;2013-09-30 18:00:00;Bangladesh;7363.867139503986;Southern Asia
BD;2013-09-30 19:00:00;Bangladesh;6756.470572884489;Southern Asia
BD;2013-09-30 20:00:00;Bangladesh;6517.918566979019;Southern Asia
BD;2013-09-30 21:00:00;Bangladesh;6547.736758232154;Southern Asia
BD;2013-09-30 22:00:00;Bangladesh;6943.740081986056;Southern Asia
BD;2013-09-30 23:00:00;Bangladesh;7645.867985568946;Southern Asia
BD;2013-10-01 00:00:00;Bangladesh;7749.5694961851;Southern Asia
BD;2013-10-01 01:00:00;Bangladesh;8441.094224943696;Southern Asia
BD;2013-10-01 02:00:00;Bangladesh;9267.942188260036;Southern Asia
BD;2013-10-01 03:00:00;Bangladesh;9726.376236908249;Southern Asia
BD;2013-10-01 04:00:00;Bangladesh;9809.090498495654;Southern Asia
BD;2013-10-01 05:00:00;Bangladesh;9806.385739119669;Southern Asia
BD;2013-10-01 06:00:00;Bangladesh;9810.892951870714;Southern Asia
BD;2013-10-01 07:00:00;Bangladesh;9806.963171787727;Southern Asia
BD;2013-10-01 08:00:00;Bangladesh;9814.453606771502;Southern Asia
BD;2013-10-01 09:00:00;Bangladesh;9763.030799225826;Southern Asia
BD;2013-10-01 10:00:00;Bangladesh;9779.994367905942;Southern Asia
BD;2013-10-01 11:00:00;Bangladesh;9799.988648608309;Southern Asia
BD;2013-10-01 12:00:00;Bangladesh;11626.386591406534;Southern Asia
BD;2013-10-01 13:00:00;Bangladesh;11657.592779689803;Southern Asia
BD;2013-10-01 14:00:00;Bangladesh;11391.290547002222;Southern Asia
BD;2013-10-01 15:00:00;Bangladesh;9806.273490526251;Southern Asia
BD;2013-10-01 16:00:00;Bangladesh;8766.513150736295;Southern Asia
BD;2013-10-01 17:00:00;Bangladesh;7850.881406937554;Southern Asia
BD;2013-10-01 18:00:00;Bangladesh;7323.825691742736;Southern Asia
BD;2013-10-01 19:00:00;Bangladesh;6782.3579047412395;Southern Asia
BD;2013-10-01 20:00:00;Bangladesh;6485.52297533089;Southern Asia
BD;2013-10-01 21:00:00;Bangladesh;6637.477350042092;Southern Asia
BD;2013-10-01 22:00:00;Bangladesh;7041.553938014818;Southern Asia
BD;2013-10-01 23:00:00;Bangladesh;7717.231108147077;Southern Asia
BD;2013-10-02 00:00:00;Bangladesh;7839.310087995039;Southern Asia
BD;2013-10-02 01:00:00;Bangladesh;8451.966148804153;Southern Asia
BD;2013-10-02 02:00:00;Bangladesh;9267.942188260036;Southern Asia
BD;2013-10-02 03:00:00;Bangladesh;10365.965484257007;Southern Asia
BD;2013-10-02 04:00:00;Bangladesh;10501.892055004368;Southern Asia
BD;2013-10-02 05:00:00;Bangladesh;10738.678304190318;Southern Asia
BD;2013-10-02 06:00:00;Bangladesh;10803.066903589033;Southern Asia
BD;2013-10-02 07:00:00;Bangladesh;10585.891778849074;Southern Asia
BD;2013-10-02 08:00:00;Bangladesh;10431.719415104493;Southern Asia
BD;2013-10-02 09:00:00;Bangladesh;10061.43181237702;Southern Asia
BD;2013-10-02 10:00:00;Bangladesh;9776.357081753878;Southern Asia
BD;2013-10-02 11:00:00;Bangladesh;9790.515514911971;Southern Asia
BD;2013-10-02 12:00:00;Bangladesh;11616.380276891465;Southern Asia
BD;2013-10-02 13:00:00;Bangladesh;11647.586465174734;Southern Asia
BD;2013-10-02 14:00:00;Bangladesh;11391.290547002222;Southern Asia
BD;2013-10-02 15:00:00;Bangladesh;9905.738696054319;Southern Asia
BD;2013-10-02 16:00:00;Bangladesh;8994.46306113087;Southern Asia
BD;2013-10-02 17:00:00;Bangladesh;7850.881406937554;Southern Asia
BD;2013-10-02 18:00:00;Bangladesh;7265.542768237858;Southern Asia
BD;2013-10-02 19:00:00;Bangladesh;6724.076060549758;Southern Asia
BD;2013-10-02 20:00:00;Bangladesh;6485.52297533089;Southern Asia
BD;2013-10-02 21:00:00;Bangladesh;6573.039102227059;Southern Asia
BD;2013-10-02 22:00:00;Bangladesh;6962.3269380171205;Southern Asia
BD;2013-10-02 23:00:00;Bangladesh;7629.478611616694;Southern Asia
BD;2013-10-03 00:00:00;Bangladesh;7839.310087995039;Southern Asia
BD;2013-10-03 01:00:00;Bangladesh;8451.966148804153;Southern Asia
BD;2013-10-03 02:00:00;Bangladesh;9267.942188260036;Southern Asia
BD;2013-10-03 03:00:00;Bangladesh;9732.211005139126;Southern Asia
BD;2013-10-03 04:00:00;Bangladesh;9831.54345511921;Southern Asia
BD;2013-10-03 05:00:00;Bangladesh;9832.320560765942;Southern Asia
BD;2013-10-03 06:00:00;Bangladesh;9832.320560765942;Southern Asia
BD;2013-10-03 07:00:00;Bangladesh;9823.926740467841;Southern Asia
BD;2013-10-03 08:00:00;Bangladesh;9823.926740467841;Southern Asia
BD;2013-10-03 09:00:00;Bangladesh;9779.994367905942;Southern Asia
BD;2013-10-03 10:00:00;Bangladesh;9722.279163248535;Southern Asia
BD;2013-10-03 11:00:00;Bangladesh;9742.273443950904;Southern Asia
BD;2013-10-03 12:00:00;Bangladesh;11353.022411154278;Southern Asia
BD;2013-10-03 13:00:00;Bangladesh;11384.228599437549;Southern Asia
BD;2013-10-03 14:00:00;Bangladesh;11117.926366749967;Southern Asia
BD;2013-10-03 15:00:00;Bangladesh;9427.436646371334;Southern Asia
BD;2013-10-03 16:00:00;Bangladesh;8387.675766924678;Southern Asia
BD;2013-10-03 17:00:00;Bangladesh;7490.167314052458;Southern Asia
BD;2013-10-03 18:00:00;Bangladesh;7513.699584074253;Southern Asia
BD;2013-10-03 19:00:00;Bangladesh;6906.303017454755;Southern Asia
BD;2013-10-03 20:00:00;Bangladesh;6522.5865974264;Southern Asia
BD;2013-10-03 21:00:00;Bangladesh;6542.570084994785;Southern Asia
BD;2013-10-03 22:00:00;Bangladesh;6943.740081986056;Southern Asia
BD;2013-10-03 23:00:00;Bangladesh;7645.867985568946;Southern Asia
BD;2013-10-04 00:00:00;Bangladesh;7767.946965416907;Southern Asia
BD;2013-10-04 01:00:00;Bangladesh;8514.928975203793;Southern Asia
BD;2013-10-04 02:00:00;Bangladesh;9127.482501240074;Southern Asia
BD;2013-10-04 03:00:00;Bangladesh;9671.165039334757;Southern Asia
BD;2013-10-04 04:00:00;Bangladesh;9773.828250461804;Southern Asia
BD;2013-10-04 05:00:00;Bangladesh;9830.04213018226;Southern Asia
BD;2013-10-04 06:00:00;Bangladesh;9830.04213018226;Southern Asia
BD;2013-10-04 07:00:00;Bangladesh;9818.011023732095;Southern Asia
BD;2013-10-04 08:00:00;Bangladesh;9818.011023732095;Southern Asia
BD;2013-10-04 09:00:00;Bangladesh;9774.078651170197;Southern Asia
BD;2013-10-04 10:00:00;Bangladesh;9643.73644794532;Southern Asia
BD;2013-10-04 11:00:00;Bangladesh;9756.96937518132;Southern Asia
BD;2013-10-04 12:00:00;Bangladesh;11103.988113525114;Southern Asia
BD;2013-10-04 13:00:00;Bangladesh;11135.194301808386;Southern Asia
BD;2013-10-04 14:00:00;Bangladesh;10752.9047340925;Southern Asia
BD;2013-10-04 15:00:00;Bangladesh;9433.662126052373;Southern Asia
BD;2013-10-04 16:00:00;Bangladesh;8393.902325919116;Southern Asia
BD;2013-10-04 17:00:00;Bangladesh;7497.7532682719775;Southern Asia
BD;2013-10-04 18:00:00;Bangladesh;7620.986034142656;Southern Asia
BD;2013-10-04 19:00:00;Bangladesh;7079.819915235966;Southern Asia
BD;2013-10-04 20:00:00;Bangladesh;6673.721233611641;Southern Asia
BD;2013-10-04 21:00:00;Bangladesh;6759.7144493028945;Southern Asia
BD;2013-10-04 22:00:00;Bangladesh;7232.264837886668;Southern Asia
BD;2013-10-04 23:00:00;Bangladesh;7797.050111543709;Southern Asia
BD;2013-10-05 00:00:00;Bangladesh;7849.338528434772;Southern Asia
BD;2013-10-05 01:00:00;Bangladesh;8510.192948012324;Southern Asia
BD;2013-10-05 02:00:00;Bangladesh;9801.315124774745;Southern Asia
BD;2013-10-05 03:00:00;Bangladesh;10373.026352508283;Southern Asia
BD;2013-10-05 04:00:00;Bangladesh;10279.976585819344;Southern Asia
BD;2013-10-05 05:00:00;Bangladesh;10236.563363001998;Southern Asia
BD;2013-10-05 06:00:00;Bangladesh;10239.850951613033;Southern Asia
BD;2013-10-05 07:00:00;Bangladesh;10224.532256551833;Southern Asia
BD;2013-10-05 08:00:00;Bangladesh;10223.415167184656;Southern Asia
BD;2013-10-05 09:00:00;Bangladesh;10139.992876008004;Southern Asia
BD;2013-10-05 10:00:00;Bangladesh;10071.757603657969;Southern Asia
BD;2013-10-05 11:00:00;Bangladesh;10249.814093592171;Southern Asia
BD;2013-10-05 12:00:00;Bangladesh;11808.95676997217;Southern Asia
BD;2013-10-05 13:00:00;Bangladesh;11894.960778797407;Southern Asia
BD;2013-10-05 14:00:00;Bangladesh;11614.87463470092;Southern Asia
BD;2013-10-05 15:00:00;Bangladesh;9962.860278342694;Southern Asia
BD;2013-10-05 16:00:00;Bangladesh;8125.70967581452;Southern Asia
BD;2013-10-05 17:00:00;Bangladesh;7379.73466542819;Southern Asia
BD;2013-10-05 18:00:00;Bangladesh;7620.986034142656;Southern Asia
BD;2013-10-05 19:00:00;Bangladesh;7079.819915235966;Southern Asia
BD;2013-10-05 20:00:00;Bangladesh;6673.721233611641;Southern Asia
BD;2013-10-05 21:00:00;Bangladesh;6759.7144493028945;Southern Asia
BD;2013-10-05 22:00:00;Bangladesh;7232.264837886668;Southern Asia
BD;2013-10-05 23:00:00;Bangladesh;7797.050111543709;Southern Asia
BD;2013-10-06 00:00:00;Bangladesh;7849.338528434772;Southern Asia
BD;2013-10-06 01:00:00;Bangladesh;8510.192948012324;Southern Asia
BD;2013-10-06 02:00:00;Bangladesh;9801.315124774745;Southern Asia
BD;2013-10-06 03:00:00;Bangladesh;10289.60406133163;Southern Asia
BD;2013-10-06 04:00:00;Bangladesh;10124.987181832295;Southern Asia
BD;2013-10-06 05:00:00;Bangladesh;10088.543085627374;Southern Asia
BD;2013-10-06 06:00:00;Bangladesh;10156.778357977411;Southern Asia
BD;2013-10-06 07:00:00;Bangladesh;10144.747251527246;Southern Asia
BD;2013-10-06 08:00:00;Bangladesh;10139.992876008004;Southern Asia
BD;2013-10-06 09:00:00;Bangladesh;10139.992876008004;Southern Asia
BD;2013-10-06 10:00:00;Bangladesh;10071.757603657969;Southern Asia
BD;2013-10-06 11:00:00;Bangladesh;10249.814093592171;Southern Asia
BD;2013-10-06 12:00:00;Bangladesh;11808.95676997217;Southern Asia
BD;2013-10-06 13:00:00;Bangladesh;11894.960778797407;Southern Asia
BD;2013-10-06 14:00:00;Bangladesh;11614.87463470092;Southern Asia
BD;2013-10-06 15:00:00;Bangladesh;9962.860278342694;Southern Asia
BD;2013-10-06 16:00:00;Bangladesh;8125.70967581452;Southern Asia
BD;2013-10-06 17:00:00;Bangladesh;7379.73466542819;Southern Asia
BD;2013-10-06 18:00:00;Bangladesh;7513.699584074253;Southern Asia
BD;2013-10-06 19:00:00;Bangladesh;6906.303017454755;Southern Asia
BD;2013-10-06 20:00:00;Bangladesh;6522.5865974264;Southern Asia
BD;2013-10-06 21:00:00;Bangladesh;6542.570084994785;Southern Asia
BD;2013-10-06 22:00:00;Bangladesh;6943.740081986056;Southern Asia
BD;2013-10-06 23:00:00;Bangladesh;7645.867985568946;Southern Asia
BD;2013-10-07 00:00:00;Bangladesh;7767.946965416907;Southern Asia
BD;2013-10-07 01:00:00;Bangladesh;8514.928975203793;Southern Asia
BD;2013-10-07 02:00:00;Bangladesh;9127.482501240074;Southern Asia
BD;2013-10-07 03:00:00;Bangladesh;9728.879164678763;Southern Asia
BD;2013-10-07 04:00:00;Bangladesh;9831.54345511921;Southern Asia
BD;2013-10-07 05:00:00;Bangladesh;9832.320560765942;Southern Asia
BD;2013-10-07 06:00:00;Bangladesh;9832.320560765942;Southern Asia
BD;2013-10-07 07:00:00;Bangladesh;9820.289454315778;Southern Asia
BD;2013-10-07 08:00:00;Bangladesh;9820.289454315778;Southern Asia
BD;2013-10-07 09:00:00;Bangladesh;9776.357081753878;Southern Asia
BD;2013-10-07 10:00:00;Bangladesh;9722.279163248535;Southern Asia
BD;2013-10-07 11:00:00;Bangladesh;9742.273443950904;Southern Asia
BD;2013-10-07 12:00:00;Bangladesh;11353.022411154278;Southern Asia
BD;2013-10-07 13:00:00;Bangladesh;11384.228599437549;Southern Asia
BD;2013-10-07 14:00:00;Bangladesh;11117.926366749967;Southern Asia
BD;2013-10-07 15:00:00;Bangladesh;9540.71382545666;Southern Asia
BD;2013-10-07 16:00:00;Bangladesh;8500.955644293499;Southern Asia
BD;2013-10-07 17:00:00;Bangladesh;7695.593033139193;Southern Asia
BD;2013-10-07 18:00:00;Bangladesh;7520.8543525911755;Southern Asia
BD;2013-10-07 19:00:00;Bangladesh;6852.731296933187;Southern Asia
BD;2013-10-07 20:00:00;Bangladesh;6522.5865974264;Southern Asia
BD;2013-10-07 21:00:00;Bangladesh;6542.570084994785;Southern Asia
BD;2013-10-07 22:00:00;Bangladesh;6943.740081986056;Southern Asia
BD;2013-10-07 23:00:00;Bangladesh;7645.867985568946;Southern Asia
BD;2013-10-08 00:00:00;Bangladesh;7767.946965416907;Southern Asia
BD;2013-10-08 01:00:00;Bangladesh;8514.928975203793;Southern Asia
BD;2013-10-08 02:00:00;Bangladesh;9127.482501240074;Southern Asia
BD;2013-10-08 03:00:00;Bangladesh;9726.376236908249;Southern Asia
BD;2013-10-08 04:00:00;Bangladesh;9809.090498495654;Southern Asia
BD;2013-10-08 05:00:00;Bangladesh;9806.535763682024;Southern Asia
BD;2013-10-08 06:00:00;Bangladesh;9813.872936163249;Southern Asia
BD;2013-10-08 07:00:00;Bangladesh;9801.841829713085;Southern Asia
BD;2013-10-08 08:00:00;Bangladesh;9806.963171787727;Southern Asia
BD;2013-10-08 09:00:00;Bangladesh;9770.521234209602;Southern Asia
BD;2013-10-08 10:00:00;Bangladesh;9689.53279474598;Southern Asia
BD;2013-10-08 11:00:00;Bangladesh;9663.73072864769;Southern Asia
BD;2013-10-08 12:00:00;Bangladesh;10988.000778496813;Southern Asia
BD;2013-10-08 13:00:00;Bangladesh;11019.20696678008;Southern Asia
BD;2013-10-08 14:00:00;Bangladesh;10658.73464009619;Southern Asia
BD;2013-10-08 15:00:00;Bangladesh;9433.662126052373;Southern Asia
BD;2013-10-08 16:00:00;Bangladesh;8393.902325919116;Southern Asia
BD;2013-10-08 17:00:00;Bangladesh;7515.407597526965;Southern Asia
BD;2013-10-08 18:00:00;Bangladesh;7464.422451564275;Southern Asia
BD;2013-10-08 19:00:00;Bangladesh;6882.769668119562;Southern Asia
BD;2013-10-08 20:00:00;Bangladesh;6499.053248091207;Southern Asia
BD;2013-10-08 21:00:00;Bangladesh;6542.570084994785;Southern Asia
BD;2013-10-08 22:00:00;Bangladesh;6943.740081986056;Southern Asia
BD;2013-10-08 23:00:00;Bangladesh;7645.867985568946;Southern Asia
BD;2013-10-09 00:00:00;Bangladesh;7767.946965416907;Southern Asia
BD;2013-10-09 01:00:00;Bangladesh;8486.04654866693;Southern Asia
BD;2013-10-09 02:00:00;Bangladesh;9072.600494253045;Southern Asia
BD;2013-10-09 03:00:00;Bangladesh;9722.963447943019;Southern Asia
BD;2013-10-09 04:00:00;Bangladesh;9825.627738383466;Southern Asia
BD;2013-10-09 05:00:00;Bangladesh;9835.957846918005;Southern Asia
BD;2013-10-09 06:00:00;Bangladesh;9832.320560765942;Southern Asia
BD;2013-10-09 07:00:00;Bangladesh;9820.289454315778;Southern Asia
BD;2013-10-09 08:00:00;Bangladesh;9820.289454315778;Southern Asia
BD;2013-10-09 09:00:00;Bangladesh;9779.994367905942;Southern Asia
BD;2013-10-09 10:00:00;Bangladesh;9722.279163248535;Southern Asia
BD;2013-10-09 11:00:00;Bangladesh;9742.273443950904;Southern Asia
BD;2013-10-09 12:00:00;Bangladesh;11353.022411154278;Southern Asia
BD;2013-10-09 13:00:00;Bangladesh;11384.228599437549;Southern Asia
BD;2013-10-09 14:00:00;Bangladesh;11117.926366749967;Southern Asia
BD;2013-10-09 15:00:00;Bangladesh;9427.436646371334;Southern Asia
BD;2013-10-09 16:00:00;Bangladesh;8387.675766924678;Southern Asia
BD;2013-10-09 17:00:00;Bangladesh;7491.526709277538;Southern Asia
BD;2013-10-09 18:00:00;Bangladesh;7513.699584074253;Southern Asia
BD;2013-10-09 19:00:00;Bangladesh;6906.303017454755;Southern Asia
BD;2013-10-09 20:00:00;Bangladesh;6522.5865974264;Southern Asia
BD;2013-10-09 21:00:00;Bangladesh;6542.570084994785;Southern Asia
BD;2013-10-09 22:00:00;Bangladesh;6943.740081986056;Southern Asia
BD;2013-10-09 23:00:00;Bangladesh;7645.867985568946;Southern Asia
BD;2013-10-10 00:00:00;Bangladesh;7767.946965416907;Southern Asia
BD;2013-10-10 01:00:00;Bangladesh;8514.928975203793;Southern Asia
BD;2013-10-10 02:00:00;Bangladesh;9127.482501240074;Southern Asia
BD;2013-10-10 03:00:00;Bangladesh;10088.400616258807;Southern Asia
BD;2013-10-10 04:00:00;Bangladesh;10179.856237058546;Southern Asia
BD;2013-10-10 05:00:00;Bangladesh;10347.406690374295;Southern Asia
BD;2013-10-10 06:00:00;Bangladesh;10411.616123748901;Southern Asia
BD;2013-10-10 07:00:00;Bangladesh;10399.585017298738;Southern Asia
BD;2013-10-10 08:00:00;Bangladesh;10431.719415104493;Southern Asia
BD;2013-10-10 09:00:00;Bangladesh;10422.320754032631;Southern Asia
BD;2013-10-10 10:00:00;Bangladesh;9814.08124364911;Southern Asia
BD;2013-10-10 11:00:00;Bangladesh;9834.075524351478;Southern Asia
BD;2013-10-10 12:00:00;Bangladesh;11583.251831445932;Southern Asia
BD;2013-10-10 13:00:00;Bangladesh;11614.458019729202;Southern Asia
BD;2013-10-10 14:00:00;Bangladesh;11348.157945668418;Southern Asia
BD;2013-10-10 15:00:00;Bangladesh;9806.273490526251;Southern Asia
BD;2013-10-10 16:00:00;Bangladesh;8766.513150736295;Southern Asia
BD;2013-10-10 17:00:00;Bangladesh;7850.881406937554;Southern Asia
BD;2013-10-10 18:00:00;Bangladesh;7323.825691742736;Southern Asia
BD;2013-10-10 19:00:00;Bangladesh;6782.3579047412395;Southern Asia
BD;2013-10-10 20:00:00;Bangladesh;6485.52297533089;Southern Asia
BD;2013-10-10 21:00:00;Bangladesh;6542.570084994785;Southern Asia
BD;2013-10-10 22:00:00;Bangladesh;6943.740081986056;Southern Asia
BD;2013-10-10 23:00:00;Bangladesh;7645.867985568946;Southern Asia
BD;2013-10-11 00:00:00;Bangladesh;7767.946965416907;Southern Asia
BD;2013-10-11 01:00:00;Bangladesh;8514.928975203793;Southern Asia
BD;2013-10-11 02:00:00;Bangladesh;9151.948377351346;Southern Asia
BD;2013-10-11 03:00:00;Bangladesh;10365.965484257007;Southern Asia
BD;2013-10-11 04:00:00;Bangladesh;10501.892055004368;Southern Asia
BD;2013-10-11 05:00:00;Bangladesh;10497.238055631162;Southern Asia
BD;2013-10-11 06:00:00;Bangladesh;10561.447489005768;Southern Asia
BD;2013-10-11 07:00:00;Bangladesh;10549.416382555604;Southern Asia
BD;2013-10-11 08:00:00;Bangladesh;10666.366465135136;Southern Asia
BD;2013-10-11 09:00:00;Bangladesh;10730.417239440201;Southern Asia
BD;2013-10-11 10:00:00;Bangladesh;9903.453789590249;Southern Asia
BD;2013-10-11 11:00:00;Bangladesh;9888.934865757145;Southern Asia
BD;2013-10-11 12:00:00;Bangladesh;11697.67308273339;Southern Asia
BD;2013-10-11 13:00:00;Bangladesh;11782.517908968919;Southern Asia
BD;2013-10-11 14:00:00;Bangladesh;11504.391798003635;Southern Asia
BD;2013-10-11 15:00:00;Bangladesh;10169.789480993175;Southern Asia
BD;2013-10-11 16:00:00;Bangladesh;8994.46306113087;Southern Asia
BD;2013-10-11 17:00:00;Bangladesh;8110.304635681462;Southern Asia
BD;2013-10-11 18:00:00;Bangladesh;7502.232418874667;Southern Asia
BD;2013-10-11 19:00:00;Bangladesh;7039.041296423719;Southern Asia
BD;2013-10-11 20:00:00;Bangladesh;6661.213070639454;Southern Asia
BD;2013-10-11 21:00:00;Bangladesh;6848.899194712741;Southern Asia
BD;2013-10-11 22:00:00;Bangladesh;7321.449583296514;Southern Asia
BD;2013-10-11 23:00:00;Bangladesh;7886.234856953555;Southern Asia
BD;2013-10-12 00:00:00;Bangladesh;7874.085026029585;Southern Asia
BD;2013-10-12 01:00:00;Bangladesh;8504.364116005136;Southern Asia
BD;2013-10-12 02:00:00;Bangladesh;9864.67945575853;Southern Asia
BD;2013-10-12 03:00:00;Bangladesh;10518.16378379621;Southern Asia
BD;2013-10-12 04:00:00;Bangladesh;10522.193940025232;Southern Asia
BD;2013-10-12 05:00:00;Bangladesh;10478.780717207885;Southern Asia
BD;2013-10-12 06:00:00;Bangladesh;10491.239231763753;Southern Asia
BD;2013-10-12 07:00:00;Bangladesh;10434.737175365966;Southern Asia
BD;2013-10-12 08:00:00;Bangladesh;10462.11719765248;Southern Asia
BD;2013-10-12 09:00:00;Bangladesh;10223.415167184656;Southern Asia
BD;2013-10-12 10:00:00;Bangladesh;10139.992876008004;Southern Asia
BD;2013-10-12 11:00:00;Bangladesh;10263.929354214333;Southern Asia
BD;2013-10-12 12:00:00;Bangladesh;11823.072030594334;Southern Asia
BD;2013-10-12 13:00:00;Bangladesh;11909.076039419571;Southern Asia
BD;2013-10-12 14:00:00;Bangladesh;11628.989895323084;Southern Asia
BD;2013-10-12 15:00:00;Bangladesh;10005.457540230973;Southern Asia
BD;2013-10-12 16:00:00;Bangladesh;8202.936168428583;Southern Asia
BD;2013-10-12 17:00:00;Bangladesh;7362.3550214330535;Southern Asia
BD;2013-10-12 18:00:00;Bangladesh;7350.540317319237;Southern Asia
BD;2013-10-12 19:00:00;Bangladesh;6887.349194868289;Southern Asia
BD;2013-10-12 20:00:00;Bangladesh;6622.035073596795;Southern Asia
BD;2013-10-12 21:00:00;Bangladesh;6759.7144493028945;Southern Asia
BD;2013-10-12 22:00:00;Bangladesh;7321.449583296514;Southern Asia
BD;2013-10-12 23:00:00;Bangladesh;7886.234856953555;Southern Asia
BD;2013-10-13 00:00:00;Bangladesh;7938.523273844618;Southern Asia
BD;2013-10-13 01:00:00;Bangladesh;8504.364116005136;Southern Asia
BD;2013-10-13 02:00:00;Bangladesh;9932.914728108568;Southern Asia
BD;2013-10-13 03:00:00;Bangladesh;10518.16378379621;Southern Asia
BD;2013-10-13 04:00:00;Bangladesh;10477.722990077613;Southern Asia
BD;2013-10-13 05:00:00;Bangladesh;10434.309767260265;Southern Asia
BD;2013-10-13 06:00:00;Bangladesh;10491.239231763753;Southern Asia
BD;2013-10-13 07:00:00;Bangladesh;10479.208125313588;Southern Asia
BD;2013-10-13 08:00:00;Bangladesh;10462.11719765248;Southern Asia
BD;2013-10-13 09:00:00;Bangladesh;10384.647319867116;Southern Asia
BD;2013-10-13 10:00:00;Bangladesh;10223.065469643627;Southern Asia
BD;2013-10-13 11:00:00;Bangladesh;10260.856548969548;Southern Asia
BD;2013-10-13 12:00:00;Bangladesh;11813.74136626656;Southern Asia
BD;2013-10-13 13:00:00;Bangladesh;11909.751689606866;Southern Asia
BD;2013-10-13 14:00:00;Bangladesh;11629.665545510383;Southern Asia
BD;2013-10-13 15:00:00;Bangladesh;10005.457540230973;Southern Asia
BD;2013-10-13 16:00:00;Bangladesh;8202.936168428583;Southern Asia
BD;2013-10-13 17:00:00;Bangladesh;7394.145118264772;Southern Asia
BD;2013-10-13 18:00:00;Bangladesh;7396.776484329676;Southern Asia
BD;2013-10-13 19:00:00;Bangladesh;6855.308697328181;Southern Asia
BD;2013-10-13 20:00:00;Bangladesh;6505.347803829734;Southern Asia
BD;2013-10-13 21:00:00;Bangladesh;6542.570084994785;Southern Asia
BD;2013-10-13 22:00:00;Bangladesh;6962.3269380171205;Southern Asia
BD;2013-10-13 23:00:00;Bangladesh;7645.867985568946;Southern Asia
BD;2013-10-14 00:00:00;Bangladesh;7762.989678978797;Southern Asia
BD;2013-10-14 01:00:00;Bangladesh;8441.094224943696;Southern Asia
BD;2013-10-14 02:00:00;Bangladesh;9267.942188260036;Southern Asia
BD;2013-10-14 03:00:00;Bangladesh;9832.846186390883;Southern Asia
BD;2013-10-14 04:00:00;Bangladesh;9980.586921595364;Southern Asia
BD;2013-10-14 05:00:00;Bangladesh;10177.301502244914;Southern Asia
BD;2013-10-14 06:00:00;Bangladesh;10189.760016800783;Southern Asia
BD;2013-10-14 07:00:00;Bangladesh;10177.728910350617;Southern Asia
BD;2013-10-14 08:00:00;Bangladesh;10051.256045658427;Southern Asia
BD;2013-10-14 09:00:00;Bangladesh;9940.145048563367;Southern Asia
BD;2013-10-14 10:00:00;Bangladesh;9776.357081753878;Southern Asia
BD;2013-10-14 11:00:00;Bangladesh;9799.988648608309;Southern Asia
BD;2013-10-14 12:00:00;Bangladesh;11626.386591406534;Southern Asia
BD;2013-10-14 13:00:00;Bangladesh;11647.586465174734;Southern Asia
BD;2013-10-14 14:00:00;Bangladesh;11391.290547002222;Southern Asia
BD;2013-10-14 15:00:00;Bangladesh;9905.738696054319;Southern Asia
BD;2013-10-14 16:00:00;Bangladesh;8994.46306113087;Southern Asia
BD;2013-10-14 17:00:00;Bangladesh;7845.905232514975;Southern Asia
BD;2013-10-14 18:00:00;Bangladesh;7323.825691742736;Southern Asia
BD;2013-10-14 19:00:00;Bangladesh;6724.076060549758;Southern Asia
BD;2013-10-14 20:00:00;Bangladesh;6517.918566979019;Southern Asia
BD;2013-10-14 21:00:00;Bangladesh;6549.72485351171;Southern Asia
BD;2013-10-14 22:00:00;Bangladesh;6962.3269380171205;Southern Asia
BD;2013-10-14 23:00:00;Bangladesh;7629.478611616694;Southern Asia
BD;2013-10-15 00:00:00;Bangladesh;7767.946965416907;Southern Asia
BD;2013-10-15 01:00:00;Bangladesh;8429.212063742489;Southern Asia
BD;2013-10-15 02:00:00;Bangladesh;9267.942188260036;Southern Asia
BD;2013-10-15 03:00:00;Bangladesh;9832.846186390883;Southern Asia
BD;2013-10-15 04:00:00;Bangladesh;9950.960848127115;Southern Asia
BD;2013-10-15 05:00:00;Bangladesh;9978.032186781733;Southern Asia
BD;2013-10-15 06:00:00;Bangladesh;10082.151391683006;Southern Asia
BD;2013-10-15 07:00:00;Bangladesh;10070.12028523284;Southern Asia
BD;2013-10-15 08:00:00;Bangladesh;10010.59399269319;Southern Asia
BD;2013-10-15 09:00:00;Bangladesh;9908.69817339229;Southern Asia
BD;2013-10-15 10:00:00;Bangladesh;9774.078651170197;Southern Asia
BD;2013-10-15 11:00:00;Bangladesh;9794.072931872564;Southern Asia
BD;2013-10-15 12:00:00;Bangladesh;11617.072116779735;Southern Asia
BD;2013-10-15 13:00:00;Bangladesh;11648.278305063006;Southern Asia
BD;2013-10-15 14:00:00;Bangladesh;11230.114518616469;Southern Asia
BD;2013-10-15 15:00:00;Bangladesh;9806.273490526251;Southern Asia
BD;2013-10-15 16:00:00;Bangladesh;8766.513150736295;Southern Asia
BD;2013-10-15 17:00:00;Bangladesh;7850.881406937554;Southern Asia
BD;2013-10-15 18:00:00;Bangladesh;7265.542768237858;Southern Asia
BD;2013-10-15 19:00:00;Bangladesh;6724.076060549758;Southern Asia
BD;2013-10-15 20:00:00;Bangladesh;6485.52297533089;Southern Asia
BD;2013-10-15 21:00:00;Bangladesh;6637.477350042092;Southern Asia
BD;2013-10-15 22:00:00;Bangladesh;6943.740081986056;Southern Asia
BD;2013-10-15 23:00:00;Bangladesh;7645.867985568946;Southern Asia
BD;2013-10-16 00:00:00;Bangladesh;7767.946965416907;Southern Asia
BD;2013-10-16 01:00:00;Bangladesh;8514.928975203793;Southern Asia
BD;2013-10-16 02:00:00;Bangladesh;9151.948377351346;Southern Asia
BD;2013-10-16 03:00:00;Bangladesh;9778.670050366301;Southern Asia
BD;2013-10-16 04:00:00;Bangladesh;9860.202463782638;Southern Asia
BD;2013-10-16 05:00:00;Bangladesh;10018.69423974697;Southern Asia
BD;2013-10-16 06:00:00;Bangladesh;10090.450232402061;Southern Asia
BD;2013-10-16 07:00:00;Bangladesh;10177.728910350617;Southern Asia
BD;2013-10-16 08:00:00;Bangladesh;10209.863308156373;Southern Asia
BD;2013-10-16 09:00:00;Bangladesh;10169.040437494798;Southern Asia
BD;2013-10-16 10:00:00;Bangladesh;9779.994367905942;Southern Asia
BD;2013-10-16 11:00:00;Bangladesh;9799.988648608309;Southern Asia
BD;2013-10-16 12:00:00;Bangladesh;11626.386591406534;Southern Asia
BD;2013-10-16 13:00:00;Bangladesh;11657.592779689803;Southern Asia
BD;2013-10-16 14:00:00;Bangladesh;11391.290547002222;Southern Asia
BD;2013-10-16 15:00:00;Bangladesh;9905.738696054319;Southern Asia
BD;2013-10-16 16:00:00;Bangladesh;8994.46306113087;Southern Asia
BD;2013-10-16 17:00:00;Bangladesh;8110.304635681462;Southern Asia
BD;2013-10-16 18:00:00;Bangladesh;7381.656382933754;Southern Asia
BD;2013-10-16 19:00:00;Bangladesh;6782.3579047412395;Southern Asia
BD;2013-10-16 20:00:00;Bangladesh;6505.347803829734;Southern Asia
BD;2013-10-16 21:00:00;Bangladesh;6637.477350042092;Southern Asia
BD;2013-10-16 22:00:00;Bangladesh;6943.740081986056;Southern Asia
BD;2013-10-16 23:00:00;Bangladesh;7645.867985568946;Southern Asia
BD;2013-10-17 00:00:00;Bangladesh;7767.946965416907;Southern Asia
BD;2013-10-17 01:00:00;Bangladesh;8514.928975203793;Southern Asia
BD;2013-10-17 02:00:00;Bangladesh;9151.948377351346;Southern Asia
BD;2013-10-17 03:00:00;Bangladesh;10088.400616258807;Southern Asia
BD;2013-10-17 04:00:00;Bangladesh;10179.856237058546;Southern Asia
BD;2013-10-17 05:00:00;Bangladesh;10347.406690374295;Southern Asia
BD;2013-10-17 06:00:00;Bangladesh;10411.616123748901;Southern Asia
BD;2013-10-17 07:00:00;Bangladesh;10399.585017298738;Southern Asia
BD;2013-10-17 08:00:00;Bangladesh;10431.719415104493;Southern Asia
BD;2013-10-17 09:00:00;Bangladesh;10572.1521192895;Southern Asia
BD;2013-10-17 10:00:00;Bangladesh;9814.08124364911;Southern Asia
BD;2013-10-17 11:00:00;Bangladesh;9834.075524351478;Southern Asia
BD;2013-10-17 12:00:00;Bangladesh;11634.303355182612;Southern Asia
BD;2013-10-17 13:00:00;Bangladesh;11720.36888487155;Southern Asia
BD;2013-10-17 14:00:00;Bangladesh;11404.328652852942;Southern Asia
BD;2013-10-17 15:00:00;Bangladesh;10017.926847920824;Southern Asia
BD;2013-10-17 16:00:00;Bangladesh;8994.46306113087;Southern Asia
BD;2013-10-17 17:00:00;Bangladesh;8110.304635681462;Southern Asia
BD;2013-10-17 18:00:00;Bangladesh;7451.458818338032;Southern Asia
BD;2013-10-17 19:00:00;Bangladesh;6909.992110649934;Southern Asia
BD;2013-10-17 20:00:00;Bangladesh;6520.46682591226;Southern Asia
BD;2013-10-17 21:00:00;Bangladesh;6637.477350042092;Southern Asia
BD;2013-10-17 22:00:00;Bangladesh;6962.3269380171205;Southern Asia
BD;2013-10-17 23:00:00;Bangladesh;7629.478611616694;Southern Asia
BD;2013-10-18 00:00:00;Bangladesh;7839.310087995039;Southern Asia
BD;2013-10-18 01:00:00;Bangladesh;8429.212063742489;Southern Asia
BD;2013-10-18 02:00:00;Bangladesh;9267.942188260036;Southern Asia
BD;2013-10-18 03:00:00;Bangladesh;10214.034854440564;Southern Asia
BD;2013-10-18 04:00:00;Bangladesh;10349.961425187925;Southern Asia
BD;2013-10-18 05:00:00;Bangladesh;10497.238055631162;Southern Asia
BD;2013-10-18 06:00:00;Bangladesh;10561.447489005768;Southern Asia
BD;2013-10-18 07:00:00;Bangladesh;10549.416382555604;Southern Asia
BD;2013-10-18 08:00:00;Bangladesh;10581.55078036136;Southern Asia
BD;2013-10-18 09:00:00;Bangladesh;10703.236890132363;Southern Asia
BD;2013-10-18 10:00:00;Bangladesh;9868.940585054776;Southern Asia
BD;2013-10-18 11:00:00;Bangladesh;9834.075524351478;Southern Asia
BD;2013-10-18 12:00:00;Bangladesh;11583.251831445932;Southern Asia
BD;2013-10-18 13:00:00;Bangladesh;11614.458019729202;Southern Asia
BD;2013-10-18 14:00:00;Bangladesh;11348.157945668418;Southern Asia
BD;2013-10-18 15:00:00;Bangladesh;9905.738696054319;Southern Asia
BD;2013-10-18 16:00:00;Bangladesh;8994.46306113087;Southern Asia
BD;2013-10-18 17:00:00;Bangladesh;8110.304635681462;Southern Asia
BD;2013-10-18 18:00:00;Bangladesh;7502.232418874667;Southern Asia
BD;2013-10-18 19:00:00;Bangladesh;6984.358422758664;Southern Asia
BD;2013-10-18 20:00:00;Bangladesh;6641.8593624389405;Southern Asia
BD;2013-10-18 21:00:00;Bangladesh;6848.899194712741;Southern Asia
BD;2013-10-18 22:00:00;Bangladesh;7321.449583296514;Southern Asia
BD;2013-10-18 23:00:00;Bangladesh;7797.050111543709;Southern Asia
BD;2013-10-19 00:00:00;Bangladesh;7849.338528434772;Southern Asia
BD;2013-10-19 01:00:00;Bangladesh;8510.192948012324;Southern Asia
BD;2013-10-19 02:00:00;Bangladesh;9864.67945575853;Southern Asia
BD;2013-10-19 03:00:00;Bangladesh;10518.16378379621;Southern Asia
BD;2013-10-19 04:00:00;Bangladesh;10522.193940025232;Southern Asia
BD;2013-10-19 05:00:00;Bangladesh;10544.097526129086;Southern Asia
BD;2013-10-19 06:00:00;Bangladesh;10556.556040684953;Southern Asia
BD;2013-10-19 07:00:00;Bangladesh;10544.524934234787;Southern Asia
BD;2013-10-19 08:00:00;Bangladesh;10571.9049565213;Southern Asia
BD;2013-10-19 09:00:00;Bangladesh;10465.226699552806;Southern Asia
BD;2013-10-19 10:00:00;Bangladesh;10223.065469643627;Southern Asia
BD;2013-10-19 11:00:00;Bangladesh;10260.856548969548;Southern Asia
BD;2013-10-19 12:00:00;Bangladesh;11813.74136626656;Southern Asia
BD;2013-10-19 13:00:00;Bangladesh;11899.745375091798;Southern Asia
BD;2013-10-19 14:00:00;Bangladesh;11619.659230995312;Southern Asia
BD;2013-10-19 15:00:00;Bangladesh;10005.457540230973;Southern Asia
BD;2013-10-19 16:00:00;Bangladesh;8202.936168428583;Southern Asia
BD;2013-10-19 17:00:00;Bangladesh;7342.135703887153;Southern Asia
BD;2013-10-19 18:00:00;Bangladesh;7350.540317319237;Southern Asia
BD;2013-10-19 19:00:00;Bangladesh;6887.349194868289;Southern Asia
BD;2013-10-19 20:00:00;Bangladesh;6654.430125588224;Southern Asia
BD;2013-10-19 21:00:00;Bangladesh;6772.578246039801;Southern Asia
BD;2013-10-19 22:00:00;Bangladesh;7232.264837886668;Southern Asia
BD;2013-10-19 23:00:00;Bangladesh;7797.050111543709;Southern Asia
BD;2013-10-20 00:00:00;Bangladesh;7849.338528434772;Southern Asia
BD;2013-10-20 01:00:00;Bangladesh;8510.192948012324;Southern Asia
BD;2013-10-20 02:00:00;Bangladesh;9801.315124774745;Southern Asia
BD;2013-10-20 03:00:00;Bangladesh;10407.745705902818;Southern Asia
BD;2013-10-20 04:00:00;Bangladesh;10349.05264330661;Southern Asia
BD;2013-10-20 05:00:00;Bangladesh;10429.17223548465;Southern Asia
BD;2013-10-20 06:00:00;Bangladesh;10441.630750040516;Southern Asia
BD;2013-10-20 07:00:00;Bangladesh;10334.60387484439;Southern Asia
BD;2013-10-20 08:00:00;Bangladesh;10358.206300237069;Southern Asia
BD;2013-10-20 09:00:00;Bangladesh;10264.545642164729;Southern Asia
BD;2013-10-20 10:00:00;Bangladesh;10139.992876008004;Southern Asia
BD;2013-10-20 11:00:00;Bangladesh;10263.929354214333;Southern Asia
BD;2013-10-20 12:00:00;Bangladesh;11823.072030594334;Southern Asia
BD;2013-10-20 13:00:00;Bangladesh;11909.076039419571;Southern Asia
BD;2013-10-20 14:00:00;Bangladesh;11628.989895323084;Southern Asia
BD;2013-10-20 15:00:00;Bangladesh;9962.860278342694;Southern Asia
BD;2013-10-20 16:00:00;Bangladesh;8125.70967581452;Southern Asia
BD;2013-10-20 17:00:00;Bangladesh;7379.73466542819;Southern Asia
BD;2013-10-20 18:00:00;Bangladesh;7513.699584074253;Southern Asia
BD;2013-10-20 19:00:00;Bangladesh;6906.303017454755;Southern Asia
BD;2013-10-20 20:00:00;Bangladesh;6522.5865974264;Southern Asia
BD;2013-10-20 21:00:00;Bangladesh;6542.570084994785;Southern Asia
BD;2013-10-20 22:00:00;Bangladesh;6943.740081986056;Southern Asia
BD;2013-10-20 23:00:00;Bangladesh;7645.867985568946;Southern Asia
BD;2013-10-21 00:00:00;Bangladesh;7767.946965416907;Southern Asia
BD;2013-10-21 01:00:00;Bangladesh;8486.04654866693;Southern Asia
BD;2013-10-21 02:00:00;Bangladesh;9072.600494253045;Southern Asia
BD;2013-10-21 03:00:00;Bangladesh;9671.165039334757;Southern Asia
BD;2013-10-21 04:00:00;Bangladesh;9825.627738383466;Southern Asia
BD;2013-10-21 05:00:00;Bangladesh;9835.957846918005;Southern Asia
BD;2013-10-21 06:00:00;Bangladesh;9832.320560765942;Southern Asia
BD;2013-10-21 07:00:00;Bangladesh;9823.577042926812;Southern Asia
BD;2013-10-21 08:00:00;Bangladesh;9823.577042926812;Southern Asia
BD;2013-10-21 09:00:00;Bangladesh;9776.357081753878;Southern Asia
BD;2013-10-21 10:00:00;Bangladesh;9736.975094478952;Southern Asia
BD;2013-10-21 11:00:00;Bangladesh;9663.73072864769;Southern Asia
BD;2013-10-21 12:00:00;Bangladesh;10988.000778496813;Southern Asia
BD;2013-10-21 13:00:00;Bangladesh;11019.20696678008;Southern Asia
BD;2013-10-21 14:00:00;Bangladesh;10752.9047340925;Southern Asia
BD;2013-10-21 15:00:00;Bangladesh;9433.662126052373;Southern Asia
BD;2013-10-21 16:00:00;Bangladesh;8393.902325919116;Southern Asia
BD;2013-10-21 17:00:00;Bangladesh;7497.7532682719775;Southern Asia
BD;2013-10-21 18:00:00;Bangladesh;7464.422451564275;Southern Asia
BD;2013-10-21 19:00:00;Bangladesh;6882.769668119562;Southern Asia
BD;2013-10-21 20:00:00;Bangladesh;6522.5865974264;Southern Asia
BD;2013-10-21 21:00:00;Bangladesh;6542.570084994785;Southern Asia
BD;2013-10-21 22:00:00;Bangladesh;6918.599635000885;Southern Asia
BD;2013-10-21 23:00:00;Bangladesh;7620.7275385837775;Southern Asia
BD;2013-10-22 00:00:00;Bangladesh;7767.946965416907;Southern Asia
BD;2013-10-22 01:00:00;Bangladesh;8486.04654866693;Southern Asia
BD;2013-10-22 02:00:00;Bangladesh;9072.600494253045;Southern Asia
BD;2013-10-22 03:00:00;Bangladesh;9690.095117026462;Southern Asia
BD;2013-10-22 04:00:00;Bangladesh;9788.52418169222;Southern Asia
BD;2013-10-22 05:00:00;Bangladesh;9792.938573491016;Southern Asia
BD;2013-10-22 06:00:00;Bangladesh;9792.938573491016;Southern Asia
BD;2013-10-22 07:00:00;Bangladesh;9766.211535810437;Southern Asia
BD;2013-10-22 08:00:00;Bangladesh;9780.90746704085;Southern Asia
BD;2013-10-22 09:00:00;Bangladesh;9722.279163248535;Southern Asia
BD;2013-10-22 10:00:00;Bangladesh;9608.97176338806;Southern Asia
BD;2013-10-22 11:00:00;Bangladesh;9628.966044090428;Southern Asia
BD;2013-10-22 12:00:00;Bangladesh;10893.828525873707;Southern Asia
BD;2013-10-22 13:00:00;Bangladesh;10918.809234475937;Southern Asia
BD;2013-10-22 14:00:00;Bangladesh;10658.73464009619;Southern Asia
BD;2013-10-22 15:00:00;Bangladesh;9554.813975691246;Southern Asia
BD;2013-10-22 16:00:00;Bangladesh;8579.264688245994;Southern Asia
BD;2013-10-22 17:00:00;Bangladesh;7680.441091998021;Southern Asia
BD;2013-10-22 18:00:00;Bangladesh;7491.766856508647;Southern Asia
BD;2013-10-22 19:00:00;Bangladesh;6882.769668119562;Southern Asia
BD;2013-10-22 20:00:00;Bangladesh;6499.053248091207;Southern Asia
BD;2013-10-22 21:00:00;Bangladesh;6542.570084994785;Southern Asia
BD;2013-10-22 22:00:00;Bangladesh;6918.599635000885;Southern Asia
BD;2013-10-22 23:00:00;Bangladesh;7620.7275385837775;Southern Asia
BD;2013-10-23 00:00:00;Bangladesh;7742.806518431738;Southern Asia
BD;2013-10-23 01:00:00;Bangladesh;8379.96623132106;Southern Asia
BD;2013-10-23 02:00:00;Bangladesh;8966.521256220572;Southern Asia
BD;2013-10-23 03:00:00;Bangladesh;9671.165039334757;Southern Asia
BD;2013-10-23 04:00:00;Bangladesh;9773.828250461804;Southern Asia
BD;2013-10-23 05:00:00;Bangladesh;9778.2426422606;Southern Asia
BD;2013-10-23 06:00:00;Bangladesh;9778.2426422606;Southern Asia
BD;2013-10-23 07:00:00;Bangladesh;9766.211535810437;Southern Asia
BD;2013-10-23 08:00:00;Bangladesh;9766.211535810437;Southern Asia
BD;2013-10-23 09:00:00;Bangladesh;9722.279163248535;Southern Asia
BD;2013-10-23 10:00:00;Bangladesh;9643.73644794532;Southern Asia
BD;2013-10-23 11:00:00;Bangladesh;9709.527075448348;Southern Asia
BD;2013-10-23 12:00:00;Bangladesh;10988.000778496813;Southern Asia
BD;2013-10-23 13:00:00;Bangladesh;11019.20696678008;Southern Asia
BD;2013-10-23 14:00:00;Bangladesh;10652.509160415151;Southern Asia
BD;2013-10-23 15:00:00;Bangladesh;9554.813975691246;Southern Asia
BD;2013-10-23 16:00:00;Bangladesh;8572.833059705892;Southern Asia
BD;2013-10-23 17:00:00;Bangladesh;7602.426160946546;Southern Asia
BD;2013-10-23 18:00:00;Bangladesh;7491.766856508647;Southern Asia
BD;2013-10-23 19:00:00;Bangladesh;6882.769668119562;Southern Asia
BD;2013-10-23 20:00:00;Bangladesh;6499.053248091207;Southern Asia
BD;2013-10-23 21:00:00;Bangladesh;6517.429638009617;Southern Asia
BD;2013-10-23 22:00:00;Bangladesh;6918.599635000885;Southern Asia
BD;2013-10-23 23:00:00;Bangladesh;7645.867985568946;Southern Asia
BD;2013-10-24 00:00:00;Bangladesh;7767.946965416907;Southern Asia
BD;2013-10-24 01:00:00;Bangladesh;8486.04654866693;Southern Asia
BD;2013-10-24 02:00:00;Bangladesh;9127.482501240074;Southern Asia
BD;2013-10-24 03:00:00;Bangladesh;9706.427287368606;Southern Asia
BD;2013-10-24 04:00:00;Bangladesh;9803.969156421013;Southern Asia
BD;2013-10-24 05:00:00;Bangladesh;9829.110682719582;Southern Asia
BD;2013-10-24 06:00:00;Bangladesh;9841.569197275448;Southern Asia
BD;2013-10-24 07:00:00;Bangladesh;9829.538090825283;Southern Asia
BD;2013-10-24 08:00:00;Bangladesh;9861.672488631039;Southern Asia
BD;2013-10-24 09:00:00;Bangladesh;9763.030799225826;Southern Asia
BD;2013-10-24 10:00:00;Bangladesh;9779.994367905942;Southern Asia
BD;2013-10-24 11:00:00;Bangladesh;9799.988648608309;Southern Asia
BD;2013-10-24 12:00:00;Bangladesh;11626.386591406534;Southern Asia
BD;2013-10-24 13:00:00;Bangladesh;11648.278305063006;Southern Asia
BD;2013-10-24 14:00:00;Bangladesh;11381.976072375423;Southern Asia
BD;2013-10-24 15:00:00;Bangladesh;9656.70223979836;Southern Asia
BD;2013-10-24 16:00:00;Bangladesh;8500.955644293499;Southern Asia
BD;2013-10-24 17:00:00;Bangladesh;7570.113136773382;Southern Asia
BD;2013-10-24 18:00:00;Bangladesh;7476.531268579113;Southern Asia
BD;2013-10-24 19:00:00;Bangladesh;6756.470572884489;Southern Asia
BD;2013-10-24 20:00:00;Bangladesh;6517.918566979019;Southern Asia
BD;2013-10-24 21:00:00;Bangladesh;6542.570084994785;Southern Asia
BD;2013-10-24 22:00:00;Bangladesh;6943.740081986056;Southern Asia
BD;2013-10-24 23:00:00;Bangladesh;7645.867985568946;Southern Asia
BD;2013-10-25 00:00:00;Bangladesh;7767.946965416907;Southern Asia
BD;2013-10-25 01:00:00;Bangladesh;8514.928975203793;Southern Asia
BD;2013-10-25 02:00:00;Bangladesh;9127.482501240074;Southern Asia
BD;2013-10-25 03:00:00;Bangladesh;9596.855391179433;Southern Asia
BD;2013-10-25 04:00:00;Bangladesh;9654.29429160689;Southern Asia
BD;2013-10-25 05:00:00;Bangladesh;9699.699926957386;Southern Asia
BD;2013-10-25 06:00:00;Bangladesh;9699.699926957386;Southern Asia
BD;2013-10-25 07:00:00;Bangladesh;9687.668820507222;Southern Asia
BD;2013-10-25 08:00:00;Bangladesh;9687.668820507222;Southern Asia
BD;2013-10-25 09:00:00;Bangladesh;9736.975094478952;Southern Asia
BD;2013-10-25 10:00:00;Bangladesh;9556.489070085314;Southern Asia
BD;2013-10-25 11:00:00;Bangladesh;9576.483350787681;Southern Asia
BD;2013-10-25 12:00:00;Bangladesh;10727.201964826849;Southern Asia
BD;2013-10-25 13:00:00;Bangladesh;10758.408153110118;Southern Asia
BD;2013-10-25 14:00:00;Bangladesh;10492.105920422538;Southern Asia
BD;2013-10-25 15:00:00;Bangladesh;9476.326305371344;Southern Asia
BD;2013-10-25 16:00:00;Bangladesh;8630.34427413103;Southern Asia
BD;2013-10-25 17:00:00;Bangladesh;7693.480277162141;Southern Asia
BD;2013-10-25 18:00:00;Bangladesh;7622.587195568942;Southern Asia
BD;2013-10-25 19:00:00;Bangladesh;7079.819915235966;Southern Asia
BD;2013-10-25 20:00:00;Bangladesh;6695.01338867539;Southern Asia
BD;2013-10-25 21:00:00;Bangladesh;6759.7144493028945;Southern Asia
BD;2013-10-25 22:00:00;Bangladesh;7226.513176787455;Southern Asia
BD;2013-10-25 23:00:00;Bangladesh;7814.00342674654;Southern Asia
BD;2013-10-26 00:00:00;Bangladesh;7882.013662253044;Southern Asia
BD;2013-10-26 01:00:00;Bangladesh;8504.018196061;Southern Asia
BD;2013-10-26 02:00:00;Bangladesh;9767.547725797454;Southern Asia
BD;2013-10-26 03:00:00;Bangladesh;10092.963953306558;Southern Asia
BD;2013-10-26 04:00:00;Bangladesh;9987.83235243774;Southern Asia
BD;2013-10-26 05:00:00;Bangladesh;9927.98118656522;Southern Asia
BD;2013-10-26 06:00:00;Bangladesh;9927.98118656522;Southern Asia
BD;2013-10-26 07:00:00;Bangladesh;9915.950080115055;Southern Asia
BD;2013-10-26 08:00:00;Bangladesh;9911.195704595813;Southern Asia
BD;2013-10-26 09:00:00;Bangladesh;9912.794167738606;Southern Asia
BD;2013-10-26 10:00:00;Bangladesh;9940.238948829014;Southern Asia
BD;2013-10-26 11:00:00;Bangladesh;10149.095805208748;Southern Asia
BD;2013-10-26 12:00:00;Bangladesh;11598.636364624424;Southern Asia
BD;2013-10-26 13:00:00;Bangladesh;11685.753145563243;Southern Asia
BD;2013-10-26 14:00:00;Bangladesh;11405.66700146676;Southern Asia
BD;2013-10-26 15:00:00;Bangladesh;10041.399755705714;Southern Asia
BD;2013-10-26 16:00:00;Bangladesh;8307.880508422808;Southern Asia
BD;2013-10-26 17:00:00;Bangladesh;7380.1426458927235;Southern Asia
BD;2013-10-26 18:00:00;Bangladesh;7604.854616092583;Southern Asia
BD;2013-10-26 19:00:00;Bangladesh;7074.068254136753;Southern Asia
BD;2013-10-26 20:00:00;Bangladesh;6689.261727576177;Southern Asia
BD;2013-10-26 21:00:00;Bangladesh;6753.962788203682;Southern Asia
BD;2013-10-26 22:00:00;Bangladesh;7226.513176787455;Southern Asia
BD;2013-10-26 23:00:00;Bangladesh;7814.00342674654;Southern Asia
BD;2013-10-27 00:00:00;Bangladesh;7882.013662253044;Southern Asia
BD;2013-10-27 01:00:00;Bangladesh;8504.018196061;Southern Asia
BD;2013-10-27 02:00:00;Bangladesh;9767.547725797454;Southern Asia
BD;2013-10-27 03:00:00;Bangladesh;10289.60406133163;Southern Asia
BD;2013-10-27 04:00:00;Bangladesh;10193.222454182333;Southern Asia
BD;2013-10-27 05:00:00;Bangladesh;10156.778357977411;Southern Asia
BD;2013-10-27 06:00:00;Bangladesh;10156.778357977411;Southern Asia
BD;2013-10-27 07:00:00;Bangladesh;10144.747251527246;Southern Asia
BD;2013-10-27 08:00:00;Bangladesh;10139.992876008004;Southern Asia
BD;2013-10-27 09:00:00;Bangladesh;10139.992876008004;Southern Asia
BD;2013-10-27 10:00:00;Bangladesh;10012.47523594632;Southern Asia
BD;2013-10-27 11:00:00;Bangladesh;10221.332092326054;Southern Asia
BD;2013-10-27 12:00:00;Bangladesh;11780.474768706054;Southern Asia
BD;2013-10-27 13:00:00;Bangladesh;11866.47877753129;Southern Asia
BD;2013-10-27 14:00:00;Bangladesh;11586.392633434805;Southern Asia
BD;2013-10-27 15:00:00;Bangladesh;10032.649761986195;Southern Asia
BD;2013-10-27 16:00:00;Bangladesh;8353.135579554248;Southern Asia
BD;2013-10-27 17:00:00;Bangladesh;7462.962680193157;Southern Asia
BD;2013-10-27 18:00:00;Bangladesh;7466.626409523478;Southern Asia
BD;2013-10-27 19:00:00;Bangladesh;6857.629221134393;Southern Asia
BD;2013-10-27 20:00:00;Bangladesh;6473.912801106038;Southern Asia
BD;2013-10-27 21:00:00;Bangladesh;6517.429638009617;Southern Asia
BD;2013-10-27 22:00:00;Bangladesh;6919.624982729213;Southern Asia
BD;2013-10-27 23:00:00;Bangladesh;7644.458402270847;Southern Asia
BD;2013-10-28 00:00:00;Bangladesh;7744.887434663541;Southern Asia
BD;2013-10-28 01:00:00;Bangladesh;8347.798374799959;Southern Asia
BD;2013-10-28 02:00:00;Bangladesh;8941.023556500586;Southern Asia
BD;2013-10-28 03:00:00;Bangladesh;9728.879164678763;Southern Asia
BD;2013-10-28 04:00:00;Bangladesh;9834.875295579574;Southern Asia
BD;2013-10-28 05:00:00;Bangladesh;9832.320560765942;Southern Asia
BD;2013-10-28 06:00:00;Bangladesh;9826.484713221667;Southern Asia
BD;2013-10-28 07:00:00;Bangladesh;9814.453606771502;Southern Asia
BD;2013-10-28 08:00:00;Bangladesh;9814.453606771502;Southern Asia
BD;2013-10-28 09:00:00;Bangladesh;9763.030799225826;Southern Asia
BD;2013-10-28 10:00:00;Bangladesh;9736.975094478952;Southern Asia
BD;2013-10-28 11:00:00;Bangladesh;9756.96937518132;Southern Asia
BD;2013-10-28 12:00:00;Bangladesh;11253.55720562621;Southern Asia
BD;2013-10-28 13:00:00;Bangladesh;11284.763393909481;Southern Asia
BD;2013-10-28 14:00:00;Bangladesh;10868.892069120802;Southern Asia
BD;2013-10-28 15:00:00;Bangladesh;9554.813975691246;Southern Asia
BD;2013-10-28 16:00:00;Bangladesh;8630.34427413103;Southern Asia
BD;2013-10-28 17:00:00;Bangladesh;7684.919163287313;Southern Asia
BD;2013-10-28 18:00:00;Bangladesh;7466.626409523478;Southern Asia
BD;2013-10-28 19:00:00;Bangladesh;6857.629221134393;Southern Asia
BD;2013-10-28 20:00:00;Bangladesh;6473.912801106038;Southern Asia
BD;2013-10-28 21:00:00;Bangladesh;6503.474115770393;Southern Asia
BD;2013-10-28 22:00:00;Bangladesh;6919.624982729213;Southern Asia
BD;2013-10-28 23:00:00;Bangladesh;7644.458402270847;Southern Asia
BD;2013-10-29 00:00:00;Bangladesh;7739.693778591219;Southern Asia
BD;2013-10-29 01:00:00;Bangladesh;8347.798374799959;Southern Asia
BD;2013-10-29 02:00:00;Bangladesh;8941.023556500586;Southern Asia
BD;2013-10-29 03:00:00;Bangladesh;9726.376236908249;Southern Asia
BD;2013-10-29 04:00:00;Bangladesh;9829.039448035297;Southern Asia
BD;2013-10-29 05:00:00;Bangladesh;9806.535763682024;Southern Asia
BD;2013-10-29 06:00:00;Bangladesh;9818.994278237891;Southern Asia
BD;2013-10-29 07:00:00;Bangladesh;9806.963171787727;Southern Asia
BD;2013-10-29 08:00:00;Bangladesh;9806.963171787727;Southern Asia
BD;2013-10-29 09:00:00;Bangladesh;9763.030799225826;Southern Asia
BD;2013-10-29 10:00:00;Bangladesh;9722.279163248535;Southern Asia
BD;2013-10-29 11:00:00;Bangladesh;9742.273443950904;Southern Asia
BD;2013-10-29 12:00:00;Bangladesh;11353.022411154278;Southern Asia
BD;2013-10-29 13:00:00;Bangladesh;11384.228599437549;Southern Asia
BD;2013-10-29 14:00:00;Bangladesh;11117.926366749967;Southern Asia
BD;2013-10-29 15:00:00;Bangladesh;9433.662126052373;Southern Asia
BD;2013-10-29 16:00:00;Bangladesh;8490.535413090205;Southern Asia
BD;2013-10-29 17:00:00;Bangladesh;7628.862863323;Southern Asia
BD;2013-10-29 18:00:00;Bangladesh;7491.766856508647;Southern Asia
BD;2013-10-29 19:00:00;Bangladesh;6882.769668119562;Southern Asia
BD;2013-10-29 20:00:00;Bangladesh;6499.053248091207;Southern Asia
BD;2013-10-29 21:00:00;Bangladesh;6503.474115770393;Southern Asia
BD;2013-10-29 22:00:00;Bangladesh;6919.624982729213;Southern Asia
BD;2013-10-29 23:00:00;Bangladesh;7644.458402270847;Southern Asia
BD;2013-10-30 00:00:00;Bangladesh;7741.048316906007;Southern Asia
BD;2013-10-30 01:00:00;Bangladesh;8347.798374799959;Southern Asia
BD;2013-10-30 02:00:00;Bangladesh;8934.353399699472;Southern Asia
BD;2013-10-30 03:00:00;Bangladesh;9726.376236908249;Southern Asia
BD;2013-10-30 04:00:00;Bangladesh;9829.039448035297;Southern Asia
BD;2013-10-30 05:00:00;Bangladesh;9806.535763682024;Southern Asia
BD;2013-10-30 06:00:00;Bangladesh;9818.994278237891;Southern Asia
BD;2013-10-30 07:00:00;Bangladesh;9822.771875131726;Southern Asia
BD;2013-10-30 08:00:00;Bangladesh;9806.813147225372;Southern Asia
BD;2013-10-30 09:00:00;Bangladesh;9868.940585054776;Southern Asia
BD;2013-10-30 10:00:00;Bangladesh;9736.975094478952;Southern Asia
BD;2013-10-30 11:00:00;Bangladesh;9756.96937518132;Southern Asia
BD;2013-10-30 12:00:00;Bangladesh;11253.55720562621;Southern Asia
BD;2013-10-30 13:00:00;Bangladesh;11284.763393909481;Southern Asia
BD;2013-10-30 14:00:00;Bangladesh;11018.463319848695;Southern Asia
BD;2013-10-30 15:00:00;Bangladesh;9441.45800672785;Southern Asia
BD;2013-10-30 16:00:00;Bangladesh;8604.225969207057;Southern Asia
BD;2013-10-30 17:00:00;Bangladesh;7675.048302603722;Southern Asia
BD;2013-10-30 18:00:00;Bangladesh;7455.671378531357;Southern Asia
BD;2013-10-30 19:00:00;Bangladesh;6858.65456886272;Southern Asia
BD;2013-10-30 20:00:00;Bangladesh;6474.938148834365;Southern Asia
BD;2013-10-30 21:00:00;Bangladesh;6492.696631832282;Southern Asia
BD;2013-10-30 22:00:00;Bangladesh;6852.118246922987;Southern Asia
BD;2013-10-30 23:00:00;Bangladesh;7571.360283405047;Southern Asia
BD;2013-10-31 00:00:00;Bangladesh;7677.161598237474;Southern Asia
BD;2013-10-31 01:00:00;Bangladesh;8224.365935950607;Southern Asia
BD;2013-10-31 02:00:00;Bangladesh;8925.740478781529;Southern Asia
BD;2013-10-31 03:00:00;Bangladesh;9728.879164678763;Southern Asia
BD;2013-10-31 04:00:00;Bangladesh;9834.875295579574;Southern Asia
BD;2013-10-31 05:00:00;Bangladesh;9806.535763682024;Southern Asia
BD;2013-10-31 06:00:00;Bangladesh;9818.994278237891;Southern Asia
BD;2013-10-31 07:00:00;Bangladesh;9806.963171787727;Southern Asia
BD;2013-10-31 08:00:00;Bangladesh;9806.963171787727;Southern Asia
BD;2013-10-31 09:00:00;Bangladesh;9868.940585054776;Southern Asia
BD;2013-10-31 10:00:00;Bangladesh;9736.975094478952;Southern Asia
BD;2013-10-31 11:00:00;Bangladesh;9756.96937518132;Southern Asia
BD;2013-10-31 12:00:00;Bangladesh;11103.988113525114;Southern Asia
BD;2013-10-31 13:00:00;Bangladesh;11135.194301808386;Southern Asia
BD;2013-10-31 14:00:00;Bangladesh;10752.9047340925;Southern Asia
BD;2013-10-31 15:00:00;Bangladesh;9466.133269638378;Southern Asia
BD;2013-10-31 16:00:00;Bangladesh;8620.152317711463;Southern Asia
BD;2013-10-31 17:00:00;Bangladesh;7660.139746633855;Southern Asia
BD;2013-10-31 18:00:00;Bangladesh;7045.156686138138;Southern Asia
BD;2013-10-31 19:00:00;Bangladesh;6479.312066380726;Southern Asia
BD;2013-10-31 20:00:00;Bangladesh;6159.722512252013;Southern Asia
BD;2013-10-31 21:00:00;Bangladesh;6123.084139635408;Southern Asia
BD;2013-10-31 22:00:00;Bangladesh;6435.704567151695;Southern Asia
BD;2013-10-31 23:00:00;Bangladesh;7156.032932569083;Southern Asia
BD;2013-11-01 00:00:00;Bangladesh;7284.652551610369;Southern Asia
BD;2013-11-01 01:00:00;Bangladesh;7816.731931017287;Southern Asia
BD;2013-11-01 02:00:00;Bangladesh;8592.817626587675;Southern Asia
BD;2013-11-01 03:00:00;Bangladesh;9463.842966607317;Southern Asia
BD;2013-11-01 04:00:00;Bangladesh;9572.871968157177;Southern Asia
BD;2013-11-01 05:00:00;Bangladesh;9581.997562939283;Southern Asia
BD;2013-11-01 06:00:00;Bangladesh;9568.051754520642;Southern Asia
BD;2013-11-01 07:00:00;Bangladesh;9579.501111049156;Southern Asia
BD;2013-11-01 08:00:00;Bangladesh;9579.501111049156;Southern Asia
BD;2013-11-01 09:00:00;Bangladesh;9608.317699468727;Southern Asia
BD;2013-11-01 10:00:00;Bangladesh;9382.40985002362;Southern Asia
BD;2013-11-01 11:00:00;Bangladesh;9428.21698995826;Southern Asia
BD;2013-11-01 12:00:00;Bangladesh;10432.671369521739;Southern Asia
BD;2013-11-01 13:00:00;Bangladesh;10463.877557805008;Southern Asia
BD;2013-11-01 14:00:00;Bangladesh;10184.61385051798;Southern Asia
BD;2013-11-01 15:00:00;Bangladesh;8901.709565969748;Southern Asia
BD;2013-11-01 16:00:00;Bangladesh;8313.309454815948;Southern Asia
BD;2013-11-01 17:00:00;Bangladesh;7453.023822765477;Southern Asia
BD;2013-11-01 18:00:00;Bangladesh;7165.633425246414;Southern Asia
BD;2013-11-01 19:00:00;Bangladesh;6606.433058768558;Southern Asia
BD;2013-11-01 20:00:00;Bangladesh;6201.655456743676;Southern Asia
BD;2013-11-01 21:00:00;Bangladesh;6198.6619810336615;Southern Asia
BD;2013-11-01 22:00:00;Bangladesh;6553.728566562474;Southern Asia
BD;2013-11-01 23:00:00;Bangladesh;7177.186935517859;Southern Asia
BD;2013-11-02 00:00:00;Bangladesh;7237.801175962933;Southern Asia
BD;2013-11-02 01:00:00;Bangladesh;7862.726871483222;Southern Asia
BD;2013-11-02 02:00:00;Bangladesh;8400.611338002565;Southern Asia
BD;2013-11-02 03:00:00;Bangladesh;9009.467136336481;Southern Asia
BD;2013-11-02 04:00:00;Bangladesh;8958.413993629703;Southern Asia
BD;2013-11-02 05:00:00;Bangladesh;8923.438842959784;Southern Asia
BD;2013-11-02 06:00:00;Bangladesh;8909.493574197844;Southern Asia
BD;2013-11-02 07:00:00;Bangladesh;8897.593604325564;Southern Asia
BD;2013-11-02 08:00:00;Bangladesh;8892.839768463024;Southern Asia
BD;2013-11-02 09:00:00;Bangladesh;8934.385239444719;Southern Asia
BD;2013-11-02 10:00:00;Bangladesh;8825.256941062222;Southern Asia
BD;2013-11-02 11:00:00;Bangladesh;9043.282025103294;Southern Asia
BD;2013-11-02 12:00:00;Bangladesh;10427.023322508756;Southern Asia
BD;2013-11-02 13:00:00;Bangladesh;10513.890782052584;Southern Asia
BD;2013-11-02 14:00:00;Bangladesh;10285.0277725231;Southern Asia
BD;2013-11-02 15:00:00;Bangladesh;9286.618627303156;Southern Asia
BD;2013-11-02 16:00:00;Bangladesh;8327.353480753827;Southern Asia
BD;2013-11-02 17:00:00;Bangladesh;7358.881790917523;Southern Asia
BD;2013-11-02 18:00:00;Bangladesh;7226.423054118703;Southern Asia
BD;2013-11-02 19:00:00;Bangladesh;6693.779733461203;Southern Asia
BD;2013-11-02 20:00:00;Bangladesh;6298.462313371882;Southern Asia
BD;2013-11-02 21:00:00;Bangladesh;6269.870761795845;Southern Asia
BD;2013-11-02 22:00:00;Bangladesh;6697.358736689763;Southern Asia
BD;2013-11-02 23:00:00;Bangladesh;7348.673644796982;Southern Asia
BD;2013-11-03 00:00:00;Bangladesh;7389.725869555684;Southern Asia
BD;2013-11-03 01:00:00;Bangladesh;7960.688053790844;Southern Asia
BD;2013-11-03 02:00:00;Bangladesh;8491.323851527619;Southern Asia
BD;2013-11-03 03:00:00;Bangladesh;9031.466241676078;Southern Asia
BD;2013-11-03 04:00:00;Bangladesh;8983.745479086361;Southern Asia
BD;2013-11-03 05:00:00;Bangladesh;8965.115450519366;Southern Asia
BD;2013-11-03 06:00:00;Bangladesh;8973.397561880749;Southern Asia
BD;2013-11-03 07:00:00;Bangladesh;8961.366455430585;Southern Asia
BD;2013-11-03 08:00:00;Bangladesh;8956.612619568043;Southern Asia
BD;2013-11-03 09:00:00;Bangladesh;8956.612619568043;Southern Asia
BD;2013-11-03 10:00:00;Bangladesh;8900.431119249533;Southern Asia
BD;2013-11-03 11:00:00;Bangladesh;9064.336191562732;Southern Asia
BD;2013-11-03 12:00:00;Bangladesh;10427.023322508756;Southern Asia
BD;2013-11-03 13:00:00;Bangladesh;10513.890782052584;Southern Asia
BD;2013-11-03 14:00:00;Bangladesh;10317.52697825746;Southern Asia
BD;2013-11-03 15:00:00;Bangladesh;9286.618627303156;Southern Asia
BD;2013-11-03 16:00:00;Bangladesh;8314.551204880621;Southern Asia
BD;2013-11-03 17:00:00;Bangladesh;7332.537909493318;Southern Asia
BD;2013-11-03 18:00:00;Bangladesh;7179.502602413779;Southern Asia
BD;2013-11-03 19:00:00;Bangladesh;6602.348936869624;Southern Asia
BD;2013-11-03 20:00:00;Bangladesh;6210.7535290341275;Southern Asia
BD;2013-11-03 21:00:00;Bangladesh;6161.775905992162;Southern Asia
BD;2013-11-03 22:00:00;Bangladesh;6590.450585967443;Southern Asia
BD;2013-11-03 23:00:00;Bangladesh;7338.414770946726;Southern Asia
BD;2013-11-04 00:00:00;Bangladesh;7447.693093891578;Southern Asia
BD;2013-11-04 01:00:00;Bangladesh;7986.013063367112;Southern Asia
BD;2013-11-04 02:00:00;Bangladesh;8714.518307089555;Southern Asia
BD;2013-11-04 03:00:00;Bangladesh;9463.842966607317;Southern Asia
BD;2013-11-04 04:00:00;Bangladesh;9575.595075860932;Southern Asia
BD;2013-11-04 05:00:00;Bangladesh;9581.997562939283;Southern Asia
BD;2013-11-04 06:00:00;Bangladesh;9568.051754520642;Southern Asia
BD;2013-11-04 07:00:00;Bangladesh;9579.501111049156;Southern Asia
BD;2013-11-04 08:00:00;Bangladesh;9579.501111049156;Southern Asia
BD;2013-11-04 09:00:00;Bangladesh;9603.196357394085;Southern Asia
BD;2013-11-04 10:00:00;Bangladesh;9516.63866079555;Southern Asia
BD;2013-11-04 11:00:00;Bangladesh;9515.00350099722;Southern Asia
BD;2013-11-04 12:00:00;Bangladesh;10526.841463518049;Southern Asia
BD;2013-11-04 13:00:00;Bangladesh;10558.047651801318;Southern Asia
BD;2013-11-04 14:00:00;Bangladesh;10345.0149318838;Southern Asia
BD;2013-11-04 15:00:00;Bangladesh;8884.216594067797;Southern Asia
BD;2013-11-04 16:00:00;Bangladesh;8267.309117783021;Southern Asia
BD;2013-11-04 17:00:00;Bangladesh;7392.79813514377;Southern Asia
BD;2013-11-04 18:00:00;Bangladesh;7179.502602413779;Southern Asia
BD;2013-11-04 19:00:00;Bangladesh;6602.348936869624;Southern Asia
BD;2013-11-04 20:00:00;Bangladesh;6182.735632529255;Southern Asia
BD;2013-11-04 21:00:00;Bangladesh;6161.775905992162;Southern Asia
BD;2013-11-04 22:00:00;Bangladesh;6492.981030912717;Southern Asia
BD;2013-11-04 23:00:00;Bangladesh;7241.165935481941;Southern Asia
BD;2013-11-05 00:00:00;Bangladesh;7360.78893769221;Southern Asia
BD;2013-11-05 01:00:00;Bangladesh;7892.868317099129;Southern Asia
BD;2013-11-05 02:00:00;Bangladesh;8629.6885912416;Southern Asia
BD;2013-11-05 03:00:00;Bangladesh;9412.044557999054;Southern Asia
BD;2013-11-05 04:00:00;Bangladesh;9523.79558793927;Southern Asia
BD;2013-11-05 05:00:00;Bangladesh;9579.7191323556;Southern Asia
BD;2013-11-05 06:00:00;Bangladesh;9565.77332393696;Southern Asia
BD;2013-11-05 07:00:00;Bangladesh;9559.657934222541;Southern Asia
BD;2013-11-05 08:00:00;Bangladesh;9559.657934222541;Southern Asia
BD;2013-11-05 09:00:00;Bangladesh;9579.501111049156;Southern Asia
BD;2013-11-05 10:00:00;Bangladesh;9382.40985002362;Southern Asia
BD;2013-11-05 11:00:00;Bangladesh;9434.443548952699;Southern Asia
BD;2013-11-05 12:00:00;Bangladesh;10432.671369521739;Southern Asia
BD;2013-11-05 13:00:00;Bangladesh;10463.877557805008;Southern Asia
BD;2013-11-05 14:00:00;Bangladesh;10120.407655083569;Southern Asia
BD;2013-11-05 15:00:00;Bangladesh;8905.940474490842;Southern Asia
BD;2013-11-05 16:00:00;Bangladesh;8318.904615472415;Southern Asia
BD;2013-11-05 17:00:00;Bangladesh;7414.26136138114;Southern Asia
BD;2013-11-05 18:00:00;Bangladesh;6923.795989356705;Southern Asia
BD;2013-11-05 19:00:00;Bangladesh;6377.999076314874;Southern Asia
BD;2013-11-05 20:00:00;Bangladesh;6075.593810456216;Southern Asia
BD;2013-11-05 21:00:00;Bangladesh;6106.5447411208015;Southern Asia
BD;2013-11-05 22:00:00;Bangladesh;6292.813187045502;Southern Asia
BD;2013-11-05 23:00:00;Bangladesh;6988.896395941558;Southern Asia
BD;2013-11-06 00:00:00;Bangladesh;7162.482369780258;Southern Asia
BD;2013-11-06 01:00:00;Bangladesh;7762.106800619039;Southern Asia
BD;2013-11-06 02:00:00;Bangladesh;8501.072749797208;Southern Asia
BD;2013-11-06 03:00:00;Bangladesh;9430.97463569076;Southern Asia
BD;2013-11-06 04:00:00;Bangladesh;9523.79558793927;Southern Asia
BD;2013-11-06 05:00:00;Bangladesh;9527.91964443394;Southern Asia
BD;2013-11-06 06:00:00;Bangladesh;9565.77332393696;Southern Asia
BD;2013-11-06 07:00:00;Bangladesh;9553.742217486795;Southern Asia
BD;2013-11-06 08:00:00;Bangladesh;9553.742217486795;Southern Asia
BD;2013-11-06 09:00:00;Bangladesh;9556.020648070478;Southern Asia
BD;2013-11-06 10:00:00;Bangladesh;9382.40985002362;Southern Asia
BD;2013-11-06 11:00:00;Bangladesh;9428.21698995826;Southern Asia
BD;2013-11-06 12:00:00;Bangladesh;10426.4458898407;Southern Asia
BD;2013-11-06 13:00:00;Bangladesh;10463.877557805008;Southern Asia
BD;2013-11-06 14:00:00;Bangladesh;10351.240411564839;Southern Asia
BD;2013-11-06 15:00:00;Bangladesh;8905.940474490842;Southern Asia
BD;2013-11-06 16:00:00;Bangladesh;8280.142154088078;Southern Asia
BD;2013-11-06 17:00:00;Bangladesh;7370.525963514419;Southern Asia
BD;2013-11-06 18:00:00;Bangladesh;6900.979843774643;Southern Asia
BD;2013-11-06 19:00:00;Bangladesh;6377.999076314874;Southern Asia
BD;2013-11-06 20:00:00;Bangladesh;6069.619810796966;Southern Asia
BD;2013-11-06 21:00:00;Bangladesh;6059.424076780505;Southern Asia
BD;2013-11-06 22:00:00;Bangladesh;6272.2344581379875;Southern Asia
BD;2013-11-06 23:00:00;Bangladesh;6968.317667034044;Southern Asia
BD;2013-11-07 00:00:00;Bangladesh;7145.7287275561;Southern Asia
BD;2013-11-07 01:00:00;Bangladesh;7765.931887302395;Southern Asia
BD;2013-11-07 02:00:00;Bangladesh;8502.439700216077;Southern Asia
BD;2013-11-07 03:00:00;Bangladesh;9412.044557999054;Southern Asia
BD;2013-11-07 04:00:00;Bangladesh;9575.595075860932;Southern Asia
BD;2013-11-07 05:00:00;Bangladesh;9585.634849091346;Southern Asia
BD;2013-11-07 06:00:00;Bangladesh;9571.689040672705;Southern Asia
BD;2013-11-07 07:00:00;Bangladesh;9559.657934222541;Southern Asia
BD;2013-11-07 08:00:00;Bangladesh;9556.020648070478;Southern Asia
BD;2013-11-07 09:00:00;Bangladesh;9608.317699468727;Southern Asia
BD;2013-11-07 10:00:00;Bangladesh;9388.636409018058;Southern Asia
BD;2013-11-07 11:00:00;Bangladesh;9434.443548952699;Southern Asia
BD;2013-11-07 12:00:00;Bangladesh;10266.042649848087;Southern Asia
BD;2013-11-07 13:00:00;Bangladesh;10229.394563410897;Southern Asia
BD;2013-11-07 14:00:00;Bangladesh;9741.016043841957;Southern Asia
BD;2013-11-07 15:00:00;Bangladesh;8867.178013106504;Southern Asia
BD;2013-11-07 16:00:00;Bangladesh;8280.142154088078;Southern Asia
BD;2013-11-07 17:00:00;Bangladesh;7340.739612006531;Southern Asia
BD;2013-11-07 18:00:00;Bangladesh;6883.18196583769;Southern Asia
BD;2013-11-07 19:00:00;Bangladesh;6383.431260648209;Southern Asia
BD;2013-11-07 20:00:00;Bangladesh;6069.619810796966;Southern Asia
BD;2013-11-07 21:00:00;Bangladesh;6059.424076780505;Southern Asia
BD;2013-11-07 22:00:00;Bangladesh;6276.211728010497;Southern Asia
BD;2013-11-07 23:00:00;Bangladesh;6968.317667034044;Southern Asia
BD;2013-11-08 00:00:00;Bangladesh;7149.7059974286085;Southern Asia
BD;2013-11-08 01:00:00;Bangladesh;7762.106800619039;Southern Asia
BD;2013-11-08 02:00:00;Bangladesh;8516.681240505834;Southern Asia
BD;2013-11-08 03:00:00;Bangladesh;9463.842966607317;Southern Asia
BD;2013-11-08 04:00:00;Bangladesh;9575.595075860932;Southern Asia
BD;2013-11-08 05:00:00;Bangladesh;9585.634849091346;Southern Asia
BD;2013-11-08 06:00:00;Bangladesh;9571.689040672705;Southern Asia
BD;2013-11-08 07:00:00;Bangladesh;9556.020648070478;Southern Asia
BD;2013-11-08 08:00:00;Bangladesh;9556.020648070478;Southern Asia
BD;2013-11-08 09:00:00;Bangladesh;9579.501111049156;Southern Asia
BD;2013-11-08 10:00:00;Bangladesh;9382.40985002362;Southern Asia
BD;2013-11-08 11:00:00;Bangladesh;9469.207154196562;Southern Asia
BD;2013-11-08 12:00:00;Bangladesh;10432.671369521739;Southern Asia
BD;2013-11-08 13:00:00;Bangladesh;10233.042642696944;Southern Asia
BD;2013-11-08 14:00:00;Bangladesh;9741.016043841957;Southern Asia
BD;2013-11-08 15:00:00;Bangladesh;8867.178013106504;Southern Asia
BD;2013-11-08 16:00:00;Bangladesh;8280.142154088078;Southern Asia
BD;2013-11-08 17:00:00;Bangladesh;7370.525963514419;Southern Asia
BD;2013-11-08 18:00:00;Bangladesh;6984.90671396497;Southern Asia
BD;2013-11-08 19:00:00;Bangladesh;6473.026145149385;Southern Asia
BD;2013-11-08 20:00:00;Bangladesh;6127.818547856782;Southern Asia
BD;2013-11-08 21:00:00;Bangladesh;6200.02947110923;Southern Asia
BD;2013-11-08 22:00:00;Bangladesh;6422.176992674874;Southern Asia
BD;2013-11-08 23:00:00;Bangladesh;6929.137511364587;Southern Asia
BD;2013-11-09 00:00:00;Bangladesh;7009.02343219191;Southern Asia
BD;2013-11-09 01:00:00;Bangladesh;7776.630041705736;Southern Asia
BD;2013-11-09 02:00:00;Bangladesh;8319.538712093881;Southern Asia
BD;2013-11-09 03:00:00;Bangladesh;9009.467136336481;Southern Asia
BD;2013-11-09 04:00:00;Bangladesh;8958.413993629703;Southern Asia
BD;2013-11-09 05:00:00;Bangladesh;8927.07558945515;Southern Asia
BD;2013-11-09 06:00:00;Bangladesh;8913.130320693208;Southern Asia
BD;2013-11-09 07:00:00;Bangladesh;8901.099214243044;Southern Asia
BD;2013-11-09 08:00:00;Bangladesh;8892.708631885138;Southern Asia
BD;2013-11-09 09:00:00;Bangladesh;8892.839768463024;Southern Asia
BD;2013-11-09 10:00:00;Bangladesh;8760.678382505417;Southern Asia
BD;2013-11-09 11:00:00;Bangladesh;9009.50491230542;Southern Asia
BD;2013-11-09 12:00:00;Bangladesh;10393.246209710882;Southern Asia
BD;2013-11-09 13:00:00;Bangladesh;10480.11366925471;Southern Asia
BD;2013-11-09 14:00:00;Bangladesh;10181.653293866613;Southern Asia
BD;2013-11-09 15:00:00;Bangladesh;9332.384753328663;Southern Asia
BD;2013-11-09 16:00:00;Bangladesh;8390.191106799273;Southern Asia
BD;2013-11-09 17:00:00;Bangladesh;7420.127969357266;Southern Asia
BD;2013-11-09 18:00:00;Bangladesh;6995.024737416757;Southern Asia
BD;2013-11-09 19:00:00;Bangladesh;6473.026145149385;Southern Asia
BD;2013-11-09 20:00:00;Bangladesh;6123.13270873833;Southern Asia
BD;2013-11-09 21:00:00;Bangladesh;6198.6619810336615;Southern Asia
BD;2013-11-09 22:00:00;Bangladesh;6370.83243535057;Southern Asia
BD;2013-11-09 23:00:00;Bangladesh;6929.137511364587;Southern Asia
BD;2013-11-10 00:00:00;Bangladesh;7009.02343219191;Southern Asia
BD;2013-11-10 01:00:00;Bangladesh;7776.630041705736;Southern Asia
BD;2013-11-10 02:00:00;Bangladesh;8319.538712093881;Southern Asia
BD;2013-11-10 03:00:00;Bangladesh;9009.467136336481;Southern Asia
BD;2013-11-10 04:00:00;Bangladesh;8958.413993629703;Southern Asia
BD;2013-11-10 05:00:00;Bangladesh;8927.07558945515;Southern Asia
BD;2013-11-10 06:00:00;Bangladesh;8913.130320693208;Southern Asia
BD;2013-11-10 07:00:00;Bangladesh;8897.462467747679;Southern Asia
BD;2013-11-10 08:00:00;Bangladesh;8892.708631885138;Southern Asia
BD;2013-11-10 09:00:00;Bangladesh;8934.385239444719;Southern Asia
BD;2013-11-10 10:00:00;Bangladesh;8760.678382505417;Southern Asia
BD;2013-11-10 11:00:00;Bangladesh;9009.50491230542;Southern Asia
BD;2013-11-10 12:00:00;Bangladesh;10393.246209710882;Southern Asia
BD;2013-11-10 13:00:00;Bangladesh;10363.453921979306;Southern Asia
BD;2013-11-10 14:00:00;Bangladesh;10168.368025247695;Southern Asia
BD;2013-11-10 15:00:00;Bangladesh;9332.384753328663;Southern Asia
BD;2013-11-10 16:00:00;Bangladesh;8390.191106799273;Southern Asia
BD;2013-11-10 17:00:00;Bangladesh;7409.333216404783;Southern Asia
BD;2013-11-10 18:00:00;Bangladesh;6923.795989356705;Southern Asia
BD;2013-11-10 19:00:00;Bangladesh;6377.999076314874;Southern Asia
BD;2013-11-10 20:00:00;Bangladesh;6074.305649915418;Southern Asia
BD;2013-11-10 21:00:00;Bangladesh;6063.249163463863;Southern Asia
BD;2013-11-10 22:00:00;Bangladesh;6272.2344581379875;Southern Asia
BD;2013-11-10 23:00:00;Bangladesh;6968.317667034044;Southern Asia
BD;2013-11-11 00:00:00;Bangladesh;7145.7287275561;Southern Asia
BD;2013-11-11 01:00:00;Bangladesh;7761.954617429887;Southern Asia
BD;2013-11-11 02:00:00;Bangladesh;8506.264786899434;Southern Asia
BD;2013-11-11 03:00:00;Bangladesh;9430.97463569076;Southern Asia
BD;2013-11-11 04:00:00;Bangladesh;9523.79558793927;Southern Asia
BD;2013-11-11 05:00:00;Bangladesh;9579.7191323556;Southern Asia
BD;2013-11-11 06:00:00;Bangladesh;9565.77332393696;Southern Asia
BD;2013-11-11 07:00:00;Bangladesh;9553.742217486795;Southern Asia
BD;2013-11-11 08:00:00;Bangladesh;9559.657934222541;Southern Asia
BD;2013-11-11 09:00:00;Bangladesh;9579.501111049156;Southern Asia
BD;2013-11-11 10:00:00;Bangladesh;9388.636409018058;Southern Asia
BD;2013-11-11 11:00:00;Bangladesh;9366.505087787178;Southern Asia
BD;2013-11-11 12:00:00;Bangladesh;10069.743604856856;Southern Asia
BD;2013-11-11 13:00:00;Bangladesh;10100.949793140126;Southern Asia
BD;2013-11-11 14:00:00;Bangladesh;9741.016043841957;Southern Asia
BD;2013-11-11 15:00:00;Bangladesh;8867.178013106504;Southern Asia
BD;2013-11-11 16:00:00;Bangladesh;8236.406756221357;Southern Asia
BD;2013-11-11 17:00:00;Bangladesh;7340.739612006531;Southern Asia
BD;2013-11-11 18:00:00;Bangladesh;6883.18196583769;Southern Asia
BD;2013-11-11 19:00:00;Bangladesh;6383.431260648209;Southern Asia
BD;2013-11-11 20:00:00;Bangladesh;6071.554480063308;Southern Asia
BD;2013-11-11 21:00:00;Bangladesh;6046.647704428857;Southern Asia
BD;2013-11-11 22:00:00;Bangladesh;6210.897617372792;Southern Asia
BD;2013-11-11 23:00:00;Bangladesh;6813.650438096368;Southern Asia
BD;2013-11-12 00:00:00;Bangladesh;6920.296855319616;Southern Asia
BD;2013-11-12 01:00:00;Bangladesh;7749.609970437534;Southern Asia
BD;2013-11-12 02:00:00;Bangladesh;8510.269579263599;Southern Asia
BD;2013-11-12 03:00:00;Bangladesh;9430.97463569076;Southern Asia
BD;2013-11-12 04:00:00;Bangladesh;9523.79558793927;Southern Asia
BD;2013-11-12 05:00:00;Bangladesh;9527.91964443394;Southern Asia
BD;2013-11-12 06:00:00;Bangladesh;9565.77332393696;Southern Asia
BD;2013-11-12 07:00:00;Bangladesh;9553.742217486795;Southern Asia
BD;2013-11-12 08:00:00;Bangladesh;9553.742217486795;Southern Asia
BD;2013-11-12 09:00:00;Bangladesh;9556.020648070478;Southern Asia
BD;2013-11-12 10:00:00;Bangladesh;9230.756603750526;Southern Asia
BD;2013-11-12 11:00:00;Bangladesh;9261.750167294342;Southern Asia
BD;2013-11-12 12:00:00;Bangladesh;9839.791568108549;Southern Asia
BD;2013-11-12 13:00:00;Bangladesh;9836.975639452545;Southern Asia
BD;2013-11-12 14:00:00;Bangladesh;9741.016043841957;Southern Asia
BD;2013-11-12 15:00:00;Bangladesh;8922.985531332524;Southern Asia
BD;2013-11-12 16:00:00;Bangladesh;8128.761974104738;Southern Asia
BD;2013-11-12 17:00:00;Bangladesh;7283.219763074208;Southern Asia
BD;2013-11-12 18:00:00;Bangladesh;6858.592508342321;Southern Asia
BD;2013-11-12 19:00:00;Bangladesh;6319.276332600213;Southern Asia
BD;2013-11-12 20:00:00;Bangladesh;6018.623871700293;Southern Asia
BD;2013-11-12 21:00:00;Bangladesh;6042.6704345563485;Southern Asia
BD;2013-11-12 22:00:00;Bangladesh;6013.079978430242;Southern Asia
BD;2013-11-12 23:00:00;Bangladesh;6664.636652738667;Southern Asia
BD;2013-11-13 00:00:00;Bangladesh;6841.674810481631;Southern Asia
BD;2013-11-13 01:00:00;Bangladesh;7585.285045212421;Southern Asia
BD;2013-11-13 02:00:00;Bangladesh;8489.942870034572;Southern Asia
BD;2013-11-13 03:00:00;Bangladesh;9337.73598915713;Southern Asia
BD;2013-11-13 04:00:00;Bangladesh;9538.491519169687;Southern Asia
BD;2013-11-13 05:00:00;Bangladesh;9527.91964443394;Southern Asia
BD;2013-11-13 06:00:00;Bangladesh;9513.9738360153;Southern Asia
BD;2013-11-13 07:00:00;Bangladesh;9501.942729565137;Southern Asia
BD;2013-11-13 08:00:00;Bangladesh;9553.742217486795;Southern Asia
BD;2013-11-13 09:00:00;Bangladesh;9551.019109783041;Southern Asia
BD;2013-11-13 10:00:00;Bangladesh;9125.48793008013;Southern Asia
BD;2013-11-13 11:00:00;Bangladesh;9185.537689617926;Southern Asia
BD;2013-11-13 12:00:00;Bangladesh;9805.769451169275;Southern Asia
BD;2013-11-13 13:00:00;Bangladesh;9836.975639452545;Southern Asia
BD;2013-11-13 14:00:00;Bangladesh;9732.242305227675;Southern Asia
BD;2013-11-13 15:00:00;Bangladesh;8922.985531332524;Southern Asia
BD;2013-11-13 16:00:00;Bangladesh;8128.761974104738;Southern Asia
BD;2013-11-13 17:00:00;Bangladesh;7287.0448497575635;Southern Asia
BD;2013-11-13 18:00:00;Bangladesh;6858.592508342321;Southern Asia
BD;2013-11-13 19:00:00;Bangladesh;6319.276332600213;Southern Asia
BD;2013-11-13 20:00:00;Bangladesh;6018.026471734368;Southern Asia
BD;2013-11-13 21:00:00;Bangladesh;5992.952942179889;Southern Asia
BD;2013-11-13 22:00:00;Bangladesh;6016.284459909611;Southern Asia
BD;2013-11-13 23:00:00;Bangladesh;6667.841134218038;Southern Asia
BD;2013-11-14 00:00:00;Bangladesh;6841.674810481631;Southern Asia
BD;2013-11-14 01:00:00;Bangladesh;7585.285045212421;Southern Asia
BD;2013-11-14 02:00:00;Bangladesh;8489.942870034572;Southern Asia
BD;2013-11-14 03:00:00;Bangladesh;9430.97463569076;Southern Asia
BD;2013-11-14 04:00:00;Bangladesh;9538.491519169687;Southern Asia
BD;2013-11-14 05:00:00;Bangladesh;9527.91964443394;Southern Asia
BD;2013-11-14 06:00:00;Bangladesh;9565.77332393696;Southern Asia
BD;2013-11-14 07:00:00;Bangladesh;9553.742217486795;Southern Asia
BD;2013-11-14 08:00:00;Bangladesh;9553.742217486795;Southern Asia
BD;2013-11-14 09:00:00;Bangladesh;9559.657934222541;Southern Asia
BD;2013-11-14 10:00:00;Bangladesh;9320.697947852537;Southern Asia
BD;2013-11-14 11:00:00;Bangladesh;9261.750167294342;Southern Asia
BD;2013-11-14 12:00:00;Bangladesh;9839.791568108549;Southern Asia
BD;2013-11-14 13:00:00;Bangladesh;9923.646663957894;Southern Asia
BD;2013-11-14 14:00:00;Bangladesh;9741.016043841957;Southern Asia
BD;2013-11-14 15:00:00;Bangladesh;8867.178013106504;Southern Asia
BD;2013-11-14 16:00:00;Bangladesh;8206.620404713469;Southern Asia
BD;2013-11-14 17:00:00;Bangladesh;7340.739612006531;Southern Asia
BD;2013-11-14 18:00:00;Bangladesh;6883.18196583769;Southern Asia
BD;2013-11-14 19:00:00;Bangladesh;6383.431260648209;Southern Asia
BD;2013-11-14 20:00:00;Bangladesh;6071.554480063308;Southern Asia
BD;2013-11-14 21:00:00;Bangladesh;6046.647704428857;Southern Asia
BD;2013-11-14 22:00:00;Bangladesh;6272.2344581379875;Southern Asia
BD;2013-11-14 23:00:00;Bangladesh;6968.317667034044;Southern Asia
BD;2013-11-15 00:00:00;Bangladesh;7145.7287275561;Southern Asia
BD;2013-11-15 01:00:00;Bangladesh;7761.954617429887;Southern Asia
BD;2013-11-15 02:00:00;Bangladesh;8506.264786899434;Southern Asia
BD;2013-11-15 03:00:00;Bangladesh;9412.044557999054;Southern Asia
BD;2013-11-15 04:00:00;Bangladesh;9523.79558793927;Southern Asia
BD;2013-11-15 05:00:00;Bangladesh;9579.7191323556;Southern Asia
BD;2013-11-15 06:00:00;Bangladesh;9571.689040672705;Southern Asia
BD;2013-11-15 07:00:00;Bangladesh;9559.657934222541;Southern Asia
BD;2013-11-15 08:00:00;Bangladesh;9556.020648070478;Southern Asia
BD;2013-11-15 09:00:00;Bangladesh;9622.443753224872;Southern Asia
BD;2013-11-15 10:00:00;Bangladesh;9382.40985002362;Southern Asia
BD;2013-11-15 11:00:00;Bangladesh;9434.443548952699;Southern Asia
BD;2013-11-15 12:00:00;Bangladesh;10432.671369521739;Southern Asia
BD;2013-11-15 13:00:00;Bangladesh;10463.877557805008;Southern Asia
BD;2013-11-15 14:00:00;Bangladesh;10351.240411564839;Southern Asia
BD;2013-11-15 15:00:00;Bangladesh;8867.178013106504;Southern Asia
BD;2013-11-15 16:00:00;Bangladesh;8280.142154088078;Southern Asia
BD;2013-11-15 17:00:00;Bangladesh;7370.525963514419;Southern Asia
BD;2013-11-15 18:00:00;Bangladesh;6984.90671396497;Southern Asia
BD;2013-11-15 19:00:00;Bangladesh;6483.144168601171;Southern Asia
BD;2013-11-15 20:00:00;Bangladesh;6123.13270873833;Southern Asia
BD;2013-11-15 21:00:00;Bangladesh;6198.6619810336615;Southern Asia
BD;2013-11-15 22:00:00;Bangladesh;6370.83243535057;Southern Asia
BD;2013-11-15 23:00:00;Bangladesh;6929.137511364587;Southern Asia
BD;2013-11-16 00:00:00;Bangladesh;7009.02343219191;Southern Asia
BD;2013-11-16 01:00:00;Bangladesh;7784.612103942409;Southern Asia
BD;2013-11-16 02:00:00;Bangladesh;8252.232728579727;Southern Asia
BD;2013-11-16 03:00:00;Bangladesh;9031.466241676078;Southern Asia
BD;2013-11-16 04:00:00;Bangladesh;8983.745479086361;Southern Asia
BD;2013-11-16 05:00:00;Bangladesh;8987.342830642689;Southern Asia
BD;2013-11-16 06:00:00;Bangladesh;8981.348324028873;Southern Asia
BD;2013-11-16 07:00:00;Bangladesh;8992.041621521921;Southern Asia
BD;2013-11-16 08:00:00;Bangladesh;9054.05033487752;Southern Asia
BD;2013-11-16 09:00:00;Bangladesh;9146.49244812325;Southern Asia
BD;2013-11-16 10:00:00;Bangladesh;8760.678382505417;Southern Asia
BD;2013-11-16 11:00:00;Bangladesh;9009.50491230542;Southern Asia
BD;2013-11-16 12:00:00;Bangladesh;10393.246209710882;Southern Asia
BD;2013-11-16 13:00:00;Bangladesh;10480.11366925471;Southern Asia
BD;2013-11-16 14:00:00;Bangladesh;10168.368025247695;Southern Asia
BD;2013-11-16 15:00:00;Bangladesh;9332.384753328663;Southern Asia
BD;2013-11-16 16:00:00;Bangladesh;8390.191106799273;Southern Asia
BD;2013-11-16 17:00:00;Bangladesh;7409.333216404783;Southern Asia
BD;2013-11-16 18:00:00;Bangladesh;6984.90671396497;Southern Asia
BD;2013-11-16 19:00:00;Bangladesh;6468.570199784757;Southern Asia
BD;2013-11-16 20:00:00;Bangladesh;6123.13270873833;Southern Asia
BD;2013-11-16 21:00:00;Bangladesh;6150.974137502591;Southern Asia
BD;2013-11-16 22:00:00;Bangladesh;6370.83243535057;Southern Asia
BD;2013-11-16 23:00:00;Bangladesh;6929.137511364587;Southern Asia
BD;2013-11-17 00:00:00;Bangladesh;7001.041369955236;Southern Asia
BD;2013-11-17 01:00:00;Bangladesh;7784.612103942409;Southern Asia
BD;2013-11-17 02:00:00;Bangladesh;8319.538712093881;Southern Asia
BD;2013-11-17 03:00:00;Bangladesh;8934.29295814917;Southern Asia
BD;2013-11-17 04:00:00;Bangladesh;8883.239815442392;Southern Asia
BD;2013-11-17 05:00:00;Bangladesh;8905.076484115552;Southern Asia
BD;2013-11-17 06:00:00;Bangladesh;8891.131215353611;Southern Asia
BD;2013-11-17 07:00:00;Bangladesh;8879.100108903447;Southern Asia
BD;2013-11-17 08:00:00;Bangladesh;8896.345378380502;Southern Asia
BD;2013-11-17 09:00:00;Bangladesh;8896.345378380502;Southern Asia
BD;2013-11-17 10:00:00;Bangladesh;8701.621591294002;Southern Asia
BD;2013-11-17 11:00:00;Bangladesh;8991.001703062719;Southern Asia
BD;2013-11-17 12:00:00;Bangladesh;10066.920121007064;Southern Asia
BD;2013-11-17 13:00:00;Bangladesh;10178.825492763228;Southern Asia
BD;2013-11-17 14:00:00;Bangladesh;9983.73851671822;Southern Asia
BD;2013-11-17 15:00:00;Bangladesh;9332.384753328663;Southern Asia
BD;2013-11-17 16:00:00;Bangladesh;8342.146010533384;Southern Asia
BD;2013-11-17 17:00:00;Bangladesh;7409.859381686424;Southern Asia
BD;2013-11-17 18:00:00;Bangladesh;6854.767421658963;Southern Asia
BD;2013-11-17 19:00:00;Bangladesh;6332.0527049518605;Southern Asia
BD;2013-11-17 20:00:00;Bangladesh;6039.202600607809;Southern Asia
BD;2013-11-17 21:00:00;Bangladesh;6025.044167449715;Southern Asia
BD;2013-11-17 22:00:00;Bangladesh;6222.516965761529;Southern Asia
BD;2013-11-17 23:00:00;Bangladesh;6877.69203823755;Southern Asia
BD;2013-11-18 00:00:00;Bangladesh;7055.103098759606;Southern Asia
BD;2013-11-18 01:00:00;Bangladesh;7769.93667966656;Southern Asia
BD;2013-11-18 02:00:00;Bangladesh;8510.269579263599;Southern Asia
BD;2013-11-18 03:00:00;Bangladesh;9430.97463569076;Southern Asia
BD;2013-11-18 04:00:00;Bangladesh;9523.79558793927;Southern Asia
BD;2013-11-18 05:00:00;Bangladesh;9579.7191323556;Southern Asia
BD;2013-11-18 06:00:00;Bangladesh;9565.77332393696;Southern Asia
BD;2013-11-18 07:00:00;Bangladesh;9553.742217486795;Southern Asia
BD;2013-11-18 08:00:00;Bangladesh;9559.657934222541;Southern Asia
BD;2013-11-18 09:00:00;Bangladesh;9553.742217486795;Southern Asia
BD;2013-11-18 10:00:00;Bangladesh;9256.492831731523;Southern Asia
BD;2013-11-18 11:00:00;Bangladesh;9261.750167294342;Southern Asia
BD;2013-11-18 12:00:00;Bangladesh;9839.791568108549;Southern Asia
BD;2013-11-18 13:00:00;Bangladesh;9836.975639452545;Southern Asia
BD;2013-11-18 14:00:00;Bangladesh;9741.016043841957;Southern Asia
BD;2013-11-18 15:00:00;Bangladesh;8922.985531332524;Southern Asia
BD;2013-11-18 16:00:00;Bangladesh;8128.761974104738;Southern Asia
BD;2013-11-18 17:00:00;Bangladesh;7283.219763074208;Southern Asia
BD;2013-11-18 18:00:00;Bangladesh;6858.592508342321;Southern Asia
BD;2013-11-18 19:00:00;Bangladesh;6319.276332600213;Southern Asia
BD;2013-11-18 20:00:00;Bangladesh;6018.623871700293;Southern Asia
BD;2013-11-18 21:00:00;Bangladesh;5992.952942179889;Southern Asia
BD;2013-11-18 22:00:00;Bangladesh;6016.284459909611;Southern Asia
BD;2013-11-18 23:00:00;Bangladesh;6667.841134218038;Southern Asia
BD;2013-11-19 00:00:00;Bangladesh;6844.879291961001;Southern Asia
BD;2013-11-19 01:00:00;Bangladesh;7585.285045212421;Southern Asia
BD;2013-11-19 02:00:00;Bangladesh;8489.942870034572;Southern Asia
BD;2013-11-19 03:00:00;Bangladesh;9430.97463569076;Southern Asia
BD;2013-11-19 04:00:00;Bangladesh;9538.491519169687;Southern Asia
BD;2013-11-19 05:00:00;Bangladesh;9527.91964443394;Southern Asia
BD;2013-11-19 06:00:00;Bangladesh;9565.77332393696;Southern Asia
BD;2013-11-19 07:00:00;Bangladesh;9553.742217486795;Southern Asia
BD;2013-11-19 08:00:00;Bangladesh;9553.742217486795;Southern Asia
BD;2013-11-19 09:00:00;Bangladesh;9559.657934222541;Southern Asia
BD;2013-11-19 10:00:00;Bangladesh;9109.780682195564;Southern Asia
BD;2013-11-19 11:00:00;Bangladesh;9176.763951003644;Southern Asia
BD;2013-11-19 12:00:00;Bangladesh;9713.189185808571;Southern Asia
BD;2013-11-19 13:00:00;Bangladesh;9636.83747670378;Southern Asia
BD;2013-11-19 14:00:00;Bangladesh;9580.958184136778;Southern Asia
BD;2013-11-19 15:00:00;Bangladesh;8930.815410380046;Southern Asia
BD;2013-11-19 16:00:00;Bangladesh;8136.591853152259;Southern Asia
BD;2013-11-19 17:00:00;Bangladesh;7256.320574906608;Southern Asia
BD;2013-11-19 18:00:00;Bangladesh;6883.599660122808;Southern Asia
BD;2013-11-19 19:00:00;Bangladesh;6330.71165805455;Southern Asia
BD;2013-11-19 20:00:00;Bangladesh;6013.352505063296;Southern Asia
BD;2013-11-19 21:00:00;Bangladesh;5910.845794378993;Southern Asia
BD;2013-11-19 22:00:00;Bangladesh;6016.221859732513;Southern Asia
BD;2013-11-19 23:00:00;Bangladesh;6667.778534040938;Southern Asia
BD;2013-11-20 00:00:00;Bangladesh;6849.798262773473;Southern Asia
BD;2013-11-20 01:00:00;Bangladesh;7595.575219151227;Southern Asia
BD;2013-11-20 02:00:00;Bangladesh;8328.822426288829;Southern Asia
BD;2013-11-20 03:00:00;Bangladesh;9252.853386952664;Southern Asia
BD;2013-11-20 04:00:00;Bangladesh;9410.489267392193;Southern Asia
BD;2013-11-20 05:00:00;Bangladesh;9542.615575664355;Southern Asia
BD;2013-11-20 06:00:00;Bangladesh;9513.9738360153;Southern Asia
BD;2013-11-20 07:00:00;Bangladesh;9501.942729565137;Southern Asia
BD;2013-11-20 08:00:00;Bangladesh;9501.942729565137;Southern Asia
BD;2013-11-20 09:00:00;Bangladesh;9553.742217486795;Southern Asia
BD;2013-11-20 10:00:00;Bangladesh;9084.284061788978;Southern Asia
BD;2013-11-20 11:00:00;Bangladesh;9156.827953224782;Southern Asia
BD;2013-11-20 12:00:00;Bangladesh;9588.135618235065;Southern Asia
BD;2013-11-20 13:00:00;Bangladesh;9683.844813137262;Southern Asia
BD;2013-11-20 14:00:00;Bangladesh;9623.184162216065;Southern Asia
BD;2013-11-20 15:00:00;Bangladesh;8898.724185110219;Southern Asia
BD;2013-11-20 16:00:00;Bangladesh;8136.591853152259;Southern Asia
BD;2013-11-20 17:00:00;Bangladesh;7224.229349636783;Southern Asia
BD;2013-11-20 18:00:00;Bangladesh;6765.217868320513;Southern Asia
BD;2013-11-20 19:00:00;Bangladesh;6238.2717034356165;Southern Asia
BD;2013-11-20 20:00:00;Bangladesh;5981.261279793471;Southern Asia
BD;2013-11-20 21:00:00;Bangladesh;5933.534580980064;Southern Asia
BD;2013-11-20 22:00:00;Bangladesh;6022.006979547072;Southern Asia
BD;2013-11-20 23:00:00;Bangladesh;6667.778534040938;Southern Asia
BD;2013-11-21 00:00:00;Bangladesh;6851.964984420438;Southern Asia
BD;2013-11-21 01:00:00;Bangladesh;7595.575219151227;Southern Asia
BD;2013-11-21 02:00:00;Bangladesh;8338.230261524575;Southern Asia
BD;2013-11-21 03:00:00;Bangladesh;9320.792927431581;Southern Asia
BD;2013-11-21 04:00:00;Bangladesh;9404.262708397755;Southern Asia
BD;2013-11-21 05:00:00;Bangladesh;9495.173275931384;Southern Asia
BD;2013-11-21 06:00:00;Bangladesh;9528.669767245716;Southern Asia
BD;2013-11-21 07:00:00;Bangladesh;9516.63866079555;Southern Asia
BD;2013-11-21 08:00:00;Bangladesh;9501.942729565137;Southern Asia
BD;2013-11-21 09:00:00;Bangladesh;9553.742217486795;Southern Asia
BD;2013-11-21 10:00:00;Bangladesh;9084.284061788978;Southern Asia
BD;2013-11-21 11:00:00;Bangladesh;9156.827953224782;Southern Asia
BD;2013-11-21 12:00:00;Bangladesh;9713.189185808571;Southern Asia
BD;2013-11-21 13:00:00;Bangladesh;9636.83747670378;Southern Asia
BD;2013-11-21 14:00:00;Bangladesh;9580.958184136778;Southern Asia
BD;2013-11-21 15:00:00;Bangladesh;8930.815410380046;Southern Asia
BD;2013-11-21 16:00:00;Bangladesh;8136.591853152259;Southern Asia
BD;2013-11-21 17:00:00;Bangladesh;7256.320574906608;Southern Asia
BD;2013-11-21 18:00:00;Bangladesh;6794.360949043051;Southern Asia
BD;2013-11-21 19:00:00;Bangladesh;6241.472946974792;Southern Asia
BD;2013-11-21 20:00:00;Bangladesh;5981.261279793471;Southern Asia
BD;2013-11-21 21:00:00;Bangladesh;5914.050275858363;Southern Asia
BD;2013-11-21 22:00:00;Bangladesh;6016.284459909611;Southern Asia
BD;2013-11-21 23:00:00;Bangladesh;6664.636652738667;Southern Asia
BD;2013-11-22 00:00:00;Bangladesh;6841.674810481631;Southern Asia
BD;2013-11-22 01:00:00;Bangladesh;7588.48952669179;Southern Asia
BD;2013-11-22 02:00:00;Bangladesh;8419.178226735765;Southern Asia
BD;2013-11-22 03:00:00;Bangladesh;9337.73598915713;Southern Asia
BD;2013-11-22 04:00:00;Bangladesh;9538.491519169687;Southern Asia
BD;2013-11-22 05:00:00;Bangladesh;9527.91964443394;Southern Asia
BD;2013-11-22 06:00:00;Bangladesh;9513.9738360153;Southern Asia
BD;2013-11-22 07:00:00;Bangladesh;9501.942729565137;Southern Asia
BD;2013-11-22 08:00:00;Bangladesh;9553.742217486795;Southern Asia
BD;2013-11-22 09:00:00;Bangladesh;9559.657934222541;Southern Asia
BD;2013-11-22 10:00:00;Bangladesh;9143.802799134839;Southern Asia
BD;2013-11-22 11:00:00;Bangladesh;9185.537689617926;Southern Asia
BD;2013-11-22 12:00:00;Bangladesh;9788.245718835475;Southern Asia
BD;2013-11-22 13:00:00;Bangladesh;9828.201900838265;Southern Asia
BD;2013-11-22 14:00:00;Bangladesh;9648.435778481251;Southern Asia
BD;2013-11-22 15:00:00;Bangladesh;8867.178013106504;Southern Asia
BD;2013-11-22 16:00:00;Bangladesh;8183.833400593159;Southern Asia
BD;2013-11-22 17:00:00;Bangladesh;7262.8811813978;Southern Asia
BD;2013-11-22 18:00:00;Bangladesh;6955.263371482349;Southern Asia
BD;2013-11-22 19:00:00;Bangladesh;6443.64885341943;Southern Asia
BD;2013-11-22 20:00:00;Bangladesh;6088.32323267504;Southern Asia
BD;2013-11-22 21:00:00;Bangladesh;6083.028121143282;Southern Asia
BD;2013-11-22 22:00:00;Bangladesh;6370.83243535057;Southern Asia
BD;2013-11-22 23:00:00;Bangladesh;6929.137511364587;Southern Asia
BD;2013-11-23 00:00:00;Bangladesh;7009.02343219191;Southern Asia
BD;2013-11-23 01:00:00;Bangladesh;7796.376619983208;Southern Asia
BD;2013-11-23 02:00:00;Bangladesh;8260.2147908164;Southern Asia
BD;2013-11-23 03:00:00;Bangladesh;8934.29295814917;Southern Asia
BD;2013-11-23 04:00:00;Bangladesh;8958.413993629703;Southern Asia
BD;2013-11-23 05:00:00;Bangladesh;8905.076484115552;Southern Asia
BD;2013-11-23 06:00:00;Bangladesh;8891.131215353611;Southern Asia
BD;2013-11-23 07:00:00;Bangladesh;8879.100108903447;Southern Asia
BD;2013-11-23 08:00:00;Bangladesh;8874.346273040906;Southern Asia
BD;2013-11-23 09:00:00;Bangladesh;8896.345378380502;Southern Asia
BD;2013-11-23 10:00:00;Bangladesh;8711.918780769896;Southern Asia
BD;2013-11-23 11:00:00;Bangladesh;8959.146847427106;Southern Asia
BD;2013-11-23 12:00:00;Bangladesh;10099.595254825335;Southern Asia
BD;2013-11-23 13:00:00;Bangladesh;10187.575486482747;Southern Asia
BD;2013-11-23 14:00:00;Bangladesh;9891.478807436793;Southern Asia
BD;2013-11-23 15:00:00;Bangladesh;9302.774869561388;Southern Asia
BD;2013-11-23 16:00:00;Bangladesh;8290.352998492113;Southern Asia
BD;2013-11-23 17:00:00;Bangladesh;7344.9251893649;Southern Asia
BD;2013-11-23 18:00:00;Bangladesh;6936.651691243124;Southern Asia
BD;2013-11-23 19:00:00;Bangladesh;6392.746274931706;Southern Asia
BD;2013-11-23 20:00:00;Bangladesh;6032.732116785368;Southern Asia
BD;2013-11-23 21:00:00;Bangladesh;5948.79337414766;Southern Asia
BD;2013-11-23 22:00:00;Bangladesh;6037.942502215364;Southern Asia
BD;2013-11-23 23:00:00;Bangladesh;6629.4958274621185;Southern Asia
BD;2013-11-24 00:00:00;Bangladesh;6724.428456374284;Southern Asia
BD;2013-11-24 01:00:00;Bangladesh;7560.885007218443;Southern Asia
BD;2013-11-24 02:00:00;Bangladesh;7975.2355794290015;Southern Asia
BD;2013-11-24 03:00:00;Bangladesh;8869.714399592365;Southern Asia
BD;2013-11-24 04:00:00;Bangladesh;8818.661256885587;Southern Asia
BD;2013-11-24 05:00:00;Bangladesh;8829.90230592824;Southern Asia
BD;2013-11-24 06:00:00;Bangladesh;8891.131215353611;Southern Asia
BD;2013-11-24 07:00:00;Bangladesh;8879.100108903447;Southern Asia
BD;2013-11-24 08:00:00;Bangladesh;8874.346273040906;Southern Asia
BD;2013-11-24 09:00:00;Bangladesh;8874.346273040906;Southern Asia
BD;2013-11-24 10:00:00;Bangladesh;8719.070311346624;Southern Asia
BD;2013-11-24 11:00:00;Bangladesh;8927.892629697617;Southern Asia
BD;2013-11-24 12:00:00;Bangladesh;10056.161525053423;Southern Asia
BD;2013-11-24 13:00:00;Bangladesh;10144.140677397436;Southern Asia
BD;2013-11-24 14:00:00;Bangladesh;9971.38577487538;Southern Asia
BD;2013-11-24 15:00:00;Bangladesh;9269.52122376166;Southern Asia
BD;2013-11-24 16:00:00;Bangladesh;8257.097733722287;Southern Asia
BD;2013-11-24 17:00:00;Bangladesh;7356.765257343576;Southern Asia
BD;2013-11-24 18:00:00;Bangladesh;6782.741600654313;Southern Asia
BD;2013-11-24 19:00:00;Bangladesh;6229.853598586055;Southern Asia
BD;2013-11-24 20:00:00;Bangladesh;5978.0600362542955;Southern Asia
BD;2013-11-24 21:00:00;Bangladesh;5914.050275858363;Southern Asia
BD;2013-11-24 22:00:00;Bangladesh;6016.221859732513;Southern Asia
BD;2013-11-24 23:00:00;Bangladesh;6667.778534040938;Southern Asia
BD;2013-11-25 00:00:00;Bangladesh;6851.964984420438;Southern Asia
BD;2013-11-25 01:00:00;Bangladesh;7595.575219151227;Southern Asia
BD;2013-11-25 02:00:00;Bangladesh;8341.693238562824;Southern Asia
BD;2013-11-25 03:00:00;Bangladesh;9252.853386952664;Southern Asia
BD;2013-11-25 04:00:00;Bangladesh;9410.489267392193;Southern Asia
BD;2013-11-25 05:00:00;Bangladesh;9449.376929130727;Southern Asia
BD;2013-11-25 06:00:00;Bangladesh;9481.227467512745;Southern Asia
BD;2013-11-25 07:00:00;Bangladesh;9469.196361062579;Southern Asia
BD;2013-11-25 08:00:00;Bangladesh;9516.63866079555;Southern Asia
BD;2013-11-25 09:00:00;Bangladesh;9501.942729565137;Southern Asia
BD;2013-11-25 10:00:00;Bangladesh;9060.17651772592;Southern Asia
BD;2013-11-25 11:00:00;Bangladesh;9156.827953224782;Southern Asia
BD;2013-11-25 12:00:00;Bangladesh;9605.63128842051;Southern Asia
BD;2013-11-25 13:00:00;Bangladesh;9636.83747670378;Southern Asia
BD;2013-11-25 14:00:00;Bangladesh;9580.958184136778;Southern Asia
BD;2013-11-25 15:00:00;Bangladesh;8926.810618015881;Southern Asia
BD;2013-11-25 16:00:00;Bangladesh;8128.609790915586;Southern Asia
BD;2013-11-25 17:00:00;Bangladesh;7268.939907158812;Southern Asia
BD;2013-11-25 18:00:00;Bangladesh;6883.599660122808;Southern Asia
BD;2013-11-25 19:00:00;Bangladesh;6330.71165805455;Southern Asia
BD;2013-11-25 20:00:00;Bangladesh;5978.0600362542955;Southern Asia
BD;2013-11-25 21:00:00;Bangladesh;5925.124031324291;Southern Asia
BD;2013-11-25 22:00:00;Bangladesh;6016.221859732513;Southern Asia
BD;2013-11-25 23:00:00;Bangladesh;6667.778534040938;Southern Asia
BD;2013-11-26 00:00:00;Bangladesh;6851.964984420438;Southern Asia
BD;2013-11-26 01:00:00;Bangladesh;7601.360338965785;Southern Asia
BD;2013-11-26 02:00:00;Bangladesh;8328.822426288829;Southern Asia
BD;2013-11-26 03:00:00;Bangladesh;9320.792927431581;Southern Asia
BD;2013-11-26 04:00:00;Bangladesh;9404.262708397755;Southern Asia
BD;2013-11-26 05:00:00;Bangladesh;9542.615575664355;Southern Asia
BD;2013-11-26 06:00:00;Bangladesh;9528.669767245716;Southern Asia
BD;2013-11-26 07:00:00;Bangladesh;9516.63866079555;Southern Asia
BD;2013-11-26 08:00:00;Bangladesh;9501.942729565137;Southern Asia
BD;2013-11-26 09:00:00;Bangladesh;9501.942729565137;Southern Asia
BD;2013-11-26 10:00:00;Bangladesh;9075.534068069457;Southern Asia
BD;2013-11-26 11:00:00;Bangladesh;9176.763951003644;Southern Asia
BD;2013-11-26 12:00:00;Bangladesh;9775.34468578633;Southern Asia
BD;2013-11-26 13:00:00;Bangladesh;9744.39537409184;Southern Asia
BD;2013-11-26 14:00:00;Bangladesh;9732.242305227675;Southern Asia
BD;2013-11-26 15:00:00;Bangladesh;8926.810618015881;Southern Asia
BD;2013-11-26 16:00:00;Bangladesh;8128.609790915586;Southern Asia
BD;2013-11-26 17:00:00;Bangladesh;7268.939907158812;Southern Asia
BD;2013-11-26 18:00:00;Bangladesh;6883.599660122808;Southern Asia
BD;2013-11-26 19:00:00;Bangladesh;6330.71165805455;Southern Asia
BD;2013-11-26 20:00:00;Bangladesh;6013.352505063296;Southern Asia
BD;2013-11-26 21:00:00;Bangladesh;5910.845794378993;Southern Asia
BD;2013-11-26 22:00:00;Bangladesh;6022.006979547072;Southern Asia
BD;2013-11-26 23:00:00;Bangladesh;6673.563653855497;Southern Asia
BD;2013-11-27 00:00:00;Bangladesh;6849.339554579222;Southern Asia
BD;2013-11-27 01:00:00;Bangladesh;7597.8973619275375;Southern Asia
BD;2013-11-27 02:00:00;Bangladesh;8325.617944809459;Southern Asia
BD;2013-11-27 03:00:00;Bangladesh;9383.532335957789;Southern Asia
BD;2013-11-27 04:00:00;Bangladesh;9538.491519169687;Southern Asia
BD;2013-11-27 05:00:00;Bangladesh;9527.91964443394;Southern Asia
BD;2013-11-27 06:00:00;Bangladesh;9513.9738360153;Southern Asia
BD;2013-11-27 07:00:00;Bangladesh;9534.909278000932;Southern Asia
BD;2013-11-27 08:00:00;Bangladesh;9553.742217486795;Southern Asia
BD;2013-11-27 09:00:00;Bangladesh;9559.657934222541;Southern Asia
BD;2013-11-27 10:00:00;Bangladesh;9252.844752445477;Southern Asia
BD;2013-11-27 11:00:00;Bangladesh;9261.750167294342;Southern Asia
BD;2013-11-27 12:00:00;Bangladesh;9805.769451169275;Southern Asia
BD;2013-11-27 13:00:00;Bangladesh;9819.451907118744;Southern Asia
BD;2013-11-27 14:00:00;Bangladesh;9710.591278459011;Southern Asia
BD;2013-11-27 15:00:00;Bangladesh;8922.985531332524;Southern Asia
BD;2013-11-27 16:00:00;Bangladesh;8206.620404713469;Southern Asia
BD;2013-11-27 17:00:00;Bangladesh;7262.8811813978;Southern Asia
BD;2013-11-27 18:00:00;Bangladesh;6853.886162269301;Southern Asia
BD;2013-11-27 19:00:00;Bangladesh;6332.0527049518605;Southern Asia
BD;2013-11-27 20:00:00;Bangladesh;6035.377513924451;Southern Asia
BD;2013-11-27 21:00:00;Bangladesh;6025.044167449715;Southern Asia
BD;2013-11-27 22:00:00;Bangladesh;6013.079978430242;Southern Asia
BD;2013-11-27 23:00:00;Bangladesh;6667.841134218038;Southern Asia
BD;2013-11-28 00:00:00;Bangladesh;6841.674810481631;Southern Asia
BD;2013-11-28 01:00:00;Bangladesh;7749.609970437534;Southern Asia
BD;2013-11-28 02:00:00;Bangladesh;8502.287517026925;Southern Asia
BD;2013-11-28 03:00:00;Bangladesh;9463.842966607317;Southern Asia
BD;2013-11-28 04:00:00;Bangladesh;9575.595075860932;Southern Asia
BD;2013-11-28 05:00:00;Bangladesh;9585.634849091346;Southern Asia
BD;2013-11-28 06:00:00;Bangladesh;9571.689040672705;Southern Asia
BD;2013-11-28 07:00:00;Bangladesh;9559.657934222541;Southern Asia
BD;2013-11-28 08:00:00;Bangladesh;9559.657934222541;Southern Asia
BD;2013-11-28 09:00:00;Bangladesh;9579.501111049156;Southern Asia
BD;2013-11-28 10:00:00;Bangladesh;9388.636409018058;Southern Asia
BD;2013-11-28 11:00:00;Bangladesh;9434.443548952699;Southern Asia
BD;2013-11-28 12:00:00;Bangladesh;10266.042649848087;Southern Asia
BD;2013-11-28 13:00:00;Bangladesh;10233.042642696944;Southern Asia
BD;2013-11-28 14:00:00;Bangladesh;9988.312646899956;Southern Asia
BD;2013-11-28 15:00:00;Bangladesh;8867.178013106504;Southern Asia
BD;2013-11-28 16:00:00;Bangladesh;8277.5550398725;Southern Asia
BD;2013-11-28 17:00:00;Bangladesh;7453.023822765477;Southern Asia
BD;2013-11-28 18:00:00;Bangladesh;6944.917612903534;Southern Asia
BD;2013-11-28 19:00:00;Bangladesh;6402.853505249511;Southern Asia
BD;2013-11-28 20:00:00;Bangladesh;6111.013638246209;Southern Asia
BD;2013-11-28 21:00:00;Bangladesh;6094.641533308329;Southern Asia
BD;2013-11-28 22:00:00;Bangladesh;6288.988100362145;Southern Asia
BD;2013-11-28 23:00:00;Bangladesh;6988.896395941558;Southern Asia
BD;2013-11-29 00:00:00;Bangladesh;7162.482369780258;Southern Asia
BD;2013-11-29 01:00:00;Bangladesh;7762.106800619039;Southern Asia
BD;2013-11-29 02:00:00;Bangladesh;8501.072749797208;Southern Asia
BD;2013-11-29 03:00:00;Bangladesh;9412.044557999054;Southern Asia
BD;2013-11-29 04:00:00;Bangladesh;9523.79558793927;Southern Asia
BD;2013-11-29 05:00:00;Bangladesh;9579.7191323556;Southern Asia
BD;2013-11-29 06:00:00;Bangladesh;9571.689040672705;Southern Asia
BD;2013-11-29 07:00:00;Bangladesh;9559.657934222541;Southern Asia
BD;2013-11-29 08:00:00;Bangladesh;9559.657934222541;Southern Asia
BD;2013-11-29 09:00:00;Bangladesh;9556.020648070478;Southern Asia
BD;2013-11-29 10:00:00;Bangladesh;9320.697947852537;Southern Asia
BD;2013-11-29 11:00:00;Bangladesh;9261.750167294342;Southern Asia
BD;2013-11-29 12:00:00;Bangladesh;9892.440475674623;Southern Asia
BD;2013-11-29 13:00:00;Bangladesh;9870.99775639182;Southern Asia
BD;2013-11-29 14:00:00;Bangladesh;9758.360610151649;Southern Asia
BD;2013-11-29 15:00:00;Bangladesh;8867.178013106504;Southern Asia
BD;2013-11-29 16:00:00;Bangladesh;8236.406756221357;Southern Asia
BD;2013-11-29 17:00:00;Bangladesh;7370.525963514419;Southern Asia
BD;2013-11-29 18:00:00;Bangladesh;6984.90671396497;Southern Asia
BD;2013-11-29 19:00:00;Bangladesh;6473.026145149385;Southern Asia
BD;2013-11-29 20:00:00;Bangladesh;6123.13270873833;Southern Asia
BD;2013-11-29 21:00:00;Bangladesh;6083.028121143282;Southern Asia
BD;2013-11-29 22:00:00;Bangladesh;6422.176992674874;Southern Asia
BD;2013-11-29 23:00:00;Bangladesh;7021.390205108927;Southern Asia
BD;2013-11-30 00:00:00;Bangladesh;7101.276125936249;Southern Asia
BD;2013-11-30 01:00:00;Bangladesh;7810.348871580106;Southern Asia
BD;2013-11-30 02:00:00;Bangladesh;8319.538712093881;Southern Asia
BD;2013-11-30 03:00:00;Bangladesh;8798.546632739315;Southern Asia
BD;2013-11-30 04:00:00;Bangladesh;8774.993855762954;Southern Asia
BD;2013-11-30 05:00:00;Bangladesh;8829.90230592824;Southern Asia
BD;2013-11-30 06:00:00;Bangladesh;8891.131215353611;Southern Asia
BD;2013-11-30 07:00:00;Bangladesh;8879.100108903447;Southern Asia
BD;2013-11-30 08:00:00;Bangladesh;8899.069025740957;Southern Asia
BD;2013-11-30 09:00:00;Bangladesh;8899.069025740957;Southern Asia
BD;2013-11-30 10:00:00;Bangladesh;8825.256941062222;Southern Asia
BD;2013-11-30 11:00:00;Bangladesh;9009.50491230542;Southern Asia
BD;2013-11-30 12:00:00;Bangladesh;10066.920121007064;Southern Asia
BD;2013-11-30 13:00:00;Bangladesh;10178.825492763228;Southern Asia
BD;2013-11-30 14:00:00;Bangladesh;9949.054780665825;Southern Asia
BD;2013-11-30 15:00:00;Bangladesh;9332.384753328663;Southern Asia
BD;2013-11-30 16:00:00;Bangladesh;8390.191106799273;Southern Asia
BD;2013-11-30 17:00:00;Bangladesh;7409.859381686424;Southern Asia
BD;2013-11-30 18:00:00;Bangladesh;6742.9111586624185;Southern Asia
BD;2013-11-30 19:00:00;Bangladesh;6246.669840987311;Southern Asia
BD;2013-11-30 20:00:00;Bangladesh;5886.201291900314;Southern Asia
BD;2013-11-30 21:00:00;Bangladesh;5946.390822523182;Southern Asia
BD;2013-11-30 22:00:00;Bangladesh;6160.779160068888;Southern Asia
BD;2013-11-30 23:00:00;Bangladesh;6708.519916540948;Southern Asia
BD;2013-12-01 00:00:00;Bangladesh;6807.506986233596;Southern Asia
BD;2013-12-01 01:00:00;Bangladesh;7560.4840422909965;Southern Asia
BD;2013-12-01 02:00:00;Bangladesh;8141.7212900773875;Southern Asia
BD;2013-12-01 03:00:00;Bangladesh;8601.387914626388;Southern Asia
BD;2013-12-01 04:00:00;Bangladesh;8495.214236671569;Southern Asia
BD;2013-12-01 05:00:00;Bangladesh;8740.169808968789;Southern Asia
BD;2013-12-01 06:00:00;Bangladesh;8726.22454020685;Southern Asia
BD;2013-12-01 07:00:00;Bangladesh;8714.193433756684;Southern Asia
BD;2013-12-01 08:00:00;Bangladesh;8752.641814942133;Southern Asia
BD;2013-12-01 09:00:00;Bangladesh;8777.535099159106;Southern Asia
BD;2013-12-01 10:00:00;Bangladesh;8526.34595233036;Southern Asia
BD;2013-12-01 11:00:00;Bangladesh;8812.818933460921;Southern Asia
BD;2013-12-01 12:00:00;Bangladesh;10053.435179409473;Southern Asia
BD;2013-12-01 13:00:00;Bangladesh;10155.139960238885;Southern Asia
BD;2013-12-01 14:00:00;Bangladesh;10035.341569601402;Southern Asia
BD;2013-12-01 15:00:00;Bangladesh;9472.031717359752;Southern Asia
BD;2013-12-01 16:00:00;Bangladesh;8426.423657578138;Southern Asia
BD;2013-12-01 17:00:00;Bangladesh;7165.6015855011665;Southern Asia
BD;2013-12-01 18:00:00;Bangladesh;6873.147589174266;Southern Asia
BD;2013-12-01 19:00:00;Bangladesh;6346.905136625021;Southern Asia
BD;2013-12-01 20:00:00;Bangladesh;6089.719864212361;Southern Asia
BD;2013-12-01 21:00:00;Bangladesh;6047.861932001875;Southern Asia
BD;2013-12-01 22:00:00;Bangladesh;6072.848037171097;Southern Asia
BD;2013-12-01 23:00:00;Bangladesh;6712.883580610025;Southern Asia
BD;2013-12-02 00:00:00;Bangladesh;6917.0740255124765;Southern Asia
BD;2013-12-02 01:00:00;Bangladesh;7666.92485031188;Southern Asia
BD;2013-12-02 02:00:00;Bangladesh;8404.053268429549;Southern Asia
BD;2013-12-02 03:00:00;Bangladesh;9383.072548450138;Southern Asia
BD;2013-12-02 04:00:00;Bangladesh;9494.97360295271;Southern Asia
BD;2013-12-02 05:00:00;Bangladesh;9592.337385294408;Southern Asia
BD;2013-12-02 06:00:00;Bangladesh;9563.695645645352;Southern Asia
BD;2013-12-02 07:00:00;Bangladesh;9551.664539195188;Southern Asia
BD;2013-12-02 08:00:00;Bangladesh;9551.664539195188;Southern Asia
BD;2013-12-02 09:00:00;Bangladesh;9614.28954050118;Southern Asia
BD;2013-12-02 10:00:00;Bangladesh;9079.014853778775;Southern Asia
BD;2013-12-02 11:00:00;Bangladesh;9189.481500775088;Southern Asia
BD;2013-12-02 12:00:00;Bangladesh;9699.539109261048;Southern Asia
BD;2013-12-02 13:00:00;Bangladesh;9756.921885391796;Southern Asia
BD;2013-12-02 14:00:00;Bangladesh;9724.97205017714;Southern Asia
BD;2013-12-02 15:00:00;Bangladesh;9088.16743139584;Southern Asia
BD;2013-12-02 16:00:00;Bangladesh;8341.596100356983;Southern Asia
BD;2013-12-02 17:00:00;Bangladesh;7320.884562732536;Southern Asia
BD;2013-12-02 18:00:00;Bangladesh;6837.542119479776;Southern Asia
BD;2013-12-02 19:00:00;Bangladesh;6363.5065956600265;Southern Asia
BD;2013-12-02 20:00:00;Bangladesh;6074.815625496085;Southern Asia
BD;2013-12-02 21:00:00;Bangladesh;6047.861932001875;Southern Asia
BD;2013-12-02 22:00:00;Bangladesh;6061.3269063016;Southern Asia
BD;2013-12-02 23:00:00;Bangladesh;6712.883580610025;Southern Asia
BD;2013-12-03 00:00:00;Bangladesh;6913.869544033106;Southern Asia
BD;2013-12-03 01:00:00;Bangladesh;7663.720368832511;Southern Asia
BD;2013-12-03 02:00:00;Bangladesh;8502.546552242502;Southern Asia
BD;2013-12-03 03:00:00;Bangladesh;9499.480815703753;Southern Asia
BD;2013-12-03 04:00:00;Bangladesh;9588.213328799737;Southern Asia
BD;2013-12-03 05:00:00;Bangladesh;9577.641454063993;Southern Asia
BD;2013-12-03 06:00:00;Bangladesh;9563.695645645352;Southern Asia
BD;2013-12-03 07:00:00;Bangladesh;9551.664539195188;Southern Asia
BD;2013-12-03 08:00:00;Bangladesh;9584.630008317585;Southern Asia
BD;2013-12-03 09:00:00;Bangladesh;9620.205257236925;Southern Asia
BD;2013-12-03 10:00:00;Bangladesh;9079.014853778775;Southern Asia
BD;2013-12-03 11:00:00;Bangladesh;9207.53841392762;Southern Asia
BD;2013-12-03 12:00:00;Bangladesh;9699.539109261048;Southern Asia
BD;2013-12-03 13:00:00;Bangladesh;9756.921885391796;Southern Asia
BD;2013-12-03 14:00:00;Bangladesh;9617.415232102478;Southern Asia
BD;2013-12-03 15:00:00;Bangladesh;9143.974409965158;Southern Asia
BD;2013-12-03 16:00:00;Bangladesh;8341.596100356983;Southern Asia
BD;2013-12-03 17:00:00;Bangladesh;7341.223144408942;Southern Asia
BD;2013-12-03 18:00:00;Bangladesh;6845.076806312879;Southern Asia
BD;2013-12-03 19:00:00;Bangladesh;6355.971908826924;Southern Asia
BD;2013-12-03 20:00:00;Bangladesh;6091.417084531091;Southern Asia
BD;2013-12-03 21:00:00;Bangladesh;6079.953157271701;Southern Asia
BD;2013-12-03 22:00:00;Bangladesh;6153.036705406625;Southern Asia
BD;2013-12-03 23:00:00;Bangladesh;6709.306196351564;Southern Asia
BD;2013-12-04 00:00:00;Bangladesh;6992.49158887109;Southern Asia
BD;2013-12-04 01:00:00;Bangladesh;7757.280650758815;Southern Asia
BD;2013-12-04 02:00:00;Bangladesh;8556.613677613863;Southern Asia
BD;2013-12-04 03:00:00;Bangladesh;8918.143191771327;Southern Asia
BD;2013-12-04 04:00:00;Bangladesh;9055.941291951232;Southern Asia
BD;2013-12-04 05:00:00;Bangladesh;9592.337385294408;Southern Asia
BD;2013-12-04 06:00:00;Bangladesh;9563.695645645352;Southern Asia
BD;2013-12-04 07:00:00;Bangladesh;9603.46186849005;Southern Asia
BD;2013-12-04 08:00:00;Bangladesh;9603.46186849005;Southern Asia
BD;2013-12-04 09:00:00;Bangladesh;9614.28954050118;Southern Asia
BD;2013-12-04 10:00:00;Bangladesh;9113.260388591485;Southern Asia
BD;2013-12-04 11:00:00;Bangladesh;9190.014681593819;Southern Asia
BD;2013-12-04 12:00:00;Bangladesh;9759.215426363055;Southern Asia
BD;2013-12-04 13:00:00;Bangladesh;9807.848208774283;Southern Asia
BD;2013-12-04 14:00:00;Bangladesh;9775.898373559627;Southern Asia
BD;2013-12-04 15:00:00;Bangladesh;9143.974409965158;Southern Asia
BD;2013-12-04 16:00:00;Bangladesh;8341.596100356983;Southern Asia
BD;2013-12-04 17:00:00;Bangladesh;7320.884562732536;Southern Asia
BD;2013-12-04 18:00:00;Bangladesh;6837.542119479776;Southern Asia
BD;2013-12-04 19:00:00;Bangladesh;6355.971908826924;Southern Asia
BD;2013-12-04 20:00:00;Bangladesh;6083.8823976979875;Southern Asia
BD;2013-12-04 21:00:00;Bangladesh;6079.953157271701;Southern Asia
BD;2013-12-04 22:00:00;Bangladesh;6153.036705406625;Southern Asia
BD;2013-12-04 23:00:00;Bangladesh;6858.692884488357;Southern Asia
BD;2013-12-05 00:00:00;Bangladesh;7115.678483922343;Southern Asia
BD;2013-12-05 01:00:00;Bangladesh;7828.045294057623;Southern Asia
BD;2013-12-05 02:00:00;Bangladesh;8588.704902883686;Southern Asia
BD;2013-12-05 03:00:00;Bangladesh;9406.242169170124;Southern Asia
BD;2013-12-05 04:00:00;Bangladesh;9540.769949753369;Southern Asia
BD;2013-12-05 05:00:00;Bangladesh;9577.641454063993;Southern Asia
BD;2013-12-05 06:00:00;Bangladesh;9563.695645645352;Southern Asia
BD;2013-12-05 07:00:00;Bangladesh;9551.664539195188;Southern Asia
BD;2013-12-05 08:00:00;Bangladesh;9551.664539195188;Southern Asia
BD;2013-12-05 09:00:00;Bangladesh;9614.28954050118;Southern Asia
BD;2013-12-05 10:00:00;Bangladesh;9079.014853778775;Southern Asia
BD;2013-12-05 11:00:00;Bangladesh;9198.76467531334;Southern Asia
BD;2013-12-05 12:00:00;Bangladesh;9699.539109261048;Southern Asia
BD;2013-12-05 13:00:00;Bangladesh;9756.921885391796;Southern Asia
BD;2013-12-05 14:00:00;Bangladesh;9695.943916331516;Southern Asia
BD;2013-12-05 15:00:00;Bangladesh;9143.974409965158;Southern Asia
BD;2013-12-05 16:00:00;Bangladesh;8341.596100356983;Southern Asia
BD;2013-12-05 17:00:00;Bangladesh;7341.223144408942;Southern Asia
BD;2013-12-05 18:00:00;Bangladesh;6845.076806312879;Southern Asia
BD;2013-12-05 19:00:00;Bangladesh;6363.5065956600265;Southern Asia
BD;2013-12-05 20:00:00;Bangladesh;6089.122464246436;Southern Asia
BD;2013-12-05 21:00:00;Bangladesh;6079.953157271701;Southern Asia
BD;2013-12-05 22:00:00;Bangladesh;6061.3269063016;Southern Asia
BD;2013-12-05 23:00:00;Bangladesh;6712.883580610025;Southern Asia
BD;2013-12-06 00:00:00;Bangladesh;6917.0740255124765;Southern Asia
BD;2013-12-06 01:00:00;Bangladesh;7666.92485031188;Southern Asia
BD;2013-12-06 02:00:00;Bangladesh;8588.704902883686;Southern Asia
BD;2013-12-06 03:00:00;Bangladesh;9044.548059719427;Southern Asia
BD;2013-12-06 04:00:00;Bangladesh;9324.41510319607;Southern Asia
BD;2013-12-06 05:00:00;Bangladesh;9577.641454063993;Southern Asia
BD;2013-12-06 06:00:00;Bangladesh;9563.695645645352;Southern Asia
BD;2013-12-06 07:00:00;Bangladesh;9551.664539195188;Southern Asia
BD;2013-12-06 08:00:00;Bangladesh;9551.664539195188;Southern Asia
BD;2013-12-06 09:00:00;Bangladesh;9614.28954050118;Southern Asia
BD;2013-12-06 10:00:00;Bangladesh;9087.764847498296;Southern Asia
BD;2013-12-06 11:00:00;Bangladesh;9189.481500775088;Southern Asia
BD;2013-12-06 12:00:00;Bangladesh;9699.539109261048;Southern Asia
BD;2013-12-06 13:00:00;Bangladesh;9756.921885391796;Southern Asia
BD;2013-12-06 14:00:00;Bangladesh;9674.488245287932;Southern Asia
BD;2013-12-06 15:00:00;Bangladesh;9143.974409965158;Southern Asia
BD;2013-12-06 16:00:00;Bangladesh;8341.596100356983;Southern Asia
BD;2013-12-06 17:00:00;Bangladesh;7348.757831242045;Southern Asia
BD;2013-12-06 18:00:00;Bangladesh;6737.02782132862;Southern Asia
BD;2013-12-06 19:00:00;Bangladesh;6230.068381952306;Southern Asia
BD;2013-12-06 20:00:00;Bangladesh;5880.929925263317;Southern Asia
BD;2013-12-06 21:00:00;Bangladesh;5958.010170911918;Southern Asia
BD;2013-12-06 22:00:00;Bangladesh;5834.488688707212;Southern Asia
BD;2013-12-06 23:00:00;Bangladesh;6415.528961798424;Southern Asia
BD;2013-12-07 00:00:00;Bangladesh;6510.878745339007;Southern Asia
BD;2013-12-07 01:00:00;Bangladesh;7291.005390272401;Southern Asia
BD;2013-12-07 02:00:00;Bangladesh;8010.349961527292;Southern Asia
BD;2013-12-07 03:00:00;Bangladesh;8626.976276671827;Southern Asia
BD;2013-12-07 04:00:00;Bangladesh;8578.223150816693;Southern Asia
BD;2013-12-07 05:00:00;Bangladesh;8740.169808968789;Southern Asia
BD;2013-12-07 06:00:00;Bangladesh;8726.22454020685;Southern Asia
BD;2013-12-07 07:00:00;Bangladesh;8714.193433756684;Southern Asia
BD;2013-12-07 08:00:00;Bangladesh;8727.919062242083;Southern Asia
BD;2013-12-07 09:00:00;Bangladesh;8752.812346459055;Southern Asia
BD;2013-12-07 10:00:00;Bangladesh;8559.021086148634;Southern Asia
BD;2013-12-07 11:00:00;Bangladesh;8805.489855830183;Southern Asia
BD;2013-12-07 12:00:00;Bangladesh;9968.54394269782;Southern Asia
BD;2013-12-07 13:00:00;Bangladesh;10052.775718923147;Southern Asia
BD;2013-12-07 14:00:00;Bangladesh;10008.025226805383;Southern Asia
BD;2013-12-07 15:00:00;Bangladesh;9472.031717359752;Southern Asia
BD;2013-12-07 16:00:00;Bangladesh;8426.423657578138;Southern Asia
BD;2013-12-07 17:00:00;Bangladesh;7165.6015855011665;Southern Asia
BD;2013-12-07 18:00:00;Bangladesh;6737.02782132862;Southern Asia
BD;2013-12-07 19:00:00;Bangladesh;6230.068381952306;Southern Asia
BD;2013-12-07 20:00:00;Bangladesh;5880.929925263317;Southern Asia
BD;2013-12-07 21:00:00;Bangladesh;5954.808927372743;Southern Asia
BD;2013-12-07 22:00:00;Bangladesh;5859.787255105222;Southern Asia
BD;2013-12-07 23:00:00;Bangladesh;6415.528961798424;Southern Asia
BD;2013-12-08 00:00:00;Bangladesh;6510.878745339007;Southern Asia
BD;2013-12-08 01:00:00;Bangladesh;7291.005390272401;Southern Asia
BD;2013-12-08 02:00:00;Bangladesh;8010.349961527292;Southern Asia
BD;2013-12-08 03:00:00;Bangladesh;8599.475910941408;Southern Asia
BD;2013-12-08 04:00:00;Bangladesh;8462.539102853296;Southern Asia
BD;2013-12-08 05:00:00;Bangladesh;8664.995630781477;Southern Asia
BD;2013-12-08 06:00:00;Bangladesh;8651.050362019536;Southern Asia
BD;2013-12-08 07:00:00;Bangladesh;8639.019255569372;Southern Asia
BD;2013-12-08 08:00:00;Bangladesh;8727.919062242083;Southern Asia
BD;2013-12-08 09:00:00;Bangladesh;8752.812346459055;Southern Asia
BD;2013-12-08 10:00:00;Bangladesh;8559.021086148634;Southern Asia
BD;2013-12-08 11:00:00;Bangladesh;8822.962860434267;Southern Asia
BD;2013-12-08 12:00:00;Bangladesh;10036.12083387493;Southern Asia
BD;2013-12-08 13:00:00;Bangladesh;10134.503488064563;Southern Asia
BD;2013-12-08 14:00:00;Bangladesh;10050.251204884667;Southern Asia
BD;2013-12-08 15:00:00;Bangladesh;9472.031717359752;Southern Asia
BD;2013-12-08 16:00:00;Bangladesh;8408.903163184534;Southern Asia
BD;2013-12-08 17:00:00;Bangladesh;7165.6015855011665;Southern Asia
BD;2013-12-08 18:00:00;Bangladesh;6845.076806312879;Southern Asia
BD;2013-12-08 19:00:00;Bangladesh;6363.5065956600265;Southern Asia
BD;2013-12-08 20:00:00;Bangladesh;6084.448497575364;Southern Asia
BD;2013-12-08 21:00:00;Bangladesh;6047.861932001875;Southern Asia
BD;2013-12-08 22:00:00;Bangladesh;6058.12242482223;Southern Asia
BD;2013-12-08 23:00:00;Bangladesh;6709.679099130655;Southern Asia
BD;2013-12-09 00:00:00;Bangladesh;6913.869544033106;Southern Asia
BD;2013-12-09 01:00:00;Bangladesh;7663.720368832511;Southern Asia
BD;2013-12-09 02:00:00;Bangladesh;8588.704902883686;Southern Asia
BD;2013-12-09 03:00:00;Bangladesh;8976.277709683949;Southern Asia
BD;2013-12-09 04:00:00;Bangladesh;9081.441150298017;Southern Asia
BD;2013-12-09 05:00:00;Bangladesh;9464.334054203515;Southern Asia
BD;2013-12-09 06:00:00;Bangladesh;9444.161686790438;Southern Asia
BD;2013-12-09 07:00:00;Bangladesh;9432.130580340274;Southern Asia
BD;2013-12-09 08:00:00;Bangladesh;9473.120744578575;Southern Asia
BD;2013-12-09 09:00:00;Bangladesh;9577.188142436731;Southern Asia
BD;2013-12-09 10:00:00;Bangladesh;9074.311205989254;Southern Asia
BD;2013-12-09 11:00:00;Bangladesh;9189.481500775088;Southern Asia
BD;2013-12-09 12:00:00;Bangladesh;9590.604007976837;Southern Asia
BD;2013-12-09 13:00:00;Bangladesh;9705.562757336616;Southern Asia
BD;2013-12-09 14:00:00;Bangladesh;9685.83182910342;Southern Asia
BD;2013-12-09 15:00:00;Bangladesh;9151.509096798263;Southern Asia
BD;2013-12-09 16:00:00;Bangladesh;8341.596100356983;Southern Asia
BD;2013-12-09 17:00:00;Bangladesh;7341.223144408942;Southern Asia
BD;2013-12-09 18:00:00;Bangladesh;6904.516214123972;Southern Asia
BD;2013-12-09 19:00:00;Bangladesh;6377.221970668143;Southern Asia
BD;2013-12-09 20:00:00;Bangladesh;6084.448497575364;Southern Asia
BD;2013-12-09 21:00:00;Bangladesh;6020.249857334739;Southern Asia
BD;2013-12-09 22:00:00;Bangladesh;6061.3269063016;Southern Asia
BD;2013-12-09 23:00:00;Bangladesh;6712.883580610025;Southern Asia
BD;2013-12-10 00:00:00;Bangladesh;6917.0740255124765;Southern Asia
BD;2013-12-10 01:00:00;Bangladesh;7666.92485031188;Southern Asia
BD;2013-12-10 02:00:00;Bangladesh;8588.704902883686;Southern Asia
BD;2013-12-10 03:00:00;Bangladesh;9010.525403123454;Southern Asia
BD;2013-12-10 04:00:00;Bangladesh;9115.46326723729;Southern Asia
BD;2013-12-10 05:00:00;Bangladesh;9499.09765944738;Southern Asia
BD;2013-12-10 06:00:00;Bangladesh;9578.391576875767;Southern Asia
BD;2013-12-10 07:00:00;Bangladesh;9566.360470425603;Southern Asia
BD;2013-12-10 08:00:00;Bangladesh;9551.664539195188;Southern Asia
BD;2013-12-10 09:00:00;Bangladesh;9562.492211206316;Southern Asia
BD;2013-12-10 10:00:00;Bangladesh;9074.311205989254;Southern Asia
BD;2013-12-10 11:00:00;Bangladesh;9142.9069690143;Southern Asia
BD;2013-12-10 12:00:00;Bangladesh;9648.179981205869;Southern Asia
BD;2013-12-10 13:00:00;Bangladesh;9705.562757336616;Southern Asia
BD;2013-12-10 14:00:00;Bangladesh;9685.83182910342;Southern Asia
BD;2013-12-10 15:00:00;Bangladesh;9143.974409965158;Southern Asia
BD;2013-12-10 16:00:00;Bangladesh;8341.596100356983;Southern Asia
BD;2013-12-10 17:00:00;Bangladesh;7314.531724070504;Southern Asia
BD;2013-12-10 18:00:00;Bangladesh;6888.051827890541;Southern Asia
BD;2013-12-10 19:00:00;Bangladesh;6377.221970668143;Southern Asia
BD;2013-12-10 20:00:00;Bangladesh;6049.156028766363;Southern Asia
BD;2013-12-10 21:00:00;Bangladesh;5968.959265680349;Southern Asia
BD;2013-12-10 22:00:00;Bangladesh;6061.3269063016;Southern Asia
BD;2013-12-10 23:00:00;Bangladesh;6724.404711479522;Southern Asia
BD;2013-12-11 00:00:00;Bangladesh;6917.0740255124765;Southern Asia
BD;2013-12-11 01:00:00;Bangladesh;7676.332685547627;Southern Asia
BD;2013-12-11 02:00:00;Bangladesh;8588.704902883686;Southern Asia
BD;2013-12-11 03:00:00;Bangladesh;8976.277709683949;Southern Asia
BD;2013-12-11 04:00:00;Bangladesh;9081.441150298017;Southern Asia
BD;2013-12-11 05:00:00;Bangladesh;9499.09765944738;Southern Asia
BD;2013-12-11 06:00:00;Bangladesh;9530.948197829397;Southern Asia
BD;2013-12-11 07:00:00;Bangladesh;9518.917091379233;Southern Asia
BD;2013-12-11 08:00:00;Bangladesh;9566.360470425603;Southern Asia
BD;2013-12-11 09:00:00;Bangladesh;9562.492211206316;Southern Asia
BD;2013-12-11 10:00:00;Bangladesh;9074.311205989254;Southern Asia
BD;2013-12-11 11:00:00;Bangladesh;9184.288924016164;Southern Asia
BD;2013-12-11 12:00:00;Bangladesh;9648.179981205869;Southern Asia
BD;2013-12-11 13:00:00;Bangladesh;9712.489790726513;Southern Asia
BD;2013-12-11 14:00:00;Bangladesh;9685.83182910342;Southern Asia
BD;2013-12-11 15:00:00;Bangladesh;9174.39593740791;Southern Asia
BD;2013-12-11 16:00:00;Bangladesh;8372.017088143033;Southern Asia
BD;2013-12-11 17:00:00;Bangladesh;7339.307902783768;Southern Asia
BD;2013-12-11 18:00:00;Bangladesh;6803.658154655476;Southern Asia
BD;2013-12-11 19:00:00;Bangladesh;6276.363911199648;Southern Asia
BD;2013-12-11 20:00:00;Bangladesh;6042.769731388986;Southern Asia
BD;2013-12-11 21:00:00;Bangladesh;5980.480396549845;Southern Asia
BD;2013-12-11 22:00:00;Bangladesh;6059.0975844775385;Southern Asia
BD;2013-12-11 23:00:00;Bangladesh;6710.654258785964;Southern Asia
BD;2013-12-12 00:00:00;Bangladesh;6921.992996324947;Southern Asia
BD;2013-12-12 01:00:00;Bangladesh;7671.843821124353;Southern Asia
BD;2013-12-12 02:00:00;Bangladesh;8420.128562182914;Southern Asia
BD;2013-12-12 03:00:00;Bangladesh;8935.61619637541;Southern Asia
BD;2013-12-12 04:00:00;Bangladesh;9042.48765044219;Southern Asia
BD;2013-12-12 05:00:00;Bangladesh;9464.334054203515;Southern Asia
BD;2013-12-12 06:00:00;Bangladesh;9450.388245784876;Southern Asia
BD;2013-12-12 07:00:00;Bangladesh;9438.35713933471;Southern Asia
BD;2013-12-12 08:00:00;Bangladesh;9432.130580340274;Southern Asia
BD;2013-12-12 09:00:00;Bangladesh;9483.948416589703;Southern Asia
BD;2013-12-12 10:00:00;Bangladesh;9079.014853778775;Southern Asia
BD;2013-12-12 11:00:00;Bangladesh;9133.279493502014;Southern Asia
BD;2013-12-12 12:00:00;Bangladesh;9625.957997649537;Southern Asia
BD;2013-12-12 13:00:00;Bangladesh;9617.258731659735;Southern Asia
BD;2013-12-12 14:00:00;Bangladesh;9703.644817427949;Southern Asia
BD;2013-12-12 15:00:00;Bangladesh;9142.304712138084;Southern Asia
BD;2013-12-12 16:00:00;Bangladesh;8339.925862873208;Southern Asia
BD;2013-12-12 17:00:00;Bangladesh;7339.307902783768;Southern Asia
BD;2013-12-12 18:00:00;Bangladesh;6780.179310646895;Southern Asia
BD;2013-12-12 19:00:00;Bangladesh;6282.6822118329355;Southern Asia
BD;2013-12-12 20:00:00;Bangladesh;6020.366962838449;Southern Asia
BD;2013-12-12 21:00:00;Bangladesh;5980.491729340527;Southern Asia
BD;2013-12-12 22:00:00;Bangladesh;6059.0975844775385;Southern Asia
BD;2013-12-12 23:00:00;Bangladesh;6710.654258785964;Southern Asia
BD;2013-12-13 00:00:00;Bangladesh;6924.159717971912;Southern Asia
BD;2013-12-13 01:00:00;Bangladesh;7674.010542771316;Southern Asia
BD;2013-12-13 02:00:00;Bangladesh;8556.613677613863;Southern Asia
BD;2013-12-13 03:00:00;Bangladesh;8971.572982581027;Southern Asia
BD;2013-12-13 04:00:00;Bangladesh;9047.191837888413;Southern Asia
BD;2013-12-13 05:00:00;Bangladesh;9119.587323731961;Southern Asia
BD;2013-12-13 06:00:00;Bangladesh;9107.617738145495;Southern Asia
BD;2013-12-13 07:00:00;Bangladesh;9170.454284877542;Southern Asia
BD;2013-12-13 08:00:00;Bangladesh;9438.35713933471;Southern Asia
BD;2013-12-13 09:00:00;Bangladesh;9442.958252351402;Southern Asia
BD;2013-12-13 10:00:00;Bangladesh;8994.583404574772;Southern Asia
BD;2013-12-13 11:00:00;Bangladesh;9126.11285253771;Southern Asia
BD;2013-12-13 12:00:00;Bangladesh;9572.323676950871;Southern Asia
BD;2013-12-13 13:00:00;Bangladesh;9617.258731659735;Southern Asia
BD;2013-12-13 14:00:00;Bangladesh;9711.17950426105;Southern Asia
BD;2013-12-13 15:00:00;Bangladesh;9142.304712138084;Southern Asia
BD;2013-12-13 16:00:00;Bangladesh;8339.925862873208;Southern Asia
BD;2013-12-13 17:00:00;Bangladesh;7339.307902783768;Southern Asia
BD;2013-12-13 18:00:00;Bangladesh;6548.632048695993;Southern Asia
BD;2013-12-13 19:00:00;Bangladesh;6032.173032445081;Southern Asia
BD;2013-12-13 20:00:00;Bangladesh;5722.25088842439;Southern Asia
BD;2013-12-13 21:00:00;Bangladesh;5738.652674480721;Southern Asia
BD;2013-12-13 22:00:00;Bangladesh;5800.330038623059;Southern Asia
BD;2013-12-13 23:00:00;Bangladesh;6412.7518884247565;Southern Asia
BD;2013-12-14 00:00:00;Bangladesh;6517.363260235624;Southern Asia
BD;2013-12-14 01:00:00;Bangladesh;7297.489365512318;Southern Asia
BD;2013-12-14 02:00:00;Bangladesh;7731.8547253798115;Southern Asia
BD;2013-12-14 03:00:00;Bangladesh;8466.299970389458;Southern Asia
BD;2013-12-14 04:00:00;Bangladesh;8490.650359967118;Southern Asia
BD;2013-12-14 05:00:00;Bangladesh;8458.748014541983;Southern Asia
BD;2013-12-14 06:00:00;Bangladesh;8527.415012251317;Southern Asia
BD;2013-12-14 07:00:00;Bangladesh;8515.38390580115;Southern Asia
BD;2013-12-14 08:00:00;Bangladesh;8588.166325497967;Southern Asia
BD;2013-12-14 09:00:00;Bangladesh;8613.05960971494;Southern Asia
BD;2013-12-14 10:00:00;Bangladesh;8549.354215697309;Southern Asia
BD;2013-12-14 11:00:00;Bangladesh;8820.827438875851;Southern Asia
BD;2013-12-14 12:00:00;Bangladesh;10028.972541238396;Southern Asia
BD;2013-12-14 13:00:00;Bangladesh;10127.35519542803;Southern Asia
BD;2013-12-14 14:00:00;Bangladesh;10027.186277564311;Southern Asia
BD;2013-12-14 15:00:00;Bangladesh;9395.499762917456;Southern Asia
BD;2013-12-14 16:00:00;Bangladesh;8314.163731370652;Southern Asia
BD;2013-12-14 17:00:00;Bangladesh;7161.469434156011;Southern Asia
BD;2013-12-14 18:00:00;Bangladesh;6548.632048695993;Southern Asia
BD;2013-12-14 19:00:00;Bangladesh;6032.173032445081;Southern Asia
BD;2013-12-14 20:00:00;Bangladesh;5722.25088842439;Southern Asia
BD;2013-12-14 21:00:00;Bangladesh;5738.652674480721;Southern Asia
BD;2013-12-14 22:00:00;Bangladesh;5800.330038623059;Southern Asia
BD;2013-12-14 23:00:00;Bangladesh;6412.7518884247565;Southern Asia
BD;2013-12-15 00:00:00;Bangladesh;6517.363260235624;Southern Asia
BD;2013-12-15 01:00:00;Bangladesh;7297.489365512318;Southern Asia
BD;2013-12-15 02:00:00;Bangladesh;7731.8547253798115;Southern Asia
BD;2013-12-15 03:00:00;Bangladesh;8537.618301461564;Southern Asia
BD;2013-12-15 04:00:00;Bangladesh;8495.064751765913;Southern Asia
BD;2013-12-15 05:00:00;Bangladesh;8450.14750572812;Southern Asia
BD;2013-12-15 06:00:00;Bangladesh;8412.277096867427;Southern Asia
BD;2013-12-15 07:00:00;Bangladesh;8400.245990417263;Southern Asia
BD;2013-12-15 08:00:00;Bangladesh;8490.043785837308;Southern Asia
BD;2013-12-15 09:00:00;Bangladesh;8613.05960971494;Southern Asia
BD;2013-12-15 10:00:00;Bangladesh;8549.354215697309;Southern Asia
BD;2013-12-15 11:00:00;Bangladesh;8820.827438875851;Southern Asia
BD;2013-12-15 12:00:00;Bangladesh;10028.972541238396;Southern Asia
BD;2013-12-15 13:00:00;Bangladesh;10127.35519542803;Southern Asia
BD;2013-12-15 14:00:00;Bangladesh;10027.186277564311;Southern Asia
BD;2013-12-15 15:00:00;Bangladesh;9410.134173284172;Southern Asia
BD;2013-12-15 16:00:00;Bangladesh;8328.798681394068;Southern Asia
BD;2013-12-15 17:00:00;Bangladesh;7161.469434156011;Southern Asia
BD;2013-12-15 18:00:00;Bangladesh;6794.960507635772;Southern Asia
BD;2013-12-15 19:00:00;Bangladesh;6274.730370371413;Southern Asia
BD;2013-12-15 20:00:00;Bangladesh;6020.366962838449;Southern Asia
BD;2013-12-15 21:00:00;Bangladesh;5980.491729340527;Southern Asia
BD;2013-12-15 22:00:00;Bangladesh;6059.0975844775385;Southern Asia
BD;2013-12-15 23:00:00;Bangladesh;6710.654258785964;Southern Asia
BD;2013-12-16 00:00:00;Bangladesh;6921.992996324947;Southern Asia
BD;2013-12-16 01:00:00;Bangladesh;7708.321915701318;Southern Asia
BD;2013-12-16 02:00:00;Bangladesh;8412.17672072139;Southern Asia
BD;2013-12-16 03:00:00;Bangladesh;8842.013821226574;Southern Asia
BD;2013-12-16 04:00:00;Bangladesh;9027.415578492488;Southern Asia
BD;2013-12-16 05:00:00;Bangladesh;9119.587323731961;Southern Asia
BD;2013-12-16 06:00:00;Bangladesh;9318.241430558146;Southern Asia
BD;2013-12-16 07:00:00;Bangladesh;9370.416519542394;Southern Asia
BD;2013-12-16 08:00:00;Bangladesh;9432.130580340274;Southern Asia
BD;2013-12-16 09:00:00;Bangladesh;9529.744763390361;Southern Asia
BD;2013-12-16 10:00:00;Bangladesh;8994.583404574772;Southern Asia
BD;2013-12-16 11:00:00;Bangladesh;9126.11285253771;Southern Asia
BD;2013-12-16 12:00:00;Bangladesh;9587.983435045913;Southern Asia
BD;2013-12-16 13:00:00;Bangladesh;9632.918489754777;Southern Asia
BD;2013-12-16 14:00:00;Bangladesh;9701.975119600873;Southern Asia
BD;2013-12-16 15:00:00;Bangladesh;9238.428363385205;Southern Asia
BD;2013-12-16 16:00:00;Bangladesh;8436.047895150232;Southern Asia
BD;2013-12-16 17:00:00;Bangladesh;7404.445006024162;Southern Asia
BD;2013-12-16 18:00:00;Bangladesh;6794.960507635772;Southern Asia
BD;2013-12-16 19:00:00;Bangladesh;6274.730370371413;Southern Asia
BD;2013-12-16 20:00:00;Bangladesh;6020.366962838449;Southern Asia
BD;2013-12-16 21:00:00;Bangladesh;5980.491729340527;Southern Asia
BD;2013-12-16 22:00:00;Bangladesh;6060.599449071187;Southern Asia
BD;2013-12-16 23:00:00;Bangladesh;6712.156123379613;Southern Asia
BD;2013-12-17 00:00:00;Bangladesh;6935.938804743588;Southern Asia
BD;2013-12-17 01:00:00;Bangladesh;7722.267724119958;Southern Asia
BD;2013-12-17 02:00:00;Bangladesh;8412.17672072139;Southern Asia
BD;2013-12-17 03:00:00;Bangladesh;8842.013821226574;Southern Asia
BD;2013-12-17 04:00:00;Bangladesh;9027.415578492488;Southern Asia
BD;2013-12-17 05:00:00;Bangladesh;9119.587323731961;Southern Asia
BD;2013-12-17 06:00:00;Bangladesh;9182.485391327707;Southern Asia
BD;2013-12-17 07:00:00;Bangladesh;9170.454284877542;Southern Asia
BD;2013-12-17 08:00:00;Bangladesh;9438.35713933471;Southern Asia
BD;2013-12-17 09:00:00;Bangladesh;9442.958252351402;Southern Asia
BD;2013-12-17 10:00:00;Bangladesh;8978.964660388863;Southern Asia
BD;2013-12-17 11:00:00;Bangladesh;9126.11285253771;Southern Asia
BD;2013-12-17 12:00:00;Bangladesh;9587.983435045913;Southern Asia
BD;2013-12-17 13:00:00;Bangladesh;9632.918489754777;Southern Asia
BD;2013-12-17 14:00:00;Bangladesh;9701.975119600873;Southern Asia
BD;2013-12-17 15:00:00;Bangladesh;9142.304712138084;Southern Asia
BD;2013-12-17 16:00:00;Bangladesh;8339.925862873208;Southern Asia
BD;2013-12-17 17:00:00;Bangladesh;7339.307902783768;Southern Asia
BD;2013-12-17 18:00:00;Bangladesh;6794.960507635772;Southern Asia
BD;2013-12-17 19:00:00;Bangladesh;6274.730370371413;Southern Asia
BD;2013-12-17 20:00:00;Bangladesh;6020.366962838449;Southern Asia
BD;2013-12-17 21:00:00;Bangladesh;5980.491729340527;Southern Asia
BD;2013-12-17 22:00:00;Bangladesh;6060.599449071187;Southern Asia
BD;2013-12-17 23:00:00;Bangladesh;6712.156123379613;Southern Asia
BD;2013-12-18 00:00:00;Bangladesh;6935.938804743588;Southern Asia
BD;2013-12-18 01:00:00;Bangladesh;7722.267724119958;Southern Asia
BD;2013-12-18 02:00:00;Bangladesh;8412.17672072139;Southern Asia
BD;2013-12-18 03:00:00;Bangladesh;8850.211206486196;Southern Asia
BD;2013-12-18 04:00:00;Bangladesh;8966.33183671918;Southern Asia
BD;2013-12-18 05:00:00;Bangladesh;9060.0664277593;Southern Asia
BD;2013-12-18 06:00:00;Bangladesh;9071.619398374047;Southern Asia
BD;2013-12-18 07:00:00;Bangladesh;9059.588291923881;Southern Asia
BD;2013-12-18 08:00:00;Bangladesh;9306.210324107982;Southern Asia
BD;2013-12-18 09:00:00;Bangladesh;9449.18481134584;Southern Asia
BD;2013-12-18 10:00:00;Bangladesh;9009.875116801017;Southern Asia
BD;2013-12-18 11:00:00;Bangladesh;9133.279493502014;Southern Asia
BD;2013-12-18 12:00:00;Bangladesh;9587.983435045913;Southern Asia
BD;2013-12-18 13:00:00;Bangladesh;9647.822728471052;Southern Asia
BD;2013-12-18 14:00:00;Bangladesh;9701.975119600873;Southern Asia
BD;2013-12-18 15:00:00;Bangladesh;9142.304712138084;Southern Asia
BD;2013-12-18 16:00:00;Bangladesh;8339.925862873208;Southern Asia
BD;2013-12-18 17:00:00;Bangladesh;7339.307902783768;Southern Asia
BD;2013-12-18 18:00:00;Bangladesh;6797.127229282735;Southern Asia
BD;2013-12-18 19:00:00;Bangladesh;6274.730370371413;Southern Asia
BD;2013-12-18 20:00:00;Bangladesh;6020.366962838449;Southern Asia
BD;2013-12-18 21:00:00;Bangladesh;5980.491729340527;Southern Asia
BD;2013-12-18 22:00:00;Bangladesh;6059.0975844775385;Southern Asia
BD;2013-12-18 23:00:00;Bangladesh;6710.654258785964;Southern Asia
BD;2013-12-19 00:00:00;Bangladesh;6921.992996324947;Southern Asia
BD;2013-12-19 01:00:00;Bangladesh;7671.843821124353;Southern Asia
BD;2013-12-19 02:00:00;Bangladesh;8412.17672072139;Southern Asia
BD;2013-12-19 03:00:00;Bangladesh;8819.268910328796;Southern Asia
BD;2013-12-19 04:00:00;Bangladesh;8988.361162833928;Southern Asia
BD;2013-12-19 05:00:00;Bangladesh;9060.0664277593;Southern Asia
BD;2013-12-19 06:00:00;Bangladesh;9071.619398374047;Southern Asia
BD;2013-12-19 07:00:00;Bangladesh;9059.588291923881;Southern Asia
BD;2013-12-19 08:00:00;Bangladesh;9059.588291923881;Southern Asia
BD;2013-12-19 09:00:00;Bangladesh;9449.18481134584;Southern Asia
BD;2013-12-19 10:00:00;Bangladesh;8994.583404574772;Southern Asia
BD;2013-12-19 11:00:00;Bangladesh;9126.11285253771;Southern Asia
BD;2013-12-19 12:00:00;Bangladesh;9572.323676950871;Southern Asia
BD;2013-12-19 13:00:00;Bangladesh;9625.383802921673;Southern Asia
BD;2013-12-19 14:00:00;Bangladesh;9734.066344870698;Southern Asia
BD;2013-12-19 15:00:00;Bangladesh;9142.304712138084;Southern Asia
BD;2013-12-19 16:00:00;Bangladesh;8339.925862873208;Southern Asia
BD;2013-12-19 17:00:00;Bangladesh;7339.307902783768;Southern Asia
BD;2013-12-19 18:00:00;Bangladesh;6794.960507635772;Southern Asia
BD;2013-12-19 19:00:00;Bangladesh;6274.730370371413;Southern Asia
BD;2013-12-19 20:00:00;Bangladesh;6020.366962838449;Southern Asia
BD;2013-12-19 21:00:00;Bangladesh;5980.491729340527;Southern Asia
BD;2013-12-19 22:00:00;Bangladesh;6059.0975844775385;Southern Asia
BD;2013-12-19 23:00:00;Bangladesh;6710.654258785964;Southern Asia
BD;2013-12-20 00:00:00;Bangladesh;6921.992996324947;Southern Asia
BD;2013-12-20 01:00:00;Bangladesh;7671.843821124353;Southern Asia
BD;2013-12-20 02:00:00;Bangladesh;8412.17672072139;Southern Asia
BD;2013-12-20 03:00:00;Bangladesh;8842.013821226574;Southern Asia
BD;2013-12-20 04:00:00;Bangladesh;8988.361162833928;Southern Asia
BD;2013-12-20 05:00:00;Bangladesh;9085.565206792686;Southern Asia
BD;2013-12-20 06:00:00;Bangladesh;9105.64151531332;Southern Asia
BD;2013-12-20 07:00:00;Bangladesh;9059.588291923881;Southern Asia
BD;2013-12-20 08:00:00;Bangladesh;9093.610408863156;Southern Asia
BD;2013-12-20 09:00:00;Bangladesh;9313.389916833064;Southern Asia
BD;2013-12-20 10:00:00;Bangladesh;8994.583404574772;Southern Asia
BD;2013-12-20 11:00:00;Bangladesh;9117.98778127577;Southern Asia
BD;2013-12-20 12:00:00;Bangladesh;9572.323676950871;Southern Asia
BD;2013-12-20 13:00:00;Bangladesh;9617.258731659735;Southern Asia
BD;2013-12-20 14:00:00;Bangladesh;9672.287525268925;Southern Asia
BD;2013-12-20 15:00:00;Bangladesh;9166.413335514537;Southern Asia
BD;2013-12-20 16:00:00;Bangladesh;8339.925862873208;Southern Asia
BD;2013-12-20 17:00:00;Bangladesh;7352.2985188449675;Southern Asia
BD;2013-12-20 18:00:00;Bangladesh;6618.688662405557;Southern Asia
BD;2013-12-20 19:00:00;Bangladesh;6122.827802703327;Southern Asia
BD;2013-12-20 20:00:00;Bangladesh;5770.719075542386;Southern Asia
BD;2013-12-20 21:00:00;Bangladesh;5727.220586966579;Southern Asia
BD;2013-12-20 22:00:00;Bangladesh;5813.860851040077;Southern Asia
BD;2013-12-20 23:00:00;Bangladesh;6426.282700841773;Southern Asia
BD;2013-12-21 00:00:00;Bangladesh;6510.878745339007;Southern Asia
BD;2013-12-21 01:00:00;Bangladesh;7291.005390272401;Southern Asia
BD;2013-12-21 02:00:00;Bangladesh;7915.045509149435;Southern Asia
BD;2013-12-21 03:00:00;Bangladesh;8596.200734434455;Southern Asia
BD;2013-12-21 04:00:00;Bangladesh;8480.426024145605;Southern Asia
BD;2013-12-21 05:00:00;Bangladesh;8426.222365629368;Southern Asia
BD;2013-12-21 06:00:00;Bangladesh;8437.800700108972;Southern Asia
BD;2013-12-21 07:00:00;Bangladesh;8425.769593658806;Southern Asia
BD;2013-12-21 08:00:00;Bangladesh;8490.043785837308;Southern Asia
BD;2013-12-21 09:00:00;Bangladesh;8554.002818503523;Southern Asia
BD;2013-12-21 10:00:00;Bangladesh;8533.270287436759;Southern Asia
BD;2013-12-21 11:00:00;Bangladesh;8827.975191855685;Southern Asia
BD;2013-12-21 12:00:00;Bangladesh;10036.12083387493;Southern Asia
BD;2013-12-21 13:00:00;Bangladesh;10134.503488064563;Southern Asia
BD;2013-12-21 14:00:00;Bangladesh;10052.790829310723;Southern Asia
BD;2013-12-21 15:00:00;Bangladesh;9405.190917920241;Southern Asia
BD;2013-12-21 16:00:00;Bangladesh;8323.854886373436;Southern Asia
BD;2013-12-21 17:00:00;Bangladesh;7161.469434156011;Southern Asia
BD;2013-12-21 18:00:00;Bangladesh;6529.052224338548;Southern Asia
BD;2013-12-21 19:00:00;Bangladesh;6020.338900690094;Southern Asia
BD;2013-12-21 20:00:00;Bangladesh;5785.279552941323;Southern Asia
BD;2013-12-21 21:00:00;Bangladesh;5752.183486897738;Southern Asia
BD;2013-12-21 22:00:00;Bangladesh;5800.330038623059;Southern Asia
BD;2013-12-21 23:00:00;Bangladesh;6412.7518884247565;Southern Asia
BD;2013-12-22 00:00:00;Bangladesh;6517.363260235624;Southern Asia
BD;2013-12-22 01:00:00;Bangladesh;7297.489365512318;Southern Asia
BD;2013-12-22 02:00:00;Bangladesh;7739.60041798227;Southern Asia
BD;2013-12-22 03:00:00;Bangladesh;8546.38826247895;Southern Asia
BD;2013-12-22 04:00:00;Bangladesh;8495.064751765913;Southern Asia
BD;2013-12-22 05:00:00;Bangladesh;8426.222365629368;Southern Asia
BD;2013-12-22 06:00:00;Bangladesh;8412.277096867427;Southern Asia
BD;2013-12-22 07:00:00;Bangladesh;8400.245990417263;Southern Asia
BD;2013-12-22 08:00:00;Bangladesh;8529.10953428655;Southern Asia
BD;2013-12-22 09:00:00;Bangladesh;8613.05960971494;Southern Asia
BD;2013-12-22 10:00:00;Bangladesh;8559.021086148634;Southern Asia
BD;2013-12-22 11:00:00;Bangladesh;8845.494067279194;Southern Asia
BD;2013-12-22 12:00:00;Bangladesh;10036.12083387493;Southern Asia
BD;2013-12-22 13:00:00;Bangladesh;10134.503488064563;Southern Asia
BD;2013-12-22 14:00:00;Bangladesh;10052.790829310723;Southern Asia
BD;2013-12-22 15:00:00;Bangladesh;9405.190917920241;Southern Asia
BD;2013-12-22 16:00:00;Bangladesh;8323.854886373436;Southern Asia
BD;2013-12-22 17:00:00;Bangladesh;7161.469434156011;Southern Asia
BD;2013-12-22 18:00:00;Bangladesh;6802.912349097293;Southern Asia
BD;2013-12-22 19:00:00;Bangladesh;6282.6822118329355;Southern Asia
BD;2013-12-22 20:00:00;Bangladesh;6028.318804299971;Southern Asia
BD;2013-12-22 21:00:00;Bangladesh;5982.65845098749;Southern Asia
BD;2013-12-22 22:00:00;Bangladesh;6059.0975844775385;Southern Asia
BD;2013-12-22 23:00:00;Bangladesh;6710.654258785964;Southern Asia
BD;2013-12-23 00:00:00;Bangladesh;6921.992996324947;Southern Asia
BD;2013-12-23 01:00:00;Bangladesh;7671.843821124353;Southern Asia
BD;2013-12-23 02:00:00;Bangladesh;8416.665585144665;Southern Asia
BD;2013-12-23 03:00:00;Bangladesh;8916.765448218475;Southern Asia
BD;2013-12-23 04:00:00;Bangladesh;8987.676878139446;Southern Asia
BD;2013-12-23 05:00:00;Bangladesh;9196.431199746346;Southern Asia
BD;2013-12-23 06:00:00;Bangladesh;9382.447625992558;Southern Asia
BD;2013-12-23 07:00:00;Bangladesh;9370.416519542394;Southern Asia
BD;2013-12-23 08:00:00;Bangladesh;9438.35713933471;Southern Asia
BD;2013-12-23 09:00:00;Bangladesh;9529.744763390361;Southern Asia
BD;2013-12-23 10:00:00;Bangladesh;9009.875116801017;Southern Asia
BD;2013-12-23 11:00:00;Bangladesh;9133.279493502014;Southern Asia
BD;2013-12-23 12:00:00;Bangladesh;9648.179981205869;Southern Asia
BD;2013-12-23 13:00:00;Bangladesh;9705.562757336616;Southern Asia
BD;2013-12-23 14:00:00;Bangladesh;9685.83182910342;Southern Asia
BD;2013-12-23 15:00:00;Bangladesh;9174.39593740791;Southern Asia
BD;2013-12-23 16:00:00;Bangladesh;8372.017088143033;Southern Asia
BD;2013-12-23 17:00:00;Bangladesh;7339.307902783768;Southern Asia
BD;2013-12-23 18:00:00;Bangladesh;6770.131442565993;Southern Asia
BD;2013-12-23 19:00:00;Bangladesh;6249.528402522545;Southern Asia
BD;2013-12-23 20:00:00;Bangladesh;5994.274021779333;Southern Asia
BD;2013-12-23 21:00:00;Bangladesh;5965.754784200978;Southern Asia
BD;2013-12-23 22:00:00;Bangladesh;6061.3269063016;Southern Asia
BD;2013-12-23 23:00:00;Bangladesh;6724.404711479522;Southern Asia
BD;2013-12-24 00:00:00;Bangladesh;6929.944837786471;Southern Asia
BD;2013-12-24 01:00:00;Bangladesh;7679.795662585874;Southern Asia
BD;2013-12-24 02:00:00;Bangladesh;8404.053268429549;Southern Asia
BD;2013-12-24 03:00:00;Bangladesh;9044.548059719427;Southern Asia
BD;2013-12-24 04:00:00;Bangladesh;9328.063182482116;Southern Asia
BD;2013-12-24 05:00:00;Bangladesh;9464.334054203515;Southern Asia
BD;2013-12-24 06:00:00;Bangladesh;9450.388245784876;Southern Asia
BD;2013-12-24 07:00:00;Bangladesh;9438.35713933471;Southern Asia
BD;2013-12-24 08:00:00;Bangladesh;9438.35713933471;Southern Asia
BD;2013-12-24 09:00:00;Bangladesh;9449.18481134584;Southern Asia
BD;2013-12-24 10:00:00;Bangladesh;8994.583404574772;Southern Asia
BD;2013-12-24 11:00:00;Bangladesh;9117.98778127577;Southern Asia
BD;2013-12-24 12:00:00;Bangladesh;9572.323676950871;Southern Asia
BD;2013-12-24 13:00:00;Bangladesh;9617.258731659735;Southern Asia
BD;2013-12-24 14:00:00;Bangladesh;9703.644817427949;Southern Asia
BD;2013-12-24 15:00:00;Bangladesh;9142.304712138084;Southern Asia
BD;2013-12-24 16:00:00;Bangladesh;8339.925862873208;Southern Asia
BD;2013-12-24 17:00:00;Bangladesh;7339.307902783768;Southern Asia
BD;2013-12-24 18:00:00;Bangladesh;6794.50179944152;Southern Asia
BD;2013-12-24 19:00:00;Bangladesh;6259.949173382538;Southern Asia
BD;2013-12-24 20:00:00;Bangladesh;6005.585765849572;Southern Asia
BD;2013-12-24 21:00:00;Bangladesh;5982.65845098749;Southern Asia
BD;2013-12-24 22:00:00;Bangladesh;6059.0975844775385;Southern Asia
BD;2013-12-24 23:00:00;Bangladesh;6710.654258785964;Southern Asia
BD;2013-12-25 00:00:00;Bangladesh;6921.992996324947;Southern Asia
BD;2013-12-25 01:00:00;Bangladesh;7671.843821124353;Southern Asia
BD;2013-12-25 02:00:00;Bangladesh;8412.17672072139;Southern Asia
BD;2013-12-25 03:00:00;Bangladesh;8858.193268722867;Southern Asia
BD;2013-12-25 04:00:00;Bangladesh;8981.236075435458;Southern Asia
BD;2013-12-25 05:00:00;Bangladesh;8992.486838298693;Southern Asia
BD;2013-12-25 06:00:00;Bangladesh;8978.541569536754;Southern Asia
BD;2013-12-25 07:00:00;Bangladesh;8940.909149280373;Southern Asia
BD;2013-12-25 08:00:00;Bangladesh;8979.963564938933;Southern Asia
BD;2013-12-25 09:00:00;Bangladesh;8978.031593956086;Southern Asia
BD;2013-12-25 10:00:00;Bangladesh;9001.403585938242;Southern Asia
BD;2013-12-25 11:00:00;Bangladesh;9156.53437998046;Southern Asia
BD;2013-12-25 12:00:00;Bangladesh;9578.779050385736;Southern Asia
BD;2013-12-25 13:00:00;Bangladesh;9623.7141050946;Southern Asia
BD;2013-12-25 14:00:00;Bangladesh;9701.975119600873;Southern Asia
BD;2013-12-25 15:00:00;Bangladesh;9156.940201818199;Southern Asia
BD;2013-12-25 16:00:00;Bangladesh;8354.560812896623;Southern Asia
BD;2013-12-25 17:00:00;Bangladesh;7404.445006024162;Southern Asia
BD;2013-12-25 18:00:00;Bangladesh;6794.960507635772;Southern Asia
BD;2013-12-25 19:00:00;Bangladesh;6274.730370371413;Southern Asia
BD;2013-12-25 20:00:00;Bangladesh;6020.366962838449;Southern Asia
BD;2013-12-25 21:00:00;Bangladesh;5980.491729340527;Southern Asia
BD;2013-12-25 22:00:00;Bangladesh;6059.0975844775385;Southern Asia
BD;2013-12-25 23:00:00;Bangladesh;6710.654258785964;Southern Asia
BD;2013-12-26 00:00:00;Bangladesh;6921.992996324947;Southern Asia
BD;2013-12-26 01:00:00;Bangladesh;7687.908861400434;Southern Asia
BD;2013-12-26 02:00:00;Bangladesh;8428.241760997473;Southern Asia
BD;2013-12-26 03:00:00;Bangladesh;8821.169041566394;Southern Asia
BD;2013-12-26 04:00:00;Bangladesh;8957.126912402304;Southern Asia
BD;2013-12-26 05:00:00;Bangladesh;8962.922825350845;Southern Asia
BD;2013-12-26 06:00:00;Bangladesh;8962.922825350845;Southern Asia
BD;2013-12-26 07:00:00;Bangladesh;8925.290405094462;Southern Asia
BD;2013-12-26 08:00:00;Bangladesh;8940.909149280373;Southern Asia
BD;2013-12-26 09:00:00;Bangladesh;8967.027454204344;Southern Asia
BD;2013-12-26 10:00:00;Bangladesh;9001.403585938242;Southern Asia
BD;2013-12-26 11:00:00;Bangladesh;9156.53437998046;Southern Asia
BD;2013-12-26 12:00:00;Bangladesh;9578.779050385736;Southern Asia
BD;2013-12-26 13:00:00;Bangladesh;9623.7141050946;Southern Asia
BD;2013-12-26 14:00:00;Bangladesh;9701.975119600873;Southern Asia
BD;2013-12-26 15:00:00;Bangladesh;9284.539869698148;Southern Asia
BD;2013-12-26 16:00:00;Bangladesh;8436.047895150232;Southern Asia
BD;2013-12-26 17:00:00;Bangladesh;7400.1644490867475;Southern Asia
BD;2013-12-26 18:00:00;Bangladesh;6794.960507635772;Southern Asia
BD;2013-12-26 19:00:00;Bangladesh;6274.730370371413;Southern Asia
BD;2013-12-26 20:00:00;Bangladesh;6020.366962838449;Southern Asia
BD;2013-12-26 21:00:00;Bangladesh;5981.993593934176;Southern Asia
BD;2013-12-26 22:00:00;Bangladesh;6060.599449071187;Southern Asia
BD;2013-12-26 23:00:00;Bangladesh;6712.156123379613;Southern Asia
BD;2013-12-27 00:00:00;Bangladesh;6935.938804743588;Southern Asia
BD;2013-12-27 01:00:00;Bangladesh;7722.267724119958;Southern Asia
BD;2013-12-27 02:00:00;Bangladesh;8462.600623716997;Southern Asia
BD;2013-12-27 03:00:00;Bangladesh;8858.193268722867;Southern Asia
BD;2013-12-27 04:00:00;Bangladesh;8981.236075435458;Southern Asia
BD;2013-12-27 05:00:00;Bangladesh;8962.922825350845;Southern Asia
BD;2013-12-27 06:00:00;Bangladesh;8962.922825350845;Southern Asia
BD;2013-12-27 07:00:00;Bangladesh;8925.290405094462;Southern Asia
BD;2013-12-27 08:00:00;Bangladesh;8940.909149280373;Southern Asia
BD;2013-12-27 09:00:00;Bangladesh;8978.59229726647;Southern Asia
BD;2013-12-27 10:00:00;Bangladesh;9009.385648174915;Southern Asia
BD;2013-12-27 11:00:00;Bangladesh;9124.443154710634;Southern Asia
BD;2013-12-27 12:00:00;Bangladesh;9578.779050385736;Southern Asia
BD;2013-12-27 13:00:00;Bangladesh;9623.7141050946;Southern Asia
BD;2013-12-27 14:00:00;Bangladesh;9701.975119600873;Southern Asia
BD;2013-12-27 15:00:00;Bangladesh;9380.662441631872;Southern Asia
BD;2013-12-27 16:00:00;Bangladesh;8531.59843098289;Southern Asia
BD;2013-12-27 17:00:00;Bangladesh;7440.761203591392;Southern Asia
BD;2013-12-27 18:00:00;Bangladesh;6548.632048695993;Southern Asia
BD;2013-12-27 19:00:00;Bangladesh;6032.173032445081;Southern Asia
BD;2013-12-27 20:00:00;Bangladesh;5722.25088842439;Southern Asia
BD;2013-12-27 21:00:00;Bangladesh;5740.1545390743695;Southern Asia
BD;2013-12-27 22:00:00;Bangladesh;5800.330038623059;Southern Asia
BD;2013-12-27 23:00:00;Bangladesh;6412.7518884247565;Southern Asia
BD;2013-12-28 00:00:00;Bangladesh;6517.363260235624;Southern Asia
BD;2013-12-28 01:00:00;Bangladesh;7297.489365512318;Southern Asia
BD;2013-12-28 02:00:00;Bangladesh;7880.136196596809;Southern Asia
BD;2013-12-28 03:00:00;Bangladesh;8283.183659244314;Southern Asia
BD;2013-12-28 04:00:00;Bangladesh;8451.59432533846;Southern Asia
BD;2013-12-28 05:00:00;Bangladesh;8387.491204333579;Southern Asia
BD;2013-12-28 06:00:00;Bangladesh;8454.333622743188;Southern Asia
BD;2013-12-28 07:00:00;Bangladesh;8416.701202486807;Southern Asia
BD;2013-12-28 08:00:00;Bangladesh;8436.97988226961;Southern Asia
BD;2013-12-28 09:00:00;Bangladesh;8445.789238226032;Southern Asia
BD;2013-12-28 10:00:00;Bangladesh;8517.196072996794;Southern Asia
BD;2013-12-28 11:00:00;Bangladesh;8795.222347472742;Southern Asia
BD;2013-12-28 12:00:00;Bangladesh;9962.130662485486;Southern Asia
BD;2013-12-28 13:00:00;Bangladesh;10060.512237361721;Southern Asia
BD;2013-12-28 14:00:00;Bangladesh;9985.95002987121;Southern Asia
BD;2013-12-28 15:00:00;Bangladesh;9425.41077512284;Southern Asia
BD;2013-12-28 16:00:00;Bangladesh;8403.7149036792;Southern Asia
BD;2013-12-28 17:00:00;Bangladesh;7172.379133985405;Southern Asia
BD;2013-12-28 18:00:00;Bangladesh;6548.632048695993;Southern Asia
BD;2013-12-28 19:00:00;Bangladesh;6032.173032445081;Southern Asia
BD;2013-12-28 20:00:00;Bangladesh;5722.25088842439;Southern Asia
BD;2013-12-28 21:00:00;Bangladesh;5738.652674480721;Southern Asia
BD;2013-12-28 22:00:00;Bangladesh;5801.831903216708;Southern Asia
BD;2013-12-28 23:00:00;Bangladesh;6414.253753018405;Southern Asia
BD;2013-12-29 00:00:00;Bangladesh;6531.309068654264;Southern Asia
BD;2013-12-29 01:00:00;Bangladesh;7311.435173930958;Southern Asia
BD;2013-12-29 02:00:00;Bangladesh;7731.8547253798115;Southern Asia
BD;2013-12-29 03:00:00;Bangladesh;8492.035658713758;Southern Asia
BD;2013-12-29 04:00:00;Bangladesh;8490.650359967118;Southern Asia
BD;2013-12-29 05:00:00;Bangladesh;8474.831942802533;Southern Asia
BD;2013-12-29 06:00:00;Bangladesh;8444.802745780044;Southern Asia
BD;2013-12-29 07:00:00;Bangladesh;8407.17032552366;Southern Asia
BD;2013-12-29 08:00:00;Bangladesh;8406.257226388752;Southern Asia
BD;2013-12-29 09:00:00;Bangladesh;8471.540036937908;Southern Asia
BD;2013-12-29 10:00:00;Bangladesh;8542.801164399905;Southern Asia
BD;2013-12-29 11:00:00;Bangladesh;8820.827438875851;Southern Asia
BD;2013-12-29 12:00:00;Bangladesh;9995.385387598611;Southern Asia
BD;2013-12-29 13:00:00;Bangladesh;10101.750643681618;Southern Asia
BD;2013-12-29 14:00:00;Bangladesh;9985.95002987121;Southern Asia
BD;2013-12-29 15:00:00;Bangladesh;9412.46980747796;Southern Asia
BD;2013-12-29 16:00:00;Bangladesh;8390.77501534772;Southern Asia
BD;2013-12-29 17:00:00;Bangladesh;7188.994084437888;Southern Asia
BD;2013-12-29 18:00:00;Bangladesh;6794.960507635772;Southern Asia
BD;2013-12-29 19:00:00;Bangladesh;6274.730370371413;Southern Asia
BD;2013-12-29 20:00:00;Bangladesh;6020.366962838449;Southern Asia
BD;2013-12-29 21:00:00;Bangladesh;5980.491729340527;Southern Asia
BD;2013-12-29 22:00:00;Bangladesh;6059.0975844775385;Southern Asia
BD;2013-12-29 23:00:00;Bangladesh;6710.654258785964;Southern Asia
BD;2013-12-30 00:00:00;Bangladesh;6921.992996324947;Southern Asia
BD;2013-12-30 01:00:00;Bangladesh;7687.908861400434;Southern Asia
BD;2013-12-30 02:00:00;Bangladesh;8428.241760997473;Southern Asia
BD;2013-12-30 03:00:00;Bangladesh;8827.772280936817;Southern Asia
BD;2013-12-30 04:00:00;Bangladesh;8958.797149886077;Southern Asia
BD;2013-12-30 05:00:00;Bangladesh;8992.486838298693;Southern Asia
BD;2013-12-30 06:00:00;Bangladesh;8976.2464095954;Southern Asia
BD;2013-12-30 07:00:00;Bangladesh;8979.963564938933;Southern Asia
BD;2013-12-30 08:00:00;Bangladesh;9020.636411038153;Southern Asia
BD;2013-12-30 09:00:00;Bangladesh;9070.417043248408;Southern Asia
BD;2013-12-30 10:00:00;Bangladesh;8978.964660388863;Southern Asia
BD;2013-12-30 11:00:00;Bangladesh;9133.647539370813;Southern Asia
BD;2013-12-30 12:00:00;Bangladesh;9602.887673762189;Southern Asia
BD;2013-12-30 13:00:00;Bangladesh;9655.805330364425;Southern Asia
BD;2013-12-30 14:00:00;Bangladesh;9701.975119600873;Southern Asia
BD;2013-12-30 15:00:00;Bangladesh;9238.428363385205;Southern Asia
BD;2013-12-30 16:00:00;Bangladesh;8436.047895150232;Southern Asia
BD;2013-12-30 17:00:00;Bangladesh;7404.445006024162;Southern Asia
BD;2013-12-30 18:00:00;Bangladesh;6794.960507635772;Southern Asia
BD;2013-12-30 19:00:00;Bangladesh;6274.730370371413;Southern Asia
BD;2013-12-30 20:00:00;Bangladesh;6020.366962838449;Southern Asia
BD;2013-12-30 21:00:00;Bangladesh;5981.993593934176;Southern Asia
BD;2013-12-30 22:00:00;Bangladesh;6064.349523473366;Southern Asia
BD;2013-12-30 23:00:00;Bangladesh;6715.906197781792;Southern Asia
BD;2013-12-31 00:00:00;Bangladesh;6935.938804743588;Southern Asia
BD;2013-12-31 01:00:00;Bangladesh;7722.267724119958;Southern Asia
BD;2013-12-31 02:00:00;Bangladesh;8462.600623716997;Southern Asia
BD;2013-12-31 03:00:00;Bangladesh;8835.30696776992;Southern Asia
BD;2013-12-31 04:00:00;Bangladesh;8958.797149886077;Southern Asia
BD;2013-12-31 05:00:00;Bangladesh;8992.486838298693;Southern Asia
BD;2013-12-31 06:00:00;Bangladesh;8978.541569536754;Southern Asia
BD;2013-12-31 07:00:00;Bangladesh;8940.909149280373;Southern Asia
BD;2013-12-31 08:00:00;Bangladesh;8956.199782193216;Southern Asia
BD;2013-12-31 09:00:00;Bangladesh;9070.417043248408;Southern Asia
BD;2013-12-31 10:00:00;Bangladesh;9009.385648174915;Southern Asia
BD;2013-12-31 11:00:00;Bangladesh;9156.53437998046;Southern Asia
BD;2013-12-31 12:00:00;Bangladesh;9610.870275655561;Southern Asia
BD;2013-12-31 13:00:00;Bangladesh;9655.805330364425;Southern Asia
BD;2013-12-31 14:00:00;Bangladesh;9701.975119600873;Southern Asia
BD;2013-12-31 15:00:00;Bangladesh;9284.539869698148;Southern Asia
BD;2013-12-31 16:00:00;Bangladesh;8431.767338212818;Southern Asia
BD;2013-12-31 17:00:00;Bangladesh;7440.761203591392;Southern Asia
BD;2013-12-31 18:00:00;Bangladesh;6771.941990791538;Southern Asia
BD;2013-12-31 19:00:00;Bangladesh;6330.40567270615;Southern Asia
BD;2013-12-31 20:00:00;Bangladesh;6127.493674523913;Southern Asia
BD;2013-12-31 21:00:00;Bangladesh;6087.61844102599;Southern Asia
BD;2013-12-31 22:00:00;Bangladesh;6180.410791469449;Southern Asia
BD;2013-12-31 23:00:00;Bangladesh;6755.249329774382;Southern Asia
